日期,分类编码,分类名称,销量,销售额,交易笔数,在售单品数,打折销量占比,平均零售单价(元/千克),加权平均成本(元/千克),成本加成率,品类平均损耗率(%)
2020-07-01,1011010101,花叶类,205.402,1503.7896,445,16,0.06662544668503716,7.321202325196444,4.828037458252598,0.516393024806024,12.83
2020-07-01,1011010201,花菜类,47.076,598.634,102,2,0.0,12.716331039170703,8.408451865069251,0.5123272682332198,15.51
2020-07-01,1011010402,水生根茎类,4.85,70.2838,15,2,0.0,14.491505154639176,9.234160824742268,0.5693364486148251,13.65
2020-07-01,1011010501,茄类,35.374,176.81799999999998,60,2,0.0,4.998529993780742,4.091376434669531,0.22172331820268787,6.68
2020-07-01,1011010504,辣椒类,76.715,759.9902,259,9,0.0,9.9066701427361,5.319110343479111,0.8624674998293735,9.24
2020-07-01,1011010801,食用菌,35.364999999999995,368.602,120,5,0.005513926198218578,10.422790894952637,6.5019485366888174,0.6030257446886143,9.45
2020-07-02,1011010101,花叶类,198.362,1409.6647,423,16,0.09760942115929462,7.106525947510108,4.162575241225638,0.7072426408363603,12.83
2020-07-02,1011010201,花菜类,43.943,546.032,95,2,0.0,12.4259153903921,7.835918803905059,0.5857636738399585,15.51
2020-07-02,1011010402,水生根茎类,4.6,53.1208,14,2,0.0,11.548000000000002,7.093747826086957,0.6279123931545356,13.65
2020-07-02,1011010501,茄类,32.199,172.09199999999998,56,2,0.0,5.344638032237026,2.472960650951893,1.1612305194503465,6.68
2020-07-02,1011010504,辣椒类,66.06400000000001,669.7044,226,10,0.0,10.137206345362072,5.704405273674013,0.7770838253981636,9.24
2020-07-02,1011010801,食用菌,48.510000000000005,605.929,160,5,0.0,12.490806019377446,7.312903937332508,0.7080500614279444,9.45
2020-07-03,1011010101,花叶类,191.779,1406.4065,405,16,0.0356243384312151,7.333474989440972,4.389518977573144,0.6706785018834724,12.83
2020-07-03,1011010201,花菜类,42.076,495.368,96,2,0.0,11.773172354786576,7.426066165985359,0.5853847907675358,15.51
2020-07-03,1011010402,水生根茎类,9.572000000000001,76.693,30,1,0.5392812369410781,8.012223150856665,5.61,0.42820377020617895,13.65
2020-07-03,1011010501,茄类,35.896,196.243,57,2,0.0,5.466987965232895,3.964099621127702,0.3791247667175561,6.68
2020-07-03,1011010504,辣椒类,64.253,670.6646,227,10,0.0,10.43787216161113,6.253733677804927,0.6690624672195578,9.24
2020-07-03,1011010801,食用菌,42.442,546.2950000000001,149,5,0.0,12.871565901701146,7.357773667593422,0.7493832350936085,9.45
2020-07-04,1011010101,花叶类,236.587,1841.4,526,13,0.008512724705922136,7.783183353269623,4.807090372674746,0.6191048534290253,12.83
2020-07-04,1011010201,花菜类,55.662,702.1859999999999,126,2,0.0,12.615177320254391,8.217534763393338,0.5351535081361913,15.51
2020-07-04,1011010402,水生根茎类,5.439,118.75319999999999,16,2,0.0,21.833645890788745,14.01511858797573,0.5578637992775117,13.65
2020-07-04,1011010501,茄类,57.067,327.403,99,2,0.0,5.7371685913049575,3.114950146319239,0.8418171469242441,6.68
2020-07-04,1011010504,辣椒类,81.282,826.4166,293,10,0.00546246401417288,10.167276887871854,5.714687261632342,0.7791484332193666,9.24
2020-07-04,1011010801,食用菌,47.262,578.7036,171,5,0.009267487622191189,12.244585502094708,7.335156785578267,0.6693011288005355,9.45
2020-07-05,1011010101,花叶类,223.899,1573.1793,508,13,0.01899517193020067,7.026289978963729,4.273393271073118,0.6441945623224408,12.83
2020-07-05,1011010201,花菜类,55.474000000000004,697.982,106,2,0.0,12.582146591195874,8.397157587338214,0.4983816202482685,15.51
2020-07-05,1011010402,水生根茎类,4.019,40.19,12,1,0.0,10.0,5.42,0.845018450184502,13.65
2020-07-05,1011010501,茄类,61.816,411.3631,111,3,0.014138734308269703,6.654637957810275,4.021894978646305,0.6546026172095876,6.68
2020-07-05,1011010504,辣椒类,98.496,1016.2366,352,10,0.004721003898635478,10.317541829109812,6.041138015756985,0.7078805023488561,9.24
2020-07-05,1011010801,食用菌,73.213,732.6238000000001,207,5,0.0,10.006744703809435,5.88550380396924,0.7002358739553936,9.45
2020-07-06,1011010101,花叶类,195.74,1511.5968,419,14,0.06284356799836517,7.722472667824666,4.8642002145703485,0.587614063395782,12.83
2020-07-06,1011010201,花菜类,42.721000000000004,506.3038,86,2,0.010393015144776573,11.851403291121462,7.819140937712131,0.5156912230551463,15.51
2020-07-06,1011010402,水生根茎类,3.089,30.7757,11,1,0.12334088701845258,9.962997733894465,5.449999999999999,0.8280729786962324,13.65
2020-07-06,1011010501,茄类,30.727000000000004,201.412,57,3,0.0,6.554886581833566,3.3203700328701142,0.9741433987607546,6.68
2020-07-06,1011010504,辣椒类,58.682,645.2908,223,10,0.0,10.996400940663236,6.224900310146212,0.7665184007428627,9.24
2020-07-06,1011010801,食用菌,40.578,487.60300000000007,137,6,0.024643895707033365,12.016437478436591,7.178352555571984,0.6739826283830523,9.45
2020-07-07,1011010101,花叶类,175.052,1348.709,379,15,0.08669995201425862,7.704619198866623,4.79319522199118,0.6074077608017778,12.83
2020-07-07,1011010201,花菜类,45.749,526.991,97,2,0.0,11.519180747120155,7.314270475857396,0.5748912738655387,15.51
2020-07-07,1011010402,水生根茎类,3.117,31.17,11,1,0.0,10.0,5.460000000000001,0.8315018315018312,13.65
2020-07-07,1011010501,茄类,32.112,186.848,56,2,0.0,5.818634778276034,3.2775784753363224,0.7752846566637785,6.68
2020-07-07,1011010504,辣椒类,42.213,531.0704000000001,191,10,0.0,12.580731054414517,6.812150522350934,0.8468075555783219,9.24
2020-07-07,1011010801,食用菌,52.56,622.3339,175,7,0.02741628614916286,11.84044710806697,6.964861111111111,0.7000263062213528,9.45
2020-07-08,1011010101,花叶类,158.57,1251.845,331,16,0.095957621239831,7.894589140442707,4.843609699186479,0.6298978717811765,12.83
2020-07-08,1011010201,花菜类,45.43300000000001,532.102,95,2,0.0,11.71179539101534,7.34181167873572,0.5952187148761274,15.51
2020-07-08,1011010402,水生根茎类,10.605,155.484,26,2,0.0,14.661386138613862,8.21244884488449,0.7852636181406958,13.65
2020-07-08,1011010501,茄类,39.67,232.2832,64,2,0.014519788253087975,5.855386942273758,3.5347244769347115,0.6565327737655833,6.68
2020-07-08,1011010504,辣椒类,65.88,768.061,242,10,0.04017911353976929,11.658485124468733,6.454160595021251,0.806351879973688,9.24
2020-07-08,1011010801,食用菌,43.967999999999996,565.4192,153,5,0.0,12.859788937409027,7.607784297671034,0.6903461552328429,9.45
2020-07-09,1011010101,花叶类,187.439,1395.7574,391,15,0.0015364998746258782,7.446462048986604,4.544924695500937,0.6384126356060256,12.83
2020-07-09,1011010201,花菜类,41.131,496.204,89,2,0.0,12.063990663976076,7.550888867277722,0.5976914607042068,15.51
2020-07-09,1011010402,水生根茎类,2.106,21.060000000000002,7,1,0.0,10.000000000000002,5.47,0.828153564899452,13.65
2020-07-09,1011010501,茄类,25.921,205.52,48,3,0.0,7.928706454226304,3.898585316924501,1.033739372024585,6.68
2020-07-09,1011010504,辣椒类,58.86,615.355,219,10,0.0,10.454553177030242,5.690378015630309,0.8372335103772919,9.24
2020-07-09,1011010801,食用菌,37.836999999999996,464.1238,133,5,0.0,12.266400613156437,7.209311520469383,0.7014663020634455,9.45
2020-07-10,1011010101,花叶类,179.833,1305.5266,383,16,0.13828941295535302,7.259660907619847,4.470994033353167,0.6237241323659808,12.83
2020-07-10,1011010201,花菜类,62.343999999999994,659.9567999999999,136,2,0.08303926600795586,10.585730784036956,6.545884768381882,0.6171581319561954,15.51
2020-07-10,1011010402,水生根茎类,9.025,128.7304,28,2,0.02703601108033241,14.26375623268698,7.98426592797784,0.7864831108273889,13.65
2020-07-10,1011010501,茄类,37.86,268.3507,62,3,0.097675647120972,7.087974115161121,4.636425250924458,0.528758414415901,6.68
2020-07-10,1011010504,辣椒类,58.936,714.7903,243,8,0.038516356725940004,12.128245893850957,6.610760825302023,0.8346217953357675,9.24
2020-07-10,1011010801,食用菌,41.429,470.8101,135,6,0.10618166018972217,11.364264162784522,6.769435902387216,0.6787608785507455,9.45
2020-07-11,1011010101,花叶类,271.12,2106.3287,571,15,0.1187997934493951,7.76899048391856,4.794547801711419,0.6203802329690844,12.83
2020-07-11,1011010201,花菜类,76.564,784.2707,139,2,0.0938822423070895,10.24333498772269,6.282039731466487,0.6305746900030309,15.51
2020-07-11,1011010402,水生根茎类,8.928,132.1233,23,2,0.1704749103942652,14.798756720430106,8.411317204301074,0.7593863554287139,13.65
2020-07-11,1011010501,茄类,68.277,405.20640000000003,116,2,0.11649603819734317,5.93474229974955,3.7996306223179106,0.5619261158941666,6.68
2020-07-11,1011010504,辣椒类,85.936,1060.3598,306,9,0.09871299571774343,12.338947588903368,7.074474609011356,0.7441503815967065,9.24
2020-07-11,1011010801,食用菌,52.238,700.3148,184,5,0.07046594433171255,13.406233010452162,7.928451318963208,0.6909018509563449,9.45
2020-07-12,1011010101,花叶类,300.189,2195.9922,653,15,0.0960528200566976,7.315365319848495,4.488165722261641,0.6299231740850679,12.83
2020-07-12,1011010201,花菜类,71.615,777.0745000000001,148,2,0.10627661802694967,10.85072261397752,6.32656705997347,0.7151043387538238,15.51
2020-07-12,1011010402,水生根茎类,13.994,247.9604,36,3,0.09782764041732171,17.719051021866512,11.493803773045592,0.5416176725950295,13.65
2020-07-12,1011010501,茄类,81.706,582.6195,135,3,0.10496169191981006,7.130681957261401,4.2824853743911095,0.6650802825626116,6.68
2020-07-12,1011010504,辣椒类,72.459,855.2597000000001,297,10,0.08675250831504712,11.80336052112229,6.623485557349674,0.7820466911148962,9.24
2020-07-12,1011010801,食用菌,55.96,678.7291,185,6,0.09267333809864188,12.128825947105074,7.232089349535382,0.6770846377726623,9.45
2020-07-13,1011010101,花叶类,190.832,1422.2044,396,13,0.1043378469019871,7.4526515469103725,4.682125639305777,0.5917239563898979,12.83
2020-07-13,1011010201,花菜类,32.028,315.37620000000004,73,2,0.08764206319470463,9.846890221056578,5.74960284750843,0.7126209378659418,15.51
2020-07-13,1011010402,水生根茎类,11.605,164.1054,31,2,0.10883239982766048,14.140922016372253,8.038965962947007,0.7590473801668303,13.65
2020-07-13,1011010501,茄类,44.379000000000005,306.6984,79,3,0.025169562180310506,6.910890285946055,4.028366569773992,0.7155564584912602,6.68
2020-07-13,1011010504,辣椒类,61.24,662.7452,220,10,0.053837361201828866,10.822096668843892,6.436648758981058,0.6813247194425232,9.24
2020-07-13,1011010801,食用菌,42.113,544.001,145,5,0.05492365777788332,12.917650131788283,7.48280388478617,0.7263114643498934,9.45
2020-07-14,1011010101,花叶类,190.599,1375.1632,413,13,0.03918173757469871,7.214954957790964,4.34060021301266,0.6622021388105019,12.83
2020-07-14,1011010201,花菜类,57.575,558.9169,115,2,0.07885366912722536,9.707631784628745,5.248857490230134,0.8494752053561885,15.51
2020-07-14,1011010402,水生根茎类,9.007,135.8165,22,2,0.03608304651937382,15.078994115687799,7.594595314755192,0.9854901401252429,13.65
2020-07-14,1011010501,茄类,34.747,225.4722,64,3,0.08596425590698478,6.488968831841597,3.842482516476242,0.6887438795147263,6.68
2020-07-14,1011010504,辣椒类,66.74499999999999,710.1373,225,10,0.052018877818563194,10.639558019327291,6.189588283766574,0.7189443839474181,9.24
2020-07-14,1011010801,食用菌,44.836,537.0122,148,7,0.08894638237130877,11.97725488446784,6.569703809438845,0.8231042421212111,9.45
2020-07-15,1011010101,花叶类,218.094,1481.9327,456,12,0.03874476143314351,6.79492649958275,4.088843663741323,0.6618210570969447,12.83
2020-07-15,1011010201,花菜类,37.962,375.1279,77,2,0.0808176597650282,9.881668510615878,5.2916848427374745,0.8673955090462133,15.51
2020-07-15,1011010402,水生根茎类,10.238000000000001,151.4427,24,2,0.06085172885329165,14.792215276421175,7.510435631959366,0.9695548968525141,13.65
2020-07-15,1011010501,茄类,38.17,274.55,70,3,0.01084621430442756,7.192821587634268,4.082695834424942,0.7617823808927944,6.68
2020-07-15,1011010504,辣椒类,73.354,749.7708,242,10,0.05821086784633421,10.22126673392044,6.117863647517518,0.670724835142082,9.24
2020-07-15,1011010801,食用菌,42.196,494.03610000000003,139,7,0.10467816854678169,11.708126362688407,6.440664043985213,0.8178446015395502,9.45
2020-07-16,1011010101,花叶类,215.526,1535.9922,463,13,0.09268951309818768,7.126714178335791,4.280146850032015,0.6650630055561024,12.83
2020-07-16,1011010201,花菜类,39.45,417.22800000000007,83,2,0.10519645120405577,10.576121673003803,5.735707984790874,0.843908668476157,15.51
2020-07-16,1011010402,水生根茎类,11.354000000000001,162.7251,30,2,0.10313545886912101,14.33196230403382,7.30329575480007,0.9623965378389858,13.65
2020-07-16,1011010501,茄类,26.586,192.9674,54,3,0.0961032122169563,7.258233656811856,4.1349868351764085,0.7553220714189293,6.68
2020-07-16,1011010504,辣椒类,72.656,764.0534,237,10,0.11466362034794096,10.516039969169785,6.389405692578727,0.6458557298034981,9.24
2020-07-16,1011010801,食用菌,53.685,641.0918,169,7,0.06696470149948776,11.941730464748067,6.810458787370774,0.7534399425326026,9.45
2020-07-17,1011010101,花叶类,201.67000000000002,1377.6054,431,14,0.14002082610204789,6.830988248128129,4.109126295433133,0.6623943283807225,12.83
2020-07-17,1011010201,花菜类,44.198,455.7297,92,2,0.09826236481288746,10.311093262138558,5.78053441332187,0.78376124504605,15.51
2020-07-17,1011010402,水生根茎类,10.727,154.124,29,2,0.0,14.367856809918896,7.298178428265125,0.968690811158248,13.65
2020-07-17,1011010501,茄类,37.251,294.065,69,3,0.12756704517999518,7.894150492604226,4.571652841534456,0.7267607069557338,6.68
2020-07-17,1011010504,辣椒类,61.025,690.4716,218,10,0.08529291274068006,11.314569438754608,6.622583039737814,0.7084828337920772,9.24
2020-07-17,1011010801,食用菌,51.908,656.7742000000001,169,7,0.11408646066116976,12.652658549741853,7.2176814749171605,0.7530087180644212,9.45
2020-07-18,1011010101,花叶类,275.265,2023.5223,603,13,0.1597551450420504,7.351179045646923,4.503703812689591,0.6322518867547005,12.83
2020-07-18,1011010201,花菜类,61.087999999999994,634.3341,128,2,0.1590656102671556,10.38393956259822,5.8223133839706644,0.7834731450880177,15.51
2020-07-18,1011010402,水生根茎类,10.418,151.25990000000002,24,2,0.30485697830677677,14.519091956229605,7.548891341908235,0.9233409647355473,13.65
2020-07-18,1011010501,茄类,56.584999999999994,393.6409,95,3,0.14901475656092605,6.956629848899886,3.8986651939559955,0.7843619553904186,6.68
2020-07-18,1011010504,辣椒类,85.051,987.4653,318,10,0.16271413622414788,11.61027265993345,6.6111048664918695,0.7561773552828772,9.24
2020-07-18,1011010801,食用菌,71.884,884.5590000000001,227,7,0.2087112570252073,12.305366980134663,7.206324773245785,0.7075787405279861,9.45
2020-07-19,1011010101,花叶类,321.164,2307.3773,678,12,0.16180206997048238,7.184420732087034,4.4439764108056945,0.616664911770874,12.83
2020-07-19,1011010201,花菜类,76.351,809.2379000000001,165,2,0.1103194457178033,10.598916844573091,5.966778169244673,0.776321583263216,15.51
2020-07-19,1011010402,水生根茎类,11.123999999999999,159.4384,25,2,0.2624955052139518,14.332829917295939,7.43235436893204,0.9284373706948843,13.65
2020-07-19,1011010501,茄类,71.772,556.3028,125,3,0.16656913559605416,7.750972524104108,4.300859388062197,0.8021915679499583,6.68
2020-07-19,1011010504,辣椒类,103.776,1116.3662,345,10,0.10448465926611163,10.757460299105766,6.560818590040086,0.639652148809077,9.24
2020-07-19,1011010801,食用菌,80.322,1123.2615,286,7,0.12392619705684618,13.984481213117204,8.17521911804985,0.7105940539552316,9.45
2020-07-20,1011010101,花叶类,204.997,1412.958,432,12,0.11053820299809265,6.892578915789011,4.153171948857788,0.6595939201806029,12.83
2020-07-20,1011010201,花菜类,47.431,411.38919999999996,99,2,0.10375071155995025,8.673424553562016,4.967849296873354,0.7459113663171835,15.51
2020-07-20,1011010402,水生根茎类,9.548,134.2522,23,2,0.057080016757436104,14.060766652702135,7.34954335986594,0.9131483364646225,13.65
2020-07-20,1011010501,茄类,33.947,280.5997,63,3,0.11397177953869266,8.265817303443603,4.396937284590686,0.8799033892094903,6.68
2020-07-20,1011010504,辣椒类,67.35,677.3548999999999,246,9,0.12118782479584261,10.05723682256867,6.605645731254641,0.5225213751598594,9.24
2020-07-20,1011010801,食用菌,52.617000000000004,627.6752,181,7,0.071269741718456,11.929133169888058,6.8095014919132595,0.7518364867170826,9.45
2020-07-21,1011010101,花叶类,214.99,1592.4823000000001,428,13,0.06735196985906321,7.407238941346109,4.462177915251872,0.6600052893516237,12.83
2020-07-21,1011010201,花菜类,49.004999999999995,461.4358,114,2,0.08382818079787778,9.416096316702378,5.350965207631874,0.7597005309009606,15.51
2020-07-21,1011010402,水生根茎类,12.744,213.18280000000001,29,3,0.10193032015065913,16.72809165097301,10.006125235404896,0.671785157333793,13.65
2020-07-21,1011010501,茄类,27.094,206.34199999999998,51,3,0.055510445117000075,7.615782091976082,4.246234590684284,0.79353776371286,6.68
2020-07-21,1011010504,辣椒类,56.992999999999995,571.6611,203,10,0.05627006825399611,10.030373905567352,6.077609530995034,0.6503814294771197,9.24
2020-07-21,1011010801,食用菌,45.905,570.2716,158,7,0.0844788149439059,12.422864611698072,7.082576407798715,0.7540036134335377,9.45
2020-07-22,1011010101,花叶类,232.783,1648.3367,499,13,0.11739688894807611,7.081001189949439,4.206683692537686,0.6832739771974199,12.83
2020-07-22,1011010201,花菜类,53.675,531.4384,116,2,0.09009781089892875,9.9010414531905,5.592273684210527,0.77048585464362,15.51
2020-07-22,1011010402,水生根茎类,11.049999999999999,180.9364,29,3,0.0951131221719457,16.37433484162896,8.66569411764706,0.88955836881939,13.65
2020-07-22,1011010501,茄类,48.247,372.4259,90,3,0.03625095860882542,7.719151449831078,4.124189068750389,0.8716773943077123,6.68
2020-07-22,1011010504,辣椒类,81.36,801.0997,288,9,0.08817600786627336,9.846358161258603,5.957262659783678,0.6528326386763927,9.24
2020-07-22,1011010801,食用菌,66.794,745.5677000000001,205,7,0.059346647902506225,11.162195706201157,6.642299308321108,0.6804716541782108,9.45
2020-07-23,1011010101,花叶类,200.441,1426.5588,433,13,0.14001626413757662,7.117100792751982,4.1540515662963164,0.7132913925518434,12.83
2020-07-23,1011010201,花菜类,39.425,420.2273,88,2,0.07814838300570705,10.658904248573242,6.355172606214332,0.6772013773710184,15.51
2020-07-23,1011010402,水生根茎类,30.417,207.4809,39,3,0.14610250846566064,6.821215109971397,3.5717480356379654,0.909769401959797,13.65
2020-07-23,1011010501,茄类,44.141999999999996,338.846,72,3,0.07765846586017852,7.676272031172127,4.355991572651896,0.762232984876706,6.68
2020-07-23,1011010504,辣椒类,57.639,640.9893,212,10,0.06554589774284772,11.120756779264038,6.502984784607643,0.710100384301454,9.24
2020-07-23,1011010801,食用菌,56.759,623.9236000000001,169,7,0.07103719233954087,10.99250515336775,6.482759209993128,0.6956522365388613,9.45
2020-07-24,1011010101,花叶类,176.32500000000002,1340.1699,371,11,0.09298738125620302,7.60056656741812,4.545642932085637,0.6720553463997709,12.83
2020-07-24,1011010201,花菜类,38.284000000000006,409.21709999999996,79,2,0.10082541009298923,10.6889849545502,6.6024838052450106,0.6189339148486628,15.51
2020-07-24,1011010402,水生根茎类,11.739999999999998,197.4297,29,3,0.06448040885860308,16.816839863713803,9.249458262350938,0.8181432238215711,13.65
2020-07-24,1011010501,茄类,34.97,289.3317,56,3,0.07303402916785816,8.273711752931085,4.8235802116099515,0.7152636402763568,6.68
2020-07-24,1011010504,辣椒类,58.738,600.5783,197,9,0.09101433484286152,10.224697810616638,6.642362014368891,0.5393165546379985,9.24
2020-07-24,1011010801,食用菌,49.201,573.4826,147,7,0.10034348895347656,11.655913497693136,6.808140484949492,0.7120553730435557,9.45
2020-07-25,1011010101,花叶类,227.137,1805.9512,514,13,0.09960508415625813,7.950933577532502,4.737772049467941,0.6782009549035612,12.83
2020-07-25,1011010201,花菜类,57.421,620.8881,120,2,0.13557757614809912,10.812909911008168,6.929751832953101,0.5603603378102888,15.51
2020-07-25,1011010402,水生根茎类,10.424,150.716,23,2,0.2789716039907905,14.458557175748275,7.803664620107445,0.8527906925284037,13.65
2020-07-25,1011010501,茄类,61.874,435.2305,108,3,0.20129618256456666,7.034141965930762,4.6914940039434985,0.4993394343077322,6.68
2020-07-25,1011010504,辣椒类,94.20600000000002,951.9404999999999,313,10,0.1327834745133006,10.104881854658936,6.967990361548096,0.4501859690308052,9.24
2020-07-25,1011010801,食用菌,67.013,809.1514999999999,208,7,0.12409532478772772,12.07454523749123,7.111905749630668,0.697793202352025,9.45
2020-07-26,1011010101,花叶类,250.825,2045.4513,548,13,0.13991826970995713,8.154894049636201,4.783940795375262,0.7046394172602872,12.83
2020-07-26,1011010201,花菜类,64.119,711.6964,139,2,0.14331165489168576,11.09961789797096,7.285019105101453,0.5236223457805722,15.51
2020-07-26,1011010402,水生根茎类,12.988,234.4727,36,3,0.15067754850631354,18.053025870033878,10.575737603942102,0.707022861772272,13.65
2020-07-26,1011010501,茄类,69.521,515.1741,112,3,0.10985169948648608,7.41033788351721,4.626420937558435,0.6017431149332404,6.68
2020-07-26,1011010504,辣椒类,102.06099999999999,1058.5517,348,9,0.133185055995924,10.371755126835913,6.848482280204977,0.5144603873495723,9.24
2020-07-26,1011010801,食用菌,71.295,882.8239,209,7,0.13491829721579351,12.382690230731468,7.358265797040466,0.6828272547196994,9.45
2020-07-27,1011010101,花叶类,198.00900000000001,1568.9211,408,12,0.09294527016448746,7.923483781040256,4.603104454848012,0.7213347771622267,12.83
2020-07-27,1011010201,花菜类,42.876000000000005,463.1993,88,2,0.12158317007183504,10.803230245358707,7.073823117828154,0.5272123808314246,15.51
2020-07-27,1011010402,水生根茎类,17.265,246.9673,39,3,0.04801621778163915,14.304506226469735,9.106492325514045,0.5708030836848337,13.65
2020-07-27,1011010501,茄类,36.121,265.8719,59,3,0.1535118075357825,7.3605907920600195,4.809065086791616,0.5305658499562256,6.68
2020-07-27,1011010504,辣椒类,71.402,776.7884,255,10,0.043402145598162516,10.879084619478446,6.873508585193691,0.5827556603207298,9.24
2020-07-27,1011010801,食用菌,52.777,654.2723000000001,172,8,0.22354434696932377,12.39692100725695,7.220750895276351,0.716846514587109,9.45
2020-07-28,1011010101,花叶类,165.443,1326.3971000000001,360,13,0.13804150069812562,8.017245214363859,4.624895885592016,0.7334974478755429,12.83
2020-07-28,1011010201,花菜类,34.937,379.23389999999995,71,2,0.0630277356384349,10.854792912957608,6.925682800469416,0.5673245838261436,15.51
2020-07-28,1011010402,水生根茎类,13.959,166.78640000000001,34,2,0.032308904649330186,11.948305752561073,7.253192205745397,0.6473168521711838,13.65
2020-07-28,1011010501,茄类,40.34,313.6707,60,3,0.1651710461080813,7.775674268715914,4.978804412493802,0.5617553180445596,6.68
2020-07-28,1011010504,辣椒类,66.001,667.8376000000001,225,10,0.13031620733019197,10.11859820305753,6.862747382615414,0.47442381875949247,9.24
2020-07-28,1011010801,食用菌,47.728,550.9984999999999,138,8,0.11180020113979215,11.54455455916862,6.6819648843446195,0.727718531747557,9.45
2020-07-29,1011010101,花叶类,193.72899999999998,1516.066,413,12,0.09612912883460918,7.8257049796365035,4.66470063852082,0.6776435587339298,12.83
2020-07-29,1011010201,花菜类,42.22,486.9335,94,2,0.09921837991473235,11.533242539081003,7.489350071056371,0.5399523896810237,15.51
2020-07-29,1011010402,水生根茎类,18.597,226.9722,34,2,0.02919825778351347,12.204774963703821,7.287741571221165,0.6746991978831567,13.65
2020-07-29,1011010501,茄类,40.777,324.2181,69,3,0.1285528606812664,7.951004242587733,4.8942207617039015,0.6245700040346414,6.68
2020-07-29,1011010504,辣椒类,82.494,815.1328000000001,282,10,0.09672218585594103,9.881116202390478,6.805390573859916,0.45195431403227393,9.24
2020-07-29,1011010801,食用菌,54.315,660.9125,174,7,0.08051182914480347,12.168139556292001,7.073603056245973,0.7202180359198367,9.45
2020-07-30,1011010101,花叶类,201.743,1575.9332000000002,413,11,0.12853481905196215,7.811588010488593,4.614850279811443,0.69270670484412,12.83
2020-07-30,1011010201,花菜类,38.198,392.41679999999997,82,2,0.1519451280171737,10.27322896486727,6.496471804806535,0.5813551222167133,15.51
2020-07-30,1011010402,水生根茎类,10.645000000000001,126.79490000000001,26,2,0.218788163457022,11.911216533583842,7.382646312822922,0.6134074461748553,13.65
2020-07-30,1011010501,茄类,46.311,355.9828,81,3,0.12528340998898752,7.686787156399127,4.7999291744941806,0.6014376206309682,6.68
2020-07-30,1011010504,辣椒类,68.219,647.6431,235,10,0.0858118705932365,9.493588296515634,6.376542165672321,0.4888301605882446,9.24
2020-07-30,1011010801,食用菌,50.774,578.2916,155,7,0.06032615117973766,11.389522196399732,6.5886437940678295,0.7286595773555757,9.45
2020-07-31,1011010101,花叶类,197.166,1534.2384,437,13,0.010143736749743872,7.781455220474118,4.409464157106195,0.7647167418140131,12.83
2020-07-31,1011010201,花菜类,37.549,393.0233,74,2,0.016698181043436577,10.466944525819596,6.65987429758449,0.5716429557260436,15.51
2020-07-31,1011010402,水生根茎类,19.062,213.33,37,2,0.0,11.191375511488825,7.519586612107858,0.48829664299214803,13.65
2020-07-31,1011010501,茄类,34.092,265.107,53,3,0.0,7.776223160858853,4.7814261410301535,0.6263397010632217,6.68
2020-07-31,1011010504,辣椒类,41.104,440.091,152,10,0.0,10.706768197742313,6.6833646360451535,0.6020027008548778,9.24
2020-07-31,1011010801,食用菌,45.587,522.947,127,7,0.0,11.471406321977756,6.658733849562374,0.7227609003672195,9.45
2020-08-01,1011010101,花叶类,229.89,1835.8272,527,14,0.11920048718952543,7.9856766279524996,4.5884899299665065,0.7403713966548446,12.83
2020-08-01,1011010201,花菜类,54.361999999999995,607.9993000000001,121,2,0.06914756631470514,11.184270262315591,7.458768625142563,0.4994794482047391,15.51
2020-08-01,1011010402,水生根茎类,21.432000000000002,237.8084,44,2,0.10880925718551697,11.095949981336318,7.570720418066442,0.4656399085689944,13.65
2020-08-01,1011010501,茄类,48.805,353.9742,90,3,0.06456305706382542,7.252826554656285,4.419644093842844,0.6410431248888218,6.68
2020-08-01,1011010504,辣椒类,66.15599999999999,693.1243,265,11,0.054779611826591704,10.477119233327288,6.815670687465991,0.5372103075042485,9.24
2020-08-01,1011010801,食用菌,53.797,669.5794000000001,175,7,0.029406844247820512,12.446407792256077,7.362882130973846,0.6904260547506365,9.45
2020-08-02,1011010101,花叶类,243.138,2089.567,547,17,0.03716407965846556,8.594160517895187,4.979678865500251,0.7258463346776138,12.83
2020-08-02,1011010201,花菜类,49.219,556.502,99,2,0.0,11.306649870984781,7.584032995387959,0.4908492457589042,15.51
2020-08-02,1011010402,水生根茎类,56.153999999999996,627.7452000000001,107,3,0.10471204188481675,11.17899348220964,7.726564447768637,0.44682588979608306,13.65
2020-08-02,1011010501,茄类,50.893,352.942,93,3,0.0,6.934981235140393,4.277458393099248,0.6212854919473869,6.68
2020-08-02,1011010504,辣椒类,67.963,661.0504,252,11,0.0,9.726621838353221,6.378277445080411,0.5249606060732588,9.24
2020-08-02,1011010801,食用菌,54.961,617.6406,163,8,0.0,11.237797711104237,6.432346209130111,0.7470760039553279,9.45
2020-08-03,1011010101,花叶类,207.843,1680.6198,470,16,0.006437551421024524,8.08600626434376,4.81632395606299,0.6788750794399445,12.83
2020-08-03,1011010201,花菜类,44.426,492.02799999999996,89,2,0.0,11.075226218880834,7.08276864898933,0.5636860058193776,15.51
2020-08-03,1011010402,水生根茎类,15.555,195.6176,41,3,0.0,12.575866280938605,8.151981356477016,0.5426760355562721,13.65
2020-08-03,1011010501,茄类,45.191,302.953,82,3,0.0,6.703834834369674,3.828926777455688,0.7508391316964165,6.68
2020-08-03,1011010504,辣椒类,86.474,854.4544,295,11,0.0,9.881055577398985,6.117907694798436,0.6151037364947578,9.24
2020-08-03,1011010801,食用菌,48.575,600.7601999999999,151,8,0.03921770458054555,12.367682964487903,7.298326505404014,0.6945916238921768,9.45
2020-08-04,1011010101,花叶类,180.012,1328.5652,387,17,0.011110370419749794,7.380425749394485,4.268836466457792,0.7289080543107891,12.83
2020-08-04,1011010201,花菜类,44.534000000000006,484.39,99,2,0.0,10.876858130866303,6.714342075717428,0.6199439957345501,15.51
2020-08-04,1011010402,水生根茎类,26.208,319.5464,51,3,0.0,12.192704517704518,7.904755799755801,0.5424517627832581,13.65
2020-08-04,1011010501,茄类,30.591,228.63600000000002,56,3,0.0,7.47396293027361,3.832533751757053,0.9501362321589779,6.68
2020-08-04,1011010504,辣椒类,73.36500000000001,706.3548000000001,225,8,0.0,9.627953383766101,6.084101683364002,0.5824773951579725,9.24
2020-08-04,1011010801,食用菌,45.300999999999995,570.8358000000001,140,7,0.0,12.600953621332865,7.388255005408269,0.7055385354334485,9.45
2020-08-05,1011010101,花叶类,244.395,1891.6622,544,18,0.014685243151455635,7.74018371897952,4.602231715051453,0.6818326842747822,12.83
2020-08-05,1011010201,花菜类,43.631,446.40999999999997,101,2,0.0,10.231486786917557,6.2307132543375126,0.642105224437171,15.51
2020-08-05,1011010402,水生根茎类,21.451999999999998,258.012,38,3,0.0,12.027410031698677,7.854242028715271,0.5313266369595204,13.65
2020-08-05,1011010501,茄类,49.472,368.65,85,3,0.0,7.451689844760672,4.047677271992238,0.8409792441513015,6.68
2020-08-05,1011010504,辣椒类,82.229,808.7544,272,7,0.0,9.835391406924565,6.310636636709677,0.5585418671883271,9.24
2020-08-05,1011010801,食用菌,62.84,757.8292,179,7,0.0,12.059662635264162,7.116848504137492,0.6945228816172058,9.45
2020-08-06,1011010101,花叶类,234.777,1788.7844,495,17,0.07130170331846816,7.619078529838954,4.508040182811775,0.6901088324121256,12.83
2020-08-06,1011010201,花菜类,40.827,394.476,84,2,0.0,9.662135351605556,5.841604820339482,0.6540207098507642,15.51
2020-08-06,1011010402,水生根茎类,19.115,220.8958,36,3,0.0,11.556149620716717,7.563980120324354,0.5277868842708133,13.65
2020-08-06,1011010501,茄类,31.596,252.768,57,2,0.0,8.0,4.703914419546779,0.7007112133580862,6.68
2020-08-06,1011010504,辣椒类,74.047,731.4874000000001,249,11,0.0,9.878690561400193,6.318931759558119,0.563348195121355,9.24
2020-08-06,1011010801,食用菌,48.611,596.5882,155,8,0.0,12.272699594741932,7.237069181872417,0.6958107330910808,9.45
2020-08-07,1011010101,花叶类,204.941,1683.3442,426,17,0.030394113427767017,8.213799093397611,4.747591941095242,0.730097951826655,12.83
2020-08-07,1011010201,花菜类,40.272000000000006,438.672,89,2,0.0,10.892729439809296,6.611704410011919,0.6474918968420216,15.51
2020-08-07,1011010402,水生根茎类,25.415,312.622,50,4,0.0,12.30068856974228,7.963666732244738,0.5446011219853062,13.65
2020-08-07,1011010501,茄类,51.799,266.15999999999997,90,3,0.0,5.1383231336512285,3.8550806000115836,0.33287048100519323,6.68
2020-08-07,1011010504,辣椒类,78.61099999999999,789.528,262,10,0.0,10.043479920112963,6.406447316533311,0.5677144326456027,9.24
2020-08-07,1011010801,食用菌,68.17699999999999,735.9746,179,11,0.0,10.795056984026873,6.286540915558033,0.7171696055156647,9.45
2020-08-08,1011010101,花叶类,311.161,2505.7686,648,16,0.003213770363252464,8.052964863848619,4.787488117084083,0.6820856087583234,12.83
2020-08-08,1011010201,花菜类,58.156000000000006,619.8679999999999,132,2,0.0,10.65871105302978,6.385648256413782,0.6691666413545576,15.51
2020-08-08,1011010402,水生根茎类,27.461,335.90999999999997,55,4,0.0,12.232256654892392,7.905122173263902,0.5473836313704792,13.65
2020-08-08,1011010501,茄类,63.763999999999996,323.176,111,3,0.0,5.068314409384606,2.609737469418481,0.9420782621916226,6.68
2020-08-08,1011010504,辣椒类,100.292,980.1271999999999,340,8,0.0,9.772735612012921,6.397059286882303,0.5276918930629142,9.24
2020-08-08,1011010801,食用菌,92.144,863.66,222,12,0.0,9.372938010071191,5.435099301093939,0.7245201036501157,9.45
2020-08-09,1011010101,花叶类,250.58999999999997,2007.366,504,16,0.022099844367293193,8.010559080569855,4.715229857536214,0.698869264616403,12.83
2020-08-09,1011010201,花菜类,54.876,655.23,117,2,0.0,11.940192433850864,8.195718711276331,0.45688167865285356,15.51
2020-08-09,1011010402,水生根茎类,25.900000000000002,289.34799999999996,57,3,0.0,11.17173745173745,7.749451737451737,0.4416164949768522,13.65
2020-08-09,1011010501,茄类,51.834999999999994,259.75,95,3,0.0,5.01109289090383,2.824915404649368,0.7738913111013366,6.68
2020-08-09,1011010504,辣椒类,73.684,729.5186,255,10,0.0,9.900637858965311,6.4144593127408935,0.5434875141073701,9.24
2020-08-09,1011010801,食用菌,73.07300000000001,930.362,232,10,0.0,12.73195297852832,7.76752480396316,0.6391261437661842,9.45
2020-08-10,1011010101,花叶类,210.292,1730.7,464,15,0.025398017994027352,8.229984973275256,4.847087906339756,0.697923605328229,12.83
2020-08-10,1011010201,花菜类,50.7,589.83,116,2,0.0,11.633727810650887,7.997339447731756,0.45469976442609306,15.51
2020-08-10,1011010402,水生根茎类,30.683,342.84680000000003,64,4,0.0,11.173835674477726,7.154028615194082,0.5618941823556838,13.65
2020-08-10,1011010501,茄类,47.664,237.186,85,3,0.0,4.976208459214502,2.679369754951326,0.8572309588920104,6.68
2020-08-10,1011010504,辣椒类,78.905,783.0778,262,9,0.0,9.924311513845764,6.485397123122742,0.5302550214638471,9.24
2020-08-10,1011010801,食用菌,36.094,497.31379999999996,123,5,0.0,13.778295561589182,7.832290131323765,0.7591656246856193,9.45
2020-08-11,1011010101,花叶类,216.713,1614.1096,455,15,0.07680665211593213,7.44814385846719,4.614124302649126,0.6142052900895967,12.83
2020-08-11,1011010201,花菜类,56.278999999999996,643.296,133,2,0.0,11.430480285719364,7.060191368005828,0.6190043144606627,15.51
2020-08-11,1011010402,水生根茎类,20.458,248.3272,47,4,0.037980252224068825,12.138390849545411,7.942237266594975,0.5283339495030506,13.65
2020-08-11,1011010501,茄类,33.572,167.394,60,3,0.0,4.986119385201953,2.562754080781603,0.9456097729366442,6.68
2020-08-11,1011010504,辣椒类,73.292,747.7902,256,10,0.0,10.202889810620531,6.478282350051847,0.5749375002988062,9.24
2020-08-11,1011010801,食用菌,40.017,529.7576,131,5,0.0,13.238313716670415,7.485551640552764,0.7685154484743952,9.45
2020-08-12,1011010101,花叶类,206.877,1561.0814,438,14,0.05971664322278455,7.545939857983246,4.653922137308642,0.6214151494908882,12.83
2020-08-12,1011010201,花菜类,50.065,581.3,111,2,0.0,11.610905822430839,6.963807849795266,0.6673213955454265,15.51
2020-08-12,1011010402,水生根茎类,27.354999999999997,311.9464,57,4,0.0,11.403633704989948,7.368476695302503,0.5476243159267788,13.65
2020-08-12,1011010501,茄类,36.009,244.553,66,3,0.0,6.791441028631731,3.400698158793635,0.99707257495647,6.68
2020-08-12,1011010504,辣椒类,85.166,860.6532,276,10,0.0,10.105596129910998,6.404095061409482,0.5779897133017964,9.24
2020-08-12,1011010801,食用菌,34.195,459.80460000000005,123,6,0.0,13.44654481649364,7.958467319783594,0.6895897509144107,9.45
2020-08-13,1011010101,花叶类,188.208,1360.5064,386,15,0.0438504208110176,7.228738417070475,4.449628336733826,0.6245712832673587,12.83
2020-08-13,1011010201,花菜类,47.468,494.769,113,2,0.0,10.423211426645318,6.971333529957023,0.49515317002908854,15.51
2020-08-13,1011010402,水生根茎类,19.324,234.16140000000001,44,3,0.0,12.11764645001035,7.9606939557027525,0.5221846886011372,13.65
2020-08-13,1011010501,茄类,31.109,212.74200000000002,58,3,0.0,6.838599762126716,2.733816258960429,1.5014847796417694,6.68
2020-08-13,1011010504,辣椒类,61.767999999999994,613.2288,222,9,0.0,9.927936795751846,6.282368054656133,0.5802857631675726,9.24
2020-08-13,1011010801,食用菌,35.65,480.52570000000003,129,5,0.0073772791023842925,13.478981767180928,8.000002805049089,0.6848721301289868,9.45
2020-08-14,1011010101,花叶类,217.758,1606.1535999999999,483,15,0.030777284875871377,7.3758649510006515,4.331022465305523,0.7030308685965998,12.83
2020-08-14,1011010201,花菜类,58.581999999999994,598.5409999999999,137,2,0.0,10.2171486122017,6.260324673107782,0.6320477204786334,15.51
2020-08-14,1011010402,水生根茎类,29.991,253.29940000000002,50,4,0.0,8.445847087459573,4.9466473275315925,0.7073881617661435,13.65
2020-08-14,1011010501,茄类,37.826,276.063,67,3,0.0,7.298234018928778,5.277188706180934,0.3829776468635062,6.68
2020-08-14,1011010504,辣椒类,76.489,776.5717999999999,261,10,0.0,10.152725228464222,6.371628077239864,0.5934271594933234,9.24
2020-08-14,1011010801,食用菌,53.795,583.87,158,10,0.0,10.853610930383864,6.338636118598382,0.7122943685847432,9.45
2020-08-15,1011010101,花叶类,245.136,1933.717,507,14,0.0,7.888343613341166,4.579194528751388,0.7226487243144235,12.83
2020-08-15,1011010201,花菜类,79.38,680.84,169,2,0.0,8.576971529352482,5.0877299067775255,0.6858150268407188,15.51
2020-08-15,1011010402,水生根茎类,25.642,272.6662,47,3,0.0,10.633577724046486,7.111601669136573,0.49524371847130166,13.65
2020-08-15,1011010501,茄类,43.278999999999996,318.823,82,3,0.0,7.366690542757458,5.118564430786294,0.4392102790480681,6.68
2020-08-15,1011010504,辣椒类,94.285,956.6032,327,10,0.0,10.145868377790741,6.204685262767142,0.6351946872589513,9.24
2020-08-15,1011010801,食用菌,58.015,658.7176000000001,166,10,0.0,11.354263552529519,6.7242952684650525,0.688543274680046,9.45
2020-08-16,1011010101,花叶类,241.48,1826.1872,483,13,0.0,7.562478052012589,4.319783211860195,0.7506614756151193,12.83
2020-08-16,1011010201,花菜类,60.230999999999995,634.4398,137,2,0.0,10.533442911457556,6.801165346748353,0.5487703025031747,15.51
2020-08-16,1011010402,水生根茎类,24.454,244.59820000000002,52,3,0.0,10.002379978735586,6.457267931626727,0.5490111428930236,13.65
2020-08-16,1011010501,茄类,48.366,341.816,84,3,0.0,7.067278666832071,4.205691601538271,0.6804082030758387,6.68
2020-08-16,1011010504,辣椒类,95.285,943.0664,329,9,0.0,9.897322768536496,6.024927848034843,0.6427288455852156,9.24
2020-08-16,1011010801,食用菌,55.092999999999996,685.6208,176,9,0.0,12.444789719202078,7.41537491151326,0.678241473654966,9.45
2020-08-17,1011010101,花叶类,215.633,1440.412,465,13,0.010605983314242253,6.679923759350378,4.055047696781105,0.6473107738419202,12.83
2020-08-17,1011010201,花菜类,51.749,535.1469999999999,121,2,0.0,10.34120466095963,6.309950723685481,0.6388724910548265,15.51
2020-08-17,1011010402,水生根茎类,15.916,172.623,32,3,0.0,10.845878361397336,7.231236491580799,0.49986497800549046,13.65
2020-08-17,1011010501,茄类,35.013999999999996,259.046,64,3,0.0,7.398354943736791,5.113562860570059,0.4468102075725777,6.68
2020-08-17,1011010504,辣椒类,72.953,690.9762,251,9,0.0,9.47152550272093,5.8889787945663645,0.6083477005317297,9.24
2020-08-17,1011010801,食用菌,47.418,538.4362,140,9,0.0,11.355101438272387,6.581810493905269,0.7252246093665515,9.45
2020-08-18,1011010101,花叶类,225.113,1601.7918,470,13,0.0,7.115501103890046,4.3204066846428235,0.6469516930391237,12.83
2020-08-18,1011010201,花菜类,55.92,551.62,129,2,0.0,9.86444921316166,6.1524159513590835,0.603345627335645,15.51
2020-08-18,1011010402,水生根茎类,21.753,208.04060000000004,38,3,0.0,9.563765917344735,6.438444352503103,0.48541563671767807,13.65
2020-08-18,1011010501,茄类,34.019000000000005,259.425,66,3,0.0,7.625885534554219,4.707815338487315,0.6198353134650605,6.68
2020-08-18,1011010504,辣椒类,76.92,725.141,258,10,0.0,9.427210088403536,5.66486869474779,0.664153327533261,9.24
2020-08-18,1011010801,食用菌,45.716,523.6236,135,8,0.0,11.453836731122584,6.642989544142094,0.7241991207441807,9.45
2020-08-19,1011010101,花叶类,214.173,1519.7384,437,13,0.0,7.095844947775864,4.191523207874008,0.6929036524111156,12.83
2020-08-19,1011010201,花菜类,64.061,591.306,140,2,0.0,9.230358564493217,6.499252587377654,0.42021846980062083,15.51
2020-08-19,1011010402,水生根茎类,17.95,188.24040000000002,35,3,0.0,10.486930362116993,6.955723676880223,0.5076692015489301,13.65
2020-08-19,1011010501,茄类,30.347,232.61599999999999,57,3,0.0,7.665205786403927,4.834250502520843,0.5856037626529427,6.68
2020-08-19,1011010504,辣椒类,80.919,658.47,277,9,0.0,8.137396655915175,5.5123876963383145,0.4762018029538384,9.24
2020-08-19,1011010801,食用菌,50.126,621.4786,154,10,0.0,12.398328212903484,7.236692534812273,0.7132589443673398,9.45
2020-08-20,1011010101,花叶类,233.532,1683.267,470,13,0.0,7.207864446842403,4.205669843961426,0.7138445751255484,12.83
2020-08-20,1011010201,花菜类,69.58699999999999,630.3,150,2,0.0,9.057726299452485,6.1452483940966,0.47393981798258,15.51
2020-08-20,1011010402,水生根茎类,22.966,223.08760000000004,48,3,0.0,9.713820430201167,6.395067491073761,0.5189551077857619,13.65
2020-08-20,1011010501,茄类,37.957,329.80600000000004,67,3,0.0,8.6889374818874,5.668412150591459,0.5328697439512704,6.68
2020-08-20,1011010504,辣椒类,75.953,633.024,270,10,0.0,8.334417337037378,5.429537213803274,0.5350143131626679,9.24
2020-08-20,1011010801,食用菌,54.411,608.8122,150,11,0.0,11.189138225726415,6.546413041480583,0.7092013832350244,9.45
2020-08-21,1011010101,花叶类,207.076,1551.367,422,13,0.025985628464911436,7.491775966311885,4.548196169522301,0.6471971935851548,12.83
2020-08-21,1011010201,花菜类,50.062,507.66,108,2,0.0,10.140625624225962,6.06687547441173,0.671474166067211,15.51
2020-08-21,1011010402,水生根茎类,34.598,251.56880000000004,54,4,0.0,7.271194866755305,4.58936354702584,0.5843580035117155,13.65
2020-08-21,1011010501,茄类,29.694,247.648,54,3,0.0,8.340001347073484,5.3631400282885435,0.5550594060723975,6.68
2020-08-21,1011010504,辣椒类,85.19800000000001,694.994,282,10,0.0,8.157398060987347,5.418251602150285,0.5055406540644967,9.24
2020-08-21,1011010801,食用菌,50.0,608.3198,157,9,0.0,12.166395999999999,7.158644399999999,0.6995390915073252,9.45
2020-08-22,1011010101,花叶类,273.081,2003.0710000000001,557,14,0.031386291979302844,7.335080067818706,4.397154324174878,0.6681425137825081,12.83
2020-08-22,1011010201,花菜类,55.886,563.7560000000001,132,2,0.0,10.087606914075083,5.9174199262784954,0.7047306156653388,15.51
2020-08-22,1011010402,水生根茎类,42.772000000000006,282.6736,54,3,0.0,6.60884690919293,4.276464977087814,0.5453995167974977,13.65
2020-08-22,1011010501,茄类,30.422,295.327,58,3,0.0,9.707678653605942,5.634206166589967,0.7229896043157031,6.68
2020-08-22,1011010504,辣椒类,116.801,959.5360000000001,374,9,0.0,8.215135144390887,5.6620526365356465,0.4509111221221984,9.24
2020-08-22,1011010801,食用菌,49.894999999999996,627.0160000000001,165,9,0.0,12.566710091191505,7.164489427798377,0.7540273061793339,9.45
2020-08-23,1011010101,花叶类,261.552,1988.1942,524,13,0.021662996268428457,7.601525509267755,4.491076114883464,0.6925844307283582,12.83
2020-08-23,1011010201,花菜类,71.556,775.273,158,2,0.0,10.834493264016995,6.364462379115657,0.7023422590365678,15.51
2020-08-23,1011010402,水生根茎类,46.057,309.38300000000004,58,4,0.0,6.717393664372409,4.313037757561283,0.55746229037666,13.65
2020-08-23,1011010501,茄类,47.316,454.528,90,3,0.0,9.606221996787555,6.478981317102037,0.4826747487958942,6.68
2020-08-23,1011010504,辣椒类,93.71400000000001,770.576,336,9,0.0,8.222634825106173,5.582958469385576,0.4728095991033052,9.24
2020-08-23,1011010801,食用菌,55.226,665.1796,179,8,0.0,12.044681852750518,7.4108396407489225,0.6252789746686935,9.45
2020-08-24,1011010101,花叶类,260.694,1777.826,485,15,0.0,6.819589250232072,4.1804778399195985,0.6312941992208314,12.83
2020-08-24,1011010201,花菜类,41.784,439.187,89,2,0.0,10.510889335630864,6.691903838789967,0.5706874439384424,15.51
2020-08-24,1011010402,水生根茎类,20.305,201.19940000000003,37,3,0.0,9.908859886727408,6.46401181974883,0.532927253699303,13.65
2020-08-24,1011010501,茄类,26.874000000000002,233.149,55,3,0.0,8.675634442211802,5.742249386023665,0.5108425042158293,6.68
2020-08-24,1011010504,辣椒类,97.07900000000001,760.6727999999999,281,10,0.0,7.835606052802356,5.5878001421522665,0.4022702769366222,9.24
2020-08-24,1011010801,食用菌,39.576,472.21580000000006,111,9,0.0,11.931872852233678,7.027513897311502,0.6978796522620074,9.45
2020-08-25,1011010101,花叶类,343.427,1911.802,568,14,0.003220480626159271,5.566836620300674,3.6765804377640667,0.5141343197936878,12.83
2020-08-25,1011010201,花菜类,47.760999999999996,527.521,106,2,0.0,11.04501580787672,6.8385850380017175,0.6151025024182708,15.51
2020-08-25,1011010402,水生根茎类,20.062,213.29840000000002,42,3,0.0,10.631960921144453,6.933096401156415,0.5335083065296886,13.65
2020-08-25,1011010501,茄类,23.272,230.43099999999998,52,3,0.0,9.901641457545548,6.352522774149193,0.5586943659358539,6.68
2020-08-25,1011010504,辣椒类,107.213,839.8614000000001,341,9,0.004327833378414932,7.833578017591152,5.408331732159347,0.44842779724672943,9.24
2020-08-25,1011010801,食用菌,54.488,627.6222,157,9,0.0,11.51853986198796,6.875529107326384,0.6752950474333832,9.45
2020-08-26,1011010101,花叶类,241.686,1632.5700000000002,498,14,0.019690838526021364,6.7549216752315,3.9768413561397846,0.6985645315729478,12.83
2020-08-26,1011010201,花菜类,82.544,915.261,179,2,0.23548652839697615,11.088159042450087,7.611070580538864,0.4568461723114181,15.51
2020-08-26,1011010402,水生根茎类,18.95,196.0036,39,3,0.0,10.34319788918206,6.794974670184697,0.5221834357332369,13.65
2020-08-26,1011010501,茄类,30.722,304.66499999999996,55,3,0.0,9.916834841481673,6.791631729705097,0.4601549724946994,6.68
2020-08-26,1011010504,辣椒类,82.32,644.126,281,10,0.0,7.824659863945579,5.369109329446065,0.45734783626632813,9.24
2020-08-26,1011010801,食用菌,42.811,605.6674,143,9,0.0,14.147471444254982,7.669818037420289,0.8445641572239209,9.45
2020-08-27,1011010101,花叶类,199.007,1573.879,406,14,0.0,7.908661504369192,4.643743737657469,0.7030787983056763,12.83
2020-08-27,1011010201,花菜类,92.506,935.528,193,2,0.2872678528960284,10.113160227444707,7.714117138347783,0.3109938630787701,15.51
2020-08-27,1011010402,水生根茎类,19.487000000000002,240.0828,42,4,0.0,12.320151896135885,7.273429465797711,0.6938573411716829,13.65
2020-08-27,1011010501,茄类,19.128999999999998,191.572,32,4,0.0,10.014742014742016,5.977482879397774,0.6754112419559102,6.68
2020-08-27,1011010504,辣椒类,89.91999999999999,709.0152,285,10,0.0,7.884955516014236,5.297943838967972,0.4883048510288115,9.24
2020-08-27,1011010801,食用菌,50.458,600.5288,139,9,0.019818462880019025,11.90155773118237,6.997326687542114,0.7008720991077408,9.45
2020-08-28,1011010101,花叶类,195.032,1479.211,417,13,0.0,7.58445280774437,4.45118206243078,0.7039188020996199,12.83
2020-08-28,1011010201,花菜类,39.93,387.05600000000004,84,2,0.0,9.69336338592537,6.6446907087402955,0.45881333094630117,15.51
2020-08-28,1011010402,水生根茎类,20.997,258.92040000000003,47,4,0.0,12.33130447206744,7.093983426203743,0.7382764705254441,13.65
2020-08-28,1011010501,茄类,24.597,259.176,43,3,0.0,10.536894743261373,6.407604585925112,0.6444358577317058,6.68
2020-08-28,1011010504,辣椒类,156.11,993.381,374,9,0.0,6.363339952597527,4.503883351482929,0.4128562966672664,9.24
2020-08-28,1011010801,食用菌,55.659000000000006,652.1884,150,11,0.0,11.717573078927037,6.6546628577588525,0.7608064194063866,9.45
2020-08-29,1011010101,花叶类,267.031,2101.7599999999998,543,13,0.0,7.870846456029449,4.790600866566054,0.6429768781116059,12.83
2020-08-29,1011010201,花菜类,56.803,583.74,116,2,0.0,10.27656989947714,7.134021618576484,0.4405016481471944,15.51
2020-08-29,1011010402,水生根茎类,65.814,544.4688,110,2,0.0,8.27284164463488,5.585443522654755,0.48114319141889883,13.65
2020-08-29,1011010501,茄类,30.675,324.78,52,3,0.0,10.587775061124693,6.454486063569681,0.6403746102860246,6.68
2020-08-29,1011010504,辣椒类,145.627,945.657,396,10,0.0,6.493692790485281,4.5064297829386035,0.44098390594489656,9.24
2020-08-29,1011010801,食用菌,62.431,728.2266000000001,172,11,0.0,11.664503211545547,6.735199980778781,0.7318718441670977,9.45
2020-08-30,1011010101,花叶类,266.387,2080.0218,539,12,0.01975697012241588,7.80827067386922,4.640230153873875,0.6827334884133971,12.83
2020-08-30,1011010201,花菜类,80.779,815.7,170,2,0.0,10.097921489496033,6.7795242575421835,0.48947346537806835,15.51
2020-08-30,1011010402,水生根茎类,30.005000000000003,286.332,62,3,0.0,9.542809531744709,6.043767372104648,0.5789505029247302,13.65
2020-08-30,1011010501,茄类,21.641,219.28699999999998,39,3,0.0,10.1329421006423,6.382616330114135,0.5875843974568187,6.68
2020-08-30,1011010504,辣椒类,155.81099999999998,1023.816,440,10,0.0,6.570883955561547,4.463104979751109,0.47226739800505,9.24
2020-08-30,1011010801,食用菌,73.195,761.0296000000001,186,11,0.0,10.397289432338276,6.348204385545461,0.6378315506054555,9.45
2020-08-31,1011010101,花叶类,224.882,1721.1058,464,14,0.0,7.653372879999289,4.6569471989754625,0.643431319488236,12.83
2020-08-31,1011010201,花菜类,54.722,546.932,113,2,0.0,9.994737034465114,6.162697452578488,0.6218120573618766,15.51
2020-08-31,1011010402,水生根茎类,52.949,449.968,88,3,0.0,8.498139719352585,5.833093920565072,0.45688374558682576,13.65
2020-08-31,1011010501,茄类,15.943,157.332,30,3,0.0,9.868406197077087,7.534722448723578,0.30972391673814714,6.68
2020-08-31,1011010504,辣椒类,117.96499999999999,790.7804,330,9,0.0,6.703517144915866,4.428634595006994,0.5136758296730235,9.24
2020-08-31,1011010801,食用菌,44.775999999999996,605.2586,148,9,0.0,13.51747811327497,8.099713239235305,0.6688835411846208,9.45
2020-09-01,1011010101,花叶类,191.655,1444.873,397,12,0.03827711251989252,7.538926717278443,4.700576139417182,0.6038303590191785,12.83
2020-09-01,1011010201,花菜类,55.858000000000004,566.672,118,2,0.0,10.144867342189123,6.5938823445164525,0.5385272002351862,15.51
2020-09-01,1011010402,水生根茎类,47.658,411.3492,77,3,0.0,8.631272818834193,6.134646019556003,0.4069716152031351,13.65
2020-09-01,1011010501,茄类,26.329,263.517,43,3,0.0,10.008621671920695,7.324091685973641,0.3665341862238283,6.68
2020-09-01,1011010504,辣椒类,102.50399999999999,684.0115999999999,291,10,0.0,6.673023491766175,4.412019530945134,0.5124646309842362,9.24
2020-09-01,1011010801,食用菌,47.282,585.404,133,9,0.0,12.381117550019036,7.306233873355612,0.6945963905111936,9.45
2020-09-02,1011010101,花叶类,179.819,1354.1118000000001,365,14,0.0,7.530415584560031,4.384668027294112,0.7174425834941118,12.83
2020-09-02,1011010201,花菜类,38.715999999999994,393.956,90,2,0.0,10.175534662671765,6.481278024589317,0.5699889163937746,15.51
2020-09-02,1011010402,水生根茎类,17.941,154.654,34,3,0.0,8.62014380469316,5.980076918789365,0.4414770782644486,13.65
2020-09-02,1011010501,茄类,13.873000000000001,138.294,25,3,0.0,9.968572046421105,7.509674187270235,0.32743069776835143,6.68
2020-09-02,1011010504,辣椒类,83.96900000000001,559.7978,232,10,0.0,6.666719860901047,4.0493731019781105,0.6463585085909638,9.24
2020-09-02,1011010801,食用菌,51.011,550.8762,135,10,0.0,10.799164886004979,6.357373507674815,0.6986834064363054,9.45
2020-09-03,1011010101,花叶类,193.463,1344.2868,386,13,0.04431338292076521,6.948547267436151,4.140028584277097,0.6783814715253851,12.83
2020-09-03,1011010201,花菜类,38.893,386.36,86,2,0.0,9.933921271179903,6.004768981564806,0.6543386267944624,15.51
2020-09-03,1011010402,水生根茎类,15.996,133.144,31,2,0.0,8.323580895223806,5.687573143285821,0.46346793008715714,13.65
2020-09-03,1011010501,茄类,14.172,141.414,28,3,0.0,9.978408128704487,7.06229395992097,0.41291316749666285,6.68
2020-09-03,1011010504,辣椒类,87.119,591.0916,263,9,0.0,6.784875859456605,4.377179030980612,0.5500567400681806,9.24
2020-09-03,1011010801,食用菌,48.163,514.7058,129,9,0.0,10.68674708801362,6.740690571600607,0.5854083457024797,9.45
2020-09-04,1011010101,花叶类,176.316,1276.8378,347,14,0.0,7.241757979990472,4.2602956623335375,0.6998252126059874,12.83
2020-09-04,1011010201,花菜类,46.612,460.088,101,2,0.0,9.870591264052175,5.8006191538659575,0.7016444283320498,15.51
2020-09-04,1011010402,水生根茎类,16.634999999999998,146.93599999999998,37,2,0.0,8.832942590922753,5.576317403065825,0.5840100109915651,13.65
2020-09-04,1011010501,茄类,20.233,186.4,39,3,0.0,9.21267236692532,6.971780754213414,0.32142313301484937,6.68
2020-09-04,1011010504,辣椒类,91.57900000000001,616.0522,273,10,0.0,6.727002915515565,4.801013223555618,0.401163171663494,9.24
2020-09-04,1011010801,食用菌,54.43,638.4452,143,10,0.0,11.72965643946353,6.767311960316002,0.7332814725029775,9.45
2020-09-05,1011010101,花叶类,249.559,1875.2993999999999,499,15,0.038940691379593606,7.514453095260039,4.374646636667081,0.7177280176816947,12.83
2020-09-05,1011010201,花菜类,57.828,582.46,125,2,0.0,10.072283322957738,6.024575119319361,0.6718661687292025,15.51
2020-09-05,1011010402,水生根茎类,42.553999999999995,331.0884,79,2,0.0,7.780429571838136,5.222208723034264,0.4898733437290623,13.65
2020-09-05,1011010501,茄类,33.731,325.696,62,4,0.0,9.655687646378702,7.389405887759034,0.30669336521003543,6.68
2020-09-05,1011010504,辣椒类,110.439,789.6522,344,9,0.0,7.150120881210443,4.912835773594473,0.45539586721806113,9.24
2020-09-05,1011010801,食用菌,62.594,733.1446,176,11,0.0,11.712697702655205,7.109903984407451,0.6473777604229289,9.45
2020-09-06,1011010101,花叶类,276.111,2156.9974,565,15,0.014345679817174979,7.812066161797249,4.42384276613391,0.7659005020705969,12.83
2020-09-06,1011010201,花菜类,53.202,592.318,131,2,0.0,11.133378444419384,6.320060899966167,0.7615935385177988,15.51
2020-09-06,1011010402,水生根茎类,46.963,357.95799999999997,81,2,0.09335008410876648,7.622128058258628,5.197158614228222,0.4665952348253497,13.65
2020-09-06,1011010501,茄类,33.397000000000006,331.62800000000004,62,4,0.0,9.929873940773122,7.467099739497559,0.3298167008870403,6.68
2020-09-06,1011010504,辣椒类,126.50000000000001,1095.6204,388,9,0.0,8.661030830039525,5.576498814229248,0.5531305786239289,9.24
2020-09-06,1011010801,食用菌,78.472,845.633,200,11,0.0,10.776238658374963,6.569662172494649,0.6403033178010402,9.45
2020-09-07,1011010101,花叶类,148.221,1164.2198,315,15,0.03832115557174759,7.854621140054379,4.401764189959588,0.7844256986711711,12.83
2020-09-07,1011010201,花菜类,26.256999999999998,293.35400000000004,64,2,0.0,11.172411166546066,6.336548349011692,0.7631698759607226,15.51
2020-09-07,1011010402,水生根茎类,38.925999999999995,299.60720000000003,64,2,0.03177824590248164,7.696840158248987,5.196719159430715,0.4810960381188183,13.65
2020-09-07,1011010501,茄类,17.365000000000002,166.346,32,4,0.0,9.57938381802476,6.660099625683846,0.43832440299887687,6.68
2020-09-07,1011010504,辣椒类,56.473000000000006,496.2668,177,10,0.0,8.787682609388556,5.473873355408779,0.6053865405390453,9.24
2020-09-07,1011010801,食用菌,41.804,490.5716,125,10,0.0,11.735039709118745,7.0199842120371265,0.6716618377854382,9.45
2020-09-08,1011010101,花叶类,158.329,1168.783,299,16,0.09142987071225106,7.381989401815207,4.301076303140928,0.7163121231828402,12.83
2020-09-08,1011010201,花菜类,33.239,371.65,83,2,0.0,11.18114263365324,6.600994013056952,0.6938574117074829,15.51
2020-09-08,1011010402,水生根茎类,19.127,153.016,38,1,0.0,8.0,5.2,0.5384615384615383,13.65
2020-09-08,1011010501,茄类,20.623,199.116,37,4,0.0,9.65504533772972,6.670808805702371,0.44735752724262623,6.68
2020-09-08,1011010504,辣椒类,50.259,444.6856,165,10,0.0,8.84787998169482,5.35169979506158,0.6532840631044796,9.24
2020-09-08,1011010801,食用菌,32.388999999999996,446.3426,114,7,0.0,13.780684800395198,8.257636234524067,0.6688413498744359,9.45
2020-09-09,1011010101,花叶类,131.492,980.7452,288,15,0.006608767073282025,7.458592157697807,4.1796603595656014,0.7844971878224551,12.83
2020-09-09,1011010201,花菜类,32.730000000000004,363.64,75,2,0.0,11.110296364191871,6.6891200733272225,0.6609503555623153,15.51
2020-09-09,1011010402,水生根茎类,12.161000000000001,102.436,24,2,0.0,8.423320450620837,5.583772716059533,0.5085356942259591,13.65
2020-09-09,1011010501,茄类,12.041,105.454,25,4,0.0,8.757910472552112,6.605254546964537,0.3259005251473366,6.68
2020-09-09,1011010504,辣椒类,39.795,359.266,133,9,0.0,9.027918080160825,5.621368262344515,0.6060001157788466,9.24
2020-09-09,1011010801,食用菌,33.45,416.389,98,9,0.0,12.448101644245142,7.32586038863976,0.6991999552091466,9.45
2020-09-10,1011010101,花叶类,119.919,852.5874,244,13,0.0,7.109694043479349,4.003337419424779,0.7759417452503687,12.83
2020-09-10,1011010201,花菜类,57.319,660.568,132,2,0.09162755805230377,11.524415987717859,7.699827282401996,0.49671097351196236,15.51
2020-09-10,1011010402,水生根茎类,14.491999999999999,120.616,28,2,0.0,8.322936792713222,5.5876207562793265,0.48953144025745976,13.65
2020-09-10,1011010501,茄类,16.916,154.97,32,4,0.0,9.161149207850555,6.623111846772287,0.38320919528411057,6.68
2020-09-10,1011010504,辣椒类,49.321,504.621,174,10,0.0,10.231361894527685,5.7309922750958,0.785268833634339,9.24
2020-09-10,1011010801,食用菌,35.789,442.84540000000004,107,10,0.0,12.373785241275252,7.589664701444578,0.6303467581275479,9.45
2020-09-11,1011010101,花叶类,151.957,1064.8528,309,14,0.0,7.007592937475732,4.1340990543377405,0.6950713675142719,12.83
2020-09-11,1011010201,花菜类,31.537999999999997,290.536,66,2,0.035893208193290636,9.212251886612975,6.588202802967848,0.39829512875090134,15.51
2020-09-11,1011010402,水生根茎类,13.364,110.77600000000001,26,2,0.0,8.289134989524095,5.473133792277761,0.5145134952153974,13.65
2020-09-11,1011010501,茄类,22.019,166.36700000000002,33,3,0.07280076297742859,7.555611063172716,5.216767337299605,0.4483319984678067,6.68
2020-09-11,1011010504,辣椒类,50.22,518.5636,176,9,0.0,10.325838311429708,5.901512146555158,0.749693647153997,9.24
2020-09-11,1011010801,食用菌,48.467,584.8806,147,11,0.0,12.067604762003011,7.087426909030888,0.7026778430161049,9.45
2020-09-12,1011010101,花叶类,231.88400000000001,1696.1298,452,15,0.00448500112125028,7.314561591140397,4.188410239602559,0.7463813649339375,12.83
2020-09-12,1011010201,花菜类,43.337,451.515,89,2,0.0,10.418695341163438,7.309143226342386,0.42543318943513464,15.51
2020-09-12,1011010402,水生根茎类,16.957,135.656,29,1,0.0,8.0,5.6,0.4285714285714286,13.65
2020-09-12,1011010501,茄类,21.411,191.94,41,4,0.0,8.964550931764046,5.982636495259446,0.4984281493397478,6.68
2020-09-12,1011010504,辣椒类,74.51,801.8314,268,11,0.0,10.7613931015971,6.753574151120654,0.5934367285819182,9.24
2020-09-12,1011010801,食用菌,73.173,794.115,205,11,0.0,10.852568570374318,6.654900714744509,0.6307634081346265,9.45
2020-09-13,1011010101,花叶类,263.345,1810.301,483,14,0.0032960565038257796,6.874256203839069,4.010322656591163,0.7141404302072527,12.83
2020-09-13,1011010201,花菜类,41.704,419.798,95,2,0.0,10.066132745060425,6.978710915020142,0.4424057490897475,15.51
2020-09-13,1011010402,水生根茎类,18.738999999999997,159.268,42,3,0.0,8.499279577352048,5.539931693260046,0.5341849047872529,13.65
2020-09-13,1011010501,茄类,28.737000000000002,281.08,57,3,0.0,9.781118418763265,6.266981939659671,0.5607382489591839,6.68
2020-09-13,1011010504,辣椒类,83.723,890.1392,283,11,0.0,10.631955376658743,7.119892980423541,0.49327460481383256,9.24
2020-09-13,1011010801,食用菌,74.834,936.6564000000001,228,10,0.0,12.516455087259802,7.799806772322741,0.6047134823485465,9.45
2020-09-14,1011010101,花叶类,175.844,1181.2894,350,16,0.004094538340802075,6.717826027615386,3.9603021428083984,0.696291289242776,12.83
2020-09-14,1011010201,花菜类,64.257,677.2249999999999,148,2,0.0,10.539318673451918,6.678420872434132,0.5781153770877241,15.51
2020-09-14,1011010402,水生根茎类,17.360999999999997,145.75199999999998,26,2,0.0,8.395368930361155,5.584844191002823,0.503241387447493,13.65
2020-09-14,1011010501,茄类,16.134,135.65699999999998,31,3,0.0,8.408144291558198,5.457121606545185,0.5407654250316878,6.68
2020-09-14,1011010504,辣椒类,48.55,512.871,163,9,0.0,10.563769309989702,7.087794850669413,0.4904169114025638,9.24
2020-09-14,1011010801,食用菌,31.147,444.7546,117,7,0.0,14.279211481041512,8.979643304331075,0.5901758006528324,9.45
2020-09-15,1011010101,花叶类,156.048,1083.0754,333,16,0.010125089715984826,6.9406554393519935,4.030844740079975,0.7218860777094296,12.83
2020-09-15,1011010201,花菜类,29.878,305.848,67,2,0.0,10.236562018876766,6.428712095856483,0.5923192493679361,15.51
2020-09-15,1011010402,水生根茎类,19.219,182.978,45,2,0.0,9.520682657786566,5.719120141526615,0.664711078310237,13.65
2020-09-15,1011010501,茄类,13.243,102.405,27,3,0.0,7.73276447934758,4.118304009665484,0.8776575165891376,6.68
2020-09-15,1011010504,辣椒类,49.991,518.87,172,8,0.0,10.379268268288293,6.800949570922766,0.5261498648165999,9.24
2020-09-15,1011010801,食用菌,41.578,525.619,135,10,0.0,12.64175766030112,7.719006205204676,0.6377442023271329,9.45
2020-09-16,1011010101,花叶类,176.949,1141.97,354,17,0.0,6.45366744090105,4.206062255226082,0.5343727813068606,12.83
2020-09-16,1011010201,花菜类,59.448,614.392,131,2,0.10565536266989638,10.334948190014803,6.771633023819136,0.5262120900027734,15.51
2020-09-16,1011010402,水生根茎类,18.817999999999998,138.923,36,2,0.17626740354979278,7.382452970560103,5.703762355191837,0.2943128606752421,13.65
2020-09-16,1011010501,茄类,15.193999999999999,129.216,30,3,0.0,8.50440963538239,5.508230880610768,0.5439457458688437,6.68
2020-09-16,1011010504,辣椒类,46.895,542.3644,162,10,0.0,11.56550591747521,7.218537370721824,0.6021951987648582,9.24
2020-09-16,1011010801,食用菌,35.413,448.1618,118,9,0.0,12.655290430068057,7.366024058961399,0.7180625977825599,9.45
2020-09-17,1011010101,花叶类,143.534,1054.4646,296,17,0.005141638914821576,7.346444744799142,4.079734766675491,0.8007162634216143,12.83
2020-09-17,1011010201,花菜类,32.647999999999996,331.394,70,2,0.0,10.150514579759864,6.466968267581476,0.5695939982640374,15.51
2020-09-17,1011010402,水生根茎类,17.437,122.059,31,1,0.0,6.999999999999999,5.5,0.2727272727272725,13.65
2020-09-17,1011010501,茄类,22.924,176.784,39,3,0.0,7.711743151282499,5.109232681905427,0.5093740354777692,6.68
2020-09-17,1011010504,辣椒类,46.145,546.804,177,9,0.0,11.849691190811571,7.243059703109763,0.6360062841569536,9.24
2020-09-17,1011010801,食用菌,39.259,387.14820000000003,108,9,0.0,9.861387197839987,5.7373853129218775,0.7187946529632467,9.45
2020-09-18,1011010101,花叶类,154.388,1117.1474,313,17,0.0,7.235973003083141,4.017427002098609,0.801146106526202,12.83
2020-09-18,1011010201,花菜类,27.705,279.765,60,2,0.0,10.097996751488902,6.296827287493232,0.6036642408067245,15.51
2020-09-18,1011010402,水生根茎类,11.389,88.536,24,2,0.0,7.7738168408113095,5.700239704978488,0.3637701646163751,13.65
2020-09-18,1011010501,茄类,13.805,108.193,27,3,0.0,7.837232886635277,4.728621513944224,0.6574032968221448,6.68
2020-09-18,1011010504,辣椒类,48.075,513.4474,152,10,0.0,10.680133125325012,7.880048465938638,0.35533850730610195,9.24
2020-09-18,1011010801,食用菌,38.541,494.78139999999996,120,13,0.01491917698035858,12.837793518590592,7.648651565864923,0.678438795131449,9.45
2020-09-19,1011010101,花叶类,235.874,1639.4566,464,15,0.0032729338545155464,6.950560892679991,3.8607891077439653,0.8002954056046638,12.83
2020-09-19,1011010201,花菜类,82.76,769.5468000000001,159,2,0.1210004833252779,9.298535524407926,6.359189221846301,0.4622202925592811,15.51
2020-09-19,1011010402,水生根茎类,39.431,322.018,68,2,0.0,8.166620171945931,5.613876645279095,0.45472027405759397,13.65
2020-09-19,1011010501,茄类,30.406,241.87,57,3,0.0,7.954679997368941,4.950634085377886,0.6068002320882,6.68
2020-09-19,1011010504,辣椒类,84.269,863.851,261,9,0.11883373482538061,10.251112508751735,7.884111832346414,0.3002241377011101,9.24
2020-09-19,1011010801,食用菌,60.52,587.0486,159,9,0.03481493721083939,9.700076007931262,6.207611202908129,0.5626101073126148,9.45
2020-09-20,1011010101,花叶类,317.998,2192.5508,639,16,0.0,6.894857200359751,3.7218380933213413,0.8525408756313821,12.83
2020-09-20,1011010201,花菜类,53.497,480.424,97,2,0.0,8.980391423818158,5.317999700917809,0.6886784371703283,15.51
2020-09-20,1011010402,水生根茎类,39.551,323.61400000000003,64,2,0.0,8.182195140451569,5.769192687921923,0.4182565192494576,13.65
2020-09-20,1011010501,茄类,41.474000000000004,305.707,79,3,0.0,7.371051743260837,4.719592756907942,0.561798257375496,6.68
2020-09-20,1011010504,辣椒类,99.148,1115.9916,344,10,0.0,11.255815548472992,6.935151894138056,0.6230092318507083,9.24
2020-09-20,1011010801,食用菌,50.42,661.0378000000001,170,9,0.0,13.110626735422452,7.007603530345101,0.8709144543707936,9.45
2020-09-21,1011010101,花叶类,212.997,1403.691,408,15,0.0,6.590191411146636,3.337763865218759,0.9744330867200848,12.83
2020-09-21,1011010201,花菜类,39.191,366.707,82,2,0.0,9.356918680309255,5.6798430762164775,0.6473903512387515,15.51
2020-09-21,1011010402,水生根茎类,16.289,130.312,34,1,0.0,8.0,5.77,0.3864818024263432,13.65
2020-09-21,1011010501,茄类,20.868000000000002,154.166,42,3,0.0,7.387674908951504,4.165073797201456,0.7737200512306257,6.68
2020-09-21,1011010504,辣椒类,56.561,640.6618,224,9,0.0,11.326917840915117,7.304113435052421,0.5507587528086939,9.24
2020-09-21,1011010801,食用菌,63.529,625.1466,167,10,0.0,9.840334335500323,5.259778368933873,0.8708648245752801,9.45
2020-09-22,1011010101,花叶类,232.243,1687.4828,428,16,0.0,7.266022226719428,4.018113656816352,0.8083167494262649,12.83
2020-09-22,1011010201,花菜类,40.905,433.26,78,2,0.0,10.591859185918592,6.635478547854785,0.5962464665555862,15.51
2020-09-22,1011010402,水生根茎类,37.808,310.666,66,2,0.0,8.216938214134574,5.889192234447736,0.3952572588938632,13.65
2020-09-22,1011010501,茄类,25.819000000000003,177.74599999999998,48,3,0.0,6.884310004260427,3.98144893295635,0.7290966480257257,6.68
2020-09-22,1011010504,辣椒类,77.009,866.3646,229,10,0.0,11.250173356360945,8.186488202677609,0.3742368006688479,9.24
2020-09-22,1011010801,食用菌,49.058,743.7362,157,12,0.0289860980879775,15.160344897875985,8.406745688776551,0.8033547652233426,9.45
2020-09-23,1011010101,花叶类,179.262,1292.233,357,15,0.0,7.208627595363211,3.9317732704086756,0.8334291169882064,12.83
2020-09-23,1011010201,花菜类,31.971999999999998,356.026,68,2,0.0,11.13555611159765,6.71162329538346,0.6591449819981938,15.51
2020-09-23,1011010402,水生根茎类,18.629,157.108,36,2,0.0,8.433517633796768,6.464727038488378,0.3045434994528007,13.65
2020-09-23,1011010501,茄类,22.515,153.852,43,3,0.0,6.833311125916056,4.1735203197868085,0.6373015110335236,6.68
2020-09-23,1011010504,辣椒类,54.327,656.8227999999999,192,9,0.0,12.090172474092071,8.458622047968783,0.4293312085028498,9.24
2020-09-23,1011010801,食用菌,56.265,629.0034,166,13,0.031547142984093134,11.179301519594775,6.3795270594508136,0.7523715183609792,9.45
2020-09-24,1011010101,花叶类,162.861,1263.2616,324,17,0.0,7.7566857627056205,4.481345810230811,0.730883107703334,12.83
2020-09-24,1011010201,花菜类,38.952,480.076,88,2,0.0,12.32481002259191,8.084886013555145,0.5244259476173312,15.51
2020-09-24,1011010402,水生根茎类,51.886,409.3,95,2,0.10087499518174459,7.888447750838377,5.637131403461434,0.3993726926419596,13.65
2020-09-24,1011010501,茄类,18.9,130.59,36,3,0.0,6.90952380952381,4.297906878306878,0.6076485613028813,6.68
2020-09-24,1011010504,辣椒类,50.486,608.2411999999999,183,10,0.0,12.047720160044369,7.9713550291169835,0.5113766876569465,9.24
2020-09-24,1011010801,食用菌,61.336,770.85,180,12,0.0,12.567660101734708,7.455656710577801,0.6856543413411444,9.45
2020-09-25,1011010101,花叶类,173.781,1331.6094,368,20,0.0,7.662571857682946,4.488537757292224,0.7071421188858407,12.83
2020-09-25,1011010201,花菜类,41.561,545.658,92,2,0.0,13.129087365559059,8.51269339043815,0.5422953421893775,15.51
2020-09-25,1011010402,水生根茎类,22.732,196.19,42,2,0.0,8.630564842512758,5.966971229984163,0.4463895517283505,13.65
2020-09-25,1011010501,茄类,26.529,168.448,45,3,0.0,6.3495797052282414,3.8831784085340573,0.6351501366184404,6.68
2020-09-25,1011010504,辣椒类,53.938,663.8968,195,10,0.0,12.308517186399198,7.925245281619636,0.5530771287224789,9.24
2020-09-25,1011010801,食用菌,64.509,768.5568000000001,172,15,0.016602334557968654,11.913946891131472,6.962663814351486,0.7111190786742239,9.45
2020-09-26,1011010101,花叶类,227.771,1782.8668,454,18,0.0,7.827453012016456,4.669182117126412,0.6764077338739061,12.83
2020-09-26,1011010201,花菜类,86.643,1074.982,178,2,0.0,12.407026534168946,7.718901007582839,0.6073566071103411,15.51
2020-09-26,1011010402,水生根茎类,65.744,543.382,113,2,0.0,8.265119250425894,5.900303449744463,0.4007956236189596,13.65
2020-09-26,1011010501,茄类,33.516999999999996,223.189,58,3,0.0,6.658979025569114,4.096949010949668,0.625350720199852,6.68
2020-09-26,1011010504,辣椒类,68.09400000000001,770.6292000000001,241,9,0.0,11.317138073839105,7.594319617000028,0.4902109266649084,9.24
2020-09-26,1011010801,食用菌,94.495,1114.7232,247,15,0.005492354092809143,11.796636859093072,7.024634848404677,0.6793238529362329,9.45
2020-09-27,1011010101,花叶类,199.81300000000002,1507.6782,371,17,0.0,7.545445992002522,4.357024768158228,0.7317886386934822,12.83
2020-09-27,1011010201,花菜类,35.964,420.324,82,2,0.0,11.687354020687355,7.198963963963963,0.6234772224435405,15.51
2020-09-27,1011010402,水生根茎类,28.289,233.35,49,2,0.0,8.248789282053094,5.892052034359644,0.39998581715675297,13.65
2020-09-27,1011010501,茄类,20.532000000000004,146.238,36,3,0.0,7.122443015780244,4.398872004675628,0.6191521390505774,6.68
2020-09-27,1011010504,辣椒类,54.459,626.7256,193,10,0.0,11.508209845939145,7.300704750362658,0.576314922935006,9.24
2020-09-27,1011010801,食用菌,72.52199999999999,827.3038,188,15,0.004398665232619068,11.407625272331156,6.371443975621191,0.7904301310628659,9.45
2020-09-28,1011010101,花叶类,114.933,942.4538,239,15,0.004419966415215821,8.200027842308128,4.731228019802841,0.7331711361165463,12.83
2020-09-28,1011010201,花菜类,24.576,296.928,53,2,0.0,12.08203125,7.5516796875,0.5999130988035568,15.51
2020-09-28,1011010402,水生根茎类,11.860999999999999,100.258,24,2,0.0,8.452744288002698,5.968269960374336,0.4162804873311283,13.65
2020-09-28,1011010501,茄类,18.401,112.09700000000001,30,3,0.0,6.091897179501115,3.879257649040813,0.5703770490746858,6.68
2020-09-28,1011010504,辣椒类,37.410000000000004,404.08820000000003,133,10,0.0,10.801609195402298,7.5627647687784005,0.4282619552038589,9.24
2020-09-28,1011010801,食用菌,46.913,559.5806,138,13,0.0,11.928049794300088,6.758522158037218,0.7648902401119275,9.45
2020-09-29,1011010101,花叶类,157.957,1291.7204000000002,316,16,0.007723620985458068,8.17767113834778,4.94701032559494,0.6530531776006172,12.83
2020-09-29,1011010201,花菜类,28.105,341.57,58,2,0.0,12.153353495819248,7.341980074719801,0.6553236827305156,15.51
2020-09-29,1011010402,水生根茎类,24.134999999999998,197.886,36,2,0.0,8.199129894344313,5.869363579863269,0.39693678586790115,13.65
2020-09-29,1011010501,茄类,24.719,147.128,47,3,0.0,5.952020712812006,4.100160200655366,0.45165564795752133,6.68
2020-09-29,1011010504,辣椒类,57.017,570.4870000000001,213,9,0.0,10.00555974533911,7.156440535278952,0.3981195953511967,9.24
2020-09-29,1011010801,食用菌,45.485,561.5908,135,13,0.0,12.346725294052984,6.80707398043311,0.8138080076026155,9.45
2020-09-30,1011010101,花叶类,177.12900000000002,1375.818,354,16,0.04054672018698236,7.767322121165929,4.62865233812645,0.6780958157488071,12.83
2020-09-30,1011010201,花菜类,60.771,742.159,113,2,0.04064438630267727,12.212387487452897,7.441046058152739,0.6412191769828472,15.51
2020-09-30,1011010402,水生根茎类,36.839,301.972,53,2,0.0,8.197073753359211,5.856822932218572,0.399576843661577,13.65
2020-09-30,1011010501,茄类,25.865000000000002,154.139,44,3,0.0,5.959365938526967,3.8482296539725493,0.5485993494112493,6.68
2020-09-30,1011010504,辣椒类,53.628,542.9572000000001,213,10,0.0,10.124509584545388,7.170787648243455,0.4119103899312193,9.24
2020-09-30,1011010801,食用菌,110.358,1347.0066000000002,254,13,0.0,12.20579024628935,7.232545986697837,0.6876201366349206,9.45
2020-10-01,1011010101,花叶类,248.415,2004.5306,447,15,0.09147998309280841,8.069281645633316,4.820694160980617,0.6738837553618786,12.83
2020-10-01,1011010201,花菜类,93.92800000000001,1137.434,182,2,0.055031513499701895,12.109637168895322,7.603587428668767,0.592621546408058,15.51
2020-10-01,1011010402,水生根茎类,55.356,450.028,88,2,0.0,8.129705903605752,5.833075005419466,0.39372559002798746,13.65
2020-10-01,1011010501,茄类,32.482,187.86499999999998,53,3,0.0,5.783664798965581,3.6501964164768177,0.5844804331236493,6.68
2020-10-01,1011010504,辣椒类,64.092,678.0898,257,10,0.0,10.579944454846158,7.051293297135369,0.5004260933443692,9.24
2020-10-01,1011010801,食用菌,103.929,1363.191,284,12,0.0,13.116560344081055,7.9804933175533295,0.6435776363888177,9.45
2020-10-02,1011010101,花叶类,244.124,1975.4444,486,16,0.0,8.091971293277188,4.80806110828923,0.6830009251185276,12.83
2020-10-02,1011010201,花菜类,67.14500000000001,807.854,131,2,0.058678978330478804,12.031484101571225,7.655150495196961,0.5716848557216594,15.51
2020-10-02,1011010402,水生根茎类,21.930999999999997,189.63199999999998,37,2,0.0,8.646755733892663,5.916416032100679,0.4614854139698743,13.65
2020-10-02,1011010501,茄类,38.762,206.5024,66,3,0.0,5.3274444043135025,3.770921521077344,0.4127698957764212,6.68
2020-10-02,1011010504,辣椒类,69.054,736.9588,284,10,0.0,10.67221015437194,6.887582037246212,0.5494857406647886,9.24
2020-10-02,1011010801,食用菌,89.316,957.4802000000001,206,13,0.0,10.720141967844508,6.19741479690089,0.7297764179356327,9.45
2020-10-03,1011010101,花叶类,298.341,2252.0622,497,14,0.0,7.548617856747815,4.636338082931947,0.6281422367659151,12.83
2020-10-03,1011010201,花菜类,44.493,531.162,92,2,0.0,11.938102622884498,7.690449958420426,0.5523282366350013,15.51
2020-10-03,1011010402,水生根茎类,18.497,153.088,27,2,0.0,8.276369140941775,5.833164296913013,0.41884725333756445,13.65
2020-10-03,1011010501,茄类,63.535,340.6044,109,4,0.0,5.360893995435587,3.6950287243251756,0.4508395997421235,6.68
2020-10-03,1011010504,辣椒类,84.72800000000001,895.931,298,9,0.0,10.574202152771221,6.344424511377584,0.6666920906393152,9.24
2020-10-03,1011010801,食用菌,60.052,777.5976,171,12,0.0,12.948737760607475,7.501703024045828,0.7261064213155091,9.45
2020-10-04,1011010101,花叶类,232.776,1732.616,416,13,0.0,7.443275939100251,4.328173222325326,0.7197269048075035,12.83
2020-10-04,1011010201,花菜类,34.491,397.086,69,2,0.0,11.512742454553361,6.448410020005219,0.7853614175954717,15.51
2020-10-04,1011010402,水生根茎类,19.254,157.40800000000002,29,2,0.0,8.175340189051626,5.8056985561441765,0.4081578831542425,13.65
2020-10-04,1011010501,茄类,43.849000000000004,228.37279999999998,83,3,0.0,5.208164382312025,3.788943419462245,0.3745690567876587,6.68
2020-10-04,1011010504,辣椒类,75.21,804.5310000000001,273,9,0.0,10.697128041483847,7.139422151309668,0.4983184653847017,9.24
2020-10-04,1011010801,食用菌,122.501,1049.7052,295,14,0.0,8.56895209018702,5.251581701373866,0.6316897608096426,9.45
2020-10-05,1011010101,花叶类,294.623,1926.411,470,14,0.0,6.538562841326034,3.892528519497799,0.6797726230069132,12.83
2020-10-05,1011010201,花菜类,92.279,852.924,172,2,0.10436827447198171,9.242882996131298,5.944842163439136,0.5547734896941687,15.51
2020-10-05,1011010402,水生根茎类,79.752,650.336,118,2,0.0,8.154478884542081,5.804634366536263,0.4048221420375211,13.65
2020-10-05,1011010501,茄类,31.128,184.84,54,3,0.0,5.938062194808532,3.864050051400668,0.5367456724987456,6.68
2020-10-05,1011010504,辣椒类,87.93299999999999,969.3614,279,9,0.0,11.023863623440574,6.760069825890167,0.6307322124426358,9.24
2020-10-05,1011010801,食用菌,126.518,1250.1502,319,14,0.0,9.881204255520954,5.662593623041781,0.7449961825466573,9.45
2020-10-06,1011010101,花叶类,287.297,2227.083,516,15,0.0,7.751849131734755,4.286657117895419,0.8083669672046478,12.83
2020-10-06,1011010201,花菜类,108.157,806.134,189,2,0.0,7.453368713999095,4.499320432334477,0.6565543232785285,15.51
2020-10-06,1011010402,水生根茎类,25.784,208.444,41,2,0.0,8.08423828730996,5.802316552901023,0.39327770444858423,13.65
2020-10-06,1011010501,茄类,42.318,262.756,82,4,0.0,6.209083605085306,4.074001843187297,0.5240748149067176,6.68
2020-10-06,1011010504,辣椒类,81.727,920.1356,266,9,0.0,11.258648916514737,6.865263499210787,0.6399441795364449,9.24
2020-10-06,1011010801,食用菌,124.059,1159.6624000000002,320,14,0.0,9.347668448077126,5.3965432576435415,0.7321585321932333,9.45
2020-10-07,1011010101,花叶类,255.378,1871.2559999999999,451,14,0.005411585962768916,7.327397034983436,4.127948452881611,0.775069896977123,12.83
2020-10-07,1011010201,花菜类,56.266000000000005,555.216,114,2,0.09479970141826323,9.867699854263675,5.845440230334482,0.6881020873425363,15.51
2020-10-07,1011010402,水生根茎类,52.907,424.588,85,2,0.01580131173568715,8.02517625266978,5.801561419093882,0.38327868533074927,13.65
2020-10-07,1011010501,茄类,29.085,192.1696,55,4,0.0,6.6071720818291215,4.266009626955475,0.5487944612409292,6.68
2020-10-07,1011010504,辣椒类,63.150999999999996,757.9944,226,9,0.0,12.002888315307755,7.579124796123577,0.5836773556554655,9.24
2020-10-07,1011010801,食用菌,80.42099999999999,1044.4744,231,13,0.0,12.987582845276734,6.7999052486290905,0.9099652672212049,9.45
2020-10-08,1011010101,花叶类,252.73,1907.876,449,14,0.0,7.549068175523286,4.43669853203023,0.7015057753019873,12.83
2020-10-08,1011010201,花菜类,49.58,455.944,91,2,0.0,9.196127470754337,5.598063735377169,0.6427336138813629,15.51
2020-10-08,1011010402,水生根茎类,31.951999999999998,261.15999999999997,53,2,0.0,8.173510265398097,5.803036429644466,0.40848853259721163,13.65
2020-10-08,1011010501,茄类,33.49,208.265,61,4,0.0,6.218722006569124,3.865510600179158,0.6087711688802251,6.68
2020-10-08,1011010504,辣椒类,72.02300000000001,851.7548,236,9,0.0,11.826149979867541,7.523460561209611,0.5719029672119593,9.24
2020-10-08,1011010801,食用菌,328.488,1355.1604,296,13,0.0,4.125448722632181,2.368610695063442,0.7417166659047292,9.45
2020-10-09,1011010101,花叶类,162.518,1305.61,328,14,0.0,8.0336331975535,4.700217206709411,0.7092046695386214,12.83
2020-10-09,1011010201,花菜类,55.845,650.552,112,2,0.0,11.649243441668906,6.656710538096518,0.75,15.51
2020-10-09,1011010402,水生根茎类,51.476000000000006,395.632,78,2,0.12161007071256506,7.6857564690341125,5.797976532753128,0.325592890143104,13.65
2020-10-09,1011010501,茄类,24.289,171.199,40,4,0.0,7.048416978879328,4.352412614763884,0.6194275687397575,6.68
2020-10-09,1011010504,辣椒类,51.242999999999995,570.2036,194,9,0.0,11.12744374841442,7.7780715414788375,0.4306173052117195,9.24
2020-10-09,1011010801,食用菌,57.257999999999996,567.0858000000001,142,13,0.0,9.904044849628,5.539397813405988,0.7879280714699815,9.45
2020-10-10,1011010101,花叶类,175.163,1443.301,351,15,0.0,8.23975953825865,4.712012525476271,0.7486709752380822,12.83
2020-10-10,1011010201,花菜类,37.393,380.184,63,2,0.0,10.167250554916697,5.959170700398471,0.70615192383008,15.51
2020-10-10,1011010402,水生根茎类,22.07,177.62800000000001,37,2,0.0,8.048391481649299,5.79588672405981,0.388638506035482,13.65
2020-10-10,1011010501,茄类,26.814,178.062,48,4,0.0,6.640635488923697,4.011765495636608,0.6552900452796597,6.68
2020-10-10,1011010504,辣椒类,52.511,557.3166,178,9,0.0,10.613330540267754,7.545091314200834,0.4066536902332909,9.24
2020-10-10,1011010801,食用菌,75.63,805.1394,185,13,0.0,10.64576755255851,6.149170435012561,0.7312526405095103,9.45
2020-10-11,1011010101,花叶类,238.081,1864.7259999999999,495,14,0.009862189758947586,7.832317572590841,4.649329303892373,0.6846123517286034,12.83
2020-10-11,1011010201,花菜类,60.47,676.9000000000001,127,2,0.0,11.193980486191501,6.678156110468,0.6762082678248498,15.51
2020-10-11,1011010402,水生根茎类,57.223000000000006,460.38800000000003,95,2,0.0,8.045506177585935,5.687269629344844,0.41465179285209164,13.65
2020-10-11,1011010501,茄类,34.726,246.40699999999998,60,4,0.0,7.095749582445429,4.490205609629672,0.5802727534854799,6.68
2020-10-11,1011010504,辣椒类,70.214,790.5902000000001,234,9,0.0,11.259723132138891,7.582100720654002,0.48504003665723827,9.24
2020-10-11,1011010801,食用菌,163.664,1149.3134,261,11,0.0,7.022395884250661,4.0674819752664,0.7264725269718566,9.45
2020-10-12,1011010101,花叶类,170.21200000000002,1234.194,365,13,0.0,7.250922379150706,4.608595927431673,0.5733473911199622,12.83
2020-10-12,1011010201,花菜类,34.815,336.77,69,2,0.0,9.673129398247882,5.607696395231941,0.724973806797504,15.51
2020-10-12,1011010402,水生根茎类,38.333000000000006,297.284,60,2,0.2181932016800146,7.755302220019304,5.785144131688101,0.3405547110813836,13.65
2020-10-12,1011010501,茄类,17.875999999999998,132.674,32,4,0.0,7.421906466771091,4.572098344148579,0.6233042047902855,6.68
2020-10-12,1011010504,辣椒类,48.979,535.7464,160,9,0.0,10.938287837644705,7.300563302639907,0.4982799798050357,9.24
2020-10-12,1011010801,食用菌,102.385,712.306,169,11,0.0,6.957132392440299,4.017573961029448,0.7316750008648578,9.45
2020-10-13,1011010101,花叶类,178.24599999999998,1191.9366,372,15,0.017156065213244618,6.687031406034357,4.051463707460476,0.6505223516431049,12.83
2020-10-13,1011010201,花菜类,47.321,423.006,99,2,0.0,8.939075674647619,5.109950127850214,0.7493469507516191,15.51
2020-10-13,1011010402,水生根茎类,50.519,400.032,88,2,0.0731605930442012,7.9184465250697755,5.78510342643362,0.36876490209118185,13.65
2020-10-13,1011010501,茄类,23.119,169.69799999999998,47,4,0.0,7.340196375275746,4.718035814697867,0.5557737718754043,6.68
2020-10-13,1011010504,辣椒类,49.116,546.9048,182,8,0.0,11.13496213046665,7.299830808697777,0.525372631540898,9.24
2020-10-13,1011010801,食用菌,48.021,532.1818,138,12,0.0,11.08227233918494,5.798570000624727,0.9112078215820378,9.45
2020-10-14,1011010101,花叶类,182.96,1332.636,353,13,0.0,7.283756012243113,4.354769129864451,0.6725929194023268,12.83
2020-10-14,1011010201,花菜类,48.259,434.52,94,2,0.0,9.00391636793137,5.277669657473218,0.7060401564129275,15.51
2020-10-14,1011010402,水生根茎类,46.207,369.656,65,1,0.0,8.0,5.660000000000001,0.41342756183745566,13.65
2020-10-14,1011010501,茄类,13.742,100.995,29,4,0.0,7.34936690438073,4.748997234754767,0.5475618411810348,6.68
2020-10-14,1011010504,辣椒类,46.36,524.5342,165,9,0.0,11.314370146678172,7.329732743744607,0.5436265607820643,9.24
2020-10-14,1011010801,食用菌,73.831,723.5074,169,13,0.013544446099876746,9.799506982161963,5.361975322019206,0.8275927048600584,9.45
2020-10-15,1011010101,花叶类,190.238,1356.509,359,14,0.0,7.1305890516090376,4.050653497198247,0.7603552257780426,12.83
2020-10-15,1011010201,花菜类,59.623999999999995,473.1296,142,2,0.0,7.935220716490004,5.457836777136724,0.45391316019768535,15.51
2020-10-15,1011010402,水生根茎类,42.162,323.682,65,1,0.16144869787960722,7.677102604240786,5.8,0.3236383800415148,13.65
2020-10-15,1011010501,茄类,19.447,133.0996,40,4,0.0,6.844222759294493,4.647573918856379,0.4726441964754464,6.68
2020-10-15,1011010504,辣椒类,45.236,501.1804,170,8,0.0,11.079237775223275,7.062233398178441,0.5688008524443469,9.24
2020-10-15,1011010801,食用菌,72.91,692.3814,167,12,0.0,9.49638458373337,5.362051844740091,0.7710355771828008,9.45
2020-10-16,1011010101,花叶类,170.77,1224.072,353,15,0.0,7.167956901095039,4.000740469637524,0.7916575582680752,12.83
2020-10-16,1011010201,花菜类,88.36099999999999,701.106,180,2,0.09429499439798103,7.934563891309515,5.096572017066353,0.5568432791177831,15.51
2020-10-16,1011010402,水生根茎类,58.973,459.408,81,1,0.10492937445949843,7.790141251081003,5.8,0.34312780191051795,13.65
2020-10-16,1011010501,茄类,20.139,132.2908,40,4,0.0,6.568886240627638,4.60785888077859,0.4255832069921579,6.68
2020-10-16,1011010504,辣椒类,44.67,467.9844,164,9,0.0,10.47648085963734,6.729507947168122,0.5567974570928325,9.24
2020-10-16,1011010801,食用菌,69.805,804.4312,187,12,0.0,11.523976792493373,6.409001504190244,0.7980923838072012,9.45
2020-10-17,1011010101,花叶类,249.493,1758.571,504,17,0.0,7.048578517232948,4.0999149074322725,0.7192011727988248,12.83
2020-10-17,1011010201,花菜类,109.31099999999999,988.018,207,2,0.0,9.038596298634173,5.50719287171465,0.641234746844817,15.51
2020-10-17,1011010402,水生根茎类,87.12,692.176,134,1,0.02745638200183655,7.945087235996327,5.8,0.3698426268959185,13.65
2020-10-17,1011010501,茄类,30.556,198.0428,61,4,0.0,6.48130645372431,4.592331456996989,0.41133246030166903,6.68
2020-10-17,1011010504,辣椒类,97.15499999999999,899.0151999999999,297,8,0.0,9.253411558849262,6.195786217899234,0.4935007815661461,9.24
2020-10-17,1011010801,食用菌,115.896,1257.7274,309,13,0.0,10.852207151239043,6.210677245116311,0.747346822727351,9.45
2020-10-18,1011010101,花叶类,226.73499999999999,1616.49,468,17,0.0,7.129424217699077,4.215059871656339,0.6914170699306144,12.83
2020-10-18,1011010201,花菜类,91.597,818.306,173,2,0.0,8.933764206251297,5.538271449938317,0.6130961234034129,15.51
2020-10-18,1011010402,水生根茎类,79.338,626.04,122,1,0.054601830144445286,7.89079633971111,5.8,0.3604821275363983,13.65
2020-10-18,1011010501,茄类,36.361,233.739,72,4,0.0,6.428288550919942,4.441137757487418,0.4474418272845375,6.68
2020-10-18,1011010504,辣椒类,88.247,829.5527999999999,280,9,0.0,9.400351286729293,5.91686074314141,0.5887396534768554,9.24
2020-10-18,1011010801,食用菌,113.125,1339.16,298,13,0.0,11.837878453038675,6.740028729281768,0.75635430181618,9.45
2020-10-19,1011010101,花叶类,152.709,980.456,293,16,0.0,6.420420538409655,3.7793691269014924,0.6988074789279508,12.83
2020-10-19,1011010201,花菜类,57.412,490.304,114,2,0.0,8.540096147146938,5.261062495645509,0.6232645314925318,15.51
2020-10-19,1011010402,水生根茎类,40.6,322.36,62,1,0.03004926108374384,7.939901477832512,5.69,0.3954132649969264,13.65
2020-10-19,1011010501,茄类,20.03,128.309,35,4,0.0,6.405841238142785,4.468746380429356,0.4334761234597775,6.68
2020-10-19,1011010504,辣椒类,56.69,546.0218,190,10,0.0,9.63171282413124,6.678198976891868,0.4422620316434449,9.24
2020-10-19,1011010801,食用菌,58.338,562.8824,140,11,0.0,9.648640680174157,5.277669957831945,0.8282008456886905,9.45
2020-10-20,1011010101,花叶类,186.078,1231.602,314,16,0.0,6.618740528165608,3.915299766764475,0.6904811693729398,12.83
2020-10-20,1011010201,花菜类,30.899,259.082,63,2,0.0,8.384802097155248,4.933993656752645,0.6993945838742293,15.51
2020-10-20,1011010402,水生根茎类,49.434,389.45,75,1,0.06090949548893475,7.87818100902213,5.709999999999999,0.37971646392681824,13.65
2020-10-20,1011010501,茄类,13.777,87.99080000000001,30,4,0.0,6.386789576830951,4.5287050881904625,0.4102904588523173,6.68
2020-10-20,1011010504,辣椒类,49.296,484.3752,165,9,0.0,9.825851996105161,6.181938088283025,0.5894452283060956,9.24
2020-10-20,1011010801,食用菌,45.419,508.957,113,12,0.013496554305466877,11.205816948854004,6.349654329685815,0.764791651171423,9.45
2020-10-21,1011010101,花叶类,168.765,1078.5602000000001,303,15,0.0,6.390899771872131,3.7104662696649195,0.7223980242378736,12.83
2020-10-21,1011010201,花菜类,40.555,356.971,80,2,0.0,8.80214523486623,5.3315731722352355,0.6509470939467525,15.51
2020-10-21,1011010402,水生根茎类,21.201,162.752,30,1,0.16169048629781613,7.676619027404368,5.8,0.3235550047248912,13.65
2020-10-21,1011010501,茄类,15.327,104.6112,31,4,0.0,6.825288706204737,4.350324916813467,0.5689146987218914,6.68
2020-10-21,1011010504,辣椒类,48.047,489.3048,157,9,0.0,10.183878285845111,6.636441817387142,0.5345389240306253,9.24
2020-10-21,1011010801,食用菌,56.114,545.6308,127,10,0.0,9.72361264568557,5.250648857682576,0.8518878160093113,9.45
2020-10-22,1011010101,花叶类,117.235,794.8454,235,16,0.0,6.779932613980467,4.031967074679064,0.6815446377423942,12.83
2020-10-22,1011010201,花菜类,26.166,223.062,48,2,0.0,8.524879614767256,5.394761904761905,0.5802142458302795,15.51
2020-10-22,1011010402,水生根茎类,35.917,272.92,54,1,0.20068491243700753,7.598630175125985,5.8,0.31010865088379047,13.65
2020-10-22,1011010501,茄类,14.725,104.8152,28,4,0.0,7.118179966044143,4.434647877758914,0.6051285608816759,6.68
2020-10-22,1011010504,辣椒类,50.037,491.2958,166,9,0.0,9.818650198852849,6.611254471690949,0.48514177466558017,9.24
2020-10-22,1011010801,食用菌,94.688,906.6723999999999,222,10,0.0,9.57536752281176,6.455807071645826,0.4832177319652524,9.45
2020-10-23,1011010101,花叶类,211.914,1155.419,357,15,0.102211274384892,5.452301405287051,3.507939730267939,0.5542745384826211,12.83
2020-10-23,1011010201,花菜类,23.854,221.51800000000003,50,2,0.0,9.286408988010399,5.523168022134652,0.6813555102423425,15.51
2020-10-23,1011010402,水生根茎类,30.801000000000002,245.63799999999998,43,2,0.02769390604201162,7.975000811661958,5.794606019285087,0.37628007583609246,13.65
2020-10-23,1011010501,茄类,14.427,96.299,30,4,0.0,6.674915089762252,4.396867678658072,0.5181068837166922,6.68
2020-10-23,1011010504,辣椒类,43.758,464.33000000000004,160,10,0.0,10.611316787787377,6.975188536953244,0.5212946190014229,9.24
2020-10-23,1011010801,食用菌,115.306,1058.9732000000001,264,10,0.0,9.184025115778885,5.5622180979307245,0.6511443733562978,9.45
2020-10-24,1011010101,花叶类,282.107,1656.383,510,15,0.0,5.871470754004686,3.6088209083787355,0.6269775927014474,12.83
2020-10-24,1011010201,花菜类,31.113,278.339,64,2,0.0,8.946067560183845,5.314382091087327,0.6833692811036611,15.51
2020-10-24,1011010402,水生根茎类,67.932,529.104,98,1,0.1056350468115174,7.7887299063769655,5.6,0.39084462613874393,13.65
2020-10-24,1011010501,茄类,22.221,146.6556,39,4,0.0,6.599864992574592,4.269430268664777,0.5458420860070949,6.68
2020-10-24,1011010504,辣椒类,77.09700000000001,755.7421999999999,263,9,0.0,9.802485181005745,6.6645233926093095,0.47084564094655423,9.24
2020-10-24,1011010801,食用菌,115.39,963.0699999999999,247,11,0.0,8.346217176531761,4.702956842014039,0.7746744137582808,9.45
2020-10-25,1011010101,花叶类,223.397,1410.5256,457,17,0.0,6.313986311364969,3.8767610129052765,0.6286756625818459,12.83
2020-10-25,1011010201,花菜类,43.114,383.49,79,2,0.0,8.89479055527207,5.556353388690449,0.6008324044645479,15.51
2020-10-25,1011010402,水生根茎类,71.16,553.124,108,1,0.11351883080382237,7.772962338392356,5.78,0.34480317273224137,13.65
2020-10-25,1011010501,茄类,30.136,200.056,53,4,0.0,6.638439076187948,4.480353729758429,0.48167744704967275,6.68
2020-10-25,1011010504,辣椒类,72.537,756.301,243,10,0.0,10.426416863118133,6.837430552683457,0.5249027807713706,9.24
2020-10-25,1011010801,食用菌,104.16,914.669,227,11,0.0,8.78138440860215,5.14729982718894,0.7060176604085386,9.45
2020-10-26,1011010101,花叶类,157.832,940.033,315,17,0.0,5.9559088144356025,3.5422676009934615,0.6813830814942421,12.83
2020-10-26,1011010201,花菜类,22.371,213.357,44,2,0.0,9.537213356577713,6.153363282821511,0.5499187872107236,15.51
2020-10-26,1011010402,水生根茎类,20.666,165.328,33,1,0.0,8.0,5.8,0.3793103448275863,13.65
2020-10-26,1011010501,茄类,10.797,70.918,21,3,0.0,6.568306010928962,4.610559414652218,0.42462235494788025,6.68
2020-10-26,1011010504,辣椒类,45.439,461.7382,139,10,0.0,10.161715706771716,6.833053544312155,0.4871412379360536,9.24
2020-10-26,1011010801,食用菌,62.363,545.738,133,11,0.0,8.750990170453635,5.147482160896685,0.7000525493670138,9.45
2020-10-27,1011010101,花叶类,154.566,842.1276,282,17,0.0,5.448336632894686,3.3337734689388356,0.6342851977368851,12.83
2020-10-27,1011010201,花菜类,23.305,228.922,49,2,0.0,9.822870628620468,6.977631409568761,0.40776576635301964,15.51
2020-10-27,1011010402,水生根茎类,21.273,169.148,34,1,0.02435011516946364,7.951299769661072,5.8,0.3709137533898401,13.65
2020-10-27,1011010501,茄类,13.444,85.262,24,4,0.0,6.342011306158881,4.635479024099969,0.3681458320028217,6.68
2020-10-27,1011010504,辣椒类,45.479,462.39140000000003,157,9,0.0,10.167140878207526,6.905439213703027,0.47233804593226125,9.24
2020-10-27,1011010801,食用菌,56.508,501.14,122,10,0.0,8.868478799462022,5.157718907057408,0.7194575662754921,9.45
2020-10-28,1011010101,花叶类,167.542,954.701,318,17,0.0,5.698278640579676,3.477371286005897,0.6386742087367694,12.83
2020-10-28,1011010201,花菜类,30.296999999999997,274.37199999999996,58,2,0.0,9.056078159553751,5.759630986566327,0.5723365230647599,15.51
2020-10-28,1011010402,水生根茎类,32.418,223.758,53,1,0.5488617434758467,6.902276513048307,5.8,0.19004767466350114,13.65
2020-10-28,1011010501,茄类,12.238,75.568,25,4,0.0,6.174865174048047,4.742740643896061,0.30196138428845765,6.68
2020-10-28,1011010504,辣椒类,49.395,502.58480000000003,162,8,0.0,10.174811215710092,6.835628707359045,0.4884967647169276,9.24
2020-10-28,1011010801,食用菌,75.211,607.948,155,11,0.0,8.083232505883448,4.804122402308173,0.6825617311498566,9.45
2020-10-29,1011010101,花叶类,120.551,702.4834,241,18,0.0,5.82727144528042,3.5120431186800602,0.6592254845295002,12.83
2020-10-29,1011010201,花菜类,24.902,215.89600000000002,44,2,0.0,8.669825716809894,5.8452541964500835,0.4832247538653185,15.51
2020-10-29,1011010402,水生根茎类,15.828,126.624,25,1,0.0,8.0,5.8,0.3793103448275863,13.65
2020-10-29,1011010501,茄类,14.436,93.9092,27,4,0.0,6.505209199224161,4.334407037960654,0.5008302501937782,6.68
2020-10-29,1011010504,辣椒类,52.654,532.7496,166,10,0.0,10.117932160899455,6.767660766513464,0.4950412720098516,9.24
2020-10-29,1011010801,食用菌,81.051,661.98,160,11,0.0,8.167450123996003,4.86330199504016,0.6794042673733975,9.45
2020-10-30,1011010101,花叶类,148.243,823.8969999999999,284,19,0.0,5.557746402865565,3.405974582273699,0.6317639103329493,12.83
2020-10-30,1011010201,花菜类,28.939,243.1674,58,2,0.0,8.402757524447976,5.884086872386745,0.42804783591503814,15.51
2020-10-30,1011010402,水生根茎类,18.769000000000002,146.672,34,1,0.09270605786136715,7.814587884277265,5.8,0.34734273866849397,13.65
2020-10-30,1011010501,茄类,12.192,83.9566,31,4,0.0,6.88620406824147,4.667921587926509,0.47521845398014095,6.68
2020-10-30,1011010504,辣椒类,46.452,504.0126,158,10,0.0,10.850180831826401,7.135079006286059,0.5206812457531738,9.24
2020-10-30,1011010801,食用菌,74.23,657.792,167,12,0.0,8.861538461538462,5.323903273609052,0.6644814915150141,9.45
2020-10-31,1011010101,花叶类,248.102,1393.8188,494,17,0.0,5.617926497972608,3.4745701364761263,0.6168695053800961,12.83
2020-10-31,1011010201,花菜类,82.701,712.5239999999999,166,2,0.0,8.615663655820365,5.87830848478253,0.4656705543991375,15.51
2020-10-31,1011010402,水生根茎类,79.265,622.716,111,1,0.07193591118400303,7.856128177631994,5.8,0.3545048582124126,13.65
2020-10-31,1011010501,茄类,16.499000000000002,102.1192,32,4,0.0,6.189417540456997,4.257853203224438,0.4536474709296696,6.68
2020-10-31,1011010504,辣椒类,81.292,885.327,257,10,0.0,10.890702652167494,7.222636544801456,0.5078569417986505,9.24
2020-10-31,1011010801,食用菌,135.284,1339.896,319,12,0.0,9.904319801306881,5.817217704976199,0.7025870963767558,9.45
2020-11-01,1011010101,花叶类,206.95600000000002,1063.2486,400,18,0.0,5.137558708131196,3.1488289298208314,0.6315775872979938,12.83
2020-11-01,1011010201,花菜类,69.062,608.448,122,2,0.0,8.810170571370653,6.011714401552228,0.46550051830404016,15.51
2020-11-01,1011010402,水生根茎类,71.332,537.742,105,1,0.23070991981158528,7.53858016037683,5.8,0.2997552000649706,13.65
2020-11-01,1011010501,茄类,15.407,100.832,28,4,0.0,6.544557668592198,4.250519893554878,0.5397075728349845,6.68
2020-11-01,1011010504,辣椒类,73.722,731.8592,233,10,0.0,9.927283578850275,7.068969642711809,0.4043466135245639,9.24
2020-11-01,1011010801,食用菌,127.967,1165.722,263,10,0.0,9.109551681292833,5.325143591707237,0.7106678016117718,9.45
2020-11-02,1011010101,花叶类,144.442,674.3918,267,16,0.005441630550670857,4.668945320613118,2.8987091704628845,0.6106980887177278,12.83
2020-11-02,1011010201,花菜类,32.726,271.2468,62,2,0.0,8.288418994071993,5.622899223858706,0.4740472244110534,15.51
2020-11-02,1011010402,水生根茎类,15.053,120.424,25,1,0.0,8.0,5.8,0.3793103448275863,13.65
2020-11-02,1011010501,茄类,11.378,72.4372,22,4,0.0,6.366426436983653,4.376182105818246,0.45479010768754957,6.68
2020-11-02,1011010504,辣椒类,54.351,590.4854,176,8,0.0,10.864296885061913,6.814535335136428,0.5942828602039096,9.24
2020-11-02,1011010801,食用菌,78.321,676.3304,151,11,0.0,8.635364716997996,4.893309712593047,0.7647288285829696,9.45
2020-11-03,1011010101,花叶类,135.067,642.322,265,16,0.025083847275796455,4.755580563720227,2.8498096500255428,0.6687362131985211,12.83
2020-11-03,1011010201,花菜类,52.370000000000005,444.17839999999995,105,2,0.0,8.481542868054229,4.920743937368722,0.723630202263599,15.51
2020-11-03,1011010402,水生根茎类,15.727,122.83800000000001,29,1,0.09467794239206459,7.810644115215871,5.65,0.3824148876488267,13.65
2020-11-03,1011010501,茄类,10.846,70.6196,23,4,0.0,6.511119306656832,4.330511709385949,0.503545018142922,6.68
2020-11-03,1011010504,辣椒类,66.834,551.5728,187,9,0.0,8.25287727803214,6.554326839632521,0.25914948704249396,9.24
2020-11-03,1011010801,食用菌,65.34100000000001,539.933,143,11,0.0,8.263310938002173,4.7312944399381704,0.7465222346445552,9.45
2020-11-04,1011010101,花叶类,122.114,571.8402,223,15,0.0,4.682838986520792,2.7062607072080187,0.7303724560047871,12.83
2020-11-04,1011010201,花菜类,67.527,474.668,130,2,0.0,7.029306795800198,4.6758917173871195,0.5033082929747918,15.51
2020-11-04,1011010402,水生根茎类,18.183,145.464,32,1,0.0,8.0,5.8,0.3793103448275863,13.65
2020-11-04,1011010501,茄类,10.702,70.6324,22,4,0.0,6.599925247617268,4.3310371893104085,0.5238671383166105,6.68
2020-11-04,1011010504,辣椒类,59.731,500.4148,172,8,0.0,8.377807168806818,6.100962984045136,0.3731942302741298,9.24
2020-11-04,1011010801,食用菌,195.34,789.968,257,10,0.0,4.04406675540084,2.6469632947680966,0.5278136887633513,9.45
2020-11-05,1011010101,花叶类,146.327,698.3254000000001,287,16,0.0,4.772361901767958,2.7329719053899826,0.7462169634294005,12.83
2020-11-05,1011010201,花菜类,57.354,400.5954,105,2,0.0,6.984611361021027,4.41745213934512,0.5811402457110681,15.51
2020-11-05,1011010402,水生根茎类,8.347,66.776,14,1,0.0,8.0,5.8,0.3793103448275863,13.65
2020-11-05,1011010501,茄类,9.067,59.2802,21,3,0.0,6.538016984669682,4.240231609132017,0.5419009118721287,6.68
2020-11-05,1011010504,辣椒类,45.282,482.5766,138,10,0.0,10.65713970230997,6.900568879466455,0.5443856714511874,9.24
2020-11-05,1011010801,食用菌,129.089,664.178,206,10,0.0,5.145116934827909,3.146294417030111,0.6352941755795858,9.45
2020-11-06,1011010101,花叶类,142.586,689.5884,271,16,0.0,4.8362980937819975,2.745862987951131,0.7613035009407654,12.83
2020-11-06,1011010201,花菜类,95.136,458.1672,169,2,0.0,4.815918264379415,3.275416035990582,0.4703226129021927,15.51
2020-11-06,1011010402,水生根茎类,13.443,103.798,26,1,0.13932901882020385,7.721341962359593,5.610000000000001,0.37635329097318904,13.65
2020-11-06,1011010501,茄类,7.22,45.1492,17,4,0.0,6.253351800554017,4.323576177285319,0.44633783334433197,6.68
2020-11-06,1011010504,辣椒类,49.28699999999999,485.6466,162,10,0.0,9.853442084119546,6.253913608050805,0.5755641509717988,9.24
2020-11-06,1011010801,食用菌,80.588,554.748,158,9,0.0,6.883754405122352,4.209822430138482,0.6351650264013418,9.45
2020-11-07,1011010101,花叶类,224.3,1053.7168,379,16,0.0,4.697801159161836,2.8890348640214,0.6260797741369999,12.83
2020-11-07,1011010201,花菜类,121.453,703.7704,238,2,0.0,5.794590500028818,3.8565439305739666,0.5025345501941199,15.51
2020-11-07,1011010402,水生根茎类,71.413,549.494,98,1,0.1527032893170711,7.694593421365859,5.79,0.3289453232065387,13.65
2020-11-07,1011010501,茄类,10.878,68.2188,26,4,0.0,6.2712630998345285,4.1047095054237905,0.5278214186772401,6.68
2020-11-07,1011010504,辣椒类,69.738,743.7168,238,10,0.0,10.664441194183945,6.881506352347358,0.5497248201400244,9.24
2020-11-07,1011010801,食用菌,122.896,1174.5839999999998,259,10,0.0,9.557544590548105,5.6359796087749,0.6958089372196363,9.45
2020-11-08,1011010101,花叶类,209.808,1000.6624,378,16,0.0,4.769419659879509,2.7284417658049263,0.7480379166063922,12.83
2020-11-08,1011010201,花菜类,125.591,705.308,233,2,0.0,5.6159119682142835,3.9457977084345215,0.42326403510492505,15.51
2020-11-08,1011010402,水生根茎类,58.207,460.406,90,1,0.04509766866528081,7.909804662669439,5.8,0.3637594245981792,13.65
2020-11-08,1011010501,茄类,16.906,104.15,31,4,0.0,6.160534721400687,4.180983082929138,0.47346559390637455,6.68
2020-11-08,1011010504,辣椒类,78.907,720.0060000000001,254,10,0.0,9.124741784632544,6.368690990659892,0.43274996353482753,9.24
2020-11-08,1011010801,食用菌,124.492,1146.977,281,11,0.0,9.213258683288887,5.845601564759181,0.576101036175982,9.45
2020-11-09,1011010101,花叶类,144.911,691.2118,269,17,0.0,4.769905666236518,2.727136725300357,0.7490526316428736,12.83
2020-11-09,1011010201,花菜类,57.592,349.243,114,2,0.0,6.064088762328101,4.2387074593693574,0.43064573822471974,15.51
2020-11-09,1011010402,水生根茎类,14.579,114.28999999999999,22,1,0.08032100967144523,7.839357980657109,5.8,0.351613444940881,13.65
2020-11-09,1011010501,茄类,10.062999999999999,61.8228,21,4,0.0,6.143575474510584,4.057434164762,0.514152842667492,6.68
2020-11-09,1011010504,辣椒类,64.616,538.0968,186,10,0.0,8.327609260864183,5.840977621641699,0.4257218226635795,9.24
2020-11-09,1011010801,食用菌,63.22,469.443,137,11,0.0,7.425545713381841,4.403438627016767,0.6863061671447628,9.45
2020-11-10,1011010101,花叶类,157.962,656.1002,294,16,0.0,4.153531862093415,2.406146288347831,0.7262175131277735,12.83
2020-11-10,1011010201,花菜类,25.698,160.224,50,2,0.0,6.234882091991595,3.6085103899136124,0.7278271137639312,15.51
2020-11-10,1011010402,水生根茎类,12.103,92.444,20,1,0.180946872676196,7.638106254647608,5.8,0.3169148714909671,13.65
2020-11-10,1011010501,茄类,9.574,60.8912,20,4,0.0,6.360058491748485,4.296469605180698,0.48029872807188134,6.68
2020-11-10,1011010504,辣椒类,54.663,456.89,160,10,0.0,8.35830452042515,5.78763514625981,0.44416576187021817,9.24
2020-11-10,1011010801,食用菌,64.18,450.616,124,11,0.0,7.021128077282642,4.437422094110314,0.5822538240393267,9.45
2020-11-11,1011010101,花叶类,150.867,587.6944,266,18,0.006634983130837096,3.895446983104324,2.4187235777207743,0.6105383099523527,12.83
2020-11-11,1011010201,花菜类,63.25,364.27200000000005,127,2,0.0,5.759241106719369,4.505629723320158,0.2782322251006981,15.51
2020-11-11,1011010402,水生根茎类,17.155,153.452,30,2,0.09361702127659574,8.945030603322646,6.197362285048091,0.44336093194093995,13.65
2020-11-11,1011010501,茄类,15.584999999999999,94.9084,30,4,0.0,6.089727301892846,4.1298036573628485,0.47458034500883217,6.68
2020-11-11,1011010504,辣椒类,65.834,590.5646,196,10,0.0,8.970510678372877,6.089706382720176,0.4730612799045808,9.24
2020-11-11,1011010801,食用菌,64.522,395.881,120,10,0.029602306190136696,6.135597160658379,3.829007935277889,0.602398653742432,9.45
2020-11-12,1011010101,花叶类,151.144,583.2938,253,18,0.0,3.859192558090298,2.394046141428042,0.6119958973674167,12.83
2020-11-12,1011010201,花菜类,13.405999999999999,77.774,35,2,0.0,5.801432194539759,3.9097948679695658,0.48382009554188143,15.51
2020-11-12,1011010402,水生根茎类,15.951,138.518,22,2,0.09435145131966646,8.683969657074792,6.231972917058491,0.39345433182236134,13.65
2020-11-12,1011010501,茄类,15.508000000000001,99.9248,32,4,0.0,6.443435646118132,4.2155603559453185,0.5284885287031369,6.68
2020-11-12,1011010504,辣椒类,58.851000000000006,515.6316,179,10,0.0,8.761645511546108,6.0963283546583735,0.4372003937174893,9.24
2020-11-12,1011010801,食用菌,68.65599999999999,397.194,113,13,0.0,5.785277324632954,3.6597774411559083,0.5807729889732653,9.45
2020-11-13,1011010101,花叶类,141.977,523.3356,219,16,0.006881396282496461,3.6860590095578862,2.0463082048500816,0.8013215217635985,12.83
2020-11-13,1011010201,花菜类,60.306,332.536,104,2,0.0,5.514144529565881,4.038886346300534,0.3652636040666575,15.51
2020-11-13,1011010402,水生根茎类,13.766,114.394,25,2,0.052230132209792245,8.309893941595234,6.005105331977336,0.3838048597324084,13.65
2020-11-13,1011010501,茄类,8.044,48.0704,18,3,0.0,5.975932371954251,4.030443809050223,0.4826983466524206,6.68
2020-11-13,1011010504,辣椒类,70.24600000000001,566.3542,200,9,0.0,8.062440566010874,5.705063348802778,0.4132078950013409,9.24
2020-11-13,1011010801,食用菌,67.676,405.834,119,11,0.0,5.996719664282759,3.934293102429222,0.5242178221495739,9.45
2020-11-14,1011010101,花叶类,207.145,933.8278,373,19,0.0,4.508087571507881,2.5431357261821432,0.7726492239860125,12.83
2020-11-14,1011010201,花菜类,84.001,457.3816,160,2,0.0,5.444954226735396,4.222356757657646,0.28955333223808055,15.51
2020-11-14,1011010402,水生根茎类,58.127,400.467,90,1,0.1104822199666248,6.8895177800333744,5.2,0.32490726539103343,13.65
2020-11-14,1011010501,茄类,18.146,93.6662,36,4,0.0,5.161809765237518,3.493054116609721,0.4777354123123214,6.68
2020-11-14,1011010504,辣椒类,71.84,738.8982,247,10,0.0,10.285331291759464,6.777415785077951,0.5175889480478681,9.24
2020-11-14,1011010801,食用菌,92.793,677.133,195,11,0.0,7.297242248876532,4.567500458008686,0.5976445576664362,9.45
2020-11-15,1011010101,花叶类,227.231,1019.4928,364,17,0.0,4.4865920583019046,2.4936588757695914,0.7992004046332342,12.83
2020-11-15,1011010201,花菜类,77.798,423.2864,154,2,0.0,5.440839096120723,4.001676521247333,0.3596399077316723,15.51
2020-11-15,1011010402,水生根茎类,45.353,311.349,64,1,0.13498555773598217,6.865014442264017,5.2,0.32019508505077243,13.65
2020-11-15,1011010501,茄类,18.317999999999998,100.4406,35,4,0.0,5.483164100884377,3.6623212141063437,0.4971827374847959,6.68
2020-11-15,1011010504,辣椒类,74.078,710.5856,236,10,0.0,9.592397202948243,6.375022678798023,0.50468440447287,9.24
2020-11-15,1011010801,食用菌,73.108,433.123,133,11,0.0,5.924426875307764,3.588393199102697,0.6509971306347389,9.45
2020-11-16,1011010101,花叶类,140.087,646.0147999999999,256,16,0.0,4.6115256947468355,2.664299256890361,0.730858755006816,12.83
2020-11-16,1011010201,花菜类,48.64,260.72159999999997,96,2,0.0,5.360230263157894,3.768155427631579,0.42250774048537365,15.51
2020-11-16,1011010402,水生根茎类,14.450000000000001,114.696,23,1,0.031280276816609,7.937439446366781,5.200000000000001,0.5264306627628423,13.65
2020-11-16,1011010501,茄类,15.672,86.9058,34,4,0.0,5.545290964777948,3.5790900969882595,0.5493577458260164,6.68
2020-11-16,1011010504,辣椒类,45.345,430.4526,149,10,0.0,9.49283493218657,6.2982908810232665,0.5072080841468367,9.24
2020-11-16,1011010801,食用菌,54.363,327.347,99,11,0.0,6.0215035961959416,3.668793112962861,0.6412764118315377,9.45
2020-11-17,1011010101,花叶类,222.517,850.9528,349,16,0.0,3.82421477909553,2.253984279852775,0.6966466063132075,12.83
2020-11-17,1011010201,花菜类,43.621,238.60879999999997,85,2,0.0,5.470044244744503,3.9114676417321936,0.39846337635100393,15.51
2020-11-17,1011010402,水生根茎类,24.762,189.802,40,1,0.16747435586786205,7.665051288264276,5.8,0.32156056694211643,13.65
2020-11-17,1011010501,茄类,12.224,68.9412,28,4,0.0,5.639823298429319,3.857385471204188,0.462084445677319,6.68
2020-11-17,1011010504,辣椒类,43.486000000000004,383.019,125,8,0.0,8.807869199282527,6.011187278664397,0.46524618032521414,9.24
2020-11-17,1011010801,食用菌,131.97899999999998,495.592,151,11,0.0,3.755082247933384,2.1384295228786403,0.7560000026928602,9.45
2020-11-18,1011010101,花叶类,203.322,827.3134,372,18,0.0,4.068981221904171,2.383456487738661,0.7071766331109643,12.83
2020-11-18,1011010201,花菜类,50.438,240.732,98,2,0.0,4.772830009120107,3.6596451088465045,0.3041783744502131,15.51
2020-11-18,1011010402,水生根茎类,19.171,148.318,36,1,0.13170935266809244,7.736581294663816,5.8,0.3338933266661752,13.65
2020-11-18,1011010501,茄类,15.946,96.8378,37,4,0.0,6.0728583970901795,3.9364630628370754,0.5427195175339377,6.68
2020-11-18,1011010504,辣椒类,45.407000000000004,462.781,158,9,0.0,10.191842667430132,6.760791507917281,0.5074925259113361,9.24
2020-11-18,1011010801,食用菌,99.089,461.105,151,11,0.0,4.653442864495554,2.7571034120840863,0.6878013512659762,9.45
2020-11-19,1011010101,花叶类,207.79999999999998,681.16,305,17,0.006977863330125121,3.277959576515881,1.9936459095283927,0.6442034971452375,12.83
2020-11-19,1011010201,花菜类,77.165,362.2798,135,2,0.0,4.694872027473595,3.305000064796216,0.4205361377997665,15.51
2020-11-19,1011010402,水生根茎类,22.976999999999997,199.492,36,2,0.19950385167776477,8.682247464856161,6.406066066066066,0.35531656640998177,13.65
2020-11-19,1011010501,茄类,12.808,86.4716,28,4,0.0,6.751374141161774,4.493759369144285,0.5023888879139942,6.68
2020-11-19,1011010504,辣椒类,59.111000000000004,543.5856,178,10,0.0,9.196014278222327,6.267492344910423,0.46725576548809644,9.24
2020-11-19,1011010801,食用菌,90.297,524.004,133,10,0.0,5.803116382604074,3.5368485110247296,0.6407591007969802,9.45
2020-11-20,1011010101,花叶类,244.555,756.6246,346,16,0.0,3.093883175563779,1.844574022203594,0.6772887064015547,12.83
2020-11-20,1011010201,花菜类,52.70099999999999,256.383,101,2,0.0,4.864860249331133,3.37972903739967,0.43942315951876076,15.51
2020-11-20,1011010402,水生根茎类,22.48,183.078,41,2,0.08180604982206405,8.144039145907474,5.707677935943061,0.426856812403845,13.65
2020-11-20,1011010501,茄类,9.804,65.911,19,4,0.0,6.7228682170542635,4.4299337005303965,0.5176001880681269,6.68
2020-11-20,1011010504,辣椒类,53.492000000000004,545.285,174,10,0.0,10.19376729230539,6.690497457563748,0.5236187379132955,9.24
2020-11-20,1011010801,食用菌,70.888,358.984,112,11,0.0,5.0641011172553885,2.883052279652409,0.7565068635751324,9.45
2020-11-21,1011010101,花叶类,460.646,1463.7466,707,18,0.0,3.1775953769271847,1.866482678672994,0.7024510397205226,12.83
2020-11-21,1011010201,花菜类,114.066,487.836,208,2,0.0,4.276787123244437,2.972142969859555,0.4389574009781001,15.51
2020-11-21,1011010402,水生根茎类,95.789,783.184,147,2,0.04278153023833634,8.176137134744073,5.699318710916702,0.4345814911321195,13.65
2020-11-21,1011010501,茄类,25.451,169.4252,53,4,0.0,6.656917213469018,4.4655286629209066,0.49073440480722885,6.68
2020-11-21,1011010504,辣椒类,79.774,773.5536,275,9,0.0,9.696813498132222,6.66391192619149,0.4551232977765469,9.24
2020-11-21,1011010801,食用菌,169.382,869.03,278,11,0.0,5.130592388801643,3.083060714833925,0.6641230463338483,9.45
2020-11-22,1011010101,花叶类,371.968,1141.9126,534,17,0.0,3.06992160615967,1.81457961437543,0.6918087152744317,12.83
2020-11-22,1011010201,花菜类,119.596,508.1144,216,2,0.0,4.248590253854644,2.42186561423459,0.7542634194413695,15.51
2020-11-22,1011010402,水生根茎类,67.538,540.304,98,1,0.0,8.0,5.6,0.4285714285714286,13.65
2020-11-22,1011010501,茄类,26.933,183.6438,58,4,0.0,6.8185423086919394,4.678340325994133,0.4574703492189871,6.68
2020-11-22,1011010504,辣椒类,99.221,834.0508,286,10,0.0,8.405990667298253,6.010215377793008,0.39861721068388567,9.24
2020-11-22,1011010801,食用菌,160.154,1537.6912,332,10,0.0,9.601328721105936,5.724307479051414,0.6772908786334082,9.45
2020-11-23,1011010101,花叶类,294.311,1016.226,420,17,0.0,3.4528984645494054,1.9989346983293184,0.7273693169843365,12.83
2020-11-23,1011010201,花菜类,74.623,304.9214,124,2,0.0,4.086158423006312,2.2687712903528405,0.8010446625366237,15.51
2020-11-23,1011010402,水生根茎类,34.987,279.896,52,1,0.0,8.0,5.6,0.4285714285714286,13.65
2020-11-23,1011010501,茄类,15.902,103.20599999999999,30,3,0.0,6.490127028046786,4.902947427996478,0.32371948167082154,6.68
2020-11-23,1011010504,辣椒类,59.056,499.01140000000004,181,9,0.0,8.449800189650503,5.569436805743701,0.5171731872307652,9.24
2020-11-23,1011010801,食用菌,195.788,1147.439,319,12,0.0,5.860619649825321,3.675312276544017,0.5945909378171808,9.45
2020-11-24,1011010101,花叶类,220.189,871.6004,377,14,0.0,3.958419357915246,2.282107598472222,0.7345454528810327,12.83
2020-11-24,1011010201,花菜类,60.92700000000001,268.04519999999997,94,2,0.0,4.39944852036043,2.351849262231851,0.8706337140780247,15.51
2020-11-24,1011010402,水生根茎类,44.692,349.208,76,1,0.0931710373221158,7.813657925355769,6.0,0.30227632089262824,13.65
2020-11-24,1011010501,茄类,13.897,85.793,30,4,0.0,6.173490681442038,4.579638770957761,0.3480300500100246,6.68
2020-11-24,1011010504,辣椒类,52.157,479.5806,168,9,0.0,9.194942193761145,5.873246927545679,0.5655637004868004,9.24
2020-11-24,1011010801,食用菌,117.661,827.3984,233,12,0.0,7.032053101707448,4.41249657915537,0.5936676608264948,9.45
2020-11-25,1011010101,花叶类,237.713,822.822,381,16,0.0,3.4614093465649756,1.9928361511570676,0.7369262116984552,12.83
2020-11-25,1011010201,花菜类,37.137,152.5724,71,2,0.0,4.1083663193041975,2.611474001669494,0.5731982461543756,15.51
2020-11-25,1011010402,水生根茎类,38.697,295.796,57,1,0.17804997803447292,7.643900043931053,6.0,0.2739833406551755,13.65
2020-11-25,1011010501,茄类,13.199,85.3798,23,4,0.0,6.468656716417911,4.116974770815971,0.5712160206257091,6.68
2020-11-25,1011010504,辣椒类,39.054,386.1988,133,9,0.0,9.88884109182158,6.436680237619705,0.5363262934867323,9.24
2020-11-25,1011010801,食用菌,95.581,803.3278,222,13,0.0,8.404680846611774,5.478645755955681,0.5340799936691074,9.45
2020-11-26,1011010101,花叶类,282.923,696.0344,328,16,0.050508442226330136,2.460154883130746,1.5246881660381093,0.6135462568214456,12.83
2020-11-26,1011010201,花菜类,34.766000000000005,162.3144,66,2,0.0,4.66876833688086,3.0661427831789676,0.522684580279166,15.51
2020-11-26,1011010402,水生根茎类,24.099,192.792,35,1,0.0,8.0,6.07,0.31795716639209215,13.65
2020-11-26,1011010501,茄类,12.868,91.09039999999999,27,4,0.0,7.078831209201118,4.346669257071806,0.6285644916930879,6.68
2020-11-26,1011010504,辣椒类,48.086,447.855,151,9,0.0,9.313625587489083,6.054423740797738,0.5383174330414324,9.24
2020-11-26,1011010801,食用菌,110.276,839.5889999999999,200,12,0.0,7.6135242482498455,4.79824522108165,0.5867309604767463,9.45
2020-11-27,1011010101,花叶类,225.59599999999998,670.474,305,17,0.0,2.9720119151048783,1.7075261529459744,0.7405366881071203,12.83
2020-11-27,1011010201,花菜类,28.934,135.982,52,2,0.0,4.699730420958042,2.95981129467063,0.5878479920055282,15.51
2020-11-27,1011010402,水生根茎类,23.178,179.268,34,1,0.1327983432565364,7.7344033134869274,6.200000000000001,0.24748440540111716,13.65
2020-11-27,1011010501,茄类,13.175,103.37440000000001,26,4,0.0,7.846254269449716,4.966133586337761,0.5799523176411128,6.68
2020-11-27,1011010504,辣椒类,53.11600000000001,470.17519999999996,146,9,0.0,8.85185631448151,6.1405090744785,0.44155088887858707,9.24
2020-11-27,1011010801,食用菌,112.979,901.7318,218,14,0.0,7.981410704644226,5.079139486099186,0.5714100245697336,9.45
2020-11-28,1011010101,花叶类,400.295,1043.2144,493,18,0.0,2.606113990931688,1.541055321700246,0.6911229300038124,12.83
2020-11-28,1011010201,花菜类,79.441,429.05600000000004,143,2,0.0,5.400939061693585,3.7219531476189878,0.4511034522690538,15.51
2020-11-28,1011010402,水生根茎类,30.289,242.312,45,1,0.0,8.0,6.18,0.2944983818770228,13.65
2020-11-28,1011010501,茄类,18.759,138.70100000000002,39,4,0.0,7.3938376246068565,5.358189135881444,0.3799135187471392,6.68
2020-11-28,1011010504,辣椒类,82.485,668.034,232,10,0.0,8.09885433715221,5.785574710553434,0.39983575397948545,9.24
2020-11-28,1011010801,食用菌,187.133,1306.8872000000001,339,13,0.0,6.98373456311821,4.491936483677384,0.5547269175544711,9.45
2020-11-29,1011010101,花叶类,287.707,814.801,424,17,0.0,2.8320513578049895,1.7722312978134005,0.5980145262637033,12.83
2020-11-29,1011010201,花菜类,77.33500000000001,423.094,150,2,0.0,5.4709251955776805,3.9380177151354485,0.38925865532565473,15.51
2020-11-29,1011010402,水生根茎类,31.494,251.952,46,1,0.0,8.0,6.0,0.33333333333333326,13.65
2020-11-29,1011010501,茄类,20.702,156.622,43,4,0.0,7.565549222297363,5.53728432035552,0.3662923528209976,6.68
2020-11-29,1011010504,辣椒类,66.151,612.9717999999999,204,9,0.0,9.26625145500446,6.173103656785234,0.5010685013881726,9.24
2020-11-29,1011010801,食用菌,168.21800000000002,1362.4976,324,13,0.0,8.099594573707925,5.319355122519586,0.5226647567518372,9.45
2020-11-30,1011010101,花叶类,207.353,629.2276,310,17,0.0,3.034571961823557,1.8221690064768776,0.6653625163402559,12.83
2020-11-30,1011010201,花菜类,41.156000000000006,217.5304,79,2,0.0,5.2855087958013405,3.478056176499173,0.5196732104314237,15.51
2020-11-30,1011010402,水生根茎类,18.480999999999998,143.096,33,1,0.1285644716195011,7.742871056760999,6.0,0.2904785094601665,13.65
2020-11-30,1011010501,茄类,18.29,137.4694,34,5,0.0,7.516096227446693,5.194068890103883,0.447053627218327,6.68
2020-11-30,1011010504,辣椒类,54.214,498.77599999999995,165,10,0.0,9.200132807024016,5.989742133028369,0.5359814500682847,9.24
2020-11-30,1011010801,食用菌,100.486,609.4374,152,13,0.0,6.064898592838803,4.187831538721812,0.4482193318334624,9.45
2020-12-01,1011010101,花叶类,287.797,738.5806,368,16,0.0,2.5663248748249634,1.5498422846659277,0.6558619546105242,12.83
2020-12-01,1011010201,花菜类,25.82,140.336,51,2,0.0,5.435166537567778,3.67020604182804,0.4808886682723279,15.51
2020-12-01,1011010402,水生根茎类,25.029,200.232,45,1,0.0,8.0,6.0,0.33333333333333326,13.65
2020-12-01,1011010501,茄类,9.271,77.7902,23,5,0.0,8.390702189623557,5.74647826555927,0.4601468589748403,6.68
2020-12-01,1011010504,辣椒类,47.882000000000005,421.15639999999996,145,9,0.0,8.795714464725782,5.693980619021762,0.5447390943590715,9.24
2020-12-01,1011010801,食用菌,99.477,641.6120000000001,185,12,0.020105149934155634,6.449852729776733,4.316243855363551,0.49432074412613836,9.45
2020-12-02,1011010101,花叶类,213.66500000000002,617.9328,297,16,0.0,2.892063744646994,1.7239349448903656,0.6775944783873014,12.83
2020-12-02,1011010201,花菜类,24.46,134.512,51,2,0.0,5.4992641046606705,3.664683565004088,0.500610900536111,15.51
2020-12-02,1011010402,水生根茎类,22.979,182.662,40,2,0.025458026894120717,7.9490839462117595,5.9478180077462035,0.33647060751677116,13.65
2020-12-02,1011010501,茄类,9.603,78.403,24,5,0.0,8.164427782984484,5.409175257731959,0.5093664734404981,6.68
2020-12-02,1011010504,辣椒类,48.739999999999995,461.395,152,10,0.0,9.466454657365613,6.133719532211736,0.5433465139140683,9.24
2020-12-02,1011010801,食用菌,185.141,1065.2649999999999,279,12,0.2700644373747576,5.753803857600423,4.137032910052339,0.39080446849228223,9.45
2020-12-03,1011010101,花叶类,274.097,688.7304,309,18,0.0029186747757180857,2.5127250571877844,1.4811400343673957,0.6964804129820075,12.83
2020-12-03,1011010201,花菜类,27.342,162.4644,52,2,0.0,5.941935483870968,4.1776344086021515,0.4223206012560483,15.51
2020-12-03,1011010402,水生根茎类,35.348,273.116,55,2,0.13675455471313794,7.726490890573724,5.58675738372751,0.3830009717405294,13.65
2020-12-03,1011010501,茄类,12.913,115.8798,29,5,0.0,8.973886780763571,5.91024936110896,0.5183600948911182,6.68
2020-12-03,1011010504,辣椒类,48.795,516.5614,144,8,0.0,10.58635925812071,6.941690132185674,0.5250405962427291,9.24
2020-12-03,1011010801,食用菌,97.395,786.579,199,11,0.0,8.076174341598644,5.752618717593306,0.4039126766561427,9.45
2020-12-04,1011010101,花叶类,242.529,719.1002,355,18,0.003047058289936461,2.965007071319306,1.9097075401292216,0.5525974574717742,12.83
2020-12-04,1011010201,花菜类,27.457,169.067,53,2,0.0,6.157519029755618,4.452829151036166,0.3828329857036561,15.51
2020-12-04,1011010402,水生根茎类,87.25,551.384,135,2,0.22881375358166187,6.319587392550144,4.820981088825215,0.31085089862696624,13.65
2020-12-04,1011010501,茄类,11.517,92.636,24,5,0.0,8.043414083528697,5.44,0.47856876535453985,6.68
2020-12-04,1011010504,辣椒类,42.929,438.33979999999997,153,9,0.0,10.210808544340654,6.618602576346992,0.5427438687482442,9.24
2020-12-04,1011010801,食用菌,110.875,910.5812,221,13,0.0,8.212682750845547,5.5921790304396835,0.4686015426440715,9.45
2020-12-05,1011010101,花叶类,306.959,842.0552,398,18,0.0,2.743217172325946,1.8153970074179286,0.5110838902547672,12.83
2020-12-05,1011010201,花菜类,72.116,422.49120000000005,141,2,0.0,5.858494647512342,4.816236618780852,0.21640507126813868,15.51
2020-12-05,1011010402,水生根茎类,43.518,314.501,72,2,0.08607932349832254,7.226917597316053,5.719445746587619,0.26356956906669393,13.65
2020-12-05,1011010501,茄类,18.692999999999998,149.88799999999998,37,5,0.0,8.0184026106029,5.634852618627294,0.42300130159504734,6.68
2020-12-05,1011010504,辣椒类,50.32,590.9724,171,10,0.0,11.744284578696343,7.796846383147853,0.5062865165691226,9.24
2020-12-05,1011010801,食用菌,155.115,1375.4551999999999,314,14,0.004009928117848048,8.867325532669309,6.020040808432452,0.47296767826699426,9.45
2020-12-06,1011010101,花叶类,367.129,941.8606,423,18,0.0,2.565475895393717,1.6515339294907239,0.553389760623823,12.83
2020-12-06,1011010201,花菜类,67.968,486.784,135,2,0.0,7.161958568738229,4.744425612052731,0.5095522944956712,15.51
2020-12-06,1011010402,水生根茎类,93.761,653.519,150,2,0.04781305660135878,6.970051513955696,5.526292168385577,0.2612528077739855,13.65
2020-12-06,1011010501,茄类,18.881,146.9104,39,4,0.0,7.780859064668185,5.411336263969069,0.43788127093050666,6.68
2020-12-06,1011010504,辣椒类,61.77,769.1412,217,10,0.0,12.451694997571636,7.74167816091954,0.6083973963718288,9.24
2020-12-06,1011010801,食用菌,234.205,1740.892,421,13,0.014525736000512372,7.433197412523216,5.188007130505326,0.4327654580149358,9.45
2020-12-07,1011010101,花叶类,197.718,576.0326,266,19,0.0,2.9134049504850346,1.8633670682487178,0.5635163892979997,12.83
2020-12-07,1011010201,花菜类,29.017,196.98000000000002,56,2,0.0,6.788434366061275,4.7070944618671815,0.44217083830700954,15.51
2020-12-07,1011010402,水生根茎类,60.127,419.313,96,2,0.14490994062567564,6.973788813677715,5.64571057927387,0.2352366838072415,13.65
2020-12-07,1011010501,茄类,10.536999999999999,86.114,25,4,0.0,8.172534877099745,5.64954636044415,0.44658249630811864,6.68
2020-12-07,1011010504,辣椒类,39.566,559.2496,142,9,0.0,14.134600414497294,8.143930647525652,0.7355993102411513,9.24
2020-12-07,1011010801,食用菌,91.333,737.082,186,15,0.07838349774999179,8.070270329453757,5.728512585812356,0.4087898400434986,9.45
2020-12-08,1011010101,花叶类,183.98000000000002,523.691,243,17,0.0,2.84645613653658,1.8495088053049245,0.5390335684653802,12.83
2020-12-08,1011010201,花菜类,29.686,211.39999999999998,57,2,0.0,7.121201913359832,5.038023310651486,0.413491259221459,15.51
2020-12-08,1011010402,水生根茎类,78.345,537.7349999999999,131,3,0.1086731763354394,6.863679877465057,5.538570553321846,0.2392511409552156,13.65
2020-12-08,1011010501,茄类,10.904,92.342,25,4,0.0,8.46863536316948,5.810615370506237,0.45744208197894687,6.68
2020-12-08,1011010504,辣椒类,38.132,516.9646,130,10,0.0,13.557238015315223,8.43492657085912,0.6072739817501909,9.24
2020-12-08,1011010801,食用菌,89.028,783.5738,198,16,0.0,8.801431010468615,6.068057128094532,0.45045289203340233,9.45
2020-12-09,1011010101,花叶类,180.673,540.6844,253,15,0.006459183165165795,2.9926131740769235,1.9905484494085999,0.5034113713564927,12.83
2020-12-09,1011010201,花菜类,20.825,146.632,45,2,0.0,7.041152460984394,5.060308763505403,0.3914472001717957,15.51
2020-12-09,1011010402,水生根茎类,39.897,289.118,60,3,0.48587613103742144,7.246610020803569,6.129972178359275,0.18216034428123118,13.65
2020-12-09,1011010501,茄类,9.89,81.304,19,3,0.0,8.22082912032356,5.741771486349848,0.43175832404115666,6.68
2020-12-09,1011010504,辣椒类,36.059,477.8674,116,10,0.0,13.252375273856735,8.659488338556256,0.5303877961069259,9.24
2020-12-09,1011010801,食用菌,80.164,815.8226,193,17,0.0,10.17691981438052,7.005117883339154,0.4527835196871022,9.45
2020-12-10,1011010101,花叶类,188.539,540.4644,283,16,0.0,2.8665920578766197,1.965005701738102,0.45882124176079464,12.83
2020-12-10,1011010201,花菜类,20.405,137.45,44,2,0.0,6.73609409458466,4.8984611614800295,0.3751449429782565,15.51
2020-12-10,1011010402,水生根茎类,48.448,324.027,65,3,0.28539877807133424,6.688139861294584,5.990825421070013,0.11639705569988457,13.65
2020-12-10,1011010501,茄类,11.411,93.746,25,4,0.0,8.215406187012531,5.639112260099903,0.4568616136872201,6.68
2020-12-10,1011010504,辣椒类,45.747,609.4304,145,9,0.0,13.3217566179203,9.1949922399283,0.44880564010396373,9.24
2020-12-10,1011010801,食用菌,89.363,815.37,205,18,0.009657240692456609,9.124246052616854,6.387719302172041,0.42840435231934837,9.45
2020-12-11,1011010101,花叶类,212.51000000000002,555.6912,274,17,0.0,2.6148943579125685,1.706543268552068,0.5322754518443584,12.83
2020-12-11,1011010201,花菜类,30.644,220.46599999999998,63,2,0.0,7.194426315102467,5.166516446939042,0.3925100963077126,15.51
2020-12-11,1011010402,水生根茎类,55.726,374.67999999999995,81,3,0.0,6.723611958511286,6.073733804687219,0.10699812911170792,13.65
2020-12-11,1011010501,茄类,14.918,128.516,31,4,0.0,8.614827724896099,5.72325713902668,0.5052316391922889,6.68
2020-12-11,1011010504,辣椒类,44.514,579.8594,145,10,0.0,13.026450105584761,8.92761288583367,0.45911905815888643,9.24
2020-12-11,1011010801,食用菌,94.15299999999999,784.8758,186,18,0.04248404193174939,8.336174099603838,5.582143744755876,0.49336428454305303,9.45
2020-12-12,1011010101,花叶类,269.619,761.357,377,17,0.0,2.823825472240457,1.8599484828591457,0.5182277887071489,12.83
2020-12-12,1011010201,花菜类,65.792,467.162,141,2,0.0,7.100589737354085,5.154288667315176,0.3776080843863019,15.51
2020-12-12,1011010402,水生根茎类,71.47,580.764,101,3,0.02738211837134462,8.125982929900658,5.967712326850427,0.36165794945234886,13.65
2020-12-12,1011010501,茄类,11.964999999999998,108.842,23,4,0.0,9.096698704554953,5.69438027580443,0.5974870423050358,6.68
2020-12-12,1011010504,辣椒类,55.182,783.6884,192,9,0.0,14.201884672538146,10.199065818564025,0.3924691658218651,9.24
2020-12-12,1011010801,食用菌,174.431,1585.5354,360,21,0.010330732495943955,9.089756981270531,6.139716621472101,0.4804847750597172,9.45
2020-12-13,1011010101,花叶类,375.781,1015.5982,484,17,0.0,2.7026331826249863,1.7105302822654687,0.579997273737564,12.83
2020-12-13,1011010201,花菜类,78.67,560.8199999999999,157,2,0.0,7.128765730265666,4.823505783653235,0.4779220861359619,15.51
2020-12-13,1011010402,水生根茎类,73.578,625.446,117,3,0.0,8.500448503628801,6.111679306314388,0.3908531645052802,13.65
2020-12-13,1011010501,茄类,20.845,178.52800000000002,48,4,0.0,8.564547853202209,5.545912688894219,0.5442990781937218,6.68
2020-12-13,1011010504,辣椒类,76.78399999999999,996.6764,238,9,0.0,12.98026151281517,9.351926703479894,0.3879772505044503,9.24
2020-12-13,1011010801,食用菌,197.615,1692.8208,386,19,0.004114060167497406,8.566256610075145,5.8301521139589605,0.4693024200115141,9.45
2020-12-14,1011010101,花叶类,197.654,618.0596,253,16,0.004447165248363302,3.126977445434952,1.9819392473716697,0.577736275005283,12.83
2020-12-14,1011010201,花菜类,33.376000000000005,228.478,61,2,0.0,6.845577660594438,4.573448585810162,0.49680870619906203,15.51
2020-12-14,1011010402,水生根茎类,65.517,424.73,107,2,0.654578201077583,6.4827449364287135,5.855702184165943,0.10708241856259693,13.65
2020-12-14,1011010501,茄类,12.715,108.76599999999999,32,3,0.0,8.554148643334644,5.197623279591034,0.6457808084943994,6.68
2020-12-14,1011010504,辣椒类,48.394,673.5412,160,6,0.0,13.917865851138572,10.012913377691449,0.38999163641495915,9.24
2020-12-14,1011010801,食用菌,83.089,834.34,196,15,0.02257819928028981,10.041521741746802,7.012196921373468,0.43200795048122886,9.45
2020-12-15,1011010101,花叶类,203.808,628.2684,282,15,0.0,3.0826483749411215,2.072285582509028,0.48755963027489324,12.83
2020-12-15,1011010201,花菜类,33.43,223.388,71,2,0.0,6.682261441818726,4.457719413700269,0.4990314153200386,15.51
2020-12-15,1011010402,水生根茎类,51.769,420.14,84,4,0.06847727404431224,8.115667677567656,5.81092874113852,0.3966214419586178,13.65
2020-12-15,1011010501,茄类,10.295,86.829,24,4,0.0,8.434094220495385,5.499676542010684,0.5335618660605586,6.68
2020-12-15,1011010504,辣椒类,41.066,572.815,133,10,0.0,13.94864364681245,9.706866020552281,0.4369873466141472,9.24
2020-12-15,1011010801,食用菌,99.925,979.3106,216,17,0.11256442331748813,9.800456342256693,6.924840130097572,0.4152610252561315,9.45
2020-12-16,1011010101,花叶类,152.029,504.5324,222,16,0.05627215860131948,3.3186589400706445,2.3542020930217262,0.4096746196546761,12.83
2020-12-16,1011010201,花菜类,26.065,190.154,56,2,0.0,7.295376942259735,4.7284718971801265,0.5428614361883823,15.51
2020-12-16,1011010402,水生根茎类,47.282,379.878,69,3,0.1903261283363648,8.034304809441226,6.0562048982699555,0.32662367677426896,13.65
2020-12-16,1011010501,茄类,9.313,74.504,20,2,0.0,8.0,5.4167099753033385,0.47691126836673514,6.68
2020-12-16,1011010504,辣椒类,34.84,563.5352,118,9,0.0,16.174948335246842,10.51970321469575,0.5375859950735931,9.24
2020-12-16,1011010801,食用菌,74.212,706.6528000000001,166,17,0.0,9.522082682046031,6.423089257801973,0.4824770916081831,9.45
2020-12-17,1011010101,花叶类,167.799,497.9648,232,16,0.0,2.9676267439019304,1.871763121353524,0.58547131848391,12.83
2020-12-17,1011010201,花菜类,31.098,209.04399999999998,59,2,0.0,6.722104315390057,4.392694063926941,0.5302919387426428,15.51
2020-12-17,1011010402,水生根茎类,47.929,371.222,78,2,0.12737591020050493,7.745248179598989,5.727327505268209,0.35233198598729,13.65
2020-12-17,1011010501,茄类,12.154,101.346,27,4,0.0,8.338489386210302,5.3158861280236955,0.5685981951818688,6.68
2020-12-17,1011010504,辣椒类,33.18,518.3186000000001,104,9,0.0,15.62141651597348,10.342836648583484,0.5103609432053566,9.24
2020-12-17,1011010801,食用菌,94.652,868.6616,204,18,0.17674217132231754,9.177424671427968,6.978038921523052,0.3151867988470418,9.45
2020-12-18,1011010101,花叶类,151.08,565.685,244,17,0.03511384696849351,3.744274556526343,2.399139528726502,0.560673946510255,12.83
2020-12-18,1011010201,花菜类,26.454,186.44600000000003,48,2,0.0,7.04793225977168,4.758280033265291,0.48119324850562717,15.51
2020-12-18,1011010402,水生根茎类,63.361999999999995,523.142,86,3,0.1266847637385184,8.256399734856856,6.44260534705344,0.28153119585898034,13.65
2020-12-18,1011010501,茄类,19.541,157.787,39,4,0.0,8.07466352796684,5.535544752059772,0.45869356849879384,6.68
2020-12-18,1011010504,辣椒类,41.801,646.9970000000001,127,10,0.0,15.478026841463123,10.761390875816367,0.4382924122054017,9.24
2020-12-18,1011010801,食用菌,86.26,831.6573999999999,212,17,0.025376767910966845,9.641286807326685,7.627506955715279,0.26401547232972145,9.45
2020-12-19,1011010101,花叶类,266.55,905.8063999999999,398,18,0.007540799099606077,3.3982607390733444,2.149415156631026,0.5810164586350772,12.83
2020-12-19,1011010201,花菜类,60.29,432.552,128,2,0.0,7.174523138165534,4.828841267208493,0.4857649570893965,15.51
2020-12-19,1011010402,水生根茎类,86.825,800.0409999999999,125,3,0.0,9.214408292542469,6.695851655629138,0.3761368630077109,13.65
2020-12-19,1011010501,茄类,14.524000000000001,116.19200000000001,28,3,0.0,8.0,5.4488488019829235,0.4682000346731352,6.68
2020-12-19,1011010504,辣椒类,68.24,1035.8708000000001,203,10,0.0,15.179818288393907,11.011943434935523,0.3784867655817912,9.24
2020-12-19,1011010801,食用菌,154.68099999999998,1478.816,331,15,0.011242492613831048,9.560424357225518,6.615005656803357,0.44526321718151163,9.45
2020-12-20,1011010101,花叶类,276.91099999999994,912.46,417,18,0.0,3.2951381490803913,2.122773670962873,0.5522795454617371,12.83
2020-12-20,1011010201,花菜类,89.851,648.932,196,2,0.0,7.222312495130828,4.686726246786346,0.541014370123093,15.51
2020-12-20,1011010402,水生根茎类,77.313,687.192,105,3,0.015585994593406025,8.888440495130185,6.2958195904957766,0.411800380771433,13.65
2020-12-20,1011010501,茄类,14.386,115.088,34,3,0.0,8.0,5.611798276101766,0.42556799200508655,6.68
2020-12-20,1011010504,辣椒类,64.273,992.5268,206,10,0.0,15.442359933409053,11.638239385122835,0.3268639200830519,9.24
2020-12-20,1011010801,食用菌,142.972,1316.8008,329,15,0.005427636180510869,9.210200598718629,6.6794046386705075,0.37889544008099807,9.45
2020-12-21,1011010101,花叶类,136.041,493.6224,202,16,0.004902933674406981,3.6284825898074846,2.260177593519601,0.6053971157890858,12.83
2020-12-21,1011010201,花菜类,37.057,256.254,73,2,0.12545537955042232,6.9151307445287,4.846154032976226,0.42693168592535,15.51
2020-12-21,1011010402,水生根茎类,48.468,403.65,69,3,0.033465379219278696,8.328175290913592,6.190469588181894,0.34532205873569777,13.65
2020-12-21,1011010501,茄类,12.997,102.584,28,3,0.0,7.892898361160268,5.711180272370547,0.3820082688239417,6.68
2020-12-21,1011010504,辣椒类,30.846000000000004,494.1502,107,9,0.0,16.019911820009074,11.752941062050182,0.363055573531019,9.24
2020-12-21,1011010801,食用菌,84.045,802.8054,185,13,0.014159081444464275,9.55208995181153,7.158144803379142,0.33443653546967633,9.45
2020-12-22,1011010101,花叶类,152.185,483.6388,218,15,0.0640799027499425,3.177966291027368,2.1095977264513586,0.5064323644172466,12.83
2020-12-22,1011010201,花菜类,27.345999999999997,199.29999999999998,55,2,0.0,7.288086008922694,5.179956117896585,0.40697833013345175,15.51
2020-12-22,1011010402,水生根茎类,38.698,320.184,51,2,0.022481782004237946,8.273915964649337,5.903825520698745,0.4014499472657318,13.65
2020-12-22,1011010501,茄类,11.078999999999999,91.134,25,4,0.0,8.22583265637693,5.541035291993862,0.48452991596395023,6.68
2020-12-22,1011010504,辣椒类,38.614999999999995,584.1572,122,10,0.0,15.127727567007641,11.150283050627996,0.35671242589268903,9.24
2020-12-22,1011010801,食用菌,76.199,694.75,175,15,0.022834945340490034,9.117573721439914,6.794075906507961,0.34198879242816593,9.45
2020-12-23,1011010101,花叶类,143.966,578.4742,237,16,0.006459858577719739,4.018130669741466,2.828632593806871,0.42052052943847595,12.83
2020-12-23,1011010201,花菜类,39.823,310.532,85,2,0.0,7.797805288401174,5.446159254702057,0.4317989841499352,15.51
2020-12-23,1011010402,水生根茎类,43.83,340.329,61,2,0.17627195984485514,7.764750171115675,5.847207620351357,0.32794158772304605,13.65
2020-12-23,1011010501,茄类,9.4,78.989,20,4,0.0,8.40308510638298,5.663901063829787,0.4836214495422393,6.68
2020-12-23,1011010504,辣椒类,41.738,645.0766,135,10,0.0,15.455378791508936,11.276045330394364,0.37063822808952884,9.24
2020-12-23,1011010801,食用菌,67.604,626.556,171,15,0.00813561327732087,9.268031477427371,6.890415655878351,0.3450613054846161,9.45
2020-12-24,1011010101,花叶类,218.53300000000002,631.995,287,16,0.0014780376419122054,2.8919888529421183,1.91711320487066,0.5085123015138948,12.83
2020-12-24,1011010201,花菜类,39.293,288.801,87,2,0.0,7.349935102944545,5.198427964268444,0.41387649371397495,15.51
2020-12-24,1011010402,水生根茎类,61.82299999999999,485.96700000000004,89,2,0.1498633194765702,7.8606182165213605,5.8297720912928845,0.34835772195308756,13.65
2020-12-24,1011010501,茄类,9.801,79.594,22,3,0.0,8.121008060402,5.9079746964595445,0.3745840965210385,6.68
2020-12-24,1011010504,辣椒类,37.463,624.1382000000001,125,10,0.0,16.66012332167739,11.509827563195687,0.4474694108320534,9.24
2020-12-24,1011010801,食用菌,76.09,666.898,177,15,0.021185438296753845,8.76459455907478,5.823431068471547,0.5050568051757138,9.45
2020-12-25,1011010101,花叶类,159.654,619.9966,254,15,0.0,3.8833765517932526,2.5784130056246632,0.5061111401943306,12.83
2020-12-25,1011010201,花菜类,33.711,253.322,79,2,0.0,7.514520482928422,5.697216338880485,0.3189810665334576,15.51
2020-12-25,1011010402,水生根茎类,65.984,547.548,86,3,0.08439924830261883,8.298193501454898,6.137833262609117,0.3519744096025572,13.65
2020-12-25,1011010501,茄类,10.328,78.19999999999999,25,2,0.0,7.5716498838109985,5.696109604957397,0.3292668872139144,6.68
2020-12-25,1011010504,辣椒类,53.083,883.9124,173,10,0.0,16.651515551118063,11.19624512555809,0.48724106737418804,9.24
2020-12-25,1011010801,食用菌,148.94299999999998,1323.4408,317,16,0.0,8.885552191106667,7.369371101696624,0.2057409063116633,9.45
2020-12-26,1011010101,花叶类,285.224,871.8724,358,15,0.0,3.056798866855524,2.015052870726166,0.5169819667083688,12.83
2020-12-26,1011010201,花菜类,62.717,539.789,129,2,0.0,8.606741393880448,5.849400640974538,0.47138859554105084,15.51
2020-12-26,1011010402,水生根茎类,103.905,876.732,144,4,0.0,8.437823011404648,6.020821904624416,0.4014403922035634,13.65
2020-12-26,1011010501,茄类,16.189999999999998,127.232,33,3,0.0,7.858678196417543,5.355953057442867,0.4672791400769989,6.68
2020-12-26,1011010504,辣椒类,52.907,1056.713,191,9,0.0,19.973028143723894,13.371460109248305,0.49370584667187134,9.24
2020-12-26,1011010801,食用菌,136.159,1102.3458,291,16,0.0030993177094426373,8.096018625283676,6.386893852040629,0.26759874405881634,9.45
2020-12-27,1011010101,花叶类,288.755,850.3522,379,14,0.0,2.944891690187183,1.9884376028120725,0.4810078455680389,12.83
2020-12-27,1011010201,花菜类,51.016000000000005,403.328,95,2,0.0,7.905911870785634,5.8038364434687155,0.3621872269819848,15.51
2020-12-27,1011010402,水生根茎类,93.232,761.976,129,3,0.0,8.172902007894285,5.792980092672044,0.4108286024032388,13.65
2020-12-27,1011010501,茄类,11.874,99.642,24,2,0.0,8.391611925214754,5.92755432036382,0.4156954912055022,6.68
2020-12-27,1011010504,辣椒类,52.745,1010.3044,169,10,0.0,19.154505640345057,13.053790122286475,0.4673520457206488,9.24
2020-12-27,1011010801,食用菌,118.129,1153.7684,290,15,0.007999729109702106,9.767020799295684,7.963270577080987,0.22650871959644991,9.45
2020-12-28,1011010101,花叶类,251.455,724.4486,323,14,0.0,2.8810268238849894,1.8808643296017178,0.5317568516465305,12.83
2020-12-28,1011010201,花菜类,33.949,257.134,70,2,0.0,7.574125894724441,5.585903855783675,0.3559355997296927,15.51
2020-12-28,1011010402,水生根茎类,63.262,515.289,80,3,0.12291739116689324,8.145316303626188,6.062946476557808,0.3434583886101912,13.65
2020-12-28,1011010501,茄类,13.265999999999998,116.472,26,3,0.0,8.779737675260064,6.049181365897784,0.45139269997024245,6.68
2020-12-28,1011010504,辣椒类,45.863,892.2475999999999,131,10,0.0,19.45462791356867,13.63051719250812,0.42728464656218,9.24
2020-12-28,1011010801,食用菌,69.819,681.1419999999999,171,13,0.009868373938326245,9.755825778083329,6.8718858763373865,0.4196722637196997,9.45
2020-12-29,1011010101,花叶类,223.512,647.989,256,15,0.0,2.899123984394574,1.9371061509001755,0.49662628609554926,12.83
2020-12-29,1011010201,花菜类,33.714,273.704,71,2,0.0,8.118407783116806,5.855651658064899,0.38642259771983656,15.51
2020-12-29,1011010402,水生根茎类,54.92399999999999,435.606,72,4,0.05482120748670892,7.931068385405288,6.21084917340325,0.2769700509502857,13.65
2020-12-29,1011010501,茄类,12.741,109.29100000000001,27,3,0.0,8.57789812416608,5.945356722392276,0.4427894783602704,6.68
2020-12-29,1011010504,辣椒类,28.906,598.5573999999999,97,7,0.0,20.707029682418874,14.73524320210337,0.40527233914015537,9.24
2020-12-29,1011010801,食用菌,79.647,759.3048,176,16,0.0,9.533376021695732,6.577331224026014,0.44942921330641306,9.45
2020-12-30,1011010101,花叶类,146.39,554.7568,210,15,0.0,3.789581255550243,2.2558402896372707,0.6798978513499248,12.83
2020-12-30,1011010201,花菜类,33.438,283.356,65,2,0.0,8.47407141575453,5.793924277767808,0.4625789032609322,15.51
2020-12-30,1011010402,水生根茎类,75.742,624.302,101,4,0.012806633043753795,8.242481054104724,6.260285178632726,0.31663028423010564,13.65
2020-12-30,1011010501,茄类,16.318,146.629,32,3,0.0,8.985721289373696,6.036912611839686,0.4884630384993087,6.68
2020-12-30,1011010504,辣椒类,32.167,666.8054,112,9,0.0,20.729486741070037,14.589637827587278,0.4208362802449441,9.24
2020-12-30,1011010801,食用菌,66.631,618.0835,158,16,0.019345349762122734,9.276215275172216,6.557398808362474,0.4146181353713776,9.45
2020-12-31,1011010101,花叶类,179.177,830.7594,287,15,0.0016799031125646706,4.636529242034413,2.8259024316737085,0.6407251680265258,12.83
2020-12-31,1011010201,花菜类,23.092,208.71,48,2,0.0,9.038195045903343,5.83109431837866,0.5499998031958468,15.51
2020-12-31,1011010402,水生根茎类,73.305,533.6569999999999,92,4,0.007980356046654388,7.279953618443487,6.183524725462109,0.17731454820040993,13.65
2020-12-31,1011010501,茄类,20.724999999999998,187.641,43,3,0.0,9.053848009650181,6.627738480096503,0.3660539016195994,6.68
2020-12-31,1011010504,辣椒类,45.583999999999996,1013.3386,150,9,0.005528255528255529,22.23013776763777,15.599748595998596,0.42503179655984313,9.24
2020-12-31,1011010801,食用菌,120.945,1031.806,241,15,0.009458844929513417,8.531200132291538,6.001025920873125,0.4216236098260817,9.45
2021-01-01,1011010101,花叶类,224.797,976.433,354,15,0.0,4.343621133733991,2.722988874406687,0.5951666841387384,12.83
2021-01-01,1011010201,花菜类,55.985,503.328,107,2,0.0,8.990408145038849,5.850312226489238,0.5367398861776609,15.51
2021-01-01,1011010402,水生根茎类,91.56899999999999,628.009,123,3,0.0,6.858314495080214,5.935879609911652,0.15539986417990903,13.65
2021-01-01,1011010501,茄类,18.037,159.249,37,2,0.0,8.829018129400676,6.517621001275156,0.3546381613280829,6.68
2021-01-01,1011010504,辣椒类,67.733,1412.1458,200,10,0.0,20.84871185389692,15.076814255975668,0.38283270589697493,9.24
2021-01-01,1011010801,食用菌,136.338,1247.1206,303,14,0.002039050008068184,9.147270753568337,6.289636638354677,0.4543400961810087,9.45
2021-01-02,1011010101,花叶类,212.911,942.0994000000001,336,15,0.0,4.424850759237428,2.8462140518808328,0.5546444078277954,12.83
2021-01-02,1011010201,花菜类,31.833,275.116,64,2,0.0,8.642477931706091,5.6175044764866655,0.538490617654358,15.51
2021-01-02,1011010402,水生根茎类,102.214,760.113,132,3,0.0687185708415677,7.436486195628779,6.3632364451053665,0.16866413181125184,13.65
2021-01-02,1011010501,茄类,18.302,161.774,38,2,0.0,8.839143263031364,6.583326412413944,0.3426560843715276,6.68
2021-01-02,1011010504,辣椒类,62.422000000000004,1168.5486,185,9,0.0,18.720140335138254,14.99334497452821,0.24856330371517465,9.24
2021-01-02,1011010801,食用菌,115.296,1000.7444,239,14,0.010312586733277824,8.679784207604774,5.9755180578684435,0.4525576064782211,9.45
2021-01-03,1011010101,花叶类,224.88,934.1736000000001,338,15,0.05889363215937389,4.1540981856990395,2.675455220562078,0.5526696742195216,12.83
2021-01-03,1011010201,花菜类,50.09,464.002,101,2,0.0,9.263365941305649,6.209128368935915,0.4918947380199117,15.51
2021-01-03,1011010402,水生根茎类,76.505,537.532,117,3,0.06079341219528136,7.026102869093524,6.054975230377099,0.16038507207170594,13.65
2021-01-03,1011010501,茄类,13.385,119.074,31,2,0.0,8.896077698916697,6.761253642136721,0.3157438205654004,6.68
2021-01-03,1011010504,辣椒类,73.797,1266.7623999999998,213,9,0.0,17.165499952572596,13.477831754678373,0.2736098999465677,9.24
2021-01-03,1011010801,食用菌,103.871,978.1916000000001,234,16,0.01123508967854358,9.4173696219349,6.477912603132732,0.453766081589406,9.45
2021-01-04,1011010101,花叶类,177.80100000000002,707.2598,277,15,0.0,3.977816772684068,2.6079786952829287,0.5252489523318484,12.83
2021-01-04,1011010201,花菜类,24.728,223.92399999999998,52,2,0.0,9.055483662245226,6.213264315755419,0.45744381729948125,15.51
2021-01-04,1011010402,水生根茎类,68.24799999999999,617.937,102,4,0.0,9.054287305122497,6.832575313562303,0.3251646545556859,13.65
2021-01-04,1011010501,茄类,9.866999999999999,87.901,23,2,0.0,8.908584169453736,6.436588628762541,0.3840536786279669,6.68
2021-01-04,1011010504,辣椒类,58.505,989.1726000000001,172,8,0.0,16.90748824886762,12.902534997008804,0.3104004951575241,9.24
2021-01-04,1011010801,食用菌,95.499,838.3734000000001,203,15,0.008492235520790793,8.77887098294223,5.892545576393471,0.48982657310481637,9.45
2021-01-05,1011010101,花叶类,154.654,709.0252,250,14,0.0,4.5845901172940895,2.9018770933826477,0.5798705354367522,12.83
2021-01-05,1011010201,花菜类,49.049,429.084,107,2,0.08148993863279577,8.74806825827234,6.052827172827174,0.44528631141904307,15.51
2021-01-05,1011010402,水生根茎类,89.144,777.9870000000001,112,4,0.0,8.727306380687427,6.308316431840617,0.3834604644493089,13.65
2021-01-05,1011010501,茄类,14.439,128.98600000000002,34,2,0.0,8.933167116836348,6.483092319412703,0.37791761658047696,6.68
2021-01-05,1011010504,辣椒类,37.556000000000004,728.413,119,10,0.0,19.39538289487698,13.347983544573436,0.453057147554103,9.24
2021-01-05,1011010801,食用菌,83.705,757.7944,203,15,0.007693686159727616,9.053155725464428,6.368654321725106,0.42151783848305313,9.45
2021-01-06,1011010101,花叶类,176.82399999999998,721.8798,268,15,0.0,4.082476360675022,2.6996931412025518,0.5122001454048675,12.83
2021-01-06,1011010201,花菜类,51.711,439.13,110,2,0.20165922144224635,8.492003635590107,6.188554852932644,0.37221109570773225,15.51
2021-01-06,1011010402,水生根茎类,49.852,436.277,64,4,0.0,8.75144427505416,6.521008184225306,0.3420385357320064,13.65
2021-01-06,1011010501,茄类,13.689,133.28199999999998,29,2,0.0,9.736430710789683,6.506819343998831,0.49634255940569294,6.68
2021-01-06,1011010504,辣椒类,44.528,832.8802000000001,150,10,0.0,18.70463977721883,14.093817822493712,0.32715208985930366,9.24
2021-01-06,1011010801,食用菌,81.462,760.2542,217,15,0.01209152733789988,9.332623800054012,6.675159092583044,0.39811256490107505,9.45
2021-01-07,1011010101,花叶类,161.628,756.4826,251,15,0.0,4.680393248694534,3.0686233820872624,0.5252419948357929,12.83
2021-01-07,1011010201,花菜类,42.427,379.626,85,2,0.0,8.947745539397081,6.114538619275462,0.4633557978013618,15.51
2021-01-07,1011010402,水生根茎类,54.723,502.225,71,3,0.0,9.177585293203956,7.034699486504761,0.30461653846195813,13.65
2021-01-07,1011010501,茄类,12.56,123.068,25,2,0.0,9.798407643312101,6.685622611464969,0.465593888968413,6.68
2021-01-07,1011010504,辣椒类,50.183,889.2625999999999,150,10,0.35003885778052324,17.720395353007987,14.419242970727138,0.2289407556958849,9.24
2021-01-07,1011010801,食用菌,96.002,935.4934,230,14,0.01956209245640716,9.744519905835295,7.064873335972167,0.37929152334822347,9.45
2021-01-08,1011010101,花叶类,234.462,1025.355,330,15,0.0,4.373224659006577,2.8126037481553516,0.5548669669073576,12.83
2021-01-08,1011010201,花菜类,29.703000000000003,287.149,67,2,0.0,9.667339999326666,6.227390499276167,0.5523902026780458,15.51
2021-01-08,1011010402,水生根茎类,53.903999999999996,455.226,70,3,0.0,8.445124666073019,6.797337859899081,0.24241649306488977,13.65
2021-01-08,1011010501,茄类,12.049,119.387,30,2,0.0,9.908457133372064,7.191351979417379,0.37782953215631876,6.68
2021-01-08,1011010504,辣椒类,37.342,725.6312,127,10,0.2898612822023459,19.43203899094853,14.960983610947459,0.29884768918063975,9.24
2021-01-08,1011010801,食用菌,90.415,808.26,194,15,0.0,8.939445888403473,6.072679865066638,0.4720759346838015,9.45
2021-01-09,1011010101,花叶类,233.427,1205.1096,387,14,0.0,5.162682980117982,3.5639624379356283,0.44857951508276517,12.83
2021-01-09,1011010201,花菜类,47.188,525.928,108,2,0.0,11.145375943036365,7.0285479359159115,0.5857295197608945,15.51
2021-01-09,1011010402,水生根茎类,90.49000000000001,810.582,111,3,0.0,8.957696983092053,7.061444137473754,0.26853612500525803,13.65
2021-01-09,1011010501,茄类,17.965,179.004,43,2,0.0,9.964041191205121,7.175154467019204,0.3886866459816458,6.68
2021-01-09,1011010504,辣椒类,78.498,1389.4342,235,9,0.32153685444215135,17.700249687890135,13.92800810211725,0.27083855481096775,9.24
2021-01-09,1011010801,食用菌,129.833,1199.151,283,15,0.0,9.236103301934024,6.259101384085709,0.4756276876130481,9.45
2021-01-10,1011010101,花叶类,250.64499999999998,1093.6132,368,14,0.0,4.363195754952224,2.8800871351912067,0.5149526907152253,12.83
2021-01-10,1011010201,花菜类,57.696,649.778,117,2,0.0,11.262097892401554,7.435303487243483,0.5146789787025616,15.51
2021-01-10,1011010402,水生根茎类,79.56299999999999,727.418,98,3,0.0,9.142666817490543,6.9185752171235375,0.32146670818326273,13.65
2021-01-10,1011010501,茄类,23.755,235.033,52,2,0.0,9.89404335929278,6.692720269416965,0.4783291338956108,6.68
2021-01-10,1011010504,辣椒类,68.365,1300.1862,214,10,0.0,19.018301762597822,14.06760886418489,0.35192142077656396,9.24
2021-01-10,1011010801,食用菌,137.986,1401.8242,299,16,0.0,10.159177017958344,6.7370593393532685,0.5079542135862478,9.45
2021-01-11,1011010101,花叶类,182.204,778.0854,261,14,0.0,4.270407894447981,2.892505762771399,0.4763697101008959,12.83
2021-01-11,1011010201,花菜类,28.862000000000002,339.026,63,2,0.0,11.74644861755942,7.169410297276696,0.6384121051101392,15.51
2021-01-11,1011010402,水生根茎类,47.911,407.988,57,3,0.0,8.51553922898708,6.953743399219386,0.22459785184811665,13.65
2021-01-11,1011010501,茄类,15.841000000000001,156.628,32,2,0.0,9.887507101824378,6.861136291900764,0.4410888635889796,6.68
2021-01-11,1011010504,辣椒类,46.768,922.2998,149,10,0.0,19.720744953814574,14.760619654464591,0.33603774200967984,9.24
2021-01-11,1011010801,食用菌,81.67,782.5884,172,14,0.0,9.58232398677605,6.371628015183053,0.5039051187455039,9.45
2021-01-12,1011010101,花叶类,173.449,741.7302,229,12,0.004917872112263547,4.276359045021879,2.7308773184048336,0.5659286545760305,12.83
2021-01-12,1011010201,花菜类,18.847,235.887,45,2,0.0,12.51589112325569,7.574398578023027,0.6523940474390018,15.51
2021-01-12,1011010402,水生根茎类,55.595,526.5020000000001,68,3,0.0,9.47031207842432,6.777878406331505,0.39723841454247655,13.65
2021-01-12,1011010501,茄类,6.304,63.04,17,1,0.0,10.0,7.04,0.4204545454545454,6.68
2021-01-12,1011010504,辣椒类,35.595,746.7238,116,8,0.0,20.97833403567917,14.771062789717657,0.4202318637682916,9.24
2021-01-12,1011010801,食用菌,73.283,755.002,167,15,0.0,10.302553116002347,6.808620007368694,0.5131631820915707,9.45
2021-01-13,1011010101,花叶类,172.101,816.0732,261,14,0.0,4.741827182875173,2.954993172613756,0.604682957247215,12.83
2021-01-13,1011010201,花菜类,25.301,305.3544,64,2,0.057428560135963015,12.068866843207779,8.129477095766966,0.4845809516447326,15.51
2021-01-13,1011010402,水生根茎类,40.616,395.36,56,3,0.0,9.734094937955486,6.936293578885169,0.40335682555120345,13.65
2021-01-13,1011010504,辣椒类,37.065000000000005,749.0260000000001,106,10,0.0,20.208444624308648,14.473567246728717,0.39623109353888664,9.24
2021-01-13,1011010801,食用菌,76.684,779.543,178,13,0.0,10.165653852172552,6.884439648427312,0.4766131117867818,9.45
2021-01-14,1011010101,花叶类,148.94699999999997,761.967,218,13,0.0,5.115692158955871,3.449967505219978,0.4828232878180927,12.83
2021-01-14,1011010201,花菜类,34.119,408.191,68,2,0.08889475072540226,11.963744541164747,8.606555584864738,0.39007346472076154,15.51
2021-01-14,1011010402,水生根茎类,43.510000000000005,400.16499999999996,55,3,0.0,9.197081130774533,6.949415076993794,0.32343240817801955,13.65
2021-01-14,1011010501,茄类,18.643,171.174,35,2,0.0,9.181676768760394,6.459068283001662,0.4215172167979433,6.68
2021-01-14,1011010504,辣椒类,39.296,828.259,121,10,0.0,21.077437907166125,15.379860800081435,0.37045700095377465,9.24
2021-01-14,1011010801,食用菌,75.963,812.038,167,14,0.0,10.68991482695523,7.311942129721048,0.4619802286869372,9.45
2021-01-15,1011010101,花叶类,171.21300000000002,899.3304,254,13,0.0,5.252699269331184,3.4284328292828223,0.5320992216814033,12.83
2021-01-15,1011010201,花菜类,30.979,385.207,70,2,0.021046515381387392,12.43445559895413,8.17898124535976,0.5202939370974422,15.51
2021-01-15,1011010402,水生根茎类,51.428,466.595,60,3,0.0,9.07278136423738,6.870525783619819,0.3205366881626457,13.65
2021-01-15,1011010501,茄类,14.644,135.712,33,2,0.0,9.267413275061458,6.478134389511062,0.43056823428464197,6.68
2021-01-15,1011010504,辣椒类,39.211,755.986,126,9,0.0,19.279946953660964,14.605125092448548,0.32008091896655455,9.24
2021-01-15,1011010801,食用菌,101.383,1069.2340000000002,219,15,0.0,10.546482151840054,7.0300759496167995,0.5001946248411342,9.45
2021-01-16,1011010101,花叶类,252.825,1387.805,392,13,0.0,5.489192128942945,3.6396745179471965,0.5081546720388861,12.83
2021-01-16,1011010201,花菜类,45.807,570.161,101,2,0.0,12.447027746850916,8.216433296221101,0.5148942732335633,15.51
2021-01-16,1011010402,水生根茎类,82.624,755.797,98,3,0.0,9.14742689775368,6.924633520526725,0.3209979807072705,13.65
2021-01-16,1011010501,茄类,20.109,183.423,47,2,0.0,9.121438162017007,6.101648515590035,0.4949137333478404,6.68
2021-01-16,1011010504,辣椒类,76.17399999999999,1452.2697999999998,228,10,0.0,19.0651639667078,14.668483865886,0.2997365059007231,9.24
2021-01-16,1011010801,食用菌,150.01500000000001,1398.2766000000001,323,15,0.0,9.32091190880912,6.227450921574508,0.49674594407762585,9.45
2021-01-17,1011010101,花叶类,228.99099999999999,1196.0910000000001,354,14,0.0,5.223310086422611,3.445133040163151,0.5161417644919892,12.83
2021-01-17,1011010201,花菜类,45.21,601.6602,93,3,0.0,13.308122096881222,8.317481751824818,0.6000181898759778,15.51
2021-01-17,1011010402,水生根茎类,67.482,660.164,74,3,0.0,9.782816158382976,7.086455054681249,0.38049505470588363,13.65
2021-01-17,1011010501,茄类,24.613,227.12699999999998,52,2,0.0,9.227928330557022,6.022711981473205,0.5321882166943328,6.68
2021-01-17,1011010504,辣椒类,74.534,1643.2842,235,10,0.0,22.04744411946226,14.704038022915714,0.49941424832431136,9.24
2021-01-17,1011010801,食用菌,141.492,1245.6994,295,16,0.0,8.804027082803268,5.791854733836542,0.5200704243097365,9.45
2021-01-18,1011010101,花叶类,167.119,1106.7738,302,16,0.0,6.622668876668721,4.181969315278335,0.5836244547451785,12.83
2021-01-18,1011010201,花菜类,33.17,424.442,72,2,0.20397949954778413,12.795960205004521,8.480508290624057,0.5088671299515823,15.51
2021-01-18,1011010402,水生根茎类,48.095,458.298,58,3,0.0,9.529015490175695,6.732391724711509,0.41539825366950467,13.65
2021-01-18,1011010501,茄类,10.266,103.83600000000001,25,2,0.0,10.114552893045005,6.023500876680304,0.6791817748716553,6.68
2021-01-18,1011010504,辣椒类,48.166,1024.5664000000002,149,10,0.0,21.271569156666533,15.086509155836067,0.4099729060541375,9.24
2021-01-18,1011010801,食用菌,72.532,711.6726,167,15,0.0,9.811843048585452,6.50287707494623,0.508846459113881,9.45
2021-01-19,1011010101,花叶类,216.055,1039.964,278,15,0.0,4.813422508157645,3.24005207007475,0.4856003558136015,12.83
2021-01-19,1011010201,花菜类,33.818,419.34000000000003,71,3,0.14610562422378615,12.399905375835356,8.133678514400616,0.5245138289989477,15.51
2021-01-19,1011010402,水生根茎类,42.265,403.182,60,3,0.0,9.539382467762925,6.735963563231988,0.4161867679678817,13.65
2021-01-19,1011010501,茄类,9.304,94.225,22,2,0.0,10.127364574376612,6.267553740326741,0.6158400859357691,6.68
2021-01-19,1011010504,辣椒类,50.827,1120.5839999999998,155,9,0.0,22.0470222519527,15.836114663466269,0.3921989528665717,9.24
2021-01-19,1011010801,食用菌,74.431,633.9358,165,16,0.0,8.517093684083244,5.595376254517607,0.5221663917965651,9.45
2021-01-20,1011010101,花叶类,197.824,1148.1551,329,15,0.0023809042381106437,5.803922173244904,4.115657756389518,0.41020524950947923,12.83
2021-01-20,1011010201,花菜类,33.626999999999995,436.85,75,3,0.0,12.99104885954739,8.47318196687186,0.5331960189618639,15.51
2021-01-20,1011010402,水生根茎类,44.546,431.904,62,3,0.0,9.695685358954789,6.853189062991066,0.41476986404970395,13.65
2021-01-20,1011010501,茄类,19.320999999999998,196.406,38,2,0.0,10.165415868743855,6.342032503493608,0.6028640444753439,6.68
2021-01-20,1011010504,辣椒类,51.05799999999999,1132.4638,150,9,0.0,22.179948294096913,16.344882486583884,0.35699649797436805,9.24
2021-01-20,1011010801,食用菌,90.131,844.8264,216,16,0.0,9.373316616924255,6.162356680831234,0.5210603836160774,9.45
2021-01-21,1011010101,花叶类,219.93,1127.933,320,15,0.0,5.128600009093803,3.528852589460283,0.45333359189089606,12.83
2021-01-21,1011010201,花菜类,27.553,358.74199999999996,66,3,0.0,13.020070409755741,8.4754251805611,0.5362144237457325,15.51
2021-01-21,1011010402,水生根茎类,48.089,463.74600000000004,63,3,0.0,9.643494354218221,6.84792280979018,0.4082364276114989,13.65
2021-01-21,1011010501,茄类,23.411,240.78500000000003,44,2,0.0,10.285122378369143,6.517849301610354,0.5779932769890854,6.68
2021-01-21,1011010504,辣椒类,57.724,1358.3964,175,10,0.0,23.53261035271291,16.890340239761628,0.3932585145510974,9.24
2021-01-21,1011010801,食用菌,63.013,584.0122,142,16,0.0,9.268122450922826,6.037799184295304,0.535016678764308,9.45
2021-01-22,1011010101,花叶类,218.136,1295.8024,345,16,0.0,5.940341805112407,4.058457521912935,0.4636944634848501,12.83
2021-01-22,1011010201,花菜类,32.636,421.646,68,2,0.0,12.919659271969604,8.444205785022675,0.5300028920286328,15.51
2021-01-22,1011010402,水生根茎类,48.728,466.808,64,3,0.0,9.579871942209817,6.830759317025119,0.402460765720841,13.65
2021-01-22,1011010501,茄类,12.332999999999998,112.76299999999999,28,2,0.0,9.143193059271873,6.315246898564827,0.4477966113010896,6.68
2021-01-22,1011010504,辣椒类,54.45,1152.1048,161,8,0.20620752984389346,21.158949494949496,16.579528374655645,0.27620937199240236,9.24
2021-01-22,1011010801,食用菌,88.79599999999999,883.9342,187,15,0.0,9.954662372178928,6.5330798684625435,0.523731926228785,9.45
2021-01-23,1011010101,花叶类,214.815,1125.9848,354,15,0.0,5.241648860647533,3.496408863440635,0.4991521487820214,12.83
2021-01-23,1011010201,花菜类,48.218,604.2439999999999,110,3,0.0,12.531502758306024,8.253360155958354,0.518351619401844,15.51
2021-01-23,1011010402,水生根茎类,66.893,659.236,90,3,0.0,9.85508199662147,7.125810772427608,0.3830120264706467,13.65
2021-01-23,1011010501,茄类,20.333000000000002,189.317,43,2,0.0,9.31082476761914,6.7509536221905275,0.3791865992108525,6.68
2021-01-23,1011010504,辣椒类,87.03800000000001,1737.4954,222,8,0.46706036443852106,19.96249224476665,17.176603667363675,0.1621908865893138,9.24
2021-01-23,1011010801,食用菌,117.521,1200.526,251,16,0.0,10.215416819121689,6.695355808749074,0.5257466684254208,9.45
2021-01-24,1011010101,花叶类,350.342,1945.479,535,16,0.0,5.553085270963802,3.8002959679398987,0.4612244198375086,12.83
2021-01-24,1011010201,花菜类,56.086,727.4839999999999,124,3,0.0,12.970866169810646,8.44111382519702,0.5366296958456072,15.51
2021-01-24,1011010402,水生根茎类,88.664,864.742,116,3,0.0,9.753022647297662,7.059568483262654,0.38153240816642664,13.65
2021-01-24,1011010501,茄类,23.807,219.601,53,2,0.0,9.224219767295335,6.501528121980931,0.4187771850296689,6.68
2021-01-24,1011010504,辣椒类,99.11500000000001,1912.9852,277,8,0.21725268627352065,19.30066286636735,15.696242849215558,0.2296358467295203,9.24
2021-01-24,1011010801,食用菌,127.934,1285.3666,272,16,0.0,10.04710710209952,6.5321486078759365,0.5381014280638887,9.45
2021-01-25,1011010101,花叶类,224.149,1167.54,354,16,0.0,5.208767382410807,3.5750642652878217,0.4569716782395963,12.83
2021-01-25,1011010201,花菜类,34.554,408.48519999999996,78,2,0.0,11.821647276726281,8.438447647160965,0.40092677836350177,15.51
2021-01-25,1011010402,水生根茎类,86.892,853.7919999999999,103,3,0.0,9.825898816922155,7.121688302720618,0.3797148090809419,13.65
2021-01-25,1011010501,茄类,20.041,189.411,43,2,0.0,9.45117509106332,6.6894935382465945,0.4128386606589949,6.68
2021-01-25,1011010504,辣椒类,68.68100000000001,1389.4488000000001,200,8,0.0,20.23046839737336,14.253823619341594,0.4193011600004517,9.24
2021-01-25,1011010801,食用菌,79.116,888.5816,197,15,0.0,11.23137671267506,7.522055968451388,0.4931259166085853,9.45
2021-01-26,1011010101,花叶类,215.643,1146.6654,340,17,0.0,5.317424632378515,3.4677326414490617,0.5334009804621276,12.83
2021-01-26,1011010201,花菜类,36.857,436.5836,78,3,0.0,11.845337385028625,7.596152426947391,0.5593864787398457,15.51
2021-01-26,1011010402,水生根茎类,59.222,567.5600000000001,79,3,0.0,9.583600688933167,6.780392421735166,0.4134286178204172,13.65
2021-01-26,1011010501,茄类,16.078,152.34,36,2,0.0,9.475059086951115,6.914687150143053,0.3702802283332647,6.68
2021-01-26,1011010504,辣椒类,57.95400000000001,1212.6492,167,8,0.0,20.924339993788177,14.461040652931636,0.4469456587514853,9.24
2021-01-26,1011010801,食用菌,101.36200000000001,944.9025,216,15,0.0024960044198022928,9.322058562380379,7.427020481048125,0.25515455170319123,9.45
2021-01-27,1011010101,花叶类,208.029,1220.949,347,15,0.0,5.869128823385202,3.7729640578957735,0.5555750686526508,12.83
2021-01-27,1011010201,花菜类,50.986000000000004,539.164,113,3,0.0,10.574746008708273,7.510519750519751,0.407991238952067,15.51
2021-01-27,1011010402,水生根茎类,50.075,491.67999999999995,65,3,0.0,9.818871692461306,6.98701647528707,0.40530249602107693,13.65
2021-01-27,1011010501,茄类,11.937000000000001,114.04500000000002,27,2,0.0,9.553908017089721,7.077250565468711,0.3499462720318405,6.68
2021-01-27,1011010504,辣椒类,105.094,1750.9002,268,8,0.0,16.660325042343047,12.103450530001712,0.3764938354600511,9.24
2021-01-27,1011010801,食用菌,108.756,1086.4284,241,14,0.0,9.98959505682445,7.461664551840817,0.3387890848510451,9.45
2021-01-28,1011010101,花叶类,160.384,989.4408,266,14,0.0,6.169198922585794,3.898733664205906,0.582359672122496,12.83
2021-01-28,1011010201,花菜类,47.788,527.25,104,2,0.0,11.033104545074078,7.022517159119444,0.5711039638751871,15.51
2021-01-28,1011010402,水生根茎类,58.18,578.4960000000001,74,3,0.0,9.943210725335168,7.102864214506703,0.3998874855339929,13.65
2021-01-28,1011010501,茄类,17.791999999999998,185.162,36,2,0.0,10.407036870503598,6.918292491007194,0.5042782426489312,6.68
2021-01-28,1011010504,辣椒类,70.075,1345.6932,191,8,0.0,19.203613271494824,12.464012986086336,0.5407247483560831,9.24
2021-01-28,1011010801,食用菌,80.927,838.7324000000001,180,17,0.0,10.364061438086177,6.846893867312516,0.5136880516820672,9.45
2021-01-29,1011010101,花叶类,151.96200000000002,838.3594,240,16,0.0,5.516901593819507,3.623128150458667,0.5226901629524474,12.83
2021-01-29,1011010201,花菜类,56.58800000000001,567.098,121,3,0.0,10.021523998020779,6.953659079663533,0.4411871337393336,15.51
2021-01-29,1011010402,水生根茎类,48.372,465.074,61,3,0.0,9.614529066402051,6.82714504258662,0.40827959658512936,13.65
2021-01-29,1011010501,茄类,15.072,154.728,26,2,0.0,10.265923566878982,6.993598726114651,0.467902859302638,6.68
2021-01-29,1011010504,辣椒类,66.029,1214.8758,185,8,0.0,18.39912462705781,12.478986505929214,0.4744085682211232,9.24
2021-01-29,1011010801,食用菌,69.324,811.3958,165,15,0.0,11.70439963071952,7.870530552189718,0.4871169806288538,9.45
2021-01-30,1011010101,花叶类,236.777,1240.2452,389,15,0.17266879806737986,5.2380307208892765,3.3383317214087516,0.5690563904412909,12.83
2021-01-30,1011010201,花菜类,63.123999999999995,631.24,126,2,0.0,10.000000000000002,6.582023160762943,0.5192897010166204,15.51
2021-01-30,1011010402,水生根茎类,39.938,390.78600000000006,55,3,0.0,9.78481646552156,6.9169898342430765,0.4146061653988695,13.65
2021-01-30,1011010501,茄类,23.084,279.616,50,3,0.0,12.11297868653613,8.184591058741987,0.47997359912053517,6.68
2021-01-30,1011010504,辣椒类,91.796,1691.7538,260,11,0.0,18.429493659854458,12.138385441631442,0.5182821264388411,9.24
2021-01-30,1011010801,食用菌,94.904,1033.2052,225,17,0.0,10.886845654556184,7.251620795751497,0.5012982560994441,9.45
2021-01-31,1011010101,花叶类,249.269,1405.8184,421,15,0.0,5.639764270727608,3.7647656948918637,0.4980385840159438,12.83
2021-01-31,1011010201,花菜类,37.907,379.07,84,2,0.0,10.0,6.46076291977735,0.547804821840548,15.51
2021-01-31,1011010402,水生根茎类,47.573,455.30400000000003,60,3,0.0,9.570638807727073,6.783744771193743,0.4108194117749684,13.65
2021-01-31,1011010501,茄类,24.61,276.77,53,3,0.0,11.246241365298658,7.959776919951239,0.412883988885401,6.68
2021-01-31,1011010504,辣椒类,84.451,1562.9996,239,9,0.0,18.507769002143256,12.06075250737114,0.5345451281611084,9.24
2021-01-31,1011010801,食用菌,104.054,1160.3586,232,16,0.004007534549368597,11.151504026755338,7.51204499586753,0.48448312448739594,9.45
2021-02-01,1011010101,花叶类,181.62099999999998,914.8342,295,15,0.0,5.037050781572616,3.1412157184466554,0.6035354566681779,12.83
2021-02-01,1011010201,花菜类,25.144,251.44,51,2,0.0,10.0,6.544405027044227,0.5280227856735342,15.51
2021-02-01,1011010402,水生根茎类,50.34,467.501,62,3,0.0,9.286869288835915,7.116169249106078,0.3050377195571221,13.65
2021-02-01,1011010501,茄类,13.663999999999998,174.774,30,4,0.0,12.79083723653396,8.419655298594849,0.5191640017220913,6.68
2021-02-01,1011010504,辣椒类,71.64,1241.2154,193,9,0.0,17.32573143495254,13.075519821328868,0.3250510627264471,9.24
2021-02-01,1011010801,食用菌,69.564,798.2628,170,15,0.0273129779771146,11.475228566499915,7.84480521534127,0.4627805600652777,9.45
2021-02-02,1011010101,花叶类,193.791,923.6397999999999,305,17,0.0,4.76616457936643,3.012321986057144,0.5822228172908259,12.83
2021-02-02,1011010201,花菜类,41.328,413.28,93,2,0.0,9.999999999999998,6.5272977158343,0.5320275610749934,15.51
2021-02-02,1011010402,水生根茎类,47.32300000000001,427.89,55,3,0.0,9.041903514147453,7.039885045326796,0.284382267030004,13.65
2021-02-02,1011010501,茄类,24.133000000000003,323.99,51,4,0.0,13.425185430737992,8.922949073882236,0.5045682004432759,6.68
2021-02-02,1011010504,辣椒类,92.145,1498.7264,239,9,0.0,16.264869499158934,12.54417353084812,0.2966075014157792,9.24
2021-02-02,1011010801,食用菌,88.048,866.5928,197,14,0.0,9.84227693985099,6.590377748500818,0.49343138063518666,9.45
2021-02-03,1011010101,花叶类,223.102,980.756,323,15,0.011501465697304371,4.395998242956137,2.957307823327447,0.4864865294982825,12.83
2021-02-03,1011010201,花菜类,84.61500000000001,697.917,171,2,0.0,8.248147491579507,6.009481297642262,0.37252236641714065,15.51
2021-02-03,1011010402,水生根茎类,36.091,326.48199999999997,49,3,0.0,9.046077969576901,7.090501232994375,0.2758023265665057,13.65
2021-02-03,1011010501,茄类,14.938,194.198,33,4,0.0,13.00026777346365,8.638833846565804,0.5048637355876044,6.68
2021-02-03,1011010504,辣椒类,79.053,1370.2105999999999,233,10,0.0,17.332809634042984,13.50811860397455,0.2831401723807103,9.24
2021-02-03,1011010801,食用菌,91.564,973.4816,202,14,0.0175833296928924,10.631706784325718,7.3198738587217695,0.452443988725002,9.45
2021-02-04,1011010101,花叶类,197.832,1015.6080000000001,299,15,0.0,5.133689190828583,3.371576034210846,0.5226378224123838,12.83
2021-02-04,1011010201,花菜类,69.983,580.8679999999999,142,2,0.0,8.300130031579096,5.190931083263078,0.5989674874206845,15.51
2021-02-04,1011010402,水生根茎类,61.4,550.876,74,3,0.0,8.971921824104234,6.961757003257329,0.288743893230742,13.65
2021-02-04,1011010501,茄类,27.716,342.54,51,4,0.0,12.358926251984414,8.58019339009958,0.44040182896634894,6.68
2021-02-04,1011010504,辣椒类,96.194,1677.4798,252,9,0.0,17.438507599226565,12.235466141339375,0.4252426019396127,9.24
2021-02-04,1011010801,食用菌,111.069,1187.9912000000002,232,16,0.0,10.695974574363685,7.027350205727971,0.5220494583641826,9.45
2021-02-05,1011010101,花叶类,194.292,1055.124,324,19,0.0,5.430609597924773,3.5499901179667717,0.5297534408448188,12.83
2021-02-05,1011010201,花菜类,58.169,482.49199999999996,113,2,0.0,8.294658666987571,5.12624335986522,0.6180774272108798,15.51
2021-02-05,1011010402,水生根茎类,56.39,545.336,69,3,0.0,9.670792693740024,7.067761659868772,0.368296379977191,13.65
2021-02-05,1011010501,茄类,25.906,336.963,47,5,0.0,13.00714120281016,8.70024357291747,0.4950318452347018,6.68
2021-02-05,1011010504,辣椒类,124.448,2152.8444,310,8,0.0,17.299148238621754,12.019047071869375,0.4393111313383966,9.24
2021-02-05,1011010801,食用菌,95.222,1139.6712,217,12,0.0,11.968570288378737,7.800419230850014,0.5343496207285923,9.45
2021-02-06,1011010101,花叶类,212.817,1042.609,332,19,0.0,4.899087009026534,3.1796646414525154,0.5407558851201875,12.83
2021-02-06,1011010201,花菜类,75.497,631.751,151,2,0.0,8.36789541306277,5.07123660542803,0.6500700054314446,15.51
2021-02-06,1011010402,水生根茎类,55.471999999999994,552.268,67,3,0.0,9.955797519469284,7.391952696856071,0.3468426987775046,13.65
2021-02-06,1011010501,茄类,39.051,474.40799999999996,78,5,0.0,12.148421295229314,8.208082763565594,0.4800558967502462,6.68
2021-02-06,1011010504,辣椒类,194.842,2739.1974,431,8,0.0,14.05855718992825,10.63994841974523,0.32129937433144784,9.24
2021-02-06,1011010801,食用菌,119.696,1280.115,249,14,0.0,10.694718286325358,6.957411191685604,0.5371692130409069,9.45
2021-02-07,1011010101,花叶类,193.778,893.12,279,18,0.0,4.6089855401541975,3.0301853667599006,0.5210242880561684,12.83
2021-02-07,1011010201,花菜类,53.682,463.148,112,2,0.0,8.627621921686972,5.06966767259044,0.7018121263318486,15.51
2021-02-07,1011010402,水生根茎类,101.527,1108.601,99,3,0.0,10.9192727057827,7.774291075280467,0.4045361306964923,13.65
2021-02-07,1011010501,茄类,43.635000000000005,579.03,73,5,0.0,13.269852182880713,9.113318895382147,0.4560943532443207,6.68
2021-02-07,1011010504,辣椒类,159.904,2691.2367999999997,365,8,0.0,16.83032819691815,10.753174592255354,0.5651497195107089,9.24
2021-02-07,1011010801,食用菌,147.812,1539.4088000000002,299,15,0.0,10.414640218656132,6.75091237517928,0.5427011402113713,9.45
2021-02-08,1011010101,花叶类,234.405,1232.6736,344,20,0.0,5.258734242017022,3.20128734455323,0.6426936029233352,12.83
2021-02-08,1011010201,花菜类,122.215,961.794,213,2,0.0,7.86968866342102,4.8325212944401255,0.6284850461963185,15.51
2021-02-08,1011010402,水生根茎类,124.55000000000001,1386.6640000000002,118,3,0.0,11.133392211963068,7.964312484945805,0.397910018348411,13.65
2021-02-08,1011010501,茄类,58.326,775.564,93,5,0.0,13.297054486849774,8.851017213592565,0.5023193567434714,6.68
2021-02-08,1011010504,辣椒类,289.227,4716.9014,559,8,0.0,16.30864822440505,11.11123619164186,0.46776181723801447,9.24
2021-02-08,1011010801,食用菌,240.205,2369.981,420,13,0.0,9.866493203721822,6.508375429320788,0.5159686638961278,9.45
2021-02-09,1011010101,花叶类,282.558,1807.8899999999999,419,18,0.0,6.398296986813326,3.666089050743564,0.7452650217308852,12.83
2021-02-09,1011010201,花菜类,139.056,1149.585,235,3,0.0,8.26706506731101,4.466992218962144,0.8507005748113372,15.51
2021-02-09,1011010402,水生根茎类,211.43099999999998,2786.782,203,3,0.0,13.180574277187358,8.050037127951908,0.6373308678814456,13.65
2021-02-09,1011010501,茄类,87.912,1080.738,135,2,0.0,12.293407043407043,8.691692601692601,0.4143858517284713,6.68
2021-02-09,1011010504,辣椒类,423.696,8576.8816,912,9,0.0,20.243008194554587,12.575596300177484,0.6097056323499261,9.24
2021-02-09,1011010801,食用菌,326.993,3373.5314000000003,597,14,0.0,10.316830635518192,6.960139299618035,0.4822735855422273,9.45
2021-02-10,1011010101,花叶类,503.976,3640.7219999999998,768,17,0.0,7.2239987618458015,3.921421952632665,0.8421885859530971,12.83
2021-02-10,1011010201,花菜类,167.055,1508.258,259,2,0.0,9.028511568046452,4.945079704289007,0.8257565313286597,15.51
2021-02-10,1011010402,水生根茎类,296.79200000000003,4272.252,296,4,0.0,14.394768053047251,8.875297986468636,0.6218912395948453,13.65
2021-02-10,1011010501,茄类,118.93100000000001,1433.7474000000002,188,3,0.0,12.055287519654254,8.705136255475864,0.3848476538286252,6.68
2021-02-10,1011010504,辣椒类,505.888,12406.8506,1322,13,0.0,24.52489602441647,14.233708350464925,0.7230152129410041,9.24
2021-02-10,1011010801,食用菌,511.136,5487.0608,913,15,0.0,10.735030989795279,6.6409874280035055,0.6164811492532181,9.45
2021-02-13,1011010101,花叶类,243.48499999999999,1814.1526,382,13,0.0,7.450777665975317,3.9357934164322237,0.8930814902194253,12.83
2021-02-13,1011010201,花菜类,22.759,182.072,39,1,0.0,8.0,4.2,0.9047619047619047,15.51
2021-02-13,1011010402,水生根茎类,50.0,645.0,50,1,0.0,12.9,8.5,0.5176470588235293,13.65
2021-02-13,1011010501,茄类,28.967,347.604,51,1,0.0,12.0,8.839999999999998,0.3574660633484166,6.68
2021-02-13,1011010504,辣椒类,104.485,2624.4228,335,11,0.0,25.117699191271473,14.84288778293535,0.6922380306714253,9.24
2021-02-13,1011010801,食用菌,74.519,923.1536000000001,182,8,0.18689193360082662,12.388164092379125,8.00250379097948,0.5480360167205687,9.45
2021-02-14,1011010101,花叶类,195.74,1281.958,323,15,0.38684990293246146,6.549289874323081,3.8784816593440277,0.6886221077118027,12.83
2021-02-14,1011010201,花菜类,16.607,138.567,31,2,0.29595953513578616,8.343891130246282,5.358129704341542,0.5572394829273097,15.51
2021-02-14,1011010402,水生根茎类,65.073,927.0640000000001,80,3,0.4638175587417209,14.246523135555456,9.857520015982052,0.44524414989343053,13.65
2021-02-14,1011010501,茄类,25.06,300.72,49,1,0.0,12.000000000000002,8.84,0.3574660633484166,6.68
2021-02-14,1011010504,辣椒类,116.81200000000001,2878.0942,399,11,0.4118669314796425,24.63868609389446,15.520691110502346,0.5874735163837044,9.24
2021-02-14,1011010801,食用菌,164.586,1306.5456,292,14,0.0,7.938376289599358,5.123113387529924,0.5495218803710287,9.45
2021-02-15,1011010101,花叶类,300.13,1664.2622000000001,483,13,0.02998700563089328,5.545137773631427,3.5384937860260552,0.5670898718346926,12.83
2021-02-15,1011010201,花菜类,41.123,327.813,73,2,0.0,7.971524451037133,5.079229628188605,0.5694357283626101,15.51
2021-02-15,1011010402,水生根茎类,68.394,948.224,88,4,0.0,13.864140129251103,9.83393367839284,0.409826482734315,13.65
2021-02-15,1011010501,茄类,39.655,475.86,72,1,0.0,12.0,8.78,0.36674259681093413,6.68
2021-02-15,1011010504,辣椒类,168.27200000000002,3213.7122,496,9,0.0,19.098318199106206,12.54870988637444,0.5219347942566925,9.24
2021-02-15,1011010801,食用菌,212.364,1832.8408,381,16,0.0,8.630656796820553,5.4704244128006625,0.5776941870588728,9.45
2021-02-16,1011010101,花叶类,253.696,1518.1286,414,13,0.0,5.9840462600908175,3.9723696077194752,0.5064172901892277,12.83
2021-02-16,1011010201,花菜类,40.493,337.344,82,2,0.0,8.330921393821153,5.7150989059837505,0.45770380020870993,15.51
2021-02-16,1011010402,水生根茎类,67.819,949.466,84,1,0.0,14.0,8.53,0.6412661195779603,13.65
2021-02-16,1011010501,茄类,31.647,379.764,64,1,0.0,12.000000000000002,8.24,0.4563106796116507,6.68
2021-02-16,1011010504,辣椒类,151.649,2974.4028000000003,501,8,0.0,19.61373170940791,13.770874849158252,0.42429089830896305,9.24
2021-02-16,1011010801,食用菌,174.60999999999999,1462.5614,300,15,0.0,8.376160586449803,5.430211213561652,0.542511010535061,9.45
2021-02-17,1011010101,花叶类,180.052,943.6824,303,16,0.0,5.241165885410882,3.3725208828560644,0.554079594304048,12.83
2021-02-17,1011010201,花菜类,33.589,255.793,70,2,0.0,7.615380035130549,5.576151418619191,0.3657053877163772,15.51
2021-02-17,1011010402,水生根茎类,53.632,643.5840000000001,70,1,0.0,12.000000000000002,8.37,0.43369175627240186,13.65
2021-02-17,1011010501,茄类,30.358,364.296,67,1,0.0,12.0,8.1,0.4814814814814816,6.68
2021-02-17,1011010504,辣椒类,133.64600000000002,2373.1406,431,9,0.0,17.756914535414452,13.173414318423298,0.34793563052070975,9.24
2021-02-17,1011010801,食用菌,144.793,1420.0274000000002,282,15,0.0,9.807293170249944,6.386543133991284,0.535618403335022,9.45
2021-02-18,1011010101,花叶类,227.336,1299.145,410,16,0.0,5.714647042263434,3.853755498469226,0.48287742814337453,12.83
2021-02-18,1011010201,花菜类,56.001000000000005,366.756,106,2,0.0,6.5490973375475425,5.303685648470563,0.23482004244277221,15.51
2021-02-18,1011010402,水生根茎类,62.327,747.924,83,1,0.0,12.0,8.0,0.5,13.65
2021-02-18,1011010501,茄类,18.169999999999998,218.04,44,1,0.0,12.0,7.96,0.5075376884422111,6.68
2021-02-18,1011010504,辣椒类,105.697,1851.734,365,9,0.0,17.519267339659592,13.453686386557802,0.3021908521045875,9.24
2021-02-18,1011010801,食用菌,130.174,1222.3283999999999,259,16,0.0,9.389958056140241,6.162532226097377,0.5237174771070912,9.45
2021-02-19,1011010101,花叶类,184.16899999999998,994.0222,312,16,0.0,5.39733722830661,3.8101152202596533,0.4165811048461654,12.83
2021-02-19,1011010201,花菜类,47.197,285.22900000000004,103,2,0.0,6.043371400724623,4.893841981481874,0.23489303978193998,15.51
2021-02-19,1011010402,水生根茎类,73.044,693.03,90,2,0.265771315919172,9.487842943978972,7.831006242812552,0.2115739216383714,13.65
2021-02-19,1011010501,茄类,13.768999999999998,160.8572,31,2,0.0,11.682562277580073,8.725737526327258,0.3388624448456645,6.68
2021-02-19,1011010504,辣椒类,116.07000000000001,1255.0168,323,7,0.0,10.812585508744723,9.393088567243904,0.1511214262847438,9.24
2021-02-19,1011010801,食用菌,92.327,785.2096,165,13,0.0,8.504658442275824,5.461697120019063,0.5571457470798271,9.45
2021-02-20,1011010101,花叶类,175.262,1075.3956,332,17,0.0,6.1359313484953955,4.186676689755909,0.46558518920483727,12.83
2021-02-20,1011010201,花菜类,39.445,255.507,81,2,0.0,6.477551020408163,4.465959183673469,0.4504277253783726,15.51
2021-02-20,1011010402,水生根茎类,60.611999999999995,726.5,80,3,0.0,11.986075364614269,7.993331353527355,0.4995093828213397,13.65
2021-02-20,1011010501,茄类,21.798000000000002,238.3638,52,4,0.0,10.935122488301678,8.321498761354253,0.31408088877995355,6.68
2021-02-20,1011010504,辣椒类,119.306,1420.9138,344,9,0.0,11.909826831844166,7.333157091847854,0.6241063272848903,9.24
2021-02-20,1011010801,食用菌,88.794,827.3514,185,14,0.0,9.317649841205487,5.970771448521297,0.5605437122389048,9.45
2021-02-21,1011010101,花叶类,144.85500000000002,896.6858,294,15,0.0,6.190230230230229,4.424261917089503,0.39915546281728,12.83
2021-02-21,1011010201,花菜类,35.248000000000005,246.91700000000003,84,2,0.0,7.005135043123014,4.704599977303676,0.48899695551540434,15.51
2021-02-21,1011010402,水生根茎类,38.554,465.29600000000005,57,3,0.0,12.068682886341236,8.097628780411888,0.490397153736573,13.65
2021-02-21,1011010501,茄类,33.803,346.29,67,4,0.0,10.244357009732866,7.6407647250244075,0.34075022310023306,6.68
2021-02-21,1011010504,辣椒类,80.423,1066.6534,255,8,0.0,13.263039180333983,7.507541374979794,0.766628849297508,9.24
2021-02-21,1011010801,食用菌,79.403,718.7456,153,13,0.0,9.051869576716244,5.9172566527713055,0.5297409100003909,9.45
2021-02-22,1011010101,花叶类,139.491,753.278,266,15,0.0,5.400190693306378,3.913257199389207,0.3799733618708363,12.83
2021-02-22,1011010201,花菜类,30.813,193.83999999999997,66,2,0.0,6.29085126407685,4.714992048810568,0.33422309071842826,15.51
2021-02-22,1011010402,水生根茎类,40.444,418.94,53,3,0.0,10.358520423301353,8.023747898328553,0.29098278691671786,13.65
2021-02-22,1011010501,茄类,15.470000000000002,151.6384,35,4,0.0,9.802094376212022,6.552317388493858,0.4959736830552359,6.68
2021-02-22,1011010504,辣椒类,72.834,973.7256,212,7,0.0,13.369107834253233,7.473371639618859,0.7888991045727061,9.24
2021-02-22,1011010801,食用菌,66.554,584.538,119,12,0.0,8.78291312317817,5.663337139766205,0.5508370606276052,9.45
2021-02-23,1011010101,花叶类,136.05,814.9998,283,15,0.0,5.99044321940463,4.1401486953325985,0.44691499272911717,12.83
2021-02-23,1011010201,花菜类,24.456,153.632,59,2,0.0,6.281975793261368,4.713771671573438,0.33268563497571146,15.51
2021-02-23,1011010402,水生根茎类,44.084,507.53999999999996,59,3,0.0,11.51302059704201,8.24630251338354,0.39614337193629123,13.65
2021-02-23,1011010501,茄类,25.429,252.32299999999998,54,4,0.0,9.922647371111722,6.380239883597468,0.5552154075932463,6.68
2021-02-23,1011010504,辣椒类,85.425,865.8901999999999,246,8,0.0,10.136262218320164,5.9716428446005265,0.6973992722095272,9.24
2021-02-23,1011010801,食用菌,77.586,619.4122,141,12,0.0,7.98355631170572,5.191070296187457,0.5379403198544979,9.45
2021-02-24,1011010101,花叶类,190.158,959.482,314,16,0.0,5.045709357481673,2.9396979354010875,0.7164040212156169,12.83
2021-02-24,1011010201,花菜类,37.41,224.46,78,2,0.0,6.000000000000001,3.9673985565356857,0.5123260026689058,15.51
2021-02-24,1011010402,水生根茎类,54.382,587.3199999999999,80,3,0.0,10.799897024750836,7.383585745283366,0.4626899987786841,13.65
2021-02-24,1011010501,茄类,22.668,207.28699999999998,47,4,0.0,9.144476795482618,5.387489853538027,0.697353877980361,6.68
2021-02-24,1011010504,辣椒类,60.04299999999999,684.9318000000001,222,10,0.0,11.407354729110807,8.138231767233483,0.40169941768427075,9.24
2021-02-24,1011010801,食用菌,88.233,771.2396,170,11,0.0,8.740942731177677,5.59346140332982,0.5627072577946357,9.45
2021-02-25,1011010101,花叶类,156.613,867.957,300,17,0.0,5.542049510577027,3.1285624437307247,0.7714364377424048,12.83
2021-02-25,1011010201,花菜类,39.885000000000005,239.31,83,2,0.0,5.999999999999999,4.145100162968534,0.44749216281979276,15.51
2021-02-25,1011010402,水生根茎类,74.02699999999999,856.6824,94,4,0.0,11.572566766179909,7.8553114404203885,0.473215524801724,13.65
2021-02-25,1011010501,茄类,34.618,293.604,71,4,0.0,8.481252527586804,4.947630712346178,0.7142048428195997,6.68
2021-02-25,1011010504,辣椒类,100.11800000000001,926.3979999999999,291,8,0.0,9.253061387562674,5.8249533550410515,0.5885211131441692,9.24
2021-02-25,1011010801,食用菌,110.55699999999999,849.2956,192,13,0.0,7.681970386316562,4.852102806696998,0.5832249835501646,9.45
2021-02-26,1011010101,花叶类,276.322,1512.9768,459,14,0.0,5.475412019310804,3.050507704779207,0.7949182723690611,12.83
2021-02-26,1011010201,花菜类,70.064,490.668,151,2,0.0,7.003139986298242,4.737056691025348,0.47837369131894314,15.51
2021-02-26,1011010402,水生根茎类,72.508,829.48,89,3,0.0,11.439841120979755,7.71723065041099,0.4823764688658767,13.65
2021-02-26,1011010501,茄类,31.286,280.036,67,4,0.0,8.950840631592405,5.128124720322189,0.7454412908721226,6.68
2021-02-26,1011010504,辣椒类,135.77700000000002,1269.97,376,9,0.0,9.353351451276724,5.675993209453735,0.647879253220055,9.24
2021-02-26,1011010801,食用菌,159.095,1245.3274000000001,254,11,0.006285552657217386,7.8275709481756195,4.7201883151576105,0.6583175131041887,9.45
2021-02-27,1011010101,花叶类,218.04000000000002,1185.838,361,11,0.0,5.438625940194459,3.272894239589066,0.6617175936847002,12.83
2021-02-27,1011010201,花菜类,74.70400000000001,577.005,153,2,0.0,7.723883593917326,4.8804492396658805,0.5826173400475956,15.51
2021-02-27,1011010402,水生根茎类,45.650999999999996,494.21000000000004,66,3,0.0,10.825830759457626,7.411543668265756,0.4606715205377434,13.65
2021-02-27,1011010501,茄类,22.579,186.376,49,4,0.0,8.254395677399353,5.239838345365162,0.5753149493057705,6.68
2021-02-27,1011010504,辣椒类,122.322,1106.2048,323,7,0.0,9.043383855725054,5.655556563823351,0.5990263298881082,9.24
2021-02-27,1011010801,食用菌,116.814,921.104,224,13,0.0,7.8852192374201735,4.855297310253908,0.6240445710229463,9.45
2021-02-28,1011010101,花叶类,309.688,1454.2618,460,16,0.0,4.695893286146057,2.9815134909973913,0.5750031989877606,12.83
2021-02-28,1011010201,花菜类,54.673,410.4034,108,2,0.0,7.506509611691328,4.892317231540249,0.5343464571957148,15.51
2021-02-28,1011010402,水生根茎类,49.705,495.15,71,3,0.0,9.961774469369278,7.556217281963585,0.31835468696058666,13.65
2021-02-28,1011010501,茄类,27.705000000000002,252.25199999999998,59,4,0.0,9.10492690850027,5.337884497383143,0.7057182321880306,6.68
2021-02-28,1011010504,辣椒类,114.677,1061.4208,322,8,0.0,9.255742651098302,5.0602694524621326,0.8291007500785978,9.24
2021-02-28,1011010801,食用菌,111.764,851.8354,215,12,0.0,7.621733295157655,4.872963655559929,0.5640858077119963,9.45
2021-03-01,1011010101,花叶类,241.709,1334.866,432,19,0.0,5.5226160382939815,3.6103703627088772,0.529653604332808,12.83
2021-03-01,1011010201,花菜类,28.579,230.27,59,2,0.0,8.057314811574933,4.797209489485286,0.6795836890665867,15.51
2021-03-01,1011010402,水生根茎类,29.048,289.98,36,2,0.0,9.98278711098871,7.258193335169374,0.3753818133525586,13.65
2021-03-01,1011010501,茄类,27.232000000000003,226.776,58,4,0.0,8.327555816686251,5.124133372502937,0.6251637518596767,6.68
2021-03-01,1011010504,辣椒类,97.068,809.952,293,11,0.0,8.344171096550872,5.216914431120451,0.5994456506273902,9.24
2021-03-01,1011010801,食用菌,79.404,653.6788,169,12,0.0,8.232315752355046,5.364964107601633,0.5344586817814221,9.45
2021-03-02,1011010101,花叶类,182.984,1158.5064,333,20,0.0,6.331189612206531,4.08949580291173,0.5481589705260754,12.83
2021-03-02,1011010201,花菜类,40.61,330.168,85,2,0.0,8.13021423294755,5.249725683329229,0.5486931552948486,15.51
2021-03-02,1011010402,水生根茎类,46.406,461.56,59,2,0.0,9.946127655906563,7.808085161401543,0.27382417715859586,13.65
2021-03-02,1011010501,茄类,16.541,132.84,34,3,0.0,8.030953388549664,5.134841303427845,0.5640119945261937,6.68
2021-03-02,1011010504,辣椒类,83.363,729.2652,238,8,0.0,8.748068087760759,5.257804181711311,0.6638253889693997,9.24
2021-03-02,1011010801,食用菌,62.044,549.2722,144,14,0.0,8.852946296176906,5.83588485590871,0.516984401639365,9.45
2021-03-03,1011010101,花叶类,186.00799999999998,1202.33,328,18,0.0,6.463861769386263,3.9354021870027096,0.6424907702532139,12.83
2021-03-03,1011010201,花菜类,22.009999999999998,186.7806,47,2,0.0,8.48616992276238,4.806022716946842,0.7657365398708422,15.51
2021-03-03,1011010402,水生根茎类,20.756999999999998,206.27000000000004,28,2,0.0,9.937370525605823,7.118996001348943,0.39589494413577975,13.65
2021-03-03,1011010501,茄类,23.654,220.226,47,4,0.0,9.310306924833009,5.736921450917393,0.6228750915430774,6.68
2021-03-03,1011010504,辣椒类,80.749,733.8636,238,7,0.0,9.08820666509802,5.918476761322122,0.5355651515758957,9.24
2021-03-03,1011010801,食用菌,71.027,526.704,138,13,0.0,7.415546200740563,4.684022695594633,0.5831576152939979,9.45
2021-03-04,1011010101,花叶类,145.281,826.6526,269,17,0.0,5.690025536718497,3.7198900062637232,0.529621985364451,12.83
2021-03-04,1011010201,花菜类,18.951999999999998,157.2054,39,2,0.0,8.294924018573239,4.696485859012242,0.7661980186006172,15.51
2021-03-04,1011010402,水生根茎类,28.177,280.77,37,2,0.0,9.964510061397593,7.0,0.42350143734251344,13.65
2021-03-04,1011010501,茄类,20.344,175.227,44,4,0.0,8.613202909948878,5.537917322060558,0.5553144637312972,6.68
2021-03-04,1011010504,辣椒类,93.076,586.6376,246,9,0.0,6.302780523443208,4.249781146589884,0.4830835532556059,9.24
2021-03-04,1011010801,食用菌,72.465,518.8530000000001,146,12,0.0,7.160049679155455,4.468028979507348,0.602507439408984,9.45
2021-03-05,1011010101,花叶类,211.185,1031.8946,331,19,0.0,4.886211615408292,3.0120666240500036,0.6222123296988451,12.83
2021-03-05,1011010201,花菜类,41.955,344.398,89,2,0.0,8.208747467524729,4.7800703134310565,0.717285924531228,15.51
2021-03-05,1011010402,水生根茎类,35.138000000000005,349.68,47,2,0.0,9.951619329500824,6.845142011497524,0.4538221870029093,13.65
2021-03-05,1011010501,茄类,22.986,183.888,47,2,0.0,8.0,5.1757661185069175,0.5456648961386619,6.68
2021-03-05,1011010504,辣椒类,101.49799999999999,751.276,274,8,0.0,7.401879839996847,4.812732664683048,0.5379785987934804,9.24
2021-03-05,1011010801,食用菌,82.585,663.894,161,12,0.0,8.038917478961071,5.019625597868863,0.6014974268945639,9.45
2021-03-06,1011010101,花叶类,288.817,1462.1032,483,22,0.0,5.062386216877815,3.1206713247488893,0.622210636772256,12.83
2021-03-06,1011010201,花菜类,64.332,527.4452,126,2,0.0,8.198799975129019,4.923770751725425,0.6651465692743581,15.51
2021-03-06,1011010402,水生根茎类,61.735,613.85,75,2,0.0,9.943306066250912,6.822445128371264,0.45744024014227547,13.65
2021-03-06,1011010501,茄类,38.176,305.408,80,2,0.0,8.0,4.8390632858340314,0.6532125180960862,6.68
2021-03-06,1011010504,辣椒类,167.583,1248.37,459,9,0.0,7.449263946820381,4.424418705954661,0.68367065639486,9.24
2021-03-06,1011010801,食用菌,151.214,1130.8700000000001,313,12,0.0,7.478606478236143,4.960708333884429,0.5075682694652806,9.45
2021-03-07,1011010101,花叶类,264.314,1197.7832,455,22,0.007566757719984564,4.531667637733907,2.676156238413402,0.6933494288138318,12.83
2021-03-07,1011010201,花菜类,84.586,561.3355999999999,163,2,0.0,6.636270777670062,4.4619279786253045,0.487310151454901,15.51
2021-03-07,1011010402,水生根茎类,36.888999999999996,367.89,49,2,0.0,9.972891647916724,6.71572257312478,0.4850064962222531,13.65
2021-03-07,1011010501,茄类,26.747999999999998,236.948,60,3,0.0,8.858531478989084,5.0125766412442045,0.7672610541452489,6.68
2021-03-07,1011010504,辣椒类,122.56800000000001,956.1306,343,10,0.0,7.800817505384765,4.472856781541674,0.7440347157048992,9.24
2021-03-07,1011010801,食用菌,125.428,891.062,246,12,0.0,7.104171317409191,4.602583952546481,0.5435180304486684,9.45
2021-03-08,1011010101,花叶类,211.74599999999998,1129.3342,353,21,0.0,5.333438175927763,3.129356965420835,0.7043239984641778,12.83
2021-03-08,1011010201,花菜类,45.65,323.4144,103,2,0.0,7.084652792990143,3.97201139101862,0.7836436242377665,15.51
2021-03-08,1011010402,水生根茎类,26.921,268.91,42,2,0.0,9.988856283198992,6.644574867204041,0.5033100661566006,13.65
2021-03-08,1011010501,茄类,19.815,177.407,42,3,0.0,8.953166792833711,5.792234670704012,0.5457189326456462,6.68
2021-03-08,1011010504,辣椒类,80.399,582.7694,234,8,0.0,7.2484657769375245,4.564989241159716,0.5878385236010069,9.24
2021-03-08,1011010801,食用菌,78.721,646.064,181,12,0.0,8.207009565427267,5.3575162917137735,0.5318683357287546,9.45
2021-03-09,1011010101,花叶类,170.907,914.3914,314,24,0.0,5.350227901724329,2.9803947175949492,0.7951407141271991,12.83
2021-03-09,1011010201,花菜类,34.073,241.632,62,2,0.0,7.091597452528395,4.295924925894402,0.6507731338093483,15.51
2021-03-09,1011010402,水生根茎类,42.608,389.864,59,2,0.0,9.150018775816749,6.693879083740142,0.3669232236421369,13.65
2021-03-09,1011010501,茄类,20.838,182.70600000000002,46,2,0.0,8.767923985027354,5.875226029369421,0.4923551776898023,6.68
2021-03-09,1011010504,辣椒类,66.895,590.8882,213,8,0.0,8.833069736153673,5.345005157336124,0.6525839500884507,9.24
2021-03-09,1011010801,食用菌,143.511,655.206,217,10,0.0,4.565545498254489,3.1555408296228165,0.4468345506403133,9.45
2021-03-10,1011010101,花叶类,119.59899999999999,674.7836,231,20,0.0,5.642050518817047,3.113976287427153,0.8118476179787015,12.83
2021-03-10,1011010201,花菜类,25.101,197.311,56,2,0.0,7.860682841321063,4.32993944464364,0.8154255831557036,15.51
2021-03-10,1011010402,水生根茎类,24.891000000000002,199.12800000000001,35,1,0.0,8.0,6.6,0.21212121212121215,13.65
2021-03-10,1011010501,茄类,14.35,114.8,32,2,0.0,8.0,6.178801393728223,0.2947494975514797,6.68
2021-03-10,1011010504,辣椒类,59.548,483.2532,173,8,0.0,8.11535567945187,4.6226699469335655,0.7555559390164048,9.24
2021-03-10,1011010801,食用菌,91.994,518.711,161,12,0.0,5.638530773746114,3.5922914537904647,0.5696195161994795,9.45
2021-03-11,1011010101,花叶类,158.357,963.0020000000001,295,20,0.0,6.081208914036008,3.4151360533478154,0.7806637331694808,12.83
2021-03-11,1011010201,花菜类,30.749000000000002,257.843,66,2,0.0,8.385410907671794,4.168225308140102,1.01174607603288,15.51
2021-03-11,1011010402,水生根茎类,31.801000000000002,288.3406,53,3,0.0,9.06702933870004,6.6330420427030585,0.3669488720751568,13.65
2021-03-11,1011010501,茄类,16.37,147.043,31,3,0.0,8.982467929138668,5.393872327428222,0.6653097040250997,6.68
2021-03-11,1011010504,辣椒类,57.357,495.2164,165,8,0.0,8.633931342294751,4.643429223983123,0.8593868724650409,9.24
2021-03-11,1011010801,食用菌,75.477,551.5098,137,13,0.0,7.306991533844748,4.29816420896432,0.7000261457217407,9.45
2021-03-12,1011010101,花叶类,152.44,975.3532,261,20,0.0,6.3982760430333245,3.852431120440829,0.6608411268106404,12.83
2021-03-12,1011010201,花菜类,31.281999999999996,267.604,67,2,0.0,8.554568122242824,4.850760820919378,0.7635518299212809,15.51
2021-03-12,1011010402,水生根茎类,21.764,183.912,30,2,0.0,8.450284874104026,6.647785333578387,0.2711428618823022,13.65
2021-03-12,1011010501,茄类,23.836000000000002,214.491,40,3,0.0,8.998615539520053,5.1636826648766565,0.7426740029414647,6.68
2021-03-12,1011010504,辣椒类,102.131,695.681,280,8,0.0,6.811653660494855,4.441370005189413,0.5336829970337846,9.24
2021-03-12,1011010801,食用菌,84.232,665.9982,154,14,0.0,7.9067124133346,4.431454554088708,0.7842250928737213,9.45
2021-03-13,1011010101,花叶类,169.055,1138.2034,350,24,0.0,6.732740232468723,4.038324923841353,0.667211123285339,12.83
2021-03-13,1011010201,花菜类,43.016999999999996,381.08799999999997,92,2,0.0,8.859009228909501,5.041371783248484,0.7572616362765188,15.51
2021-03-13,1011010402,水生根茎类,47.086,517.26,60,2,0.0,10.985430913647368,6.735921505330672,0.630872762539427,13.65
2021-03-13,1011010501,茄类,26.434,235.26100000000002,53,3,0.0,8.89993947189226,6.230761897556178,0.4283870284600322,6.68
2021-03-13,1011010504,辣椒类,104.089,817.1816,287,9,0.0,7.850796914179212,4.8483556379636665,0.6192700165610348,9.24
2021-03-13,1011010801,食用菌,101.865,707.5740000000001,199,13,0.0,6.9461934913856584,4.248792519511118,0.634862954471807,9.45
2021-03-14,1011010101,花叶类,176.03199999999998,1191.3326000000002,380,21,0.0,6.767704735502638,4.170732139610981,0.6226658795052433,12.83
2021-03-14,1011010201,花菜类,41.13,376.356,84,2,0.0,9.150401167031363,5.958208606856309,0.5357638127174151,15.51
2021-03-14,1011010402,水生根茎类,30.295,329.05,41,2,0.0,10.861528305000824,6.8673708532761175,0.5816137699654405,13.65
2021-03-14,1011010501,茄类,17.721,164.07,37,3,0.0,9.258506856272218,6.286998476383951,0.47264340703282137,6.68
2021-03-14,1011010504,辣椒类,117.08900000000001,711.196,321,8,0.0,6.0739779142361785,3.819861045871089,0.5901044151335237,9.24
2021-03-14,1011010801,食用菌,75.95,535.0,158,11,0.0,7.044107965766952,4.1962799210006585,0.6786554039243387,9.45
2021-03-15,1011010101,花叶类,90.812,628.476,179,18,0.0,6.9206272298815135,4.2267020878298025,0.637358651277669,12.83
2021-03-15,1011010201,花菜类,28.603,249.53799999999998,58,2,0.0,8.724189770303813,5.940015033388105,0.46871509941745915,15.51
2021-03-15,1011010402,水生根茎类,22.597,240.47,29,2,0.0,10.64167809886268,6.799141478957383,0.5651502666619805,13.65
2021-03-15,1011010501,茄类,13.658000000000001,109.26400000000001,28,2,0.0,8.0,6.10410235759262,0.3105940122463966,6.68
2021-03-15,1011010504,辣椒类,85.656,492.0996,211,8,0.0,5.745068646679742,3.59722039320071,0.5970855323568134,9.24
2021-03-15,1011010801,食用菌,40.423,263.0578,73,12,0.0,6.507626846102466,3.7927373030205573,0.7158127036427635,9.45
2021-03-16,1011010101,花叶类,100.12100000000001,629.4896,203,20,0.0,6.287288381058918,3.6911986496339426,0.7033188884815047,12.83
2021-03-16,1011010201,花菜类,19.792,171.139,40,2,0.0,8.646877526273242,5.912104890864996,0.4625717381357426,15.51
2021-03-16,1011010402,水生根茎类,19.772,209.32,26,2,0.0,10.586688246004451,6.782075662553105,0.5609805570967494,13.65
2021-03-16,1011010501,茄类,13.577,110.68799999999999,27,3,0.0,8.152611033365249,6.163745304559181,0.32267162748190614,6.68
2021-03-16,1011010504,辣椒类,72.12599999999999,409.8922,201,7,0.0,5.683001968776863,3.7184905581898353,0.528308833878915,9.24
2021-03-16,1011010801,食用菌,44.844,318.8598,96,11,0.0,7.110422799036661,4.356307644277941,0.6322131905390751,9.45
2021-03-17,1011010101,花叶类,107.65299999999999,699.0722000000001,236,21,0.0,6.493754934836931,4.061506878582112,0.5988536099941131,12.83
2021-03-17,1011010201,花菜类,29.326,267.166,59,2,0.0,9.11020937052445,6.136028779922254,0.4847077315435733,15.51
2021-03-17,1011010402,水生根茎类,19.493000000000002,214.234,29,3,0.0,10.990304211768326,6.964012209511105,0.5781569418787504,13.65
2021-03-17,1011010501,茄类,19.313,154.504,42,2,0.0,8.0,6.177542587894164,0.2950133303293154,6.68
2021-03-17,1011010504,辣椒类,83.755,635.9838,249,8,0.0,7.593383081607068,4.308359262133604,0.76247676194177,9.24
2021-03-17,1011010801,食用菌,44.029,400.6696,103,12,0.0,9.100129460128551,5.813521996865701,0.5653384411437319,9.45
2021-03-18,1011010101,花叶类,128.058,852.0296,272,20,0.0,6.653466398038389,4.141498695903419,0.6065359152762002,12.83
2021-03-18,1011010201,花菜类,29.081000000000003,239.65699999999998,58,2,0.0,8.241016471235513,5.837125270795365,0.4118279270906575,15.51
2021-03-18,1011010402,水生根茎类,20.852,223.02,30,2,0.0,10.695376942259736,6.815806637253021,0.5692019318450472,13.65
2021-03-18,1011010501,茄类,11.866,97.86,29,3,0.0,8.247092533288388,6.268767908309455,0.31558428289498486,6.68
2021-03-18,1011010504,辣椒类,73.73299999999999,507.1216,198,8,0.0,6.877810478347552,3.7123840071609733,0.8526667675220707,9.24
2021-03-18,1011010801,食用菌,65.501,462.69,128,11,0.0,7.063861620433276,4.152854765576098,0.700965244194701,9.45
2021-03-19,1011010101,花叶类,140.893,813.718,287,21,0.0,5.7754324203473555,3.6089957627419387,0.6002879471267275,12.83
2021-03-19,1011010201,花菜类,42.902,315.692,87,2,0.0,7.3584448277469585,5.0329951983590515,0.462040899650787,15.51
2021-03-19,1011010402,水生根茎类,39.292,439.32,46,2,0.0,11.180901964776544,6.966486816654791,0.6049555908218105,13.65
2021-03-19,1011010501,茄类,16.235,133.534,37,3,0.0,8.2250692947336,6.28943024330151,0.30776063594848235,6.68
2021-03-19,1011010504,辣椒类,67.509,526.0152,203,8,0.0,7.791778873927921,4.489641973662771,0.7355011645998084,9.24
2021-03-19,1011010801,食用菌,69.141,624.0002,160,11,0.0,9.025038689055696,5.422665278199621,0.664317863272597,9.45
2021-03-20,1011010101,花叶类,267.979,1811.3624,530,20,0.0,6.759344575507782,4.280765955541292,0.5790035348132179,12.83
2021-03-20,1011010201,花菜类,34.377,289.518,72,2,0.0,8.421851819530499,5.587253687058206,0.5073329924213199,15.51
2021-03-20,1011010402,水生根茎类,39.984,458.16,56,3,0.0,11.458583433373349,7.175030012004801,0.5970084326060769,13.65
2021-03-20,1011010501,茄类,21.477,190.952,43,3,0.0,8.890999674069935,6.013607114587698,0.478480303859943,6.68
2021-03-20,1011010504,辣椒类,117.89,812.0966,343,8,0.0,6.888596148952413,3.968780218848079,0.7356960499444833,9.24
2021-03-20,1011010801,食用菌,77.235,668.4631999999999,186,12,0.0,8.654925875574545,5.108240823460866,0.6943065479263715,9.45
2021-03-21,1011010101,花叶类,199.712,1261.989,385,21,0.0,6.319044423970518,3.528783748597981,0.7907145561076485,12.83
2021-03-21,1011010201,花菜类,51.413,394.756,103,2,0.0,7.678135880030342,4.658601910022757,0.6481631245441264,15.51
2021-03-21,1011010402,水生根茎类,41.705,455.178,64,3,0.0,10.91423090756504,7.0828236422491315,0.5409434794425088,13.65
2021-03-21,1011010501,茄类,17.949,151.954,40,3,0.0,8.465875536241573,5.8404969636191435,0.4495128734722562,6.68
2021-03-21,1011010504,辣椒类,112.176,725.9603999999999,310,9,0.0,6.471619597774924,3.9698424796747966,0.6301955634030771,9.24
2021-03-21,1011010801,食用菌,94.838,716.3892,182,12,0.0,7.553820198654548,4.295751492017967,0.7584397544156063,9.45
2021-03-22,1011010101,花叶类,115.022,789.3078,240,21,0.0,6.86223331188816,4.090735250647702,0.6775060939965831,12.83
2021-03-22,1011010201,花菜类,30.625,266.10040000000004,66,2,0.0,8.688992653061225,5.007054693877551,0.7353500579264327,15.51
2021-03-22,1011010402,水生根茎类,10.113,113.97399999999999,17,3,0.0,11.270048452486897,7.053117769207949,0.5978817908994734,13.65
2021-03-22,1011010501,茄类,11.561,96.358,26,2,0.0,8.334746129227575,5.859004411383099,0.42255331179381095,6.68
2021-03-22,1011010504,辣椒类,70.68900000000001,416.65139999999997,179,7,0.0002970759241183211,5.894147604294868,3.5060214460524266,0.6811499002469965,9.24
2021-03-22,1011010801,食用菌,50.802,437.5874,115,11,0.0027361127514664778,8.613586079288217,5.068660485807645,0.6993811488077446,9.45
2021-03-23,1011010101,花叶类,134.706,801.274,254,19,0.0,5.948317075705611,3.4154412572565445,0.7415954858153821,12.83
2021-03-23,1011010201,花菜类,28.634,258.62,62,2,0.0,9.031920094991968,5.886917650345744,0.5342358482730798,15.51
2021-03-23,1011010402,水生根茎类,13.349,144.41,23,3,0.0,10.818038804404823,6.90168551951457,0.5674488172225081,13.65
2021-03-23,1011010501,茄类,19.311999999999998,162.106,35,3,0.0,8.394055509527755,5.79612676056338,0.44821806980492207,6.68
2021-03-23,1011010504,辣椒类,66.931,442.88599999999997,172,7,0.0,6.617053383335076,3.912515725149781,0.6912528531963302,9.24
2021-03-23,1011010801,食用菌,48.174,385.9092,102,13,0.0,8.010736081703824,4.670680450035289,0.7151111422412337,9.45
2021-03-24,1011010101,花叶类,103.505,704.0186,211,19,0.0,6.801783488720352,4.097304188203469,0.6600630991234036,12.83
2021-03-24,1011010201,花菜类,27.331000000000003,239.98200000000003,59,2,0.0,8.780578829900113,5.851260473455051,0.5006303120044422,15.51
2021-03-24,1011010402,水生根茎类,14.013,151.254,21,3,0.0,10.79383429672447,6.97255905230857,0.5480448735892312,13.65
2021-03-24,1011010501,茄类,15.113,125.694,29,2,0.0,8.316945675908158,5.831040825779131,0.4263226625234382,6.68
2021-03-24,1011010504,辣椒类,42.484,330.2934,121,7,0.0,7.774536296017324,4.075426513510969,0.907662000588886,9.24
2021-03-24,1011010801,食用菌,35.583,342.9976,83,12,0.0,9.63936711350926,5.783344012590282,0.6667462790600827,9.45
2021-03-25,1011010101,花叶类,86.632,650.141,206,18,0.0,7.504628774586757,4.567772762951335,0.6429514260113625,12.83
2021-03-25,1011010201,花菜类,25.174,222.566,59,2,0.0,8.841105902915707,5.92485342019544,0.49220668865493566,15.51
2021-03-25,1011010402,水生根茎类,15.827,172.666,24,3,0.0,10.909584886586213,6.996426360017691,0.559308184665668,13.65
2021-03-25,1011010501,茄类,14.620999999999999,129.514,32,3,0.0,8.858080842623625,5.972124341700295,0.4832378456644264,6.68
2021-03-25,1011010504,辣椒类,50.797999999999995,408.7842,146,7,0.0,8.047249891728022,4.750607701090594,0.6939411540718505,9.24
2021-03-25,1011010801,食用菌,46.89,416.565,106,14,0.0,8.883877159309021,5.282068671358498,0.6818935368032941,9.45
2021-03-26,1011010101,花叶类,167.327,1299.9608,343,16,0.016303405905801215,7.7689840850550125,4.549345592761479,0.7077146430502754,12.83
2021-03-26,1011010201,花菜类,48.956,453.628,103,2,0.0,9.266034806765258,6.254759375765993,0.4814374542794442,15.51
2021-03-26,1011010402,水生根茎类,40.178000000000004,442.70400000000006,52,3,0.0,11.018567375180448,6.927105132161879,0.5906453222461292,13.65
2021-03-26,1011010501,茄类,21.313,182.158,46,3,0.0,8.54680242105757,5.844051517852954,0.4624789659961075,6.68
2021-03-26,1011010504,辣椒类,60.937,479.4946,169,8,0.0,7.868693896975565,4.670078113461443,0.6849169769332448,9.24
2021-03-26,1011010801,食用菌,83.562,618.2998,159,14,0.11408295636772696,7.399293937435677,4.483387065891195,0.6503803550061913,9.45
2021-03-27,1011010101,花叶类,199.727,1471.48,401,19,0.002448341986811998,7.367456578229283,4.404090483509991,0.6728667600756322,12.83
2021-03-27,1011010201,花菜类,51.805,508.62199999999996,97,2,0.0,9.818009844609593,6.557757552359811,0.49715962601828423,15.51
2021-03-27,1011010402,水生根茎类,43.191,489.498,52,3,0.0,11.333333333333332,7.015933412053436,0.6153707094572141,13.65
2021-03-27,1011010501,茄类,26.111,216.366,52,3,0.0,8.286392708054077,6.051669411359199,0.36927385565712223,6.68
2021-03-27,1011010504,辣椒类,78.794,698.8318,236,9,0.0,8.869099169987564,5.362482930172348,0.6539165318522542,9.24
2021-03-27,1011010801,食用菌,69.658,523.5427999999999,158,11,0.2198455310229981,7.515903413821814,4.725580837807574,0.5904718746296604,9.45
2021-03-28,1011010101,花叶类,161.164,1238.1616000000001,327,19,0.0,7.682618947159416,4.862159787545607,0.5800836012914259,12.83
2021-03-28,1011010201,花菜类,50.119,482.32399999999996,97,2,0.0,9.623575889383266,6.709912408467845,0.43423271475770764,15.51
2021-03-28,1011010402,水生根茎类,30.709999999999997,326.12,46,3,0.0,10.619342233800067,6.785535656138066,0.5649968951521185,13.65
2021-03-28,1011010501,茄类,19.628,163.62,48,3,0.0,8.336050540044834,5.999188913796616,0.3895295947213844,6.68
2021-03-28,1011010504,辣椒类,78.41,601.6106,224,9,0.0,7.672625940568805,5.094286698125239,0.5061237019487788,9.24
2021-03-28,1011010801,食用菌,55.673,429.5506,127,13,0.0,7.715600021554433,4.740443841718606,0.627611312184053,9.45
2021-03-29,1011010101,花叶类,111.308,853.9466,230,19,0.0,7.671924749344162,4.889659772882451,0.5690099323253255,12.83
2021-03-29,1011010201,花菜类,60.434000000000005,535.972,113,2,0.0,8.868716285534632,6.497645365191779,0.3649123316339795,15.51
2021-03-29,1011010402,水生根茎类,15.5,174.404,25,3,0.0,11.251870967741935,7.034901290322582,0.5994355149261783,13.65
2021-03-29,1011010501,茄类,16.139,135.84799999999998,34,3,0.0,8.417374062829172,6.04998327033893,0.39130534527207317,6.68
2021-03-29,1011010504,辣椒类,62.154,471.0982,162,8,0.0,7.579531486308202,4.62150722399202,0.6400561805810756,9.24
2021-03-29,1011010801,食用菌,47.327,370.217,107,11,0.0,7.8225325923891225,4.91943245927272,0.5901290763011291,9.45
2021-03-30,1011010101,花叶类,130.803,925.849,259,17,0.0,7.078193925215783,4.6110242119829055,0.5350589369757193,12.83
2021-03-30,1011010201,花菜类,26.924,278.00800000000004,52,2,0.0,10.325657406031794,6.7233546278413305,0.5357894946182626,15.51
2021-03-30,1011010402,水生根茎类,14.905,167.594,23,3,0.0,11.244146259644415,7.324218718550823,0.5352007759087227,13.65
2021-03-30,1011010501,茄类,21.407,178.87199999999999,48,3,0.0,8.355771476619797,6.11889522118933,0.3655686483540872,6.68
2021-03-30,1011010504,辣椒类,59.573,505.7324,176,10,0.0,8.489288771759018,5.3402308092592286,0.5896857411181093,9.24
2021-03-30,1011010801,食用菌,32.144999999999996,305.688,84,10,0.0,9.509659356042931,6.328344377041531,0.5027088902656478,9.45
2021-03-31,1011010101,花叶类,143.294,1024.061,243,16,0.0,7.146572780437421,4.470874146858906,0.5984732617576312,12.83
2021-03-31,1011010201,花菜类,28.740000000000002,301.82,56,2,0.0,10.501739735560195,6.3045233124565065,0.6657468320897171,15.51
2021-03-31,1011010402,水生根茎类,19.503,233.866,26,3,0.0,11.991283392298621,7.371653079013485,0.6266749484504175,13.65
2021-03-31,1011010501,茄类,21.649,192.79,46,4,0.0,8.905261212989052,6.177654395122176,0.4415279074239846,6.68
2021-03-31,1011010504,辣椒类,59.255,482.51640000000003,173,9,0.0,8.14304953168509,4.8589060838747775,0.6759018164004815,9.24
2021-03-31,1011010801,食用菌,45.089,338.807,103,10,0.0,7.514183060169887,4.692197875313269,0.6014207541637855,9.45
2021-04-01,1011010101,花叶类,162.291,1153.2736,314,20,0.014640368227443296,7.106207984423043,4.838825689656235,0.46858110628239835,12.83
2021-04-01,1011010201,花菜类,39.108999999999995,350.45399999999995,76,2,0.0,8.960955278836073,6.244437086092716,0.43503011645252143,15.51
2021-04-01,1011010402,水生根茎类,20.743,263.764,25,4,0.0,12.715807742370922,6.785310707226535,0.8740199662232491,13.65
2021-04-01,1011010501,茄类,20.604,191.844,43,3,0.0,9.31100757134537,6.338467287905261,0.468968308649657,6.68
2021-04-01,1011010504,辣椒类,52.994,428.9616,163,8,0.0,8.09453145639129,4.915942748235649,0.6465878206772135,9.24
2021-04-01,1011010801,食用菌,48.978,447.0582,122,12,0.0,9.127734901384295,5.806107231818367,0.5720920294690552,9.45
2021-04-02,1011010101,花叶类,179.383,1240.7554,364,23,0.02340801525228143,6.91679479103371,4.984301856920666,0.38771587066497415,12.83
2021-04-02,1011010201,花菜类,69.53,494.456,136,2,0.0,7.111405148856608,6.049005033798361,0.175632208788415,15.51
2021-04-02,1011010402,水生根茎类,37.763999999999996,452.092,49,4,0.0,11.971507255587333,7.253113017688805,0.6505336710446072,13.65
2021-04-02,1011010501,茄类,20.665,174.35799999999998,45,4,0.0,8.437357851439632,6.07938059520929,0.3878647206408641,6.68
2021-04-02,1011010504,辣椒类,70.72699999999999,605.1859999999999,223,8,0.0,8.556647390671172,5.21678241689878,0.6402155019832783,9.24
2021-04-02,1011010801,食用菌,72.574,626.0194,162,13,0.015019152864662275,8.625945931049687,5.269636508942597,0.6369147884130941,9.45
2021-04-03,1011010101,花叶类,212.267,1581.0556,427,23,0.0,7.4484286299801665,4.860168467072131,0.5325453593725442,12.83
2021-04-03,1011010201,花菜类,68.593,566.114,132,2,0.0,8.253232837169973,6.0894073739302845,0.35534253669796634,15.51
2021-04-03,1011010402,水生根茎类,38.786,387.236,50,3,0.0,9.983911720723972,7.313375960398083,0.3651577294517383,13.65
2021-04-03,1011010501,茄类,32.709999999999994,282.784,67,3,0.0,8.645184958728219,6.143863650259861,0.4071251334431165,6.68
2021-04-03,1011010504,辣椒类,100.32300000000001,881.2146,336,8,0.0,8.783774408660028,5.531060574344866,0.5880813978791823,9.24
2021-04-03,1011010801,食用菌,75.739,755.2234,182,11,0.022973633134844663,9.971393865775887,5.987645202603678,0.6653281095279173,9.45
2021-04-04,1011010101,花叶类,192.021,1269.6168,371,20,0.0,6.611864327339198,4.022670593320522,0.643650449111574,12.83
2021-04-04,1011010201,花菜类,71.456,565.492,148,2,0.0,7.913849081952529,5.709217280564263,0.3861530737135255,15.51
2021-04-04,1011010402,水生根茎类,33.95,339.334,47,3,0.0,9.995110456553755,7.303845360824742,0.36847235432502634,13.65
2021-04-04,1011010501,茄类,22.976,196.462,49,4,0.0,8.55074860724234,5.788337395543175,0.477237421202525,6.68
2021-04-04,1011010504,辣椒类,88.244,685.071,281,7,0.0,7.763372013961289,4.828380513122705,0.607862510599938,9.24
2021-04-04,1011010801,食用菌,61.708999999999996,571.141,156,12,0.002754865578764848,9.255392244243142,5.315580547407996,0.7411818260860128,9.45
2021-04-05,1011010101,花叶类,178.469,1196.6456,347,21,0.0,6.70506138320941,4.174398915217769,0.6062339798829748,12.83
2021-04-05,1011010201,花菜类,76.701,679.942,159,2,0.22088369121654217,8.864838789585534,6.20125317792467,0.42952376483236354,15.51
2021-04-05,1011010402,水生根茎类,24.241,207.204,32,3,0.0,8.547667175446557,7.2152551462398415,0.184665961521969,13.65
2021-04-05,1011010501,茄类,16.491999999999997,141.05599999999998,35,3,0.0,8.55299539170507,5.893917050691245,0.4511563902484792,6.68
2021-04-05,1011010504,辣椒类,112.577,679.9222,321,7,0.0,6.039619105145811,4.716223296055145,0.2806049938724513,9.24
2021-04-05,1011010801,食用菌,68.049,567.784,165,11,0.0,8.343752296139545,5.0351008831871145,0.657117203748681,9.45
2021-04-06,1011010101,花叶类,55.611,324.1472,102,19,0.07638776501051951,5.828832425239611,3.908679577781374,0.4912535830189859,12.83
2021-04-06,1011010201,花菜类,13.129999999999999,103.404,31,2,0.0,7.875399847677076,5.749632901751714,0.3697222035301966,15.51
2021-04-06,1011010402,水生根茎类,3.622,36.88,7,2,0.0,10.182219768083932,7.219133075648813,0.4104491025979342,13.65
2021-04-06,1011010501,茄类,3.138,26.272,6,3,0.0,8.37221159974506,5.379267049075845,0.5563851958573802,6.68
2021-04-06,1011010504,辣椒类,35.075,215.84640000000002,96,7,0.0,6.153853171774768,4.846540270848182,0.2697414707951651,9.24
2021-04-06,1011010801,食用菌,11.671,124.30000000000001,35,8,0.0,10.650329877474082,6.672732413674921,0.5960972533002491,9.45
2021-04-07,1011010101,花叶类,198.107,1341.5794,354,19,0.0,6.771993922476238,4.150732583906676,0.6315177587524623,12.83
2021-04-07,1011010201,花菜类,26.939,212.65499999999997,58,2,0.0,7.893945580756523,6.050124355024314,0.3047575748093527,15.51
2021-04-07,1011010402,水生根茎类,17.735,179.988,31,2,0.0,10.14874541866366,7.223055539892867,0.4050487861559746,13.65
2021-04-07,1011010501,茄类,16.213,118.714,38,3,0.0,7.32214889286375,5.350923333127737,0.36838979686591533,6.68
2021-04-07,1011010504,辣椒类,62.900000000000006,532.0066,197,8,0.0,8.457974562798093,5.041555007949126,0.6776519445810323,9.24
2021-04-07,1011010801,食用菌,47.805,399.742,118,13,0.026357075619705052,8.361928668549316,5.303185231670327,0.576774768984561,9.45
2021-04-08,1011010101,花叶类,136.899,843.4982,262,24,0.005500405408366752,6.161463560727252,3.8318148415985505,0.6079752846713287,12.83
2021-04-08,1011010201,花菜类,22.294,190.028,51,2,0.0,8.523728357405579,6.182567506952543,0.3786712959980312,15.51
2021-04-08,1011010402,水生根茎类,9.582,104.728,22,2,0.0,10.929659778751825,7.193027551659362,0.5194797601227676,13.65
2021-04-08,1011010501,茄类,20.319000000000003,123.742,48,2,0.0,6.089965057335498,5.51301048279935,0.10465326999399926,6.68
2021-04-08,1011010504,辣椒类,52.596000000000004,436.3612,157,8,0.0,8.296471214541029,5.2957614647501705,0.5666247941423128,9.24
2021-04-08,1011010801,食用菌,35.491,314.01200000000006,76,10,0.0,8.847651517286074,5.238802231551661,0.6888691586789528,9.45
2021-04-09,1011010101,花叶类,145.026,1004.9686,282,22,0.030429026519382733,6.929575386482424,4.468325265814405,0.5508216108388937,12.83
2021-04-09,1011010201,花菜类,51.978,399.163,108,2,0.0,7.6794605409981145,6.304294509215437,0.21813162912559036,15.51
2021-04-09,1011010402,水生根茎类,29.704,316.45000000000005,38,3,0.1709197414489631,10.653447347158632,7.269031106921627,0.46559385844618806,13.65
2021-04-09,1011010501,茄类,17.451,165.081,38,3,0.0,9.45968712394705,5.3831144347028825,0.7572888777849605,6.68
2021-04-09,1011010504,辣椒类,54.274,450.1898,161,8,0.0,8.294759921877878,4.899562405571729,0.6929593370308271,9.24
2021-04-09,1011010801,食用菌,31.401,323.211,81,8,0.0,10.293016145982612,6.437366007451992,0.5989484105870726,9.45
2021-04-10,1011010101,花叶类,204.156,1306.3310000000001,367,19,0.0,6.3986902172848215,3.999217999960814,0.5999853514730926,12.83
2021-04-10,1011010201,花菜类,50.186,379.74,104,2,0.0,7.566652054357789,5.757307615669709,0.31426919655353713,15.51
2021-04-10,1011010402,水生根茎类,22.753,261.897,36,3,0.0,11.510438183975738,7.246896672966202,0.5883265214632127,13.65
2021-04-10,1011010501,茄类,25.525,259.878,53,4,0.0,10.181312438785504,6.340186483839373,0.6058380088246385,6.68
2021-04-10,1011010504,辣椒类,84.84,627.9862,255,7,0.0,7.402006129184348,4.769648161244696,0.5518977247270807,9.24
2021-04-10,1011010801,食用菌,60.287000000000006,546.991,147,9,0.0,9.073116924046642,5.5913576724667005,0.6227037252016681,9.45
2021-04-11,1011010101,花叶类,211.619,1424.2648,420,18,0.0,6.730325726895978,4.232625992940142,0.5901064110370022,12.83
2021-04-11,1011010201,花菜类,47.112,325.418,94,2,0.0,6.907327220241127,5.396400492443539,0.279987878941399,15.51
2021-04-11,1011010402,水生根茎类,22.195999999999998,258.365,38,3,0.0,11.640160389259327,7.278991710218058,0.5991446140705414,13.65
2021-04-11,1011010501,茄类,24.902,253.23199999999997,54,3,0.0,10.16914304071962,6.3020403983615765,0.6136270791541458,6.68
2021-04-11,1011010504,辣椒类,94.326,686.7606000000001,292,8,0.0,7.2807136950575675,4.662223035006257,0.5616399387996669,9.24
2021-04-11,1011010801,食用菌,52.29,461.49,127,9,0.0,8.825588066551923,5.335034232166763,0.6542701850607453,9.45
2021-04-12,1011010101,花叶类,148.371,944.04,270,17,0.0,6.362698910164385,4.109792547061082,0.5481800692627072,12.83
2021-04-12,1011010201,花菜类,32.027,226.352,66,2,0.0,7.067536765853811,5.371001654853717,0.3158694076116981,15.51
2021-04-12,1011010402,水生根茎类,4.178,46.268,10,2,0.0,11.074198180947823,7.121273336524653,0.5550868022645357,13.65
2021-04-12,1011010501,茄类,10.203,86.994,21,2,0.0,8.526315789473685,6.613157894736843,0.2892956625547154,6.68
2021-04-12,1011010504,辣椒类,38.756,324.682,134,8,0.0,8.377593146867582,5.042441428423986,0.6614160552552013,9.24
2021-04-12,1011010801,食用菌,43.327999999999996,334.1364,90,12,0.0,7.711789143279173,4.285444977843427,0.7995305465711504,9.45
2021-04-13,1011010101,花叶类,127.20700000000001,778.0074,253,17,0.0,6.116073800970072,3.9744178386409548,0.5388602933257396,12.83
2021-04-13,1011010201,花菜类,28.593,195.392,62,2,0.0,6.833560661700416,4.676821249956284,0.4611549803756756,15.51
2021-04-13,1011010402,水生根茎类,5.553,57.598,12,2,0.0,10.372411309202233,7.385171979110392,0.4044915052136242,13.65
2021-04-13,1011010501,茄类,13.4,111.888,28,4,0.0,8.349850746268658,6.043573134328359,0.3816082904400233,6.68
2021-04-13,1011010504,辣椒类,51.480000000000004,343.67740000000003,141,9,0.0,6.675940170940171,4.545391608391608,0.46872717382924467,9.24
2021-04-13,1011010801,食用菌,40.041,273.639,84,10,0.0,6.833970180564922,4.124984141255213,0.6567264131312216,9.45
2021-04-14,1011010101,花叶类,151.82999999999998,836.6424,265,21,0.0,5.510389251136139,3.4484402292037153,0.5979367148284753,12.83
2021-04-14,1011010201,花菜类,30.12,205.60500000000002,66,2,0.0,6.826195219123506,4.63456673306773,0.47288745901929996,15.51
2021-04-14,1011010402,水生根茎类,19.197,214.15800000000002,30,3,0.0,11.15580559462416,7.372888993071834,0.5130847087358921,13.65
2021-04-14,1011010501,茄类,18.974999999999998,161.50199999999998,44,3,0.0,8.511304347826087,6.325419235836628,0.34557157881415024,6.68
2021-04-14,1011010504,辣椒类,47.052,365.03380000000004,145,8,0.0,7.75809317351016,5.170694338179036,0.5003967873765922,9.24
2021-04-14,1011010801,食用菌,41.387,330.4028,94,11,0.0,7.983250779230193,4.931952062241766,0.6186797192026015,9.45
2021-04-15,1011010101,花叶类,130.081,742.2238,225,20,0.0,5.705858657298146,3.5173774033102454,0.622191196181648,12.83
2021-04-15,1011010201,花菜类,27.05,171.954,58,2,0.0,6.356894639556377,4.254251386321626,0.4942451825943388,15.51
2021-04-15,1011010402,水生根茎类,17.098,187.46800000000002,25,3,0.0,10.96432331266815,7.285602994502281,0.5049301095519247,13.65
2021-04-15,1011010501,茄类,12.151,109.578,29,4,0.0,9.018023207966422,5.813038433050778,0.5513441570751176,6.68
2021-04-15,1011010504,辣椒类,44.413,355.7934,138,7,0.0,8.011019296152028,5.377638304100151,0.4896909838737331,9.24
2021-04-15,1011010801,食用菌,40.15,395.7782,101,11,0.024483188044831884,9.857489414694895,6.228922540473226,0.5825352379395614,9.45
2021-04-16,1011010101,花叶类,130.808,701.8084,240,20,0.0,5.365179499724788,3.333314017491285,0.6095631769378642,12.83
2021-04-16,1011010201,花菜类,40.232,217.84859999999998,79,2,0.0,5.414809107178365,3.4574992543249152,0.5661056471393568,15.51
2021-04-16,1011010402,水生根茎类,19.018,213.454,28,3,0.0,11.223787990324956,7.177500262908823,0.563746092539507,13.65
2021-04-16,1011010501,茄类,15.371,137.131,34,4,0.0,8.921410448246698,5.538341682388914,0.6108450796048623,6.68
2021-04-16,1011010504,辣椒类,62.197,482.3854,180,9,0.0,7.755766355290448,5.16554335418107,0.5014425053683487,9.24
2021-04-16,1011010801,食用菌,47.162,387.6686,102,11,0.0629956320766719,8.219935541325643,5.098882150884187,0.6121054180278007,9.45
2021-04-17,1011010101,花叶类,194.951,1138.454,371,20,0.0,5.839693051074373,3.6165849880226317,0.6146981393812692,12.83
2021-04-17,1011010201,花菜类,77.636,455.0196,153,2,0.0,5.860935648410532,3.9476011128857746,0.4846828442922573,15.51
2021-04-17,1011010402,水生根茎类,35.302,410.044,45,3,0.0,11.615319245368534,7.253211716050083,0.6014035850719583,13.65
2021-04-17,1011010501,茄类,20.407000000000004,172.24,41,4,0.0,8.440241093742342,5.153776645268779,0.6376808066547803,6.68
2021-04-17,1011010504,辣椒类,72.26599999999999,481.7624,232,8,0.6198627293609721,6.666515373758061,5.05761519940221,0.3181143900678758,9.24
2021-04-17,1011010801,食用菌,70.81700000000001,565.912,157,13,0.0,7.991188556420068,5.277515709504779,0.5141951244271956,9.45
2021-04-18,1011010101,花叶类,194.451,1123.6348,368,20,0.0,5.778498439195479,3.620093648271287,0.5962289931242251,12.83
2021-04-18,1011010201,花菜类,48.315,285.003,98,2,0.0,5.8988512884197455,3.96605029493946,0.4873364808173186,15.51
2021-04-18,1011010402,水生根茎类,22.237000000000002,253.65800000000002,29,3,0.0,11.407024328821333,7.2654584701173714,0.5700350329904309,13.65
2021-04-18,1011010501,茄类,28.972,233.424,67,4,0.0,8.056882507248378,5.0253213447466525,0.6032571759158936,6.68
2021-04-18,1011010504,辣椒类,118.063,789.4888,306,8,0.0,6.687012866012213,4.5908960470257405,0.45658119842301015,9.24
2021-04-18,1011010801,食用菌,56.607,425.227,148,13,0.0,7.51191548748388,4.942457823237409,0.5198744746320212,9.45
2021-04-19,1011010101,花叶类,134.781,762.6614,257,20,0.0,5.658523085598118,3.6006816242645474,0.571514417566394,12.83
2021-04-19,1011010201,花菜类,25.092,129.3288,45,2,0.0,5.154184600669536,3.58636537541846,0.43716104220645446,15.51
2021-04-19,1011010402,水生根茎类,12.658000000000001,143.086,20,3,0.0,11.303997471954496,7.218661715910885,0.5659408789082041,13.65
2021-04-19,1011010501,茄类,17.311,139.056,39,4,0.0,8.032811507134193,5.109930102247126,0.5720002713152008,6.68
2021-04-19,1011010504,辣椒类,59.015,405.3296,165,8,0.20482928069134965,6.868247055833264,4.62601372532407,0.4847009679704566,9.24
2021-04-19,1011010801,食用菌,36.293,352.4806,103,11,0.0,9.71208221971179,6.222153583335629,0.5608875752798839,9.45
2021-04-20,1011010101,花叶类,150.715,848.2014,312,19,0.03125767176458879,5.627849915403244,3.728947815413197,0.5092326827801514,12.83
2021-04-20,1011010201,花菜类,30.338,168.81580000000002,60,2,0.0,5.564499967038039,4.058661085107786,0.3710186316013284,15.51
2021-04-20,1011010402,水生根茎类,12.167000000000002,126.24,20,3,0.0,10.375606147776772,7.138185255198488,0.45353556637110026,13.65
2021-04-20,1011010501,茄类,16.234,125.125,30,4,0.0,7.7075890107182445,4.94513428606628,0.5586207704077175,6.68
2021-04-20,1011010504,辣椒类,64.062,463.9896,203,8,0.0,7.242821017139646,4.6220873528769,0.5670021927715274,9.24
2021-04-20,1011010801,食用菌,37.651,339.8522,102,10,0.0,9.02637911343656,6.103377599532548,0.4789153982751915,9.45
2021-04-21,1011010101,花叶类,182.939,849.0319999999999,323,18,0.0,4.641066147732304,2.9662277043167395,0.564635830546043,12.83
2021-04-21,1011010201,花菜类,49.748000000000005,234.094,95,2,0.0,4.705596204872557,3.1710814505105724,0.4839089686942333,15.51
2021-04-21,1011010402,水生根茎类,13.078000000000001,132.784,24,2,0.0,10.153234439516744,7.1141887138706235,0.42718092643801464,13.65
2021-04-21,1011010501,茄类,26.622,181.548,55,3,0.0,6.8194726166328605,4.79400871459695,0.42249900294688936,6.68
2021-04-21,1011010504,辣椒类,50.684,372.6184,157,7,0.0,7.351795438402652,4.588416857390893,0.60225098697399,9.24
2021-04-21,1011010801,食用菌,31.173,274.77819999999997,78,11,0.06335610945369391,8.814621627690629,6.116767715651365,0.4410587482562225,9.45
2021-04-22,1011010101,花叶类,150.806,786.2776,289,18,0.0,5.213834993302654,3.349876729042611,0.5564259269900833,12.83
2021-04-22,1011010201,花菜类,34.614999999999995,155.31740000000002,72,2,0.0,4.486996966632963,2.915842264914055,0.5388339145173953,15.51
2021-04-22,1011010402,水生根茎类,11.64,119.05799999999999,19,2,0.0,10.228350515463916,7.083541237113401,0.4439600438652982,13.65
2021-04-22,1011010501,茄类,15.227,110.6084,36,4,0.0,7.2639653247520855,4.431991856570566,0.6389843573342833,6.68
2021-04-22,1011010504,辣椒类,47.905,375.7154,147,8,0.0,7.842926625613193,4.58705145600668,0.7097969579876828,9.24
2021-04-22,1011010801,食用菌,40.04,246.313,81,12,0.0,6.151673326673326,3.9448738761238764,0.559409380336841,9.45
2021-04-23,1011010101,花叶类,171.226,843.8276,337,17,0.0866340392230152,4.928151098548118,3.2238643079906084,0.5286471847879257,12.83
2021-04-23,1011010201,花菜类,47.035000000000004,216.0528,94,2,0.0,4.593447432762836,3.715530562347188,0.23628304374948983,15.51
2021-04-23,1011010402,水生根茎类,10.413,104.13,19,2,0.0,10.0,7.080629981753576,0.4123037110778973,13.65
2021-04-23,1011010501,茄类,27.427,187.59900000000002,56,4,0.0,6.839938746490685,4.502562438473038,0.5191213536641874,6.68
2021-04-23,1011010504,辣椒类,53.397,440.9288,145,9,0.0,8.257557540685807,4.914583403561998,0.6802151601905635,9.24
2021-04-23,1011010801,食用菌,49.109,431.2328,113,14,0.022399152904762874,8.781135840680934,5.538578468305198,0.5854493875877065,9.45
2021-04-24,1011010101,花叶类,264.803,1347.0164,519,21,0.0,5.086862308961757,3.207838808472714,0.5857599501340487,12.83
2021-04-24,1011010201,花菜类,107.309,365.8678,164,2,0.0,3.4094791676373837,2.6893055568498445,0.26779166426559753,15.51
2021-04-24,1011010402,水生根茎类,17.178,171.78,22,2,0.0,10.0,7.076341832576552,0.4131595443798566,13.65
2021-04-24,1011010501,茄类,37.796,255.6886,83,4,0.0,6.764964546512859,4.6428354852365326,0.4570760837906822,6.68
2021-04-24,1011010504,辣椒类,102.50099999999999,796.399,314,8,0.0,7.769670539799613,5.113481331889445,0.5194483044937017,9.24
2021-04-24,1011010801,食用菌,78.6,692.8226,181,12,0.0,8.814536895674301,5.60790737913486,0.5718050067071778,9.45
2021-04-25,1011010101,花叶类,221.785,1119.8696,387,20,0.0,5.0493477917803276,3.2295958698739766,0.5634611868565957,12.83
2021-04-25,1011010201,花菜类,94.264,323.828,169,2,0.0,3.4353305609776794,2.3148364168717643,0.48404895306603746,15.51
2021-04-25,1011010402,水生根茎类,11.454,114.54,17,2,0.0,10.0,7.139732844421164,0.4006126304591058,13.65
2021-04-25,1011010501,茄类,24.708,190.99740000000003,49,4,0.0,7.730184555609521,4.538642140197506,0.70319322758351,6.68
2021-04-25,1011010504,辣椒类,71.047,588.547,222,8,0.0,8.283910650696019,5.096296395343927,0.6254766222514758,9.24
2021-04-25,1011010801,食用菌,37.692,283.6522,89,9,0.0,7.525527963493579,4.731049028971665,0.5906679295457058,9.45
2021-04-26,1011010101,花叶类,151.258,744.8266,284,20,0.0,4.92421293419191,3.2239544354678755,0.5273829183250491,12.83
2021-04-26,1011010201,花菜类,43.118,151.9592,70,2,0.0,3.5242636485922354,2.3820316341203207,0.47952008617792297,15.51
2021-04-26,1011010402,水生根茎类,11.870999999999999,122.94999999999999,24,2,0.0,10.35717294246483,6.919619240165108,0.4967836499364522,13.65
2021-04-26,1011010501,茄类,12.617999999999999,101.5602,28,4,0.0,8.048834997622444,4.606172135045174,0.7474021295002053,6.68
2021-04-26,1011010504,辣椒类,60.715999999999994,485.172,197,8,0.0,7.990842611502735,4.927143586534028,0.6218002319522111,9.24
2021-04-26,1011010801,食用菌,37.392,290.8746,84,11,0.0,7.779059691912708,4.791960312366282,0.6233564522305881,9.45
2021-04-27,1011010101,花叶类,135.216,640.3557999999999,235,19,0.0,4.735799017867707,2.9215308839190626,0.6209991288933117,12.83
2021-04-27,1011010201,花菜类,26.490000000000002,96.8418,55,2,0.0,3.6557870894677236,2.700869762174405,0.353559190697347,15.51
2021-04-27,1011010402,水生根茎类,9.127,91.904,16,2,0.0,10.069464227018734,7.181244658704942,0.4021892729713308,13.65
2021-04-27,1011010501,茄类,31.042,219.5694,63,4,0.21654532568777782,7.07330068938857,4.692677018233361,0.5073060988227645,6.68
2021-04-27,1011010504,辣椒类,50.15,391.897,163,8,0.0,7.814496510468595,5.0180213359920245,0.5572864257110075,9.24
2021-04-27,1011010801,食用菌,26.080000000000002,237.571,77,9,0.0,9.109317484662576,5.706149923312884,0.5964034606672017,9.45
2021-04-28,1011010101,花叶类,125.78500000000001,609.4352,242,20,0.0,4.845054656755575,3.161704336765115,0.5324186390283325,12.83
2021-04-28,1011010201,花菜类,29.405,132.7064,59,2,0.0,4.513055602788642,2.5608005441251485,0.7623612323662818,15.51
2021-04-28,1011010402,水生根茎类,7.359,76.344,16,2,0.0,10.37423562984101,7.134508764777823,0.4540924921218561,13.65
2021-04-28,1011010501,茄类,27.487000000000002,207.4876,52,4,0.0,7.548572052242878,5.123532215229018,0.4733140605236661,6.68
2021-04-28,1011010504,辣椒类,47.189,382.688,159,7,0.0,8.10968657949946,5.158359363410964,0.5721445537553496,9.24
2021-04-28,1011010801,食用菌,33.609,324.088,85,12,0.02439822666547651,9.642893272635305,6.078023148561397,0.58651802353166,9.45
2021-04-29,1011010101,花叶类,134.898,635.1394,274,20,0.0477471867633323,4.708293673738677,2.964850331361473,0.5880375558710265,12.83
2021-04-29,1011010201,花菜类,33.858000000000004,136.6938,65,2,0.0,4.037267410951621,2.9558966861598437,0.3658350881663057,15.51
2021-04-29,1011010402,水生根茎类,8.818,92.688,19,2,0.0,10.511227035608982,7.097754592878204,0.480922860612258,13.65
2021-04-29,1011010501,茄类,15.705,123.4332,32,4,0.0,7.859484240687679,5.259852276345113,0.4942404896110426,6.68
2021-04-29,1011010504,辣椒类,54.543,425.583,152,8,0.0,7.80270612177548,5.1216005720257405,0.5234897786434145,9.24
2021-04-29,1011010801,食用菌,32.548,279.0086,87,11,0.05530293720044242,8.572219491212977,5.642771906107902,0.5191504519142718,9.45
2021-04-30,1011010101,花叶类,138.58499999999998,691.2256,271,19,0.01785185986939424,4.987737489627305,3.2413779269040663,0.5387707333440248,12.83
2021-04-30,1011010201,花菜类,38.125,150.3458,75,2,0.0,3.943496393442623,3.476321573770492,0.13438768818082125,15.51
2021-04-30,1011010402,水生根茎类,14.856000000000002,152.616,22,2,0.0,10.27302100161551,7.021171243941842,0.46314918760591395,13.65
2021-04-30,1011010501,茄类,26.786,229.9156,49,4,0.0,8.58342417680878,5.002825729858881,0.7157152058244689,6.68
2021-04-30,1011010504,辣椒类,52.865,484.578,154,8,0.0,9.166329329424004,5.599075948169867,0.6371146621828092,9.24
2021-04-30,1011010801,食用菌,34.271,281.89459999999997,68,12,0.007294797350529602,8.225455924834407,5.001091885267428,0.6447320132360574,9.45
2021-05-01,1011010101,花叶类,171.826,890.2396,321,20,0.0,5.181052925634072,3.3759016679664313,0.5347167764975287,12.83
2021-05-01,1011010201,花菜类,57.443,269.28000000000003,106,2,0.0,4.687777448949394,2.983359330118552,0.5713083575363722,15.51
2021-05-01,1011010402,水生根茎类,18.075,183.172,29,2,0.0,10.133997233748271,7.112231811894883,0.42486880374169234,13.65
2021-05-01,1011010501,茄类,19.976,168.807,39,4,0.0,8.450490588706447,5.005392971565879,0.688277151606502,6.68
2021-05-01,1011010504,辣椒类,77.396,698.937,238,8,0.0,9.030660499250608,5.59562987751305,0.613877382337561,9.24
2021-05-01,1011010801,食用菌,50.81,471.3142,120,10,0.0,9.27601259594568,5.829732336154301,0.5911558303317896,9.45
2021-05-02,1011010101,花叶类,198.544,1065.5776,378,19,0.0,5.366959464904505,3.5103416371182203,0.5288994689731841,12.83
2021-05-02,1011010201,花菜类,36.466,180.8418,70,2,0.0,4.9591893818899795,2.9128610212252513,0.7025149314552503,15.51
2021-05-02,1011010402,水生根茎类,17.439,178.264,25,2,0.0,10.222145765238833,7.053383794942371,0.4492541540939008,13.65
2021-05-02,1011010501,茄类,22.784000000000002,166.1028,48,4,0.0,7.290326544943819,5.41856478230337,0.34543496993031897,6.68
2021-05-02,1011010504,辣椒类,80.42,765.947,261,8,0.0,9.524334742601344,5.562425640387963,0.7122628432902607,9.24
2021-05-02,1011010801,食用菌,47.435,439.92900000000003,111,9,0.03849478233371983,9.274354379677453,5.973295246126278,0.5526361911696787,9.45
2021-05-03,1011010101,花叶类,226.26500000000001,1100.4112,424,19,0.0,4.863373478001458,3.2273681744856693,0.5069162286625422,12.83
2021-05-03,1011010201,花菜类,37.613,192.054,80,2,0.0,5.106053758009199,2.8670156594794354,0.7809647258558421,15.51
2021-05-03,1011010402,水生根茎类,18.743000000000002,189.584,28,2,0.0,10.114922904551031,7.123576268473562,0.41992203400925376,13.65
2021-05-03,1011010501,茄类,25.174999999999997,213.0582,52,4,0.0,8.463086395233367,5.177018470705065,0.6347413947087517,6.68
2021-05-03,1011010504,辣椒类,83.41900000000001,798.7620000000001,248,9,0.0,9.575300590992459,5.682550617964732,0.6850356881505366,9.24
2021-05-03,1011010801,食用菌,54.995,405.065,118,7,0.0,7.3654877716156015,4.507713064824075,0.6339744046914084,9.45
2021-05-04,1011010101,花叶类,200.985,1066.0246,404,19,0.0,5.3040007960793085,3.511527278155086,0.5104541061306993,12.83
2021-05-04,1011010201,花菜类,37.838,178.5666,84,2,0.0,4.71923991754321,2.724207939108832,0.7323346906796739,15.51
2021-05-04,1011010402,水生根茎类,8.799,90.276,15,2,0.0,10.259802250255712,7.203897033753836,0.42420167892231686,13.65
2021-05-04,1011010501,茄类,18.032,146.0018,38,4,0.0,8.096816770186335,4.430329414374445,0.8275879766221832,6.68
2021-05-04,1011010504,辣椒类,43.846000000000004,492.67400000000004,155,8,0.0,11.23646398759294,6.788305204579664,0.6552679422858549,9.24
2021-05-04,1011010801,食用菌,42.643,398.7894,109,8,0.0,9.351813896770865,5.961294233520157,0.5687556309812609,9.45
2021-05-05,1011010101,花叶类,203.532,1003.3548,410,20,0.015432462708566711,4.9297152290548905,3.2457739814869404,0.518810384571667,12.83
2021-05-05,1011010201,花菜类,34.156,173.078,87,2,0.0,5.067279540929851,3.1824780419252847,0.5922433632454316,15.51
2021-05-05,1011010402,水生根茎类,15.352,159.05,27,2,0.0,10.360213652944243,7.1369626107347575,0.45162784478671214,13.65
2021-05-05,1011010501,茄类,17.339,135.448,37,4,0.0,7.811753849702983,4.295123709556492,0.8187494419129577,6.68
2021-05-05,1011010504,辣椒类,72.08,740.2114,228,8,0.0,10.269303551609324,6.85287167036626,0.4985401807561456,9.24
2021-05-05,1011010801,食用菌,60.989000000000004,704.9932,161,10,0.0,11.559350046729737,7.491814589516141,0.5429306089482784,9.45
2021-05-06,1011010101,花叶类,151.84,820.8354,325,20,0.019527133825079028,5.405923340358272,3.658514423076923,0.47762799738034767,12.83
2021-05-06,1011010201,花菜类,21.199,125.636,52,2,0.0,5.926505967262606,4.1243553941223645,0.43695326928142353,15.51
2021-05-06,1011010402,水生根茎类,5.992,62.32599999999999,12,2,0.0,10.401535380507342,7.095600801068091,0.4659132710709448,13.65
2021-05-06,1011010501,茄类,22.682,185.983,49,4,0.0,8.199585574464333,4.892237897892603,0.6760398299511181,6.68
2021-05-06,1011010504,辣椒类,73.006,541.5566,236,8,0.151124565104238,7.417973865161768,6.549378818179327,0.13262250834712042,9.24
2021-05-06,1011010801,食用菌,30.192,316.356,91,8,0.0,10.478139904610492,6.473228007419183,0.6186885264355195,9.45
2021-05-07,1011010101,花叶类,147.508,706.4214,300,20,0.0,4.789037882691107,3.02293712883369,0.5842333725739159,12.83
2021-05-07,1011010201,花菜类,26.046,144.947,58,2,0.0,5.565038777547416,3.7711364508945713,0.4756927653008429,15.51
2021-05-07,1011010402,水生根茎类,6.436,68.434,15,2,0.0,10.633001864512119,7.0449145431945315,0.5093159468887698,13.65
2021-05-07,1011010501,茄类,20.724,144.955,43,4,0.0,6.994547384674774,5.148480023161552,0.35856550927813413,6.68
2021-05-07,1011010504,辣椒类,73.96199999999999,578.2816,213,8,0.0,7.818631188988942,6.00888469754739,0.30117843535593636,9.24
2021-05-07,1011010801,食用菌,33.543,269.9166,82,10,0.02009361118564231,8.046883105267867,4.915383537548818,0.6370814289052713,9.45
2021-05-08,1011010101,花叶类,160.786,817.532,326,19,0.0,5.0845969176420835,3.3140749816526314,0.5342431736733202,12.83
2021-05-08,1011010201,花菜类,28.122,155.276,61,2,0.0,5.521513405874405,3.4675371595192375,0.5923444081100906,15.51
2021-05-08,1011010402,水生根茎类,11.456999999999999,119.764,25,2,0.0,10.453347298594746,7.156932006633499,0.4605905559681047,13.65
2021-05-08,1011010501,茄类,22.625,172.80299999999997,48,4,0.37056353591160224,7.637701657458562,5.694132154696133,0.341328485177413,6.68
2021-05-08,1011010504,辣椒类,69.529,569.7040000000001,230,9,0.0,8.193760876756462,6.2012791784722925,0.32130172516681066,9.24
2021-05-08,1011010801,食用菌,33.331,292.222,92,9,0.024241696918784313,8.767273709159639,6.012563979478562,0.4581589050999135,9.45
2021-05-09,1011010101,花叶类,216.668,1128.83,446,20,0.0,5.209952554138128,3.178046181254269,0.6393570945787619,12.83
2021-05-09,1011010201,花菜类,37.443,209.252,77,2,0.0,5.588547926181129,3.44151723953743,0.6238616683298319,15.51
2021-05-09,1011010402,水生根茎类,21.145,286.10999999999996,31,3,0.0,13.530858358950105,9.749217309056515,0.3878917588984956,13.65
2021-05-09,1011010501,茄类,30.75,214.354,67,4,0.0,6.970861788617887,5.129437073170733,0.3589915792277938,6.68
2021-05-09,1011010504,辣椒类,95.07499999999999,743.149,304,8,0.0,7.8164501709176974,5.449014462266633,0.43447043957124665,9.24
2021-05-09,1011010801,食用菌,44.849000000000004,448.2104,125,11,0.017369395081272714,9.993765747285334,6.377416441838168,0.5670555370545667,9.45
2021-05-10,1011010101,花叶类,157.721,646.5558000000001,323,17,0.0,4.0993640669283105,2.908298451062319,0.40954036729996846,12.83
2021-05-10,1011010201,花菜类,30.866,169.933,64,2,0.0,5.505507678351584,3.2903424480010366,0.67323242652032,15.51
2021-05-10,1011010402,水生根茎类,8.06,113.40599999999999,13,3,0.0,14.070223325062033,10.06083622828784,0.39851429899048396,13.65
2021-05-10,1011010501,茄类,24.956000000000003,172.118,48,4,0.0,6.896858470908798,4.982184644975155,0.3843040678680407,6.68
2021-05-10,1011010504,辣椒类,60.824999999999996,430.02700000000004,193,9,0.0,7.069905466502262,4.90523090834361,0.44129921681701556,9.24
2021-05-10,1011010801,食用菌,26.427,243.216,73,8,0.0,9.203314791690318,5.860402240133197,0.5704237379243684,9.45
2021-05-11,1011010101,花叶类,190.06,730.638,379,17,0.001052299273913501,3.8442491844680626,2.5650352520256763,0.4987120280051345,12.83
2021-05-11,1011010201,花菜类,27.768,154.377,59,2,0.0,5.559528954191876,3.320361927398444,0.674374383201007,15.51
2021-05-11,1011010402,水生根茎类,8.963000000000001,119.32999999999998,17,3,0.0,13.313622670980696,9.77727546580386,0.3616904543137045,13.65
2021-05-11,1011010501,茄类,26.533,167.1336,55,4,0.0,6.299084159348736,4.506499453510723,0.3977776374612729,6.68
2021-05-11,1011010504,辣椒类,46.524,333.3232,126,8,0.0,7.164543031553606,4.818707763734847,0.48681833031529753,9.24
2021-05-11,1011010801,食用菌,29.889,277.11440000000005,93,9,0.010371708655358159,9.27145103549801,5.9158101642744825,0.5672326829363472,9.45
2021-05-12,1011010101,花叶类,182.519,765.7536,364,21,0.0,4.19547334798021,2.619657624685649,0.6015349900862155,12.83
2021-05-12,1011010201,花菜类,19.252,108.703,45,2,0.0,5.646322460004156,3.414006337003948,0.6538699412489188,15.51
2021-05-12,1011010402,水生根茎类,6.0809999999999995,70.71,10,3,0.0,11.628021706956092,8.390383160664365,0.38587493375396287,13.65
2021-05-12,1011010501,茄类,19.247,109.28,38,4,0.0,5.67776796383852,3.900017665090663,0.4558313452425171,6.68
2021-05-12,1011010504,辣椒类,42.616,327.2694,119,7,0.0,7.6794959639572,4.98497864651774,0.540527353978079,9.24
2021-05-12,1011010801,食用菌,31.02,244.488,84,9,0.0,7.881624758220503,4.800033526756931,0.641993689061918,9.45
2021-05-13,1011010101,花叶类,157.293,739.3334,314,18,0.19345425416261372,4.7003579307407195,3.043135676730687,0.5445771828978805,12.83
2021-05-13,1011010201,花菜类,24.095,156.49699999999999,47,2,0.0,6.49499896244034,3.569924465656775,0.8193659347482654,15.51
2021-05-13,1011010402,水生根茎类,14.949000000000002,179.19,28,3,0.0,11.986754966887416,8.230083617633285,0.4564560366319135,13.65
2021-05-13,1011010501,茄类,20.687,124.9306,35,4,0.0,6.039087349543191,3.710439406390487,0.6275935780387831,6.68
2021-05-13,1011010504,辣椒类,47.949,376.6764,140,9,0.0,7.855771757492336,5.527536340695323,0.42120671367746065,9.24
2021-05-13,1011010801,食用菌,29.537,294.90000000000003,86,9,0.0,9.984087754342013,6.25203744456106,0.5969334545537055,9.45
2021-05-14,1011010101,花叶类,191.116,884.0084,400,20,0.0,4.625507021913393,2.8078677347788776,0.6473379299960709,12.83
2021-05-14,1011010201,花菜类,40.997,246.091,90,2,0.0,6.002658731126668,3.7977517867161015,0.580582162352727,15.51
2021-05-14,1011010402,水生根茎类,11.411999999999999,124.02,24,3,0.0,10.867507886435332,7.4681650893796006,0.4551777787946736,13.65
2021-05-14,1011010501,茄类,32.193,166.5412,56,4,0.0,5.173211567732116,3.3121545056378716,0.5618871519811037,6.68
2021-05-14,1011010504,辣椒类,51.909,365.3772,132,9,0.0,7.038802519794256,4.680673871582963,0.5038011006337844,9.24
2021-05-14,1011010801,食用菌,29.278,329.43219999999997,102,8,0.03357469772525446,11.251868297014823,7.051104925199809,0.5957595889407328,9.45
2021-05-15,1011010101,花叶类,258.278,1169.0012000000002,511,19,0.0,4.526135404486639,2.6441262128404275,0.711769802253305,12.83
2021-05-15,1011010201,花菜类,37.346999999999994,234.279,78,2,0.0,6.273033978632823,4.238528395855089,0.4800028200276547,15.51
2021-05-15,1011010402,水生根茎类,12.399000000000001,123.99000000000001,19,2,0.0,10.0,6.7869924993951125,0.47340666737015624,13.65
2021-05-15,1011010501,茄类,40.776,253.839,75,4,0.0,6.225206003531489,3.6310307533843433,0.7144459593819785,6.68
2021-05-15,1011010504,辣椒类,86.637,633.1406,228,8,0.0,7.307970035896902,4.466323164467837,0.6362385270362871,9.24
2021-05-15,1011010801,食用菌,49.932,476.9222,136,11,0.0,9.551433950172234,5.971580749819754,0.5994816699850427,9.45
2021-05-16,1011010101,花叶类,212.588,1029.1526,415,16,0.0,4.841066287843152,2.7678079665832502,0.7490614761902203,12.83
2021-05-16,1011010201,花菜类,52.382000000000005,355.86400000000003,109,2,0.0,6.793631400099271,4.557864915428963,0.4905293434875502,15.51
2021-05-16,1011010402,水生根茎类,6.386,63.86,18,2,0.0,10.0,6.725576260569997,0.4868614394616193,13.65
2021-05-16,1011010501,茄类,19.008999999999997,102.39240000000001,38,4,0.0,5.386522173707193,3.40882844968173,0.5801681584211471,6.68
2021-05-16,1011010504,辣椒类,153.409,874.3258,440,9,0.000873481999100444,5.699312295888768,3.418523554680625,0.6671853227646474,9.24
2021-05-16,1011010801,食用菌,51.103,482.4928,133,10,0.0,9.441574858618868,5.8683024479971815,0.6089107441695041,9.45
2021-05-17,1011010101,花叶类,176.65800000000002,751.529,359,19,0.0,4.254146429824859,2.4594779177846458,0.7296949076317569,12.83
2021-05-17,1011010201,花菜类,27.587000000000003,174.97,56,2,0.0,6.342480153695581,3.8516094537282055,0.6467090523823258,15.51
2021-05-17,1011010402,水生根茎类,5.011,50.11,12,2,0.0,10.0,6.6119197764917175,0.5124200441079756,13.65
2021-05-17,1011010501,茄类,29.921000000000003,188.09660000000002,64,4,0.0,6.286440961197821,3.6418953243541323,0.7261454273984884,6.68
2021-05-17,1011010504,辣椒类,76.099,359.8514,194,9,0.0,4.728727052917909,2.851849695791009,0.6581263240825588,9.24
2021-05-17,1011010801,食用菌,25.733,278.913,86,7,0.0,10.838728480938872,6.603272840321767,0.6414176338063775,9.45
2021-05-18,1011010101,花叶类,173.271,771.1896,339,20,0.009257175176457688,4.4507713350762685,2.587948589204195,0.7198067046783565,12.83
2021-05-18,1011010201,花菜类,31.098,220.047,53,2,0.0,7.0759212811113255,4.149348832722362,0.7053088487787751,15.51
2021-05-18,1011010402,水生根茎类,12.309000000000001,123.09,23,3,0.0,10.0,8.615581281988788,0.16068779026035007,13.65
2021-05-18,1011010501,茄类,23.783,120.977,44,4,0.0,5.086700584451078,3.053544969095572,0.6658345090485784,6.68
2021-05-18,1011010504,辣椒类,84.864,438.8932,230,7,0.0,5.171724170437405,3.2716825744720968,0.5807536497552455,9.24
2021-05-18,1011010801,食用菌,29.45,304.23,87,8,0.050933786078098474,10.330390492359934,6.601005432937182,0.5649722754073427,9.45
2021-05-19,1011010101,花叶类,140.823,591.6644,257,17,0.0,4.201475611228279,2.506436377580367,0.6762745900154261,12.83
2021-05-19,1011010201,花菜类,33.900999999999996,215.813,61,2,0.0,6.365977404796319,4.090848647532522,0.5561508022635075,15.51
2021-05-19,1011010402,水生根茎类,12.199,121.99000000000001,28,2,0.0,10.0,6.040999262234609,0.6553552758258288,13.65
2021-05-19,1011010501,茄类,20.578,116.524,41,3,0.0,5.662552240256585,3.6226951112838957,0.5630772301591114,6.68
2021-05-19,1011010504,辣椒类,76.853,406.2444,223,8,0.0,5.285992739385581,3.252814333858145,0.625052092387915,9.24
2021-05-19,1011010801,食用菌,28.798000000000002,309.50480000000005,89,10,0.0,10.747440794499619,6.448990554899646,0.6665307078693439,9.45
2021-05-20,1011010101,花叶类,148.851,641.9808,285,20,0.03258291848895876,4.312908882036399,2.489963722111373,0.7321171564617228,12.83
2021-05-20,1011010201,花菜类,17.189,110.458,41,2,0.0,6.426086450637035,3.703188085403456,0.7352849227308216,15.51
2021-05-20,1011010402,水生根茎类,9.406,94.06,29,2,0.0,10.0,5.316432064639591,0.880960741793644,13.65
2021-05-20,1011010501,茄类,22.177,119.74799999999999,44,4,0.0,5.399648284258466,3.366922487261577,0.6037340641750764,6.68
2021-05-20,1011010504,辣椒类,61.568000000000005,377.684,199,8,0.0,6.134420478170478,3.356851286382536,0.8274328991145599,9.24
2021-05-20,1011010801,食用菌,35.447,345.05100000000004,106,12,0.04581487855107626,9.734279346630181,5.889025305385505,0.652952541692799,9.45
2021-05-21,1011010101,花叶类,106.47200000000001,474.6946,212,17,0.010331354722368322,4.458398452175219,2.513843921406567,0.7735382909853123,12.83
2021-05-21,1011010201,花菜类,33.979,249.524,66,2,0.0,7.343476853350599,4.398737455487213,0.669451047638673,15.51
2021-05-21,1011010402,水生根茎类,4.178,41.78,8,2,0.0,10.0,6.557285782671135,0.5250212254629631,13.65
2021-05-21,1011010501,茄类,21.886,127.547,46,3,0.0,5.827789454445765,3.2911326875628255,0.770754936885089,6.68
2021-05-21,1011010504,辣椒类,36.494,322.0414,127,8,0.0,8.824502657971173,4.634853948594289,0.9039440629294411,9.24
2021-05-21,1011010801,食用菌,43.516,468.3954,125,12,0.0,10.763751263902932,6.516607914330361,0.6517414282717364,9.45
2021-05-22,1011010101,花叶类,190.363,989.5566,407,18,0.0,5.19826121672804,2.9042796131601207,0.7898625163958848,12.83
2021-05-22,1011010201,花菜类,34.961999999999996,276.90959999999995,76,2,0.0,7.920302042217264,4.93801613180024,0.6039441408891832,15.51
2021-05-22,1011010402,水生根茎类,9.18,91.8,19,2,0.0,10.0,6.9440697167756,0.44007770772258126,13.65
2021-05-22,1011010501,茄类,25.845,180.8472,53,4,0.0,6.997376668601277,3.5804979686593152,0.9543026500365199,6.68
2021-05-22,1011010504,辣椒类,98.936,521.9258,312,9,0.0,5.275388129700008,3.672704475620603,0.4363769708992411,9.24
2021-05-22,1011010801,食用菌,45.209,448.1536,132,9,0.005706828286403149,9.912928841602335,5.975999469132251,0.6587901141567116,9.45
2021-05-23,1011010101,花叶类,217.25900000000001,1105.2308,475,15,0.0,5.087157724190942,2.835893979075665,0.7938462304042329,12.83
2021-05-23,1011010201,花菜类,64.231,506.43359999999996,133,2,0.0,7.884566642275536,4.741829023368779,0.6627690714740353,15.51
2021-05-23,1011010402,水生根茎类,17.229,202.29,31,3,0.0,11.741250217656278,15.65373730338383,-0.24993948792546805,13.65
2021-05-23,1011010501,茄类,42.330999999999996,296.7594,87,4,0.0,7.010450969738491,3.9533670359783617,0.7732861396218871,6.68
2021-05-23,1011010504,辣椒类,137.485,672.2948,405,10,0.0,4.889950176382878,3.4618251445612245,0.41253528765464664,9.24
2021-05-23,1011010801,食用菌,62.384,518.0462,154,10,0.0,8.304151705565529,4.908203064888434,0.6918924493916161,9.45
2021-05-24,1011010101,花叶类,148.83100000000002,785.9468,339,17,0.0,5.280800370890473,3.260085802017053,0.6198347809199318,12.83
2021-05-24,1011010201,花菜类,40.924,302.762,88,2,0.0,7.398152673247972,4.576762291076141,0.6164598907994481,15.51
2021-05-24,1011010402,水生根茎类,4.28,42.8,9,2,0.0,9.999999999999998,6.619908878504673,0.5105948108244702,13.65
2021-05-24,1011010501,茄类,17.043,119.5666,34,4,0.0,7.015584110778619,4.0765569441999645,0.7209582024262502,6.68
2021-05-24,1011010504,辣椒类,54.772,320.7176,166,10,0.0,5.85550281165559,3.7006738844665157,0.5822801453091866,9.24
2021-05-24,1011010801,食用菌,29.627000000000002,318.79339999999996,95,10,0.06143045195261079,10.760232220609577,6.738785229689134,0.5967614123096123,9.45
2021-05-25,1011010101,花叶类,130.32500000000002,664.059,284,16,0.0,5.095407634759255,3.1797675043161324,0.6024466027289364,12.83
2021-05-25,1011010201,花菜类,29.554000000000002,224.739,66,2,0.0,7.60435135683833,4.62809027542803,0.6430862200791967,15.51
2021-05-25,1011010402,水生根茎类,5.412,54.120000000000005,11,2,0.0,10.000000000000002,6.66390613451589,0.500621377033617,13.65
2021-05-25,1011010501,茄类,17.939999999999998,122.0698,36,4,0.0,6.8043366778149394,4.0733539576365665,0.6704506282981944,6.68
2021-05-25,1011010504,辣椒类,57.519,353.8548,189,9,0.0,6.1519636989516515,3.9721526799840055,0.548773220614577,9.24
2021-05-25,1011010801,食用菌,35.047,332.0504,102,9,0.045196450480782954,9.474431477729906,5.898229805689503,0.606317791923054,9.45
2021-05-26,1011010101,花叶类,166.467,838.8032000000001,359,18,0.012014393243105239,5.038855749187527,3.2229049601422504,0.5634515480608915,12.83
2021-05-26,1011010201,花菜类,46.547,347.63,106,2,0.0,7.468365308183127,4.495711431456378,0.6612199030229489,15.51
2021-05-26,1011010402,水生根茎类,4.008,40.08,9,2,0.0,10.0,6.0318213572854305,0.657874033010224,13.65
2021-05-26,1011010501,茄类,15.809999999999999,95.8226,32,4,0.0,6.060885515496521,3.6301998734977863,0.6695735019286169,6.68
2021-05-26,1011010504,辣椒类,65.41600000000001,387.218,195,8,0.0,5.919316375198727,3.659973248135012,0.6173113774028249,9.24
2021-05-26,1011010801,食用菌,31.969,240.2784,74,11,0.03519034064249742,7.5159811066971125,4.416090274953862,0.7019536827234893,9.45
2021-05-27,1011010101,花叶类,145.237,677.9590000000001,280,19,0.0,4.667949627161123,2.9094893174604266,0.6043879587898209,12.83
2021-05-27,1011010201,花菜类,43.952,335.414,88,2,0.0,7.6313705860939205,4.65184064433928,0.640505591132053,15.51
2021-05-27,1011010402,水生根茎类,8.319,83.19000000000001,17,2,0.0,10.0,6.734847938454141,0.484814518662364,13.65
2021-05-27,1011010501,茄类,15.645,94.813,33,4,0.0,6.060274848194312,3.9253652924256954,0.5438753840026289,6.68
2021-05-27,1011010504,辣椒类,37.078,280.15160000000003,130,9,0.0,7.555736555369761,3.965311775176654,0.9054583810205328,9.24
2021-05-27,1011010801,食用菌,19.573999999999998,139.8082,43,9,0.08174108511290488,7.142546234801268,4.561420762235619,0.565859982471909,9.45
2021-05-28,1011010101,花叶类,123.824,586.6604,248,17,0.0,4.737856958263341,3.0493073232975836,0.5537485913816407,12.83
2021-05-28,1011010201,花菜类,42.189,323.658,81,2,0.0,7.671620564602148,4.788188153310105,0.6021969728358958,15.51
2021-05-28,1011010402,水生根茎类,6.205,62.05,14,2,0.0,10.0,6.192006446414183,0.6149853987621479,13.65
2021-05-28,1011010501,茄类,16.472,96.6398,35,4,0.0,5.866913550267119,3.778995871782419,0.5525059431991133,6.68
2021-05-28,1011010504,辣椒类,67.00999999999999,363.1592,203,9,0.0,5.419477689897031,3.4462823459185197,0.5725576566050643,9.24
2021-05-28,1011010801,食用菌,28.172,280.0812,87,10,0.07308675280420276,9.941828766150788,6.25986653414738,0.5881854208741379,9.45
2021-05-29,1011010101,花叶类,180.875,954.1888,338,18,0.0,5.2754045611610225,3.229237705597789,0.6336377319069026,12.83
2021-05-29,1011010201,花菜类,52.779,348.8,106,2,0.0,6.608689061937513,5.092140624111863,0.2978213976740196,15.51
2021-05-29,1011010402,水生根茎类,9.57,95.69999999999999,19,2,0.0,9.999999999999998,6.449350052246603,0.550543840695473,13.65
2021-05-29,1011010501,茄类,18.291,119.88819999999998,36,4,0.0,6.554491279864413,4.1017992455305885,0.597955162482984,6.68
2021-05-29,1011010504,辣椒类,116.84499999999998,616.5252,341,9,0.0,5.27643630450597,3.309272454961701,0.5944399792754553,9.24
2021-05-29,1011010801,食用菌,35.882,321.6894,97,12,0.04854801850510005,8.965202608550248,5.512370269215763,0.6263788843461915,9.45
2021-05-30,1011010101,花叶类,196.236,987.7686,400,17,0.0,5.033574879227054,3.1856873866161153,0.5800592677029093,12.83
2021-05-30,1011010201,花菜类,21.296,120.827,34,2,0.0,5.673694590533434,4.6823225018782875,0.21172657121705374,15.51
2021-05-30,1011010402,水生根茎类,4.719,47.19,12,2,0.0,9.999999999999998,6.280216147488876,0.5923018834309495,13.65
2021-05-30,1011010501,茄类,27.038,159.93599999999998,55,4,0.0,5.91523041645092,3.8359246246024115,0.5420611704704772,6.68
2021-05-30,1011010504,辣椒类,106.61500000000001,488.1136,312,10,0.0,4.5782826056371055,3.1666247713736335,0.44579258238137154,9.24
2021-05-30,1011010801,食用菌,33.492,383.18960000000004,112,7,0.06467216051594411,11.441227755882004,7.482360862295474,0.5290932857215884,9.45
2021-05-31,1011010101,花叶类,191.98000000000002,1014.1018,374,18,0.0,5.282330451088654,3.4385704240025,0.5361995828894541,12.83
2021-05-31,1011010201,花菜类,39.165,249.173,67,2,0.0,6.3621345589174005,5.017547555215115,0.2679769327357455,15.51
2021-05-31,1011010402,水生根茎类,5.404,54.04,15,2,0.0,10.0,5.6735751295336785,0.7625570776255708,13.65
2021-05-31,1011010501,茄类,25.363,139.95,45,4,0.0,5.517880376927019,3.114258565627095,0.771811897004745,6.68
2021-05-31,1011010504,辣椒类,60.117999999999995,273.3956,159,9,0.0,4.547649622409263,2.7965877108353574,0.6261423179360437,9.24
2021-05-31,1011010801,食用菌,34.114,353.5602,100,11,0.02814093920384593,10.364079263645426,6.7550603857653755,0.5342689290365439,9.45
2021-06-01,1011010101,花叶类,151.091,773.1038,312,17,0.0,5.116809075325466,3.444747006770754,0.4853947373401366,12.83
2021-06-01,1011010201,花菜类,41.593,286.175,84,2,0.0,6.8803644844084335,4.904343519342197,0.40291243002718424,15.51
2021-06-01,1011010402,水生根茎类,7.2170000000000005,72.17,20,2,0.0,10.0,5.883501454898156,0.6996681443283674,13.65
2021-06-01,1011010501,茄类,26.938000000000002,132.09,49,4,0.0,4.903482069938376,2.6525733165045655,0.8485755094603571,6.68
2021-06-01,1011010504,辣椒类,76.648,357.7766,203,9,0.0,4.66778780920572,2.629881536374074,0.7749042094273915,9.24
2021-06-01,1011010801,食用菌,33.668,390.0558,100,13,0.0,11.585357015563739,7.638183735297613,0.5167685692117394,9.45
2021-06-02,1011010101,花叶类,178.517,895.9152,381,19,0.0,5.018654805984864,3.2995178610440465,0.5210267127927719,12.83
2021-06-02,1011010201,花菜类,43.414,296.502,76,2,0.0,6.829640208227761,4.1835668217625654,0.6324922008417655,15.51
2021-06-02,1011010402,水生根茎类,8.681000000000001,86.81,22,2,0.0,10.0,5.153590600161271,0.9403947220190658,13.65
2021-06-02,1011010501,茄类,27.706,148.873,54,4,0.0,5.3733126398614015,3.111913664910128,0.7266907820903772,6.68
2021-06-02,1011010504,辣椒类,89.386,290.4744,231,8,0.0,3.249663258228358,2.556226590293782,0.27127355241809026,9.24
2021-06-02,1011010801,食用菌,43.528,429.84299999999996,120,13,0.028510384120566074,9.875091894872266,6.501379801507076,0.5189224743620016,9.45
2021-06-03,1011010101,花叶类,142.372,654.9906,299,19,0.0,4.600557693928581,2.8888595369876096,0.5925169206135454,12.83
2021-06-03,1011010201,花菜类,36.284,262.136,69,2,0.0,7.224561790320803,4.5525267335464665,0.5869345120117049,15.51
2021-06-03,1011010402,水生根茎类,11.019,110.19,28,2,0.0,10.0,5.541992921317725,0.8044050474215132,13.65
2021-06-03,1011010501,茄类,11.679,70.836,23,4,0.0,6.0652453120986385,3.538082883808545,0.714274512859842,6.68
2021-06-03,1011010504,辣椒类,75.206,283.7836,201,8,0.0,3.7734170145998984,2.740495439193681,0.3769105252406941,9.24
2021-06-03,1011010801,食用菌,48.365,440.79859999999996,108,13,0.016540887005065646,9.11399979323891,5.951197973741342,0.5314563275247939,9.45
2021-06-04,1011010101,花叶类,121.093,601.6274000000001,262,16,0.0,4.968308655331027,3.067624883354116,0.6195945867731778,12.83
2021-06-04,1011010201,花菜类,31.416000000000004,249.53699999999998,69,2,0.0,7.942990832696713,4.845430035650624,0.6392746927012767,15.51
2021-06-04,1011010402,水生根茎类,13.461,150.706,31,2,0.0,11.195750687170342,6.843777579674615,0.6359021836742158,13.65
2021-06-04,1011010501,茄类,16.743,96.555,34,4,0.0,5.766887654542198,3.446131517649167,0.6734380638137025,6.68
2021-06-04,1011010504,辣椒类,63.703,355.5244,199,9,0.006467513303926031,5.580967929296893,2.970903254163854,0.8785424673371363,9.24
2021-06-04,1011010801,食用菌,47.048,475.4778,86,13,0.040809386158816525,10.106227682366944,6.832477469818057,0.4791454091155698,9.45
2021-06-05,1011010101,花叶类,204.287,1054.9114,444,18,0.0,5.163869458164249,3.172869100823841,0.6275078782239838,12.83
2021-06-05,1011010201,花菜类,61.486,499.182,106,2,0.0,8.11862863090785,4.902187489835084,0.6561236484206707,15.51
2021-06-05,1011010402,水生根茎类,19.494999999999997,216.074,43,2,0.0,11.083559887150553,6.805475763016159,0.6286238131040474,13.65
2021-06-05,1011010501,茄类,36.367000000000004,221.95260000000002,67,4,0.0,6.103131960293672,3.7497074270629964,0.6276288427852155,6.68
2021-06-05,1011010504,辣椒类,91.95,519.5194,265,10,0.04350190320826536,5.650020663404024,2.9545517128874392,0.9123106354034138,9.24
2021-06-05,1011010801,食用菌,42.32,303.5118,93,12,0.11011342155009451,7.171828922495274,5.2687989130434785,0.36118858222898576,9.45
2021-06-06,1011010101,花叶类,222.817,1060.7738,440,17,0.008029010353788087,4.760739979445015,2.7837301462635256,0.7102016823847455,12.83
2021-06-06,1011010201,花菜类,42.143,302.292,80,2,0.0,7.1730061931993445,4.601153453717106,0.5589582623906038,15.51
2021-06-06,1011010402,水生根茎类,7.1819999999999995,94.656,15,2,0.0,13.179615705931496,7.924239766081873,0.6632025399261909,13.65
2021-06-06,1011010501,茄类,30.644000000000002,162.585,59,4,0.020982900404646912,5.305606317713092,3.853403928990993,0.37686222765189203,6.68
2021-06-06,1011010504,辣椒类,88.671,509.7354,273,9,0.01174002774300504,5.748614541394593,2.8447387533691963,1.0207882128319028,9.24
2021-06-06,1011010801,食用菌,32.745000000000005,318.3988,94,12,0.03725759657963047,9.723585280195449,6.2926712475187045,0.5452237845779098,9.45
2021-06-07,1011010101,花叶类,148.539,805.0144,308,19,0.0,5.419549074653795,3.123246689421634,0.7352292705567207,12.83
2021-06-07,1011010201,花菜类,24.819000000000003,197.02800000000002,44,2,0.0,7.93859543091986,4.792104436117491,0.6565990029532038,15.51
2021-06-07,1011010402,水生根茎类,8.757,101.11,21,2,0.0,11.546191618134065,6.234676258992806,0.8519312212049515,13.65
2021-06-07,1011010501,茄类,29.868000000000002,118.4126,56,4,0.0,3.964530601312441,2.5397073791348594,0.5610186566701798,6.68
2021-06-07,1011010504,辣椒类,68.965,405.9273,208,8,0.014282607119553396,5.885989994924961,2.8140078300587255,1.091675059341298,9.24
2021-06-07,1011010801,食用菌,27.872,251.323,81,10,0.0,9.017042192881746,5.578038174512055,0.6165257229833359,9.45
2021-06-08,1011010101,花叶类,144.482,690.284,295,20,0.0024847385833529434,4.777647042538171,2.860747013468806,0.670069747532489,12.83
2021-06-08,1011010201,花菜类,25.106,185.61599999999999,43,2,0.0,7.393292440054169,4.508190870708197,0.6399688150055518,15.51
2021-06-08,1011010402,水生根茎类,7.394,82.376,19,2,0.0,11.140925074384636,5.826291587773871,0.9121811715986221,13.65
2021-06-08,1011010501,茄类,24.610999999999997,138.816,48,4,0.0,5.6404046970866695,3.235981878022023,0.7430272818877273,6.68
2021-06-08,1011010504,辣椒类,56.101000000000006,295.1468,181,9,0.0029767740325484394,5.260990000178249,2.9247705031995865,0.7987701921989874,9.24
2021-06-08,1011010801,食用菌,28.108,312.70060000000007,92,8,0.06154831364736018,11.124967980646082,7.587392913049665,0.466243821578304,9.45
2021-06-09,1011010101,花叶类,126.35900000000001,715.7282,272,21,0.0,5.664243939885564,3.372001836038588,0.6797867306442191,12.83
2021-06-09,1011010201,花菜类,26.845,219.741,46,2,0.0,8.185546656733099,4.986679456137083,0.6414824190592769,15.51
2021-06-09,1011010402,水生根茎类,7.943,110.019,20,3,0.0,13.851063829787236,8.769678962608586,0.5794265547056203,13.65
2021-06-09,1011010501,茄类,19.353,93.3834,37,4,0.0,4.825267400403038,2.792233245491655,0.7281032693790621,6.68
2021-06-09,1011010504,辣椒类,52.092999999999996,316.9268,167,9,0.0,6.083865394582766,3.017264123778627,1.0163516168958142,9.24
2021-06-09,1011010801,食用菌,31.399,358.7652,96,12,0.02229370362113443,11.426007197681454,7.379030542373961,0.548442865504865,9.45
2021-06-10,1011010101,花叶类,122.004,711.3776,267,21,0.0,5.830772761548801,3.189900577030261,0.8278854217384868,12.83
2021-06-10,1011010201,花菜类,13.847,103.589,26,2,0.0,7.480970607351773,4.366800751065213,0.7131467712436632,15.51
2021-06-10,1011010402,水生根茎类,10.34,174.5224,30,3,0.0,16.878375241779498,10.535633462282398,0.6020275669426178,13.65
2021-06-10,1011010501,茄类,24.961,122.10560000000001,47,4,0.0,4.891855294259045,2.7591046031809623,0.7729865292599787,6.68
2021-06-10,1011010504,辣椒类,57.091,278.432,166,9,0.0,4.87698586467219,2.8080729011578005,0.736773237853388,9.24
2021-06-10,1011010801,食用菌,29.393,292.3026,91,9,0.11390467118021297,9.944633075902425,7.275240363351818,0.366914710611812,9.45
2021-06-11,1011010101,花叶类,129.982,789.5222,277,20,0.0,6.074088719976612,3.402525965133634,0.7851704240376172,12.83
2021-06-11,1011010201,花菜类,21.048000000000002,164.928,32,2,0.0,7.835803876852907,4.823500570125427,0.6245056391999453,15.51
2021-06-11,1011010402,水生根茎类,6.744,112.4228,21,3,0.0,16.670047449584818,11.383889383155399,0.4643543070834193,13.65
2021-06-11,1011010501,茄类,16.567,49.643,30,4,0.0,2.9964990644051426,1.7641009235226655,0.6985984330315687,6.68
2021-06-11,1011010504,辣椒类,74.873,412.3522,203,10,0.0,5.5073551213388,2.777616497268708,0.9827629648492888,9.24
2021-06-11,1011010801,食用菌,25.579,306.9514,102,12,0.07349779115680831,12.000132921537197,8.71996833339849,0.3761670298245574,9.45
2021-06-12,1011010101,花叶类,210.267,1237.7112,451,20,0.0,5.886378747021644,3.3381468323607604,0.7633672341664961,12.83
2021-06-12,1011010201,花菜类,52.462,388.222,101,2,0.0,7.400060996530821,5.413051542068545,0.3670775049932298,15.51
2021-06-12,1011010402,水生根茎类,22.347,366.9466,48,3,0.0,16.420396473799613,10.356362822750256,0.5855370031772391,13.65
2021-06-12,1011010501,茄类,48.07300000000001,289.865,95,5,0.0,6.0296840222162125,3.406258190668358,0.7701782086674702,6.68
2021-06-12,1011010504,辣椒类,77.636,500.07419999999996,265,9,0.0,6.441266938018445,3.133494255242413,1.0556179183166035,9.24
2021-06-12,1011010801,食用菌,62.00900000000001,729.7954000000001,188,12,0.010804883162121626,11.76918511828928,8.179377993517068,0.43888509952926436,9.45
2021-06-13,1011010101,花叶类,211.28,1111.3354,440,19,0.004557932601287391,5.260012305944717,3.120826580840591,0.6854548529665303,12.83
2021-06-13,1011010201,花菜类,62.324,476.27779999999996,122,2,0.006642705859700918,7.641964572235414,6.11168410243245,0.2503860546709069,15.51
2021-06-13,1011010402,水生根茎类,11.431000000000001,220.9804,29,3,0.0,19.33167701863354,11.876954772110924,0.6276627628512612,13.65
2021-06-13,1011010501,茄类,40.009,233.1483,70,5,0.041665625234322275,5.82739633582444,2.8122794871153993,1.0721256057667636,6.68
2021-06-13,1011010504,辣椒类,88.876,483.0853,294,10,0.0010464017282505963,5.435497772176966,3.0133698636302264,0.8037937651731826,9.24
2021-06-13,1011010801,食用菌,74.602,921.3626,224,8,0.019865419157663333,12.350373984611673,8.603261172622718,0.4355456305235754,9.45
2021-06-14,1011010101,花叶类,170.272,873.5112,368,14,0.0,5.130093027626386,3.00593109847773,0.7066568925097381,12.83
2021-06-14,1011010201,花菜类,73.037,547.068,138,2,0.0,7.490285745581006,5.637588619466845,0.3286329051603225,15.51
2021-06-14,1011010402,水生根茎类,14.049,258.692,36,3,0.0,18.413552566018936,13.281524663677128,0.38640352160600155,13.65
2021-06-14,1011010501,茄类,37.545,176.36599999999999,72,5,0.0,4.697456385670528,3.2683862032227995,0.437240305640316,6.68
2021-06-14,1011010504,辣椒类,69.697,378.5292,238,8,0.0,5.431068769100535,3.1538852461368494,0.7220248503819142,9.24
2021-06-14,1011010801,食用菌,56.049,635.4052,176,12,0.0,11.33660190190726,7.45863012721012,0.5199308329487689,9.45
2021-06-15,1011010101,花叶类,127.719,643.0562,270,17,0.0,5.034929806841582,2.991195201966818,0.6832501615176887,12.83
2021-06-15,1011010201,花菜类,45.326,379.8,90,2,0.0,8.379296650928827,5.145248863786789,0.6285503136503003,15.51
2021-06-15,1011010402,水生根茎类,9.998000000000001,187.7056,31,3,0.0,18.77431486297259,13.438409681936387,0.3970637379963651,13.65
2021-06-15,1011010501,茄类,20.698,109.332,38,4,0.0,5.282249492704609,3.415904918349599,0.5463690058611872,6.68
2021-06-15,1011010504,辣椒类,61.187000000000005,386.51959999999997,194,9,0.0,6.3170215895533355,3.162957817837122,0.9971880604696175,9.24
2021-06-15,1011010801,食用菌,31.346,272.3302,90,13,0.0,8.687877241115293,5.598266126459516,0.5518871459241836,9.45
2021-06-16,1011010101,花叶类,104.991,559.5713,236,15,0.003838424245887743,5.329707308245468,3.0965561810059907,0.7211724886302513,12.83
2021-06-16,1011010201,花菜类,12.99,110.964,24,2,0.0,8.542263279445727,5.268651270207852,0.6213377658431982,15.51
2021-06-16,1011010402,水生根茎类,5.187,68.2764,19,3,0.0,13.162984384037014,8.26026026604974,0.593531433644751,13.65
2021-06-16,1011010501,茄类,19.793,92.512,39,4,0.0,4.673975647956349,2.9245202849492244,0.59820250589833,6.68
2021-06-16,1011010504,辣椒类,46.695,258.48720000000003,165,9,0.0,5.535650497911982,3.0519126244779957,0.8138299417594923,9.24
2021-06-16,1011010801,食用菌,29.826,253.322,79,10,0.0,8.493327968886206,4.987985985381883,0.702756983234778,9.45
2021-06-17,1011010101,花叶类,113.507,546.9986,258,16,0.0,4.819073713515466,2.7496896226664433,0.7525882462480578,12.83
2021-06-17,1011010201,花菜类,48.477,387.122,92,2,0.5710749427563587,7.985683932586588,5.718055779029231,0.39657328315575446,15.51
2021-06-17,1011010402,水生根茎类,9.408999999999999,136.409,26,3,0.0,14.49771495376767,9.54171537889255,0.519403417318274,13.65
2021-06-17,1011010501,茄类,28.237000000000002,145.978,55,3,0.0,5.1697418280978855,3.1853854871268195,0.6229564204993387,6.68
2021-06-17,1011010504,辣椒类,45.845,232.8422,166,8,0.0,5.07890064347257,2.7449892027483913,0.8502443063846572,9.24
2021-06-17,1011010801,食用菌,22.835,248.197,74,9,0.0,10.869148237354937,6.618296912634113,0.6422877941009395,9.45
2021-06-18,1011010101,花叶类,150.875,809.407,308,14,0.0,5.364752278376139,3.0232778127589066,0.7744820723175647,12.83
2021-06-18,1011010201,花菜类,34.971000000000004,280.474,65,2,0.0,8.020188155900602,5.1752420577049545,0.549722325347094,15.51
2021-06-18,1011010402,水生根茎类,7.902000000000001,140.6044,24,3,0.0,17.79352062768919,12.950668185269551,0.3739461449508863,13.65
2021-06-18,1011010501,茄类,27.339,147.666,50,3,0.0,5.401294853505981,3.129303924796079,0.726037158202189,6.68
2021-06-18,1011010504,辣椒类,46.754,241.0446,151,8,0.0,5.155593104333319,3.0762976429824187,0.6759084141595151,9.24
2021-06-18,1011010801,食用菌,29.866999999999997,295.10200000000003,89,11,0.0,9.880537047577596,5.933150969297218,0.6653102371248014,9.45
2021-06-19,1011010101,花叶类,203.369,1137.2068,450,16,0.0,5.591839464225127,3.210731183218681,0.7416093547325384,12.83
2021-06-19,1011010201,花菜类,44.510999999999996,392.409,76,2,0.0,8.81600053919256,5.356773831187797,0.6457668023736074,15.51
2021-06-19,1011010402,水生根茎类,10.313,186.3838,33,3,0.0,18.072704353728305,12.720104722195288,0.4207983934435129,13.65
2021-06-19,1011010501,茄类,30.488,145.54,61,3,0.0,4.7736814484387295,2.786346431382839,0.7132404623748072,6.68
2021-06-19,1011010504,辣椒类,87.633,490.29699999999997,272,10,0.0,5.594890052833978,3.140658427761232,0.7814385682247544,9.24
2021-06-19,1011010801,食用菌,39.484,393.3918,113,12,0.0,9.963321851889372,6.401547462263195,0.5563927176393928,9.45
2021-06-20,1011010101,花叶类,202.30700000000002,1083.797,425,16,0.0,5.357189815478455,3.1377078894946786,0.707357728683029,12.83
2021-06-20,1011010201,花菜类,43.614000000000004,374.973,65,2,0.0,8.59753748796258,5.307133489246572,0.6199964642651434,15.51
2021-06-20,1011010402,水生根茎类,10.001000000000001,199.1202,36,3,0.0,19.910028997100287,13.399596040395961,0.485867852812669,13.65
2021-06-20,1011010501,茄类,61.881,319.558,123,3,0.0,5.164072978781856,3.006832307170213,0.71744628606903,6.68
2021-06-20,1011010504,辣椒类,85.13400000000001,447.47900000000004,249,10,0.0,5.256172621984166,2.8647105739187633,0.834800579799591,9.24
2021-06-20,1011010801,食用菌,38.578,466.74580000000003,130,11,0.0,12.0987557675359,7.787328269998443,0.5536465586211019,9.45
2021-06-21,1011010101,花叶类,150.07,809.2008,309,15,0.0,5.392155660691677,3.2455646698207503,0.6613921487472567,12.83
2021-06-21,1011010201,花菜类,54.07,492.096,112,2,0.0,9.10109117810246,5.476596633992972,0.6618151356286539,15.51
2021-06-21,1011010402,水生根茎类,9.9,156.4032,29,3,0.0,15.79830303030303,10.510383838383838,0.5031138037611675,13.65
2021-06-21,1011010501,茄类,18.566000000000003,80.476,37,3,0.0,4.334590110955509,2.47852202951632,0.7488608369566916,6.68
2021-06-21,1011010504,辣椒类,58.693000000000005,295.504,173,9,0.0,5.034740088255839,2.797985790469051,0.7994158888890646,9.24
2021-06-21,1011010801,食用菌,24.224,301.9778,85,7,0.0680729854689564,12.466058454425363,8.482362945838839,0.46964454763643326,9.45
2021-06-22,1011010101,花叶类,126.439,738.4164000000001,266,16,0.0014868830028709496,5.840099969155087,3.1453799856057074,0.85672319270845,12.83
2021-06-22,1011010201,花菜类,26.162,235.68,50,2,0.0,9.008485589786714,5.592934026450577,0.610690479662914,15.51
2021-06-22,1011010402,水生根茎类,13.91,202.1816,37,3,0.0,14.534982027318476,9.201158878504673,0.5796903650120027,13.65
2021-06-22,1011010501,茄类,30.919999999999998,147.728,54,3,0.0,4.777749029754205,2.72194340232859,0.7552712615798323,6.68
2021-06-22,1011010504,辣椒类,56.135,343.2924,192,9,0.0,6.115478756568986,3.142938451946201,0.9457838103008664,9.24
2021-06-22,1011010801,食用菌,29.299,276.0998,83,10,0.011399706474623707,9.423522987132667,6.128101300385678,0.5377557460643787,9.45
2021-06-23,1011010101,花叶类,123.214,718.0432,259,18,0.01947830603665168,5.827610498806953,3.482327008294512,0.6734816933981902,12.83
2021-06-23,1011010201,花菜类,57.723,511.89,116,2,0.0,8.868042201548777,5.767248064029936,0.5376557594008053,15.51
2021-06-23,1011010402,水生根茎类,10.931,141.3774,33,3,0.0,12.933619979873754,7.995744213704144,0.6175629977890535,13.65
2021-06-23,1011010501,茄类,24.859,105.392,46,3,0.020837523633291766,4.239591294903254,2.5986165976105235,0.6314801109181081,6.68
2021-06-23,1011010504,辣椒类,53.900999999999996,342.8034,168,9,0.0,6.35987087438081,2.8546398026010653,1.227906606145504,9.24
2021-06-23,1011010801,食用菌,32.793,359.97540000000004,110,12,0.03634922087030769,10.977202451742752,7.457114628121855,0.4720442153787121,9.45
2021-06-24,1011010101,花叶类,127.946,729.972,298,19,0.02057899426320479,5.70531317899739,3.359856580119738,0.6980823564778662,12.83
2021-06-24,1011010201,花菜类,34.885,313.81,65,2,0.0,8.995556829582917,5.901867564855955,0.5241881880151047,15.51
2021-06-24,1011010402,水生根茎类,6.119,110.9536,17,3,0.0,18.132636051642425,11.639110965844091,0.5579055913165625,13.65
2021-06-24,1011010501,茄类,19.543,91.69680000000001,36,2,0.0,4.6920534206621305,2.812131197871361,0.6685044510774512,6.68
2021-06-24,1011010504,辣椒类,41.586,254.4178,159,9,0.0,6.11787139902852,3.0967325542249795,0.9755892031043158,9.24
2021-06-24,1011010801,食用菌,31.747,303.3978,99,13,0.028097143037137364,9.556739219453807,6.413310549028254,0.49014134687456323,9.45
2021-06-25,1011010101,花叶类,146.582,880.3358000000001,308,17,0.0,6.005756504891461,3.6440327598204423,0.6481071660803048,12.83
2021-06-25,1011010201,花菜类,40.437,361.436,77,2,0.0,8.938249622870144,5.880848480352153,0.5198911607283767,15.51
2021-06-25,1011010402,水生根茎类,10.916,127.979,31,3,0.0,11.723983144008795,7.492009893733968,0.5648648774228513,13.65
2021-06-25,1011010501,茄类,12.895999999999999,67.6654,24,3,0.0,5.247006823821341,2.782715570719603,0.8855706558843448,6.68
2021-06-25,1011010504,辣椒类,35.531,178.2172,129,8,0.0,5.015822802623061,2.924252343024401,0.7152496482008317,9.24
2021-06-25,1011010801,食用菌,32.537,365.6764,100,8,0.0,11.238786612164613,7.441306205243262,0.5103244379656875,9.45
2021-06-26,1011010101,花叶类,197.69,1211.443,430,15,0.0,6.127993322879256,3.612610501289898,0.6962784448229968,12.83
2021-06-26,1011010201,花菜类,71.821,679.586,149,2,0.0,9.462218571169993,6.123130978404645,0.5453235615148204,15.51
2021-06-26,1011010402,水生根茎类,20.953,260.1548,56,3,0.0,12.416112251228942,8.318489476447287,0.4925921690931434,13.65
2021-06-26,1011010501,茄类,35.449,185.32580000000002,64,3,0.0,5.227955654602387,2.7065101977488792,0.9316223744328407,6.68
2021-06-26,1011010504,辣椒类,82.439,464.73699999999997,272,10,0.0,5.637343975545555,2.864178483484759,0.968223701159423,9.24
2021-06-26,1011010801,食用菌,47.402,519.3622,157,10,0.03816294671110924,10.956546137293785,7.799988819037171,0.4046874157758418,9.45
2021-06-27,1011010101,花叶类,213.547,1296.8696,456,16,0.0,6.0729937671800585,3.621025722674634,0.6771473699154789,12.83
2021-06-27,1011010201,花菜类,56.542,523.866,113,2,0.0,9.265077287679954,5.780434897951965,0.6028339478336855,15.51
2021-06-27,1011010402,水生根茎类,19.982,276.0006,55,3,0.0,13.812461215093586,9.441419777800022,0.462964420623619,13.65
2021-06-27,1011010501,茄类,31.775999999999996,205.97879999999998,65,3,0.0,6.482212990936556,3.9237566087613294,0.6520425799251834,6.68
2021-06-27,1011010504,辣椒类,79.121,411.0442,259,10,0.0,5.195134035211891,2.9678579643836653,0.7504658570447333,9.24
2021-06-27,1011010801,食用菌,49.14,574.2844,171,12,0.0,11.686699226699227,8.238164631664633,0.41860471952449574,9.45
2021-06-28,1011010101,花叶类,125.782,795.7592000000001,279,17,0.007075734206802246,6.326495046986056,3.7667602677648633,0.6795587181713849,12.83
2021-06-28,1011010201,花菜类,35.784,328.412,79,2,0.0,9.177621283255085,5.659859154929578,0.6215282098074184,15.51
2021-06-28,1011010402,水生根茎类,9.933,128.496,26,3,0.0,12.936273029296286,7.96824725661935,0.6234778631586662,13.65
2021-06-28,1011010501,茄类,21.088,122.33420000000001,40,3,0.0,5.801128603945372,3.446103471168437,0.6833878182939295,6.68
2021-06-28,1011010504,辣椒类,45.81,300.2122,154,10,0.0,6.553420650512988,3.1188853962017022,1.1012059816285635,9.24
2021-06-28,1011010801,食用菌,33.153,366.3578,113,12,0.0,11.050517298585348,7.4748906584622805,0.4783516981716811,9.45
2021-06-29,1011010101,花叶类,110.196,673.6922,244,18,0.0,6.113581255217975,3.5155397655087297,0.7390163852500997,12.83
2021-06-29,1011010201,花菜类,34.383,320.576,73,2,0.0,9.32367739871448,5.7913096588430335,0.6099428191476002,15.51
2021-06-29,1011010402,水生根茎类,9.52,104.011,28,3,0.0,10.925525210084034,6.560211134453781,0.6654228021265842,13.65
2021-06-29,1011010501,茄类,19.721,98.91499999999999,44,3,0.0,5.015719284011967,2.961047107144668,0.6939005367086561,6.68
2021-06-29,1011010504,辣椒类,40.321,277.4828,146,10,0.0,6.8818432082537635,3.7357297686069293,0.842168367231775,9.24
2021-06-29,1011010801,食用菌,26.399,267.24940000000004,87,10,0.07613924769877646,10.123466797984774,7.458840865184286,0.3572439714109188,9.45
2021-06-30,1011010101,花叶类,125.41499999999999,795.0218,282,15,0.0,6.339128493401906,3.6573471275365788,0.7332586359314632,12.83
2021-06-30,1011010201,花菜类,27.052,249.29399999999998,55,2,0.0,9.215363004583764,5.693826704125389,0.6184832246311416,15.51
2021-06-30,1011010402,水生根茎类,7.4639999999999995,109.7642,20,3,0.0,14.705814576634513,9.548167202572348,0.5401714553838832,13.65
2021-06-30,1011010501,茄类,27.424999999999997,137.863,49,3,0.0,5.026909753874203,2.874289881494987,0.7489223290378724,6.68
2021-06-30,1011010504,辣椒类,39.114,266.0906,143,9,0.0,6.80295035025822,3.550232908932863,0.9161983240989859,9.24
2021-06-30,1011010801,食用菌,41.537,413.7296,118,13,0.008185473192575295,9.96050749933794,6.709301345788093,0.4845819238080371,9.45
2021-07-01,1011010101,花叶类,148.597,966.3102,334,18,0.0,6.5028917138300235,3.81712497560516,0.7036098517573601,12.83
2021-07-01,1011010201,花菜类,33.72,298.347,64,2,0.0,8.847775800711743,5.702506227758008,0.5515591649235825,15.51
2021-07-01,1011010402,水生根茎类,8.512,113.2644,25,3,0.0,13.306437969924811,8.520711936090226,0.5616580010837147,13.65
2021-07-01,1011010501,茄类,26.278,128.053,46,3,0.0,4.873011644721821,2.8121192632620446,0.7328609452606043,6.68
2021-07-01,1011010504,辣椒类,54.567,347.48359999999997,192,10,0.0,6.368017299833232,3.411797606612055,0.8664698303006109,9.24
2021-07-01,1011010801,食用菌,32.65,346.141,98,11,0.011026033690658498,10.601562021439511,6.918796018376724,0.5322842288284186,9.45
2021-07-02,1011010101,花叶类,133.586,815.5383,297,17,0.004034853951761412,6.104968335005165,3.567055305196652,0.7114868743725851,12.83
2021-07-02,1011010201,花菜类,24.972,231.672,56,2,0.0,9.277270543008168,5.428862726253404,0.7088791908744114,15.51
2021-07-02,1011010402,水生根茎类,10.790000000000001,138.6138,22,3,0.0,12.846506024096385,8.105840593141798,0.584845627850809,13.65
2021-07-02,1011010501,茄类,28.565,123.388,54,4,0.0,4.3195518991773145,2.6106042359530894,0.6546176703801738,6.68
2021-07-02,1011010504,辣椒类,51.785,403.2709,179,10,0.005542145408902192,7.787407550448972,4.299748575842425,0.8111309098865691,9.24
2021-07-02,1011010801,食用菌,34.247,357.5962,89,11,0.0,10.441679563173418,6.705076065056793,0.5572798073969316,9.45
2021-07-03,1011010101,花叶类,197.925,1228.9836,432,19,0.0,6.209339901477832,3.5738936971074895,0.7374159467874843,12.83
2021-07-03,1011010201,花菜类,48.497,428.04599999999994,94,2,0.0,8.826236674433469,5.265477452213538,0.6762462197465178,15.51
2021-07-03,1011010402,水生根茎类,29.657,322.8914,58,4,0.0,10.88752739656742,6.9385473918467815,0.5691364174237581,13.65
2021-07-03,1011010501,茄类,47.285000000000004,224.18280000000001,78,3,0.011758485777730782,4.741097599661626,3.05614486623665,0.5513327434310513,6.68
2021-07-03,1011010504,辣椒类,73.55199999999999,481.92699999999996,273,11,0.0,6.552194365890799,3.9488439471394394,0.659269004701297,9.24
2021-07-03,1011010801,食用菌,66.849,808.725,207,13,0.04383012460919385,12.097787551047883,8.151139732830707,0.48418355562242277,9.45
2021-07-04,1011010101,花叶类,197.322,1195.2086,414,19,0.0,6.057148214593405,3.5384661112293614,0.7118005441315314,12.83
2021-07-04,1011010201,花菜类,45.679,397.654,86,2,0.0,8.705400731189386,5.036517874734561,0.7284562365716185,15.51
2021-07-04,1011010402,水生根茎类,24.214,235.2362,51,4,0.0,9.714883951433055,6.166366564797225,0.5754632569029765,13.65
2021-07-04,1011010501,茄类,39.241,194.218,71,3,0.0,4.949364185418312,2.917163935679519,0.6966356003799339,6.68
2021-07-04,1011010504,辣椒类,57.583000000000006,393.914,203,11,0.0,6.840803709428129,4.142365107757497,0.6514246164871385,9.24
2021-07-04,1011010801,食用菌,44.466,486.5004,129,14,0.0,10.940952637970584,7.108036252417578,0.539237033892358,9.45
2021-07-05,1011010101,花叶类,176.276,1105.9436,382,19,0.0,6.2739317887857675,3.606378917152647,0.7396762605686593,12.83
2021-07-05,1011010201,花菜类,66.35499999999999,533.562,127,2,0.0,8.041021776806572,4.596228769497401,0.7494824953384251,15.51
2021-07-05,1011010402,水生根茎类,14.947,131.6762,27,4,0.0,8.809540375995184,5.422381748845923,0.6246625162218005,13.65
2021-07-05,1011010501,茄类,49.588,227.714,87,4,0.0,4.59211906106316,2.506558239896749,0.8320416370027452,6.68
2021-07-05,1011010504,辣椒类,53.877,391.438,204,10,0.0,7.265400820387177,4.332739944688829,0.6768605808648338,9.24
2021-07-05,1011010801,食用菌,40.491,428.57820000000004,121,13,0.02815440468252204,10.584529895532341,7.18341779654738,0.4734671148627416,9.45
2021-07-06,1011010101,花叶类,173.864,1063.0446,385,19,0.0,6.114230663046979,3.5792889269774073,0.7082249541140697,12.83
2021-07-06,1011010201,花菜类,44.900999999999996,394.034,100,2,0.0,8.775617469544109,4.972503953141356,0.7648286561944619,15.51
2021-07-06,1011010402,水生根茎类,7.861,90.4666,21,3,0.0,11.508281389136242,6.744644447271339,0.7062843681540711,13.65
2021-07-06,1011010501,茄类,49.005,227.692,100,4,0.0,4.646301397816549,2.566400163248648,0.8104352798727543,6.68
2021-07-06,1011010504,辣椒类,46.553000000000004,355.636,177,10,0.0,7.6393787725817885,3.8450886086825764,0.9867887453442148,9.24
2021-07-06,1011010801,食用菌,36.365,476.797,117,12,0.051313075759659016,13.111425821531693,8.30447105733535,0.5788393662893621,9.45
2021-07-07,1011010101,花叶类,149.514,865.4684,317,19,0.0,5.788544216595101,3.495295356956539,0.6560958732927691,12.83
2021-07-07,1011010201,花菜类,40.488,347.548,86,2,0.0,8.583975498913258,4.915346769413159,0.7463621391534283,15.51
2021-07-07,1011010402,水生根茎类,8.404,120.95599999999999,22,3,0.0,14.392670157068062,9.235738933841027,0.5583669330811556,13.65
2021-07-07,1011010501,茄类,31.752000000000002,116.248,66,4,0.0,3.6611237087427564,2.5242649281934995,0.45037221246141335,6.68
2021-07-07,1011010504,辣椒类,38.244,272.74399999999997,142,10,0.0,7.131680786528605,4.140142506014015,0.7225689154827521,9.24
2021-07-07,1011010801,食用菌,26.099,317.46160000000003,95,9,0.06207134372964482,12.163745737384575,8.22681137208322,0.47854924432337276,9.45
2021-07-08,1011010101,花叶类,143.491,860.8002,299,18,0.0,5.9989839083984355,3.507505488149082,0.710327732534529,12.83
2021-07-08,1011010201,花菜类,61.361000000000004,480.01800000000003,116,2,0.0,7.822851648441192,4.553582568732582,0.7179553747761642,15.51
2021-07-08,1011010402,水生根茎类,12.209,143.56900000000002,22,4,0.0,11.759275943975757,7.341215496764682,0.6018159321379601,13.65
2021-07-08,1011010501,茄类,33.078,139.172,63,4,0.0,4.2073885966503415,2.3002932462664005,0.8290661868782783,6.68
2021-07-08,1011010504,辣椒类,44.995,317.628,172,11,0.0,7.059184353817091,3.923468163129237,0.7992205009220474,9.24
2021-07-08,1011010801,食用菌,34.071,327.3754,90,10,0.01637756449766664,9.608623169264185,5.751754571336328,0.6705551410605086,9.45
2021-07-09,1011010101,花叶类,114.96600000000001,726.2382,260,17,0.0,6.31698241219143,3.5967400796757296,0.7563077320730245,12.83
2021-07-09,1011010201,花菜类,28.476,238.07600000000002,68,2,0.0,8.360584351734795,4.79340532378143,0.7441847260976635,15.51
2021-07-09,1011010402,水生根茎类,4.507,61.78399999999999,11,2,0.0,13.70845351675172,8.963388063013092,0.5293830212839794,13.65
2021-07-09,1011010501,茄类,22.81,100.952,44,4,0.0,4.4257781674704075,2.4281459886014907,0.8226985478823983,6.68
2021-07-09,1011010504,辣椒类,34.612,268.3076,143,11,0.0,7.751866404715127,4.055485380792788,0.9114521880485116,9.24
2021-07-09,1011010801,食用菌,26.496,267.5068,79,10,0.07450181159420291,10.096120169082125,5.9148958333333335,0.706897374622482,9.45
2021-07-10,1011010101,花叶类,176.065,1072.244,370,19,0.1485587709084713,6.090046289722546,3.373647630136597,0.8051815000833276,12.83
2021-07-10,1011010201,花菜类,70.59,565.133,155,2,0.5406998158379374,8.005850687066157,4.9467352316192095,0.6184109947694958,15.51
2021-07-10,1011010402,水生根茎类,14.838,216.17059999999998,31,3,0.0,14.568715460304622,9.428505189378622,0.545177646687466,13.65
2021-07-10,1011010501,茄类,49.929,244.502,98,4,0.0,4.896993731098159,2.392247591580044,1.047026297919175,6.68
2021-07-10,1011010504,辣椒类,52.771,373.02459999999996,204,10,0.0,7.068742301642947,4.282827689450645,0.65048486985701,9.24
2021-07-10,1011010801,食用菌,41.077,405.5076,117,12,0.0,9.871889378484312,5.8150953088102835,0.6976315699465314,9.45
2021-07-11,1011010101,花叶类,212.957,1285.536,434,17,0.252111928699221,6.0365989378137375,3.5627838953403743,0.6943488898411068,12.83
2021-07-11,1011010201,花菜类,75.634,564.162,166,2,0.35407356479889995,7.45910569320676,4.89406668958405,0.5241119842281337,15.51
2021-07-11,1011010402,水生根茎类,14.099,229.7322,41,3,0.0,16.294219448187814,10.589665933754166,0.5386906017734323,13.65
2021-07-11,1011010501,茄类,40.365,185.3024,80,3,0.0,4.590670135017961,2.5327328130806395,0.8125362893822936,6.68
2021-07-11,1011010504,辣椒类,39.195,299.916,152,10,0.0,7.651894374282434,4.471528511289705,0.7112480340811758,9.24
2021-07-11,1011010801,食用菌,38.382,331.023,98,10,0.010994737116356625,8.624433328122558,5.013849200145902,0.7201222022935172,9.45
2021-07-12,1011010101,花叶类,140.305,856.216,297,17,0.18939453333808487,6.102533765724671,3.715478564555789,0.6424623799314724,12.83
2021-07-12,1011010201,花菜类,24.48,199.42100000000002,59,2,0.8354983660130718,8.146282679738563,5.466756127450981,0.490149274966283,15.51
2021-07-12,1011010402,水生根茎类,7.559000000000001,121.73060000000001,20,4,0.0,16.104061383780923,9.641644397407063,0.6702608725241728,13.65
2021-07-12,1011010501,茄类,24.025,121.89240000000001,49,3,0.0,5.073565036420396,2.7584878251821023,0.8392559104680708,6.68
2021-07-12,1011010504,辣椒类,42.472,308.5996,147,9,0.0,7.26595404030891,4.724607977020154,0.5378956467181011,9.24
2021-07-12,1011010801,食用菌,24.08,161.5922,47,9,0.0,6.710639534883721,3.939700996677741,0.7033372686258801,9.45
2021-07-13,1011010101,花叶类,149.772,980.7570000000001,306,15,0.16075100819912935,6.548333466869643,3.833200264401891,0.7083202064036704,12.83
2021-07-13,1011010201,花菜类,47.258,376.538,103,2,0.6514452579457446,7.967709170934022,5.354943924838122,0.48791645305135156,15.51
2021-07-13,1011010402,水生根茎类,7.123,137.4376,18,4,0.0,19.29490383265478,12.056872104450372,0.600324169112878,13.65
2021-07-13,1011010501,茄类,28.125,148.3748,53,3,0.0,5.2755484444444445,3.0365237333333335,0.7373644692884482,6.68
2021-07-13,1011010504,辣椒类,24.629,245.56199999999998,111,9,0.18340168094522719,9.970441349628485,5.185826058711275,0.9226331999469781,9.24
2021-07-13,1011010801,食用菌,18.59,189.124,56,8,0.0,10.173426573426573,5.846174825174826,0.7401851428762813,9.45
2021-07-14,1011010101,花叶类,163.863,892.806,351,16,0.21910986616868972,5.448490507314037,3.1650447019766514,0.7214576792268732,12.83
2021-07-14,1011010201,花菜类,50.126999999999995,372.325,99,2,0.3334330799768588,7.42763381012229,4.795646657489975,0.5488284147293472,15.51
2021-07-14,1011010402,水生根茎类,14.182,149.3462,26,5,0.07756310816527993,10.530686786066846,7.137405866591454,0.4754221607823308,13.65
2021-07-14,1011010501,茄类,20.281,101.11999999999999,40,4,0.0,4.985947438489227,2.762442680341206,0.8049053013738485,6.68
2021-07-14,1011010504,辣椒类,51.339000000000006,300.0606,165,9,0.0,5.844691170455209,4.449318646642903,0.31361487783419206,9.24
2021-07-14,1011010801,食用菌,43.512,472.9676,120,12,0.0,10.86981981981982,6.459142305570877,0.682858080157922,9.45
2021-07-15,1011010101,花叶类,141.75,852.9634000000001,286,17,0.1961763668430335,6.0173784832451505,3.6272855026455026,0.6589205561173699,12.83
2021-07-15,1011010201,花菜类,27.631999999999998,213.479,58,2,0.5288433700057904,7.725788940359005,5.000987623045745,0.5448526416575648,15.51
2021-07-15,1011010402,水生根茎类,5.779999999999999,78.5042,15,3,0.0,13.58204152249135,8.684394463667822,0.5639595344630426,13.65
2021-07-15,1011010501,茄类,17.221,112.035,35,3,0.0,6.505719760757215,3.5248498925730214,0.8456728538894627,6.68
2021-07-15,1011010504,辣椒类,48.957,331.63,175,10,0.0,6.773903629715873,4.280128684355659,0.5826401795990939,9.24
2021-07-15,1011010801,食用菌,29.008,302.82620000000003,71,10,0.0,10.439402923331496,6.508897200772201,0.6038666153911585,9.45
2021-07-16,1011010101,花叶类,236.055,1379.338,502,16,0.0,5.843290758509669,3.1677558619813175,0.8446152459662408,12.83
2021-07-16,1011010201,花菜类,39.074,298.02,83,2,0.0,7.627066591595434,5.018089266519937,0.5199144906572841,15.51
2021-07-16,1011010402,水生根茎类,23.636,221.40640000000002,43,5,0.33525131155863935,9.367337959045525,7.384075139617533,0.2685864894287515,13.65
2021-07-16,1011010501,茄类,53.38,318.996,105,4,0.0,5.975946047208692,3.579984638441364,0.6692658351211445,6.68
2021-07-16,1011010504,辣椒类,57.94800000000001,425.103,212,11,0.0,7.335939117829778,4.721112549182026,0.553858130135193,9.24
2021-07-16,1011010801,食用菌,47.644,477.731,115,11,0.0,10.027096801276132,6.094894845101168,0.6451632154631035,9.45
2021-07-17,1011010101,花叶类,223.655,1427.3442,486,17,0.0,6.3819015895016875,3.60486445641725,0.7703582663533592,12.83
2021-07-17,1011010201,花菜类,79.35300000000001,592.918,147,2,0.0,7.471904023792421,4.72459906997845,0.5814895429479272,15.51
2021-07-17,1011010402,水生根茎类,27.115,339.122,55,5,0.46133136640236033,12.506804351834779,8.350378757145492,0.49775294218032884,13.65
2021-07-17,1011010501,茄类,29.918,198.727,56,5,0.0,6.642389197138846,3.71571929941841,0.787645584040356,6.68
2021-07-17,1011010504,辣椒类,60.20399999999999,446.59499999999997,242,12,0.0,7.4180287024118,4.4688205102650995,0.6599522592980016,9.24
2021-07-17,1011010801,食用菌,46.115,520.0804,148,9,0.0,11.277900899924104,7.018842025371354,0.6068036378589687,9.45
2021-07-18,1011010101,花叶类,234.028,1391.1018,490,20,0.015814347001213532,5.944168219187447,3.494250987061377,0.7011280074607407,12.83
2021-07-18,1011010201,花菜类,60.809999999999995,458.842,110,2,0.0,7.5455023844762374,4.616438743627693,0.6344855425389713,15.51
2021-07-18,1011010402,水生根茎类,30.138,343.8446,57,5,0.43197956068750415,11.409005242550933,7.843034043400357,0.4546673110709263,13.65
2021-07-18,1011010501,茄类,31.604,190.157,65,5,0.0,6.016864953803316,3.5072294646247313,0.7155606767369334,6.68
2021-07-18,1011010504,辣椒类,67.134,505.163,245,11,0.0,7.524696874906903,4.238329609437841,0.7753920927129014,9.24
2021-07-18,1011010801,食用菌,43.166000000000004,495.52660000000003,125,10,0.0,11.479557985451512,7.049646712690543,0.6283876984624475,9.45
2021-07-19,1011010101,花叶类,174.827,1089.4348,371,18,0.014488608738924765,6.231501999119129,3.6201043889101796,0.7213597536603364,12.83
2021-07-19,1011010201,花菜类,34.935,270.339,76,2,0.0,7.738342636324602,4.904431086303134,0.5778267652563991,15.51
2021-07-19,1011010402,水生根茎类,15.754,239.7022,34,4,0.529452837374635,15.215323092547925,9.930964199568363,0.5321093487789674,13.65
2021-07-19,1011010501,茄类,19.986,113.711,38,4,0.0,5.689532672871009,3.293334834384069,0.727590105163141,6.68
2021-07-19,1011010504,辣椒类,40.146,339.608,138,9,0.0,8.45932346933692,4.081006077815971,1.072852455506288,9.24
2021-07-19,1011010801,食用菌,40.629,371.048,95,9,0.0,9.132590021905536,5.818452829259889,0.5695907984300368,9.45
2021-07-20,1011010101,花叶类,152.36200000000002,988.2304,311,20,0.0,6.486068704795158,3.6456861290873044,0.7791078208970617,12.83
2021-07-20,1011010201,花菜类,46.461,363.393,101,2,0.0,7.821463162652547,5.084692322593142,0.5382372553593724,15.51
2021-07-20,1011010402,水生根茎类,12.512,206.19339999999997,34,3,0.38507033248081834,16.47965153452685,10.269745843989769,0.6046795884604435,13.65
2021-07-20,1011010501,茄类,19.323999999999998,121.593,36,5,0.0,6.2923307803767345,3.7862223142206584,0.6619020908369255,6.68
2021-07-20,1011010504,辣椒类,40.886,299.178,155,11,0.0,7.317370248984982,4.609395147483246,0.5874903354684844,9.24
2021-07-20,1011010801,食用菌,27.025,315.73400000000004,88,9,0.0,11.68303422756707,7.211367622571693,0.6200857921871838,9.45
2021-07-21,1011010101,花叶类,152.653,976.6402,327,22,0.0,6.397779277184203,3.6373666419919695,0.7589041487664052,12.83
2021-07-21,1011010201,花菜类,52.983,412.202,103,2,0.0,7.7798916633637205,5.527582243361079,0.4074673737704737,15.51
2021-07-21,1011010402,水生根茎类,18.057000000000002,267.75030000000004,39,4,0.3489505454948219,14.828061139724207,9.792373040925956,0.514245941995086,13.65
2021-07-21,1011010501,茄类,22.554,160.268,48,4,0.0,7.105967899263989,4.267383169282611,0.6651815919446888,6.68
2021-07-21,1011010504,辣椒类,58.081,419.509,215,12,0.0,7.222826741963809,4.528670993956716,0.5949109024705721,9.24
2021-07-21,1011010801,食用菌,36.182,370.4296,99,12,0.0,10.237952573102646,6.220172737825438,0.6459273728597155,9.45
2021-07-22,1011010101,花叶类,154.625,1038.613,327,22,0.0,6.716979789814067,3.6460778011317703,0.8422480693442869,12.83
2021-07-22,1011010201,花菜类,34.223,273.784,68,2,0.0,8.0,5.437737194284546,0.471200191213466,15.51
2021-07-22,1011010402,水生根茎类,17.843,265.0412,31,3,0.5376338059743316,14.854071624726783,8.71082665471053,0.7052424773823489,13.65
2021-07-22,1011010501,茄类,26.636,210.27100000000002,54,4,0.0,7.894240877008561,4.304040396455925,0.8341465576180267,6.68
2021-07-22,1011010504,辣椒类,56.815,403.981,187,12,0.0,7.110463785972015,4.471761154624659,0.5900812990913953,9.24
2021-07-22,1011010801,食用菌,31.031,311.7148,87,8,0.0,10.045270858174085,6.111968676484805,0.6435409587130692,9.45
2021-07-23,1011010101,花叶类,150.636,975.7726,328,20,0.0,6.477685281074909,3.55590589234977,0.8216694921570056,12.83
2021-07-23,1011010201,花菜类,38.509,291.478,69,2,0.44200057129502196,7.569087745721779,4.595856293334026,0.6469374285484559,15.51
2021-07-23,1011010402,水生根茎类,13.844,166.7126,36,3,0.0,12.042227679861313,8.376750216700376,0.4375775053974067,13.65
2021-07-23,1011010501,茄类,19.1,168.033,41,3,0.0,8.797539267015706,5.156930890052355,0.7059641586405649,6.68
2021-07-23,1011010504,辣椒类,45.06,314.498,165,11,0.0,6.979538393253439,4.581054150022193,0.5235660100677106,9.24
2021-07-23,1011010801,食用菌,28.61,371.2368,102,9,0.0,12.975770709542118,7.876216357916812,0.6474624514979794,9.45
2021-07-24,1011010101,花叶类,206.923,1342.5908,434,16,0.004286618693910295,6.488359438051836,3.629317233946927,0.7877631024818585,12.83
2021-07-24,1011010201,花菜类,50.974000000000004,428.431,101,2,0.36736375407070265,8.40489269039118,5.937122062227802,0.4156509841465832,15.51
2021-07-24,1011010402,水生根茎类,32.222,414.317,69,3,0.0,12.858202470361864,8.750150828626404,0.46948352344919964,13.65
2021-07-24,1011010501,茄类,37.028999999999996,292.866,76,4,0.0,7.909098274325529,5.597326419833105,0.41301358561135215,6.68
2021-07-24,1011010504,辣椒类,82.893,565.806,295,12,0.0,6.825739205964316,4.305948753211972,0.5851882122082239,9.24
2021-07-24,1011010801,食用菌,35.038,464.90540000000004,110,12,0.0,13.268605514013359,7.567268965123581,0.7534206297101889,9.45
2021-07-25,1011010101,花叶类,248.502,1560.2746,518,16,0.000539231072586941,6.278720493195226,3.7663457034551033,0.6670589976473389,12.83
2021-07-25,1011010201,花菜类,60.229,542.634,127,2,0.2369124508127314,9.00951368941872,6.670000000000001,0.3507516775740207,15.51
2021-07-25,1011010402,水生根茎类,24.134,279.75600000000003,50,2,0.0,11.591779232617885,7.959121571227314,0.4564143955939608,13.65
2021-07-25,1011010501,茄类,29.736,260.812,65,4,0.0,8.770917406510627,6.1612647968792045,0.4235579374795351,6.68
2021-07-25,1011010504,辣椒类,72.385,530.6142,250,10,0.0,7.330444152794087,4.006037991296539,0.8298488852876844,9.24
2021-07-25,1011010801,食用菌,36.532,532.1476,129,9,0.0,14.566615569911312,8.886481440928502,0.6391882058991079,9.45
2021-07-26,1011010101,花叶类,155.365,986.5698,358,16,0.0046213754706658505,6.350013194734978,3.7294427316319627,0.7026707880177805,12.83
2021-07-26,1011010201,花菜类,25.066,195.163,52,2,0.5183515519029762,7.785965052262029,6.685652277986117,0.16457822341417883,15.51
2021-07-26,1011010402,水生根茎类,16.444000000000003,216.31560000000002,38,3,0.0,13.15468255898808,9.103721722208707,0.4449785439834979,13.65
2021-07-26,1011010501,茄类,16.386,151.355,34,3,0.0,9.23684852923227,6.3567435615769545,0.4530786777468858,6.68
2021-07-26,1011010504,辣椒类,47.928000000000004,316.5808,179,6,0.0,6.60534134535136,4.482775204473377,0.47349377206331167,9.24
2021-07-26,1011010801,食用菌,30.861,434.8576,108,9,0.0,14.090846051650951,8.601310715790156,0.6382207918362011,9.45
2021-07-27,1011010101,花叶类,189.082,1108.737,383,17,0.0,5.8637892554553055,3.5101708253561945,0.6705139285807487,12.83
2021-07-27,1011010201,花菜类,53.678000000000004,473.765,113,2,0.2754759864376467,8.826055367189536,6.753045940608816,0.3069739854892546,15.51
2021-07-27,1011010402,水生根茎类,33.891,461.2224,73,3,0.0,13.608993538107462,9.370331356407307,0.4523492308307555,13.65
2021-07-27,1011010501,茄类,20.927,175.163,48,4,0.0,8.3701916184833,5.271240980551441,0.5878977359156266,6.68
2021-07-27,1011010504,辣椒类,54.649,385.495,186,10,0.0,7.054017456861058,4.5163078921846695,0.5618991497607628,9.24
2021-07-27,1011010801,食用菌,29.008,374.1788,96,9,0.0,12.899158852730283,7.782734073359074,0.6574071182626093,9.45
2021-07-28,1011010101,花叶类,205.803,1317.1194,413,19,0.0,6.39990379148992,3.845236609767593,0.6643719076306025,12.83
2021-07-28,1011010201,花菜类,58.303000000000004,551.396,115,2,0.0,9.457420715915132,6.704038900228118,0.4107049282773889,15.51
2021-07-28,1011010402,水生根茎类,32.418,446.9332,64,3,0.0,13.786575359368252,9.578548337343452,0.43931782497971583,13.65
2021-07-28,1011010501,茄类,15.551,140.416,31,4,0.0,9.029387177673462,5.8170304160504145,0.5522331038117794,6.68
2021-07-28,1011010504,辣椒类,63.485,447.5016,200,11,0.0,7.048934393951327,4.394030558399622,0.6042069576590892,9.24
2021-07-28,1011010801,食用菌,35.805,377.714,100,11,0.0,10.54919703951962,6.520060326770004,0.6179600357694275,9.45
2021-07-29,1011010101,花叶类,193.613,1300.9928,399,17,0.0,6.719552922582678,4.122952745941647,0.6297913987001056,12.83
2021-07-29,1011010201,花菜类,31.376,291.748,60,2,0.0,9.29844467108618,6.463097909229984,0.43869778884318356,15.51
2021-07-29,1011010402,水生根茎类,17.107,191.83440000000002,38,2,0.0,11.213795522300813,7.7119810603846375,0.45407456715687555,13.65
2021-07-29,1011010501,茄类,59.522,286.203,116,4,0.0,4.80835657403985,3.0971185444037497,0.5525258413915648,6.68
2021-07-29,1011010504,辣椒类,33.377,251.3928,126,12,0.0,7.531917188483086,4.334399736345388,0.7377070982460265,9.24
2021-07-29,1011010801,食用菌,26.28,332.216,85,10,0.0,12.641400304414002,7.924716133942161,0.5951865140342283,9.45
2021-07-30,1011010101,花叶类,214.155,1472.2514,412,20,0.0,6.874700100394574,4.05605990987836,0.6949207489888247,12.83
2021-07-30,1011010201,花菜类,43.631,412.5012,95,2,0.008273933671013728,9.454314592835368,6.329958286539387,0.49358244791911243,15.51
2021-07-30,1011010402,水生根茎类,20.72,247.3596,46,3,0.0,11.938204633204634,8.180448841698842,0.45935814332718383,13.65
2021-07-30,1011010501,茄类,33.845,227.4,68,3,0.0,6.718865415866451,4.0454912099276115,0.6608280842085121,6.68
2021-07-30,1011010504,辣椒类,50.321,372.582,176,10,0.0,7.404105641779774,4.455298384372329,0.661865267599328,9.24
2021-07-30,1011010801,食用菌,28.865000000000002,370.7968,93,10,0.0,12.84589641434263,7.763850684219643,0.6545779841506303,9.45
2021-07-31,1011010101,花叶类,255.972,1738.0036,493,19,0.0013243636022689982,6.789819198974888,3.925881893332083,0.7295016466254529,12.83
2021-07-31,1011010201,花菜类,47.858999999999995,468.086,103,2,0.0,9.780521949894483,6.390782924841723,0.5304106030383926,15.51
2021-07-31,1011010402,水生根茎类,23.281999999999996,292.81280000000004,49,3,0.0,12.576788935658453,8.18611459496607,0.5363563250619976,13.65
2021-07-31,1011010501,茄类,24.536,181.5038,47,4,0.0,7.397448646886208,4.714479132702967,0.5690913966661268,6.68
2021-07-31,1011010504,辣椒类,57.015,478.348,215,11,0.0,8.38986231693414,4.867339121283873,0.7237061375581983,9.24
2021-07-31,1011010801,食用菌,44.567,447.5231,119,10,0.0029842708730675165,10.041580092893845,6.112322346130545,0.6428420368324894,9.45
2021-08-01,1011010101,花叶类,251.27100000000002,1683.5803,509,18,0.01669910176661851,6.700257092939496,3.910171647344898,0.7135455159594166,12.83
2021-08-01,1011010201,花菜类,66.798,610.62,150,1,0.8383035420222162,9.141291655438785,6.62,0.3808597666825959,15.51
2021-08-01,1011010402,水生根茎类,36.228,414.76370000000003,75,3,0.7536159876338743,11.448705421221156,8.38202467704538,0.3658639603596068,13.65
2021-08-01,1011010501,茄类,20.536,143.3434,42,3,0.5055025321386832,6.980103233346318,5.214289053369692,0.33864907792855936,6.68
2021-08-01,1011010504,辣椒类,76.324,578.4027000000001,276,12,0.5565221948535192,7.578254546407423,4.974613489859022,0.5233855980682804,9.24
2021-08-01,1011010801,食用菌,42.984,512.6758,140,8,0.003210496929089894,11.927131025497859,7.332981574539363,0.6265049767627553,9.45
2021-08-02,1011010101,花叶类,283.115,1894.6237999999998,549,16,0.006537979266375854,6.692064355473923,3.806299242357346,0.7581550817137919,12.83
2021-08-02,1011010201,花菜类,24.162,219.818,50,1,0.9023259663935105,9.09767403360649,6.71,0.3558381570203413,15.51
2021-08-02,1011010402,水生根茎类,22.943,231.808,40,2,0.7740923157390054,10.103648171555593,7.2840382687529965,0.3870943285537274,13.65
2021-08-02,1011010501,茄类,35.577,280.998,65,4,0.3677656913174242,7.898305084745763,4.8711791325856595,0.6214359746924933,6.68
2021-08-02,1011010504,辣椒类,79.129,627.0964,235,11,0.5910475299826865,7.924988310227603,5.128661805406361,0.5452351141331844,9.24
2021-08-02,1011010801,食用菌,57.647999999999996,633.1237,144,11,0.025204690535664726,10.982578753816265,6.74944560088815,0.6271823499653191,9.45
2021-08-03,1011010101,花叶类,264.825,1646.6174,473,18,0.0,6.217756631737941,3.545184140470122,0.7538599929856993,12.83
2021-08-03,1011010201,花菜类,20.641,189.122,50,2,0.8229736931350226,9.162443680054263,6.897105275907177,0.3284477057440778,15.51
2021-08-03,1011010402,水生根茎类,27.549,295.7504,57,3,0.7777414788195578,10.735431413118445,8.033258920468983,0.336373135660329,13.65
2021-08-03,1011010501,茄类,48.443999999999996,395.66999999999996,95,4,0.652980761291388,8.16757493188011,6.864623069936422,0.1898067597695141,6.68
2021-08-03,1011010504,辣椒类,55.900999999999996,491.046,208,10,0.4358777123843939,8.784207795924939,5.0962480098746,0.7236617564342371,9.24
2021-08-03,1011010801,食用菌,42.284,608.031,130,10,0.0,14.379694447072177,8.844960741651688,0.6257499458823992,9.45
2021-08-04,1011010101,花叶类,313.269,1981.2976,594,15,0.0,6.324588771949986,3.719209433426225,0.7005196628907298,12.83
2021-08-04,1011010201,花菜类,14.278,129.144,19,2,0.926110099453705,9.044964280711584,5.815826446280991,0.5552328399509769,15.51
2021-08-04,1011010402,水生根茎类,22.617,232.64,39,2,0.790776849272671,10.286068001945438,7.48483087942698,0.374255232702454,13.65
2021-08-04,1011010501,茄类,33.147,245.824,61,4,0.2902826801822186,7.416176426222585,5.547136392433704,0.33693781828372793,6.68
2021-08-04,1011010504,辣椒类,89.04,728.7744,282,11,0.5895327942497753,8.184797843665768,5.060519878706199,0.6173828064792308,9.24
2021-08-04,1011010801,食用菌,50.028,621.201,148,10,0.009394738946190133,12.417066442792038,7.581190933077477,0.6378780791043217,9.45
2021-08-05,1011010101,花叶类,245.944,1569.2484,511,16,0.0038707998568779886,6.3805110106365674,3.77116083336044,0.6919222734266055,12.83
2021-08-05,1011010201,花菜类,26.638,245.48399999999998,62,2,0.6113822359035964,9.215556723477738,6.35886553044523,0.44924541639623095,15.51
2021-08-05,1011010402,水生根茎类,15.634,161.758,31,2,0.7426122553409236,10.346552385825765,7.455328130996546,0.38780643910340573,13.65
2021-08-05,1011010501,茄类,29.119999999999997,226.642,62,4,0.2590659340659341,7.783035714285715,5.938039491758242,0.310707974422914,6.68
2021-08-05,1011010504,辣椒类,65.069,494.6039999999999,213,10,0.5593139590281085,7.601223316786794,4.86804192472606,0.5614539550652162,9.24
2021-08-05,1011010801,食用菌,58.355000000000004,635.8421999999999,155,11,0.0,10.896104875332018,6.864663010881672,0.5872745476449197,9.45
2021-08-06,1011010101,花叶类,189.756,1238.855,405,17,0.0,6.528673665127848,3.9514786357216636,0.6522102906259313,12.83
2021-08-06,1011010201,花菜类,28.948,287.25899999999996,65,2,0.0,9.923276219427938,6.955759292524526,0.42662731732143944,15.51
2021-08-06,1011010402,水生根茎类,22.376,289.6244,41,3,0.0,12.943528780836608,8.485247586700035,0.525415569620453,13.65
2021-08-06,1011010501,茄类,20.331,180.138,42,4,0.0,8.860262653091338,5.981611332447986,0.48125014492796514,6.68
2021-08-06,1011010504,辣椒类,51.048,389.196,208,11,0.0,7.624118476727785,4.727682377370318,0.612654545749868,9.24
2021-08-06,1011010801,食用菌,51.397,616.4218000000001,151,11,0.0,11.993342023853534,7.538285892172696,0.5909906038860508,9.45
2021-08-07,1011010101,花叶类,232.089,1516.8392,501,16,0.0,6.535592811378393,3.8745509696711173,0.6868000608424445,12.83
2021-08-07,1011010201,花菜类,40.416,404.16,93,1,0.0,10.000000000000002,7.02,0.4245014245014249,15.51
2021-08-07,1011010402,水生根茎类,28.627,367.7876,56,3,0.0,12.847577461836728,8.053101617354248,0.5953576736385018,13.65
2021-08-07,1011010501,茄类,23.784,229.052,50,4,0.0,9.630507904473596,6.356860494450051,0.5149786459655126,6.68
2021-08-07,1011010504,辣椒类,69.38199999999999,506.55199999999996,250,9,0.0,7.30091378167248,4.822174915684184,0.5140292314835297,9.24
2021-08-07,1011010801,食用菌,53.974000000000004,653.6324000000001,162,11,0.20771112016897023,12.110134509208137,7.599314670026309,0.593582452503735,9.45
2021-08-08,1011010101,花叶类,265.775,1856.5024,535,17,0.0017383124823629012,6.985240899256891,4.103318032170069,0.7023396296588535,12.83
2021-08-08,1011010201,花菜类,50.406,504.06,114,1,0.0,10.0,7.019999999999999,0.4245014245014247,15.51
2021-08-08,1011010402,水生根茎类,24.273,272.2204,44,3,0.014872492069377498,11.214946648539529,7.686452436864005,0.45905367146396014,13.65
2021-08-08,1011010501,茄类,32.19200000000001,361.536,70,3,0.0,11.230616302186876,7.816420228628229,0.4367979169100833,6.68
2021-08-08,1011010504,辣椒类,54.56699999999999,371.165,201,9,0.0,6.8020048747411455,4.638397566294648,0.4664557700203522,9.24
2021-08-08,1011010801,食用菌,57.351,603.6348,157,10,0.19560251782880858,10.525270701469896,6.6332081393524085,0.5867541739007551,9.45
2021-08-09,1011010101,花叶类,234.344,1618.7516,444,17,0.0,6.907587136858636,4.029302691769365,0.7143381039525096,12.83
2021-08-09,1011010201,花菜类,56.607,566.07,142,1,0.0,10.000000000000002,6.81,0.4684287812041119,15.51
2021-08-09,1011010402,水生根茎类,19.711000000000002,197.11,38,2,0.0,10.0,6.348211658464817,0.5752467841342095,13.65
2021-08-09,1011010501,茄类,31.015,238.654,64,4,0.0,7.6947928421731415,5.007558278252459,0.5366357043893408,6.68
2021-08-09,1011010504,辣椒类,61.457,410.056,219,10,0.0,6.672242380851652,3.9210485380021805,0.701647484387234,9.24
2021-08-09,1011010801,食用菌,41.987,523.4756000000001,134,11,0.2440755471931788,12.467563769738254,8.020932907804795,0.5543782641052453,9.45
2021-08-10,1011010101,花叶类,193.189,1428.8935999999999,421,17,0.0,7.3963507239025,4.197114794320588,0.7622464684337495,12.83
2021-08-10,1011010201,花菜类,11.233,110.43299999999999,27,2,0.05759814831300632,9.831122585239918,6.559788124276684,0.4986951406031803,15.51
2021-08-10,1011010402,水生根茎类,24.532,273.6644,52,3,0.0,11.155405185064406,7.126588129789663,0.5653220000793915,13.65
2021-08-10,1011010501,茄类,22.361,200.91000000000003,48,4,0.0,8.984839676221995,6.556576181745003,0.3703554152604569,6.68
2021-08-10,1011010504,辣椒类,66.971,474.76,223,8,0.0,7.089038539069149,3.7807141897239105,0.8750527501754453,9.24
2021-08-10,1011010801,食用菌,39.23,497.68240000000003,114,10,0.24070864134590875,12.686270711190417,8.140540657659955,0.5584064062444176,9.45
2021-08-11,1011010101,花叶类,225.45,1570.7226,434,16,0.0,6.967055222887558,4.0391973830117545,0.724861293530721,12.83
2021-08-11,1011010201,花菜类,1.054,10.540000000000001,1,1,0.0,10.0,6.78,0.47492625368731556,15.51
2021-08-11,1011010402,水生根茎类,20.738,207.38,41,2,0.0,10.0,6.323849455106568,0.5813153160888274,13.65
2021-08-11,1011010501,茄类,25.757,245.68349999999998,49,4,0.019994564584384828,9.538513802073222,7.279220794347169,0.3103756667857298,6.68
2021-08-11,1011010504,辣椒类,61.666000000000004,431.338,188,9,0.0,6.994745889144747,3.6364609347128076,0.9235036522390587,9.24
2021-08-11,1011010801,食用菌,44.244,548.2682,121,11,0.22466323117258835,12.391922068529066,7.754394946207396,0.5980514475329686,9.45
2021-08-12,1011010101,花叶类,275.876,1809.879,514,17,0.1559432498658818,6.560480070756427,4.005280923313373,0.6379575356550176,12.83
2021-08-12,1011010201,花菜类,12.870000000000001,128.7,20,2,0.0,9.999999999999998,5.826792540792541,0.716210064111847,15.51
2021-08-12,1011010402,水生根茎类,28.536,233.508,51,2,0.9085365853658536,8.182926829268293,6.011873423044575,0.36112759758076174,13.65
2021-08-12,1011010501,茄类,37.175,284.422,75,4,0.0,7.650894418291864,5.028666577000672,0.5214558971327163,6.68
2021-08-12,1011010504,辣椒类,83.793,583.4119999999999,253,11,0.0,6.962538636878974,4.084403351115248,0.7046648037290073,9.24
2021-08-12,1011010801,食用菌,52.714,661.4588,142,11,0.23845657700041736,12.548066927192018,7.948577986872558,0.5786555718413693,9.45
2021-08-13,1011010101,花叶类,274.08,1892.1722000000002,541,17,0.0647913018096906,6.90372227086982,4.235385653823701,0.6300103072401797,12.83
2021-08-13,1011010201,花菜类,3.504,35.04,6,1,0.0,10.0,7.26,0.3774104683195594,15.51
2021-08-13,1011010402,水生根茎类,37.722,306.392,67,1,0.938815545305127,8.122368909389746,6.02,0.3492307158454728,13.65
2021-08-13,1011010501,茄类,49.079,373.14599999999996,94,4,0.0,7.602966645612176,5.694730128975733,0.3350881382292408,6.68
2021-08-13,1011010504,辣椒类,88.147,648.948,292,13,0.0,7.362111019093105,4.64575618001747,0.5846959534293557,9.24
2021-08-13,1011010801,食用菌,57.871,640.0096000000001,153,11,0.13390126315425688,11.059245563408272,6.988425809127197,0.5825088318122233,9.45
2021-08-14,1011010101,花叶类,281.13,1928.865,546,17,0.09516593746665244,6.861114075338811,4.17272180130189,0.6442778603639818,12.83
2021-08-14,1011010201,花菜类,16.528,165.28,15,1,0.0,10.0,7.3,0.36986301369863006,15.51
2021-08-14,1011010402,水生根茎类,27.112000000000002,224.206,41,1,0.8651888462673355,8.269622307465328,6.000000000000001,0.37827038457755435,13.65
2021-08-14,1011010501,茄类,35.09,245.62400000000002,70,4,0.0,6.999829011114278,4.13509375890567,0.6927860453076506,6.68
2021-08-14,1011010504,辣椒类,96.49099999999999,658.863,339,10,0.0,6.828232684913621,4.52981252137505,0.5073985187450698,9.24
2021-08-14,1011010801,食用菌,74.363,1105.8674,223,11,0.32768984575662624,14.871204765810957,9.504258300498902,0.564688615947057,9.45
2021-08-15,1011010101,花叶类,297.827,2073.4338,569,15,0.1885792758883513,6.961873167980069,4.2104411957277215,0.653478304136913,12.83
2021-08-15,1011010201,花菜类,8.103,81.03,9,1,0.0,10.0,7.35,0.3605442176870748,15.51
2021-08-15,1011010402,水生根茎类,49.471000000000004,413.318,86,2,0.8226233550969254,8.354753289806148,6.033503264538821,0.38472673726890827,13.65
2021-08-15,1011010501,茄类,31.244999999999997,211.173,66,4,0.0,6.758617378780605,3.833244039046247,0.7631586483761212,6.68
2021-08-15,1011010504,辣椒类,78.349,603.4689999999999,272,10,0.000638170238292767,7.702319110645955,4.524651750500963,0.702300980355707,9.24
2021-08-15,1011010801,食用菌,61.545,677.9512,154,11,0.16383134291981477,11.01553659923633,6.750479974002762,0.6318153141197398,9.45
2021-08-16,1011010101,花叶类,190.573,1406.8994,386,18,0.13505061052719955,7.382469709770009,4.48486028975773,0.6460868862804212,12.83
2021-08-16,1011010201,花菜类,6.045,60.45,5,1,0.0,10.0,7.4,0.3513513513513513,15.51
2021-08-16,1011010402,水生根茎类,50.533,429.262,92,2,0.8021293016444699,8.494686640413196,6.027704668236597,0.4092738625992296,13.65
2021-08-16,1011010501,茄类,24.663,164.122,46,3,0.0,6.654583789482221,4.084145886550703,0.629369756696522,6.68
2021-08-16,1011010504,辣椒类,52.116,434.341,197,9,0.0,8.334120039910967,4.695085386445621,0.7750731571295768,9.24
2021-08-16,1011010801,食用菌,41.091,482.1078,111,9,0.17636465406049986,11.732685989632765,7.121942517826287,0.6473997031379775,9.45
2021-08-17,1011010101,花叶类,183.216,1402.9066,398,14,0.061714042441708146,7.65711837394114,4.629975711728234,0.6538139400050897,12.83
2021-08-17,1011010201,花菜类,9.498000000000001,94.98,10,1,0.0,10.0,7.41,0.3495276653171391,15.51
2021-08-17,1011010402,水生根茎类,56.144999999999996,480.298,106,2,0.786410187906314,8.554599697212575,6.041411523733192,0.4159935411793301,13.65
2021-08-17,1011010501,茄类,28.565,196.07,64,4,0.0,6.863994398739716,4.315008226851041,0.5907256806666268,6.68
2021-08-17,1011010504,辣椒类,59.86000000000001,465.63800000000003,203,9,0.0,7.77878382893418,4.8490527898429665,0.6041862537005069,9.24
2021-08-17,1011010801,食用菌,57.879,621.136,148,11,0.1766616562138254,10.731629779367301,6.497551270754505,0.6516421852137428,9.45
2021-08-18,1011010101,花叶类,185.59,1389.1288,384,17,0.05462039980602403,7.48493345546635,4.582318928821596,0.6334379103095731,12.83
2021-08-18,1011010201,花菜类,8.645,83.316,9,2,0.1812608444187392,9.637478311162523,7.2996761133603245,0.3202610857656283,15.51
2021-08-18,1011010402,水生根茎类,54.55,467.276,99,2,0.786141154903758,8.56601283226398,6.07398790100825,0.4102782178479589,13.65
2021-08-18,1011010501,茄类,25.035,192.98899999999998,48,4,0.0,7.708767725184741,4.9441170361493905,0.5591798634258329,6.68
2021-08-18,1011010504,辣椒类,54.410000000000004,441.723,196,9,0.0,8.118415732402132,4.867,0.6680533660164645,9.24
2021-08-18,1011010801,食用菌,38.636,449.4128,105,9,0.24981882182420537,11.631970183248782,7.270673723987991,0.5998476378979367,9.45
2021-08-19,1011010101,花叶类,183.245,1427.83,356,17,0.009255368495729761,7.791917924090698,4.698397009468199,0.6584205013727966,12.83
2021-08-19,1011010201,花菜类,8.906,89.06,8,1,0.0,10.0,7.490000000000001,0.3351134846461947,15.51
2021-08-19,1011010402,水生根茎类,28.569,242.398,51,2,0.8466869683923134,8.484651195351605,6.097023697014246,0.391605415525381,13.65
2021-08-19,1011010501,茄类,31.478,229.489,58,4,0.0,7.290456826990279,4.54826577292077,0.6029091506472257,6.68
2021-08-19,1011010504,辣椒类,50.98800000000001,373.81600000000003,175,9,0.0,7.331450537381344,5.002415078057582,0.4655822083896559,9.24
2021-08-19,1011010801,食用菌,35.688,435.3024,102,10,0.2259863259358888,12.197444519166105,7.539493947545393,0.6178067923427653,9.45
2021-08-20,1011010101,花叶类,195.116,1445.7372,374,18,0.016933516472252403,7.409629143688882,4.451905686873449,0.6643724429150313,12.83
2021-08-20,1011010201,花菜类,47.274,396.66600000000005,85,2,0.8046071836527477,8.390785632694506,6.485548504463342,0.29376653754420046,15.51
2021-08-20,1011010402,水生根茎类,27.29,235.224,50,2,0.8094540124587761,8.619421033345548,6.131080982044706,0.4058566602835809,13.65
2021-08-20,1011010501,茄类,25.752,248.06600000000003,51,4,0.0,9.632882882882884,5.434407424666045,0.7725728179967744,6.68
2021-08-20,1011010504,辣椒类,47.075,353.637,184,12,0.0,7.512203929899097,5.267059585767392,0.426261428710341,9.24
2021-08-20,1011010801,食用菌,42.358000000000004,503.93180000000007,108,10,0.2016384154114925,11.896968695405826,7.345199490060909,0.61969306776543,9.45
2021-08-21,1011010101,花叶类,241.956,1808.9882,499,17,0.051612689910562254,7.47651721800658,4.529484038420208,0.6506333071468857,12.83
2021-08-21,1011010201,花菜类,34.9,303.31399999999996,57,2,0.6545272206303725,8.690945558739255,6.567824068767909,0.3232610173082231,15.51
2021-08-21,1011010402,水生根茎类,37.692,326.094,69,2,0.7911758463334394,8.651544094237504,5.789574445505678,0.4943316085957772,13.65
2021-08-21,1011010501,茄类,33.887,231.688,68,4,0.0,6.837076164900994,4.643919202053885,0.47226423790429695,6.68
2021-08-21,1011010504,辣椒类,67.629,533.398,231,12,0.0,7.887119431013322,4.871749693178962,0.6189500544447599,9.24
2021-08-21,1011010801,食用菌,70.575,1159.3764,228,10,0.4253772582359192,16.42757917109458,10.16490386114063,0.616107677505491,9.45
2021-08-22,1011010101,花叶类,281.156,2067.0782,563,16,0.036997254193401524,7.35206860248403,4.403652029478296,0.669538953865761,12.83
2021-08-22,1011010201,花菜类,1.546,15.46,2,1,0.0,10.0,7.73,0.2936610608020698,15.51
2021-08-22,1011010402,水生根茎类,51.313,523.218,92,2,0.0,10.196597353497163,5.953686200378071,0.7126528020320686,13.65
2021-08-22,1011010501,茄类,21.861,159.385,50,4,0.0,7.29083756461278,5.33659759388866,0.36619586475136656,6.68
2021-08-22,1011010504,辣椒类,94.447,669.673,301,12,0.0,7.09046343451883,4.545181318623143,0.5599957267858173,9.24
2021-08-22,1011010801,食用菌,60.822,960.0758000000001,206,8,0.4568248331195949,15.78500871395219,9.912158922758213,0.592489470453301,9.45
2021-08-23,1011010101,花叶类,178.374,1321.0729999999999,352,15,0.061668180340184106,7.4061970915043664,4.3350392994494715,0.7084498155402921,12.83
2021-08-23,1011010201,花菜类,4.509,45.09,4,1,0.0,10.0,7.109999999999999,0.40646976090014086,15.51
2021-08-23,1011010402,水生根茎类,38.788,390.47200000000004,58,2,0.0,10.066824791172529,5.648447973600081,0.782228470231684,13.65
2021-08-23,1011010501,茄类,29.713,199.834,65,4,0.0,6.72547369838118,5.051551172887288,0.33136802304966784,6.68
2021-08-23,1011010504,辣椒类,15.773,135.953,86,8,0.0,8.619349521333925,4.5549667152729345,0.8922969277542683,9.24
2021-08-23,1011010801,食用菌,40.53,498.8602,121,10,0.2008635578583765,12.308418455465088,7.4912886750555145,0.6430308574877974,9.45
2021-08-24,1011010101,花叶类,168.012,1298.313,335,17,0.0892793371902007,7.72750160702807,4.594602945027736,0.6818649401230079,12.83
2021-08-24,1011010201,花菜类,9.206999999999999,92.07,7,1,0.0,10.0,6.97,0.4347202295552368,15.51
2021-08-24,1011010402,水生根茎类,31.616,323.284,57,2,0.0,10.225328947368421,5.757730263157894,0.7759305281800786,13.65
2021-08-24,1011010501,茄类,22.695,153.405,45,4,0.0,6.75941837409121,4.6775968274950435,0.44506220253082995,6.68
2021-08-24,1011010504,辣椒类,53.89099999999999,320.84900000000005,184,12,0.0,5.953665732682639,3.2352205377521295,0.8402658066764495,9.24
2021-08-24,1011010801,食用菌,43.364999999999995,489.493,119,10,0.1818056035973712,11.287743572005075,6.804056497175142,0.6589726403199969,9.45
2021-08-25,1011010101,花叶类,145.216,1236.846,322,15,0.05509034817100044,8.517284596738651,5.156137271375054,0.6518731268120868,12.83
2021-08-25,1011010201,花菜类,2.219,22.189999999999998,3,2,0.0,10.0,6.690572329878324,0.4946404443372727,15.51
2021-08-25,1011010402,水生根茎类,35.363,291.73199999999997,62,2,0.0,8.24963945366626,5.688622006051523,0.4501999684440874,13.65
2021-08-25,1011010501,茄类,27.139,182.24,52,4,0.0,6.7150595084564655,4.393399167250084,0.528442841823443,6.68
2021-08-25,1011010504,辣椒类,53.903,289.69599999999997,175,10,0.0,5.374394746118027,3.219570524831642,0.6692893367816704,9.24
2021-08-25,1011010801,食用菌,34.177,386.74080000000004,94,10,0.19478011528220734,11.315820581092549,6.595045205840185,0.7158063709816458,9.45
2021-08-26,1011010101,花叶类,255.505,1953.7194,500,17,0.027396724134557054,7.646501634018904,4.690761276687345,0.630119544139097,12.83
2021-08-26,1011010201,花菜类,5.452,54.52,6,2,0.0,10.0,7.139620322817313,0.40063470434713166,15.51
2021-08-26,1011010402,水生根茎类,63.126,515.144,115,2,0.0,8.160567753382125,5.657001552450653,0.442560635297494,13.65
2021-08-26,1011010501,茄类,34.842,248.52,72,3,0.013977383617473164,7.132770793869469,4.078723379828943,0.7487753224805869,6.68
2021-08-26,1011010504,辣椒类,61.124,359.49,216,11,0.0,5.8813232118316865,3.551819743472286,0.6558619627701208,9.24
2021-08-26,1011010801,食用菌,49.747,607.1763000000001,138,11,0.17424166281383802,12.205284740788391,7.176902727802681,0.7006339926422864,9.45
2021-08-27,1011010101,花叶类,259.053,1971.2064,500,16,0.0,7.609278410209494,4.579694464067198,0.6615253419005906,12.83
2021-08-27,1011010201,花菜类,19.567999999999998,165.22,28,2,0.778311529026983,8.443376941946035,5.842879190515127,0.4450712853437655,15.51
2021-08-27,1011010402,水生根茎类,56.396,459.668,90,2,0.0,8.15071990921342,5.216896765728066,0.5623694075678938,13.65
2021-08-27,1011010501,茄类,33.381,233.774,64,4,0.0,7.0032054162547555,4.241233036757437,0.6512191986528846,6.68
2021-08-27,1011010504,辣椒类,64.04499999999999,343.342,217,9,0.0,5.360949332500586,3.427416816301039,0.5641369637341827,9.24
2021-08-27,1011010801,食用菌,61.288,653.7654,158,11,0.14271961884871429,10.667102858634644,6.537035471870514,0.6317951622774887,9.45
2021-08-28,1011010101,花叶类,244.915,1784.108,470,17,0.0,7.2846007798624015,4.44456272584366,0.6389915564707549,12.83
2021-08-28,1011010201,花菜类,35.501999999999995,319.94,48,2,0.4940566728635007,9.011886654272999,6.4090299138076725,0.4061233564938913,15.51
2021-08-28,1011010402,水生根茎类,49.574,412.984,92,2,0.0,8.330657199338363,5.160368741679107,0.6143530852850823,13.65
2021-08-28,1011010501,茄类,34.078,253.705,67,4,0.0,7.444832443218498,4.623189741181994,0.6103237937439931,6.68
2021-08-28,1011010504,辣椒类,75.85,440.058,279,11,0.0,5.801687541199737,3.7170816084377067,0.5608179083370171,9.24
2021-08-28,1011010801,食用菌,61.493,720.841,183,12,0.145268567153985,11.722326118419982,7.146857365879042,0.6402070893964413,9.45
2021-08-29,1011010101,花叶类,229.082,1771.7462,479,17,0.0,7.7341135488602335,4.88959521044866,0.5817492483494489,12.83
2021-08-29,1011010201,花菜类,56.181,489.53200000000004,84,2,0.6432601769281431,8.713479646143716,5.987016607037967,0.4553959372520675,15.51
2021-08-29,1011010402,水生根茎类,55.375,454.136,88,2,0.0,8.201101580135441,5.107086591422122,0.6058277911148084,13.65
2021-08-29,1011010501,茄类,39.917,310.353,81,4,0.0,7.774958037928702,5.276011473808152,0.4736431254037521,6.68
2021-08-29,1011010504,辣椒类,81.325,427.007,261,11,0.0,5.250624039348294,3.5726051029818624,0.4696905725645073,9.24
2021-08-29,1011010801,食用菌,65.999,729.445,165,13,0.19204836436915712,11.052364429764088,6.852137153593237,0.6129806193339646,9.45
2021-08-30,1011010101,花叶类,178.587,1399.7246,376,17,0.0,7.837774306080511,5.008514001579062,0.5648901657476553,12.83
2021-08-30,1011010201,花菜类,48.287000000000006,408.78600000000006,79,2,0.7671215855199122,8.465756828960176,5.986675502723299,0.414099833055785,15.51
2021-08-30,1011010402,水生根茎类,40.953,332.54,65,2,0.0,8.120040045906283,5.066022025248455,0.6028434154918716,13.65
2021-08-30,1011010501,茄类,41.208,314.52200000000005,82,4,0.0,7.632547078237237,4.95771063871093,0.5395305685331,6.68
2021-08-30,1011010504,辣椒类,65.327,382.244,205,12,0.0,5.851240681494636,3.84191651231497,0.5230004771678225,9.24
2021-08-30,1011010801,食用菌,47.989,517.11,127,11,0.1618079143136969,10.775594407051617,6.634661693304715,0.624136226557817,9.45
2021-08-31,1011010101,花叶类,165.821,1290.6386,346,17,0.0,7.783324186924455,4.99156011602873,0.5592968943579193,12.83
2021-08-31,1011010201,花菜类,42.879,361.952,70,2,0.7793791832831922,8.441241633433616,5.680314139788708,0.4860519023596832,15.51
2021-08-31,1011010402,水生根茎类,31.335,256.564,56,2,0.0,8.187777245891176,5.103277485240147,0.6044154505750692,13.65
2021-08-31,1011010501,茄类,39.432,305.287,78,4,0.0,7.74211300466626,4.959221698113208,0.5611548496837386,6.68
2021-08-31,1011010504,辣椒类,66.341,428.4972,222,12,0.0,6.459010265145236,4.101833707661929,0.5746640954947224,9.24
2021-08-31,1011010801,食用菌,42.531,435.6228,127,11,0.13865180691730739,10.242477251886859,6.266036067809363,0.6346023452539238,9.45
2021-09-01,1011010101,花叶类,177.642,1336.0462,377,18,0.19481879285304154,7.521004041836953,4.958441641053355,0.5168080187869704,12.83
2021-09-01,1011010201,花菜类,8.003,80.03,9,1,0.0,10.0,8.16,0.22549019607843146,15.51
2021-09-01,1011010402,水生根茎类,47.449,303.064,83,2,0.0,6.38715252165483,5.086143016712681,0.25579491191402415,13.65
2021-09-01,1011010501,茄类,27.264,231.483,57,4,0.0,8.490426936619718,5.290762910798123,0.6047642050433364,6.68
2021-09-01,1011010504,辣椒类,44.769,325.5798,159,11,0.0,7.272438517724318,4.621747191136724,0.5735258154472211,9.24
2021-09-01,1011010801,食用菌,61.883,570.0334,139,10,0.1082203513081137,9.21147003215746,5.627891504936735,0.6367533070026743,9.45
2021-09-02,1011010101,花叶类,161.364,1276.7444,332,18,0.15446444064351406,7.912200986589326,5.056436627748444,0.5647780381878358,12.83
2021-09-02,1011010201,花菜类,27.869,334.428,71,1,0.0,12.0,8.17,0.46878824969400257,15.51
2021-09-02,1011010402,水生根茎类,45.638,293.418,74,2,0.0,6.429247556860512,5.041466321924712,0.27527333246292085,13.65
2021-09-02,1011010501,茄类,24.511000000000003,205.6,50,4,0.0,8.388070662151685,4.783203459671168,0.7536512366397106,6.68
2021-09-02,1011010504,辣椒类,44.128,348.296,153,11,0.0,7.892857142857142,4.940920050761422,0.5974468442655354,9.24
2021-09-02,1011010801,食用菌,40.494,422.572,107,11,0.1908924778979602,10.435422531733096,6.400332888823035,0.6304499645567776,9.45
2021-09-03,1011010101,花叶类,149.219,1190.489,312,18,0.13083454519866775,7.978132811505238,5.0647054329542485,0.5752412291531008,12.83
2021-09-03,1011010201,花菜类,24.967,299.604,60,1,0.0,12.0,8.45,0.4201183431952664,15.51
2021-09-03,1011010402,水生根茎类,54.833999999999996,364.792,97,2,0.0,6.652660757923916,5.06235766130503,0.3141427775391359,13.65
2021-09-03,1011010501,茄类,20.685,181.352,42,4,0.0,8.767319313512207,5.138382402707276,0.7062411137195512,6.68
2021-09-03,1011010504,辣椒类,42.436,361.144,163,13,0.0,8.510321425205015,5.57026981807899,0.5278113454367559,9.24
2021-09-03,1011010801,食用菌,46.246,486.733,125,12,0.15642433940232667,10.524867015525667,6.3761944816849025,0.650650250044519,9.45
2021-09-04,1011010101,花叶类,221.353,1716.02,459,18,0.1643302778819352,7.752413565662087,5.014472629691037,0.5460077535889845,12.83
2021-09-04,1011010201,花菜类,32.878,394.536,77,1,0.0,12.0,8.72,0.37614678899082565,15.51
2021-09-04,1011010402,水生根茎类,66.40899999999999,430.156,93,2,0.0,6.477375054585976,5.0235593067204745,0.2893995390719484,13.65
2021-09-04,1011010501,茄类,26.823,241.69400000000002,56,4,0.0,9.010699772583232,5.456179398277597,0.6514669175701451,6.68
2021-09-04,1011010504,辣椒类,90.712,719.09,311,12,0.0,7.927176117823441,5.52082315459917,0.4358685101549826,9.24
2021-09-04,1011010801,食用菌,78.639,961.0584,224,12,0.2568827172268213,12.221142181360394,7.474452625287708,0.6350551396919148,9.45
2021-09-05,1011010101,花叶类,238.552,1806.7762,457,18,0.1581038934907274,7.573930212280761,4.884534650726048,0.550594018440417,12.83
2021-09-05,1011010201,花菜类,51.129,612.022,112,2,0.0,11.970153924387336,8.87508009153318,0.34873756641439835,15.51
2021-09-05,1011010402,水生根茎类,58.946,374.14200000000005,90,2,0.0,6.347199131408408,5.035176263020391,0.26057138814063885,13.65
2021-09-05,1011010501,茄类,30.823,260.966,60,4,0.0,8.466599617168997,5.417334782467638,0.5628717731401485,6.68
2021-09-05,1011010504,辣椒类,63.285,597.361,224,13,0.0,9.439219404282216,5.944486213162676,0.5878949106453084,9.24
2021-09-05,1011010801,食用菌,74.857,976.0944000000001,218,10,0.30385935851022616,13.03945389208758,8.081205498483776,0.6135530639004403,9.45
2021-09-06,1011010101,花叶类,191.936,1573.135,358,18,0.03802830110036679,8.196143506168722,5.1067031197899295,0.6049774803642551,12.83
2021-09-06,1011010201,花菜类,34.751,354.082,81,1,0.9054415700267618,10.189116859946477,7.86,0.29632530024764336,15.51
2021-09-06,1011010402,水生根茎类,33.471,270.24399999999997,59,2,0.0,8.0739744853754,5.024596516387321,0.6068901172547438,13.65
2021-09-06,1011010501,茄类,20.716,184.626,41,4,0.0,8.912241745510716,5.343674937246573,0.66781135644881,6.68
2021-09-06,1011010504,辣椒类,42.718,348.586,153,13,0.0,8.160166674469778,5.537813099864225,0.47353594773175844,9.24
2021-09-06,1011010801,食用菌,37.744,418.6324,106,12,0.13305426027977957,11.091362865621026,6.6138090822382365,0.6770007612417352,9.45
2021-09-07,1011010101,花叶类,163.316,1372.8056000000001,303,18,0.06754390261823703,8.405824291557472,5.2849036224252375,0.5905350205232403,12.83
2021-09-07,1011010201,花菜类,23.172,236.618,52,1,0.894312100811324,10.211375798377352,7.81,0.30747449403039084,15.51
2021-09-07,1011010402,水生根茎类,34.141999999999996,275.07599999999996,62,2,0.0,8.056821510163434,5.0186090445785245,0.6053893496380263,13.65
2021-09-07,1011010501,茄类,19.175,159.586,36,4,0.0,8.322607561929596,5.536018774445893,0.5033560941567827,6.68
2021-09-07,1011010504,辣椒类,45.236,386.3088,150,10,0.0017242903881864004,8.539853214254135,5.883616588557786,0.45146324300976537,9.24
2021-09-07,1011010801,食用菌,44.438,456.60760000000005,123,12,0.17165488995904404,10.275160898330258,6.23882780503173,0.6469697865427781,9.45
2021-09-08,1011010101,花叶类,161.268,1285.0652,324,17,0.10167547188530891,7.968507081380063,4.9710021206935044,0.6029981255104306,12.83
2021-09-08,1011010201,花菜类,15.183,157.314,37,1,0.8194032799841929,10.361193440031615,7.77,0.33348692921899814,15.51
2021-09-08,1011010402,水生根茎类,38.571,311.44399999999996,62,2,0.0,8.074563791449535,5.026097327007337,0.6065275433608308,13.65
2021-09-08,1011010501,茄类,16.32,133.052,32,4,0.0,8.152696078431372,5.70875919117647,0.42810299145780784,6.68
2021-09-08,1011010504,辣椒类,36.083,367.914,131,13,0.0,10.196325139262257,5.8479430756866115,0.7435746222726525,9.24
2021-09-08,1011010801,食用菌,42.227,407.8928,107,12,0.108058824922443,9.659525895753903,5.761625737087646,0.6765278302572542,9.45
2021-09-09,1011010101,花叶类,120.989,999.0134,252,18,0.19296795576457365,8.257059732702974,5.193558174710097,0.5898656479695406,12.83
2021-09-09,1011010201,花菜类,14.255,143.152,35,2,0.9323746054016134,10.042230796211854,7.7244209049456325,0.3000626091960139,15.51
2021-09-09,1011010402,水生根茎类,39.028,329.06399999999996,61,3,0.0,8.431485087629394,5.424984626422057,0.5541952039023963,13.65
2021-09-09,1011010501,茄类,12.804,107.132,23,4,0.0,8.367072789753202,5.812727272727273,0.43944011084274637,6.68
2021-09-09,1011010504,辣椒类,39.957,402.971,138,11,0.0,10.085116500237756,6.4004564907275325,0.5756870646411336,9.24
2021-09-09,1011010801,食用菌,41.997,411.75440000000003,109,11,0.1432007048122485,9.804376503083555,5.89587137176465,0.6629223883744735,9.45
2021-09-10,1011010101,花叶类,133.882,1092.973,271,18,0.1182384487832569,8.163703858621771,5.043508761446647,0.6186556313783715,12.83
2021-09-10,1011010201,花菜类,24.651,254.806,54,1,0.8317309642610847,10.33653807147783,7.91,0.3067684034738092,15.51
2021-09-10,1011010402,水生根茎类,43.851,301.728,63,3,0.0,6.880755284942191,5.278914277895601,0.30344137501038415,13.65
2021-09-10,1011010501,茄类,13.491,113.02799999999999,29,4,0.0,8.378029797642872,5.459168334445186,0.534671452569218,6.68
2021-09-10,1011010504,辣椒类,36.978,366.501,139,12,0.0,9.911325653091026,7.0740215803991555,0.40108784521573004,9.24
2021-09-10,1011010801,食用菌,35.582,422.2126,104,10,0.19959530099488504,11.865904108819066,7.2367106964195385,0.6396819779861982,9.45
2021-09-11,1011010101,花叶类,257.43,1963.8984,472,18,0.16078157168939128,7.628863768791516,4.951838596900128,0.5406123643786,12.83
2021-09-11,1011010201,花菜类,18.06,145.926,17,2,0.0,8.080066445182725,7.9927441860465125,0.010925191286449198,15.51
2021-09-11,1011010402,水生根茎类,67.532,462.312,101,3,0.0,6.845821240300895,5.092424332168453,0.344314769108373,13.65
2021-09-11,1011010501,茄类,26.026,214.934,54,4,0.0,8.25843387381849,5.35772688849612,0.5414062802549049,6.68
2021-09-11,1011010504,辣椒类,53.88,529.982,203,11,0.0,9.836340014847808,6.765533036377135,0.45388988006701925,9.24
2021-09-11,1011010801,食用菌,62.394000000000005,663.3822,164,11,0.16754816168221304,10.63214732185787,6.537421386671796,0.6263518431799759,9.45
2021-09-12,1011010101,花叶类,275.53200000000004,2239.3478,575,18,0.06928414848366068,8.127360161433154,5.45693273376595,0.4893641827657793,12.83
2021-09-12,1011010201,花菜类,32.063,256.504,28,1,0.0,8.0,7.01,0.14122681883024257,15.51
2021-09-12,1011010402,水生根茎类,57.208,381.13800000000003,87,3,0.0,6.662319955251014,4.951667598937211,0.3454699496955258,13.65
2021-09-12,1011010501,茄类,34.906,282.92400000000004,73,4,0.0,8.1053114077809,5.038480203976394,0.6086818007906722,6.68
2021-09-12,1011010504,辣椒类,52.389,487.5578,197,9,0.0,9.306491820802076,6.777476569508866,0.3731499807274845,9.24
2021-09-12,1011010801,食用菌,57.278000000000006,617.4814,152,11,0.17004783686581235,10.780428785921295,6.496280945563742,0.659476995569775,9.45
2021-09-13,1011010101,花叶类,152.695,1040.8032,286,18,0.19758341792462097,6.81622319001932,4.215611185696978,0.6169003472487884,12.83
2021-09-13,1011010201,花菜类,11.356,136.272,28,1,0.0,12.0,6.72,0.7857142857142858,15.51
2021-09-13,1011010402,水生根茎类,29.936999999999998,182.232,50,2,0.0,6.087183084477403,4.635163844072552,0.3132616859405508,13.65
2021-09-13,1011010501,茄类,26.428,204.868,59,4,0.0,7.751929771454518,4.739536854850916,0.6355880350461709,6.68
2021-09-13,1011010504,辣椒类,46.013999999999996,419.366,156,7,0.0,9.113878384839397,6.168993132524884,0.4773688653968744,9.24
2021-09-13,1011010801,食用菌,31.415,452.75780000000003,103,8,0.26162661149132577,14.412153429890182,8.57187808371797,0.6813297260101778,9.45
2021-09-14,1011010101,花叶类,163.291,1193.244,309,19,0.19508729813645578,7.3074694869894845,4.592828998536356,0.5910606489634671,12.83
2021-09-14,1011010201,花菜类,10.777000000000001,129.324,25,1,0.0,12.0,7.8,0.5384615384615385,15.51
2021-09-14,1011010402,水生根茎类,41.431000000000004,282.21,62,3,0.0,6.811566218532016,5.077742753011029,0.34145555414221285,13.65
2021-09-14,1011010501,茄类,24.411,186.907,48,4,0.0,7.65667117283192,4.723693826553602,0.6209075892664728,6.68
2021-09-14,1011010504,辣椒类,34.598,313.25,119,7,0.0,9.053991560205793,6.089981790854963,0.48670256679613444,9.24
2021-09-14,1011010801,食用菌,35.185,425.1042,101,10,0.25567713514281654,12.081972431433849,7.441836578087251,0.6235202566809437,9.45
2021-09-15,1011010101,花叶类,150.327,1103.619,311,20,0.16047017501845975,7.34145562673372,4.653296679904475,0.5776891377758506,12.83
2021-09-15,1011010201,花菜类,12.702,152.424,33,1,0.0,12.0,7.8,0.5384615384615385,15.51
2021-09-15,1011010402,水生根茎类,32.841,244.22999999999996,48,3,0.0,7.436740659541425,5.182923479796596,0.43485441923469814,13.65
2021-09-15,1011010501,茄类,20.887,157.743,45,4,0.0,7.552209508306602,4.464079092258342,0.6917732307663929,6.68
2021-09-15,1011010504,辣椒类,33.653,314.136,117,7,0.0,9.334561554690518,5.4377832585505015,0.7166115512258839,9.24
2021-09-15,1011010801,食用菌,35.282,415.7536,97,10,0.23306501898985324,11.783731081004479,7.1797517147554,0.6412449272844984,9.45
2021-09-16,1011010101,花叶类,97.458,821.3688,248,19,0.20302078844220076,8.427925875761867,5.139275072338854,0.6399055814551617,12.83
2021-09-16,1011010201,花菜类,9.283,111.396,22,1,0.0,12.0,7.83,0.5325670498084292,15.51
2021-09-16,1011010402,水生根茎类,35.964999999999996,263.6766,49,3,0.0,7.331477825663841,5.1173296260253025,0.43267648587224117,13.65
2021-09-16,1011010501,茄类,28.808,207.409,57,3,0.47483337961677313,7.199701471813385,4.228177242432658,0.7027908384633086,6.68
2021-09-16,1011010504,辣椒类,33.706,338.607,129,8,0.0,10.045896872960304,5.940621551059158,0.6910514811651676,9.24
2021-09-16,1011010801,食用菌,38.913,384.1278,97,10,0.0,9.871451699946034,5.991706627605171,0.6475191983642832,9.45
2021-09-17,1011010101,花叶类,128.348,1108.2166,288,19,0.01774082961947206,8.634467229719199,5.222443824601863,0.6533384598689205,12.83
2021-09-17,1011010201,花菜类,13.163,157.956,34,1,0.0,11.999999999999998,7.14,0.6806722689075628,15.51
2021-09-17,1011010402,水生根茎类,31.276,224.4552,40,3,0.0,7.176595472566824,5.010104872745875,0.4324242016581912,13.65
2021-09-17,1011010501,茄类,22.689,157.075,45,4,0.34884745912116005,6.922958261712724,4.080096963286174,0.6967631710734798,6.68
2021-09-17,1011010504,辣椒类,30.378,301.779,111,8,0.0,9.934129962472841,6.305666271643954,0.5754290719675066,9.24
2021-09-17,1011010801,食用菌,33.650999999999996,355.5196,90,12,0.0,10.564904460491517,6.761179756916586,0.5625829870421324,9.45
2021-09-18,1011010101,花叶类,134.812,1093.8648,295,19,0.07997062576031808,8.114001720915052,4.86296568554728,0.6685295035146641,12.83
2021-09-18,1011010201,花菜类,35.325,396.374,78,1,0.3896107572540693,11.220778485491861,6.69,0.6772464103874232,15.51
2021-09-18,1011010402,水生根茎类,34.827,252.54719999999998,52,3,0.0,7.251477302093203,5.057713842708244,0.43374606148343675,13.65
2021-09-18,1011010501,茄类,25.935000000000002,178.031,49,3,0.5187198766146134,6.864507422402159,4.15882938114517,0.6505864495243987,6.68
2021-09-18,1011010504,辣椒类,45.049,443.344,155,8,0.0,9.841372727474528,6.561923683100624,0.4997694582793908,9.24
2021-09-18,1011010801,食用菌,41.645,415.46320000000003,103,11,0.0,9.97630447832873,6.39384656021131,0.5602977619780454,9.45
2021-09-19,1011010101,花叶类,217.32,1855.626,473,19,0.09902908153874472,8.53868028713418,5.077364163445611,0.681715160123485,12.83
2021-09-19,1011010201,花菜类,51.647,516.47,110,1,0.0,10.0,6.21,0.6103059581320451,15.51
2021-09-19,1011010402,水生根茎类,93.77,743.4048,117,3,0.0,7.927959901887598,5.542979417724219,0.43027049253280114,13.65
2021-09-19,1011010501,茄类,46.834999999999994,307.554,88,4,0.6819472616632861,6.56675563147219,3.7393726913632968,0.7561115656214756,6.68
2021-09-19,1011010504,辣椒类,75.511,745.4878,258,11,0.0,9.872572208022673,6.529474381215982,0.5120010634277283,9.24
2021-09-19,1011010801,食用菌,113.493,1367.9322,297,11,0.0,12.053009436705347,7.500693522948551,0.6069193335028122,9.45
2021-09-20,1011010101,花叶类,224.8,1888.632,472,20,0.10522241992882561,8.401387900355871,5.066035453736654,0.6583752674212133,12.83
2021-09-20,1011010201,花菜类,70.42599999999999,702.1164,135,2,0.0,9.969562377531027,6.382597620197087,0.5619913663338811,15.51
2021-09-20,1011010402,水生根茎类,94.882,730.5018,115,3,0.0,7.69905566914694,5.380937058662338,0.43080203042941156,13.65
2021-09-20,1011010501,茄类,40.869,290.425,78,4,0.3878000440431623,7.106241894834716,4.006036360077321,0.773883523787477,6.68
2021-09-20,1011010504,辣椒类,88.648,868.3414,309,11,0.0,9.795386246728635,6.14653427037271,0.5936438024829669,9.24
2021-09-20,1011010801,食用菌,92.28899999999999,1175.2796,261,11,0.0,12.734774458494515,7.773524580394199,0.6382239905194627,9.45
2021-09-21,1011010101,花叶类,239.77,1974.669,518,19,0.11056429077866287,8.235680026692247,4.9506577553488755,0.6635526901034738,12.83
2021-09-21,1011010201,花菜类,56.3,563.0,124,1,0.0,10.0,6.88,0.4534883720930232,15.51
2021-09-21,1011010402,水生根茎类,94.155,672.4613999999999,123,3,0.0,7.142067866815356,4.981790876745792,0.4336346192597915,13.65
2021-09-21,1011010501,茄类,32.473,233.244,69,4,0.33806546977488994,7.182705632371509,3.8915563699073075,0.8457154283859425,6.68
2021-09-21,1011010504,辣椒类,100.446,971.9278,325,10,0.46865977739282805,9.676122493678196,6.369917567648289,0.5190341775883491,9.24
2021-09-21,1011010801,食用菌,81.116,1022.699,207,11,0.0,12.607857882538585,7.73385349376202,0.6302167984831684,9.45
2021-09-22,1011010101,花叶类,138.42000000000002,1179.691,320,18,0.12210663198959687,8.52254731975148,5.0567221499783255,0.6853896787245883,12.83
2021-09-22,1011010201,花菜类,39.227000000000004,392.27,98,1,0.0,9.999999999999998,6.34,0.5772870662460565,15.51
2021-09-22,1011010402,水生根茎类,30.22,226.62120000000002,51,3,0.0,7.499046988749174,5.020651224354732,0.4936402975717502,13.65
2021-09-22,1011010501,茄类,31.009,214.52100000000002,61,4,0.49488858073462544,6.918023799542069,4.064744429036732,0.7019578771355892,6.68
2021-09-22,1011010504,辣椒类,50.963,478.767,166,10,0.0,9.394403783136784,6.429865196318898,0.46105765771187324,9.24
2021-09-22,1011010801,食用菌,36.948,358.65160000000003,94,12,0.0,9.706928656490204,5.999303074591317,0.6180093813899303,9.45
2021-09-23,1011010101,花叶类,107.29,882.1365999999999,236,18,0.12681517382794294,8.221983409451019,4.915438158262652,0.6726857595858873,12.83
2021-09-23,1011010201,花菜类,27.567,275.67,68,1,0.0,10.0,6.32,0.5822784810126582,15.51
2021-09-23,1011010402,水生根茎类,19.216,157.132,30,3,0.0,8.17714404662781,5.4917194004995835,0.488995239976014,13.65
2021-09-23,1011010501,茄类,22.845,153.977,46,4,0.5403370540599693,6.740074414532721,3.924583935215584,0.7173984620518703,6.68
2021-09-23,1011010504,辣椒类,45.501,421.5736,152,10,0.0,9.265150216478759,6.34491967209512,0.460247047291517,9.24
2021-09-23,1011010801,食用菌,33.475,350.4852,87,11,0.0,10.470058252427185,6.537242419716206,0.6016016510034379,9.45
2021-09-24,1011010101,花叶类,104.729,835.3696,245,18,0.027499546448452674,7.976487887786573,4.773282376419139,0.6710697710221034,12.83
2021-09-24,1011010201,花菜类,8.431000000000001,67.44800000000001,10,1,0.0,8.0,6.09,0.31362889983579634,15.51
2021-09-24,1011010402,水生根茎类,32.314,249.05200000000002,52,3,0.2814878999814322,7.707247632605063,5.324668564708795,0.44746053936346186,13.65
2021-09-24,1011010501,茄类,15.31,109.819,35,3,0.354800783801437,7.173024167210973,4.233862181580666,0.6942035096033765,6.68
2021-09-24,1011010504,辣椒类,40.147,401.3693,149,10,0.33529279896380804,9.997491717936583,6.750582359827633,0.4809821116221231,9.24
2021-09-24,1011010801,食用菌,40.365,415.1176,95,11,0.0,10.284097609315,6.219303604607952,0.6535770342028961,9.45
2021-09-25,1011010101,花叶类,186.971,1533.4314000000002,431,18,0.0859705515828658,8.201439795476304,4.884358162495788,0.6791233408005379,12.83
2021-09-25,1011010201,花菜类,48.621,388.968,42,1,0.0,8.0,5.87,0.362862010221465,15.51
2021-09-25,1011010402,水生根茎类,43.444,267.77599999999995,74,2,0.0,6.163704999539636,4.2564782248411746,0.4480762437753636,13.65
2021-09-25,1011010501,茄类,36.043,244.897,78,3,0.5745914602003164,6.794578697666676,4.366940043836529,0.5559129801327365,6.68
2021-09-25,1011010504,辣椒类,77.276,683.823,244,10,0.6121823075728557,8.849099332263576,6.506189890781096,0.3601046819740459,9.24
2021-09-25,1011010801,食用菌,38.452,381.614,105,8,0.0,9.92442525746385,5.873584208883803,0.6896710602110967,9.45
2021-09-26,1011010101,花叶类,150.342,1179.8736,342,18,0.0,7.847930717963043,4.695417514733075,0.671402104996659,12.83
2021-09-26,1011010201,花菜类,2.299,18.392,2,1,0.0,8.0,5.96,0.34228187919463093,15.51
2021-09-26,1011010402,水生根茎类,48.868,305.30400000000003,73,2,0.0,6.247523942047966,4.285086355078988,0.45796920396784024,13.65
2021-09-26,1011010501,茄类,28.75,216.667,65,4,0.0,7.53624347826087,4.214569043478261,0.7881409464444908,6.68
2021-09-26,1011010504,辣椒类,46.272,406.6904,160,9,0.0,8.789125172890733,6.226197484439834,0.41163610612352497,9.24
2021-09-26,1011010801,食用菌,27.192,262.01419999999996,68,5,0.2800456016475434,9.635709032068254,5.759476684318917,0.6730181508162001,9.45
2021-09-27,1011010101,花叶类,96.875,736.4946,227,18,0.031649032258064515,7.602524903225806,4.602696051612903,0.6517547146224625,12.83
2021-09-27,1011010201,花菜类,4.863,38.904,4,1,0.0,8.0,5.79,0.3816925734024179,15.51
2021-09-27,1011010402,水生根茎类,42.394999999999996,257.522,68,2,0.0,6.074348390140347,4.304627904233991,0.41112043253858865,13.65
2021-09-27,1011010501,茄类,11.333,90.664,27,4,0.0,8.0,4.084199241154152,0.9587682989087682,6.68
2021-09-27,1011010504,辣椒类,32.67400000000001,314.337,122,12,0.0,9.620401542510862,6.197822427618289,0.5522228419518964,9.24
2021-09-27,1011010801,食用菌,12.762,138.671,39,3,0.39562764456981664,10.865930104999215,6.5643316094656,0.6552987800510899,9.45
2021-09-28,1011010101,花叶类,104.01,796.8764,237,17,0.037707912700701854,7.66153639073166,4.579308720315354,0.6730770643923847,12.83
2021-09-28,1011010201,花菜类,12.669,122.598,32,2,0.0,9.67700686715605,6.280592785539506,0.5407792222155334,15.51
2021-09-28,1011010402,水生根茎类,33.697,205.966,57,2,0.0,6.112294863044188,4.5177929786034365,0.3529382359909843,13.65
2021-09-28,1011010501,茄类,19.696,145.41400000000002,43,4,0.0,7.382920389926889,4.1392531478472785,0.7836358701005182,6.68
2021-09-28,1011010504,辣椒类,34.777,308.0652,124,11,0.0,8.858302901342842,5.8493556085918845,0.5144066276858319,9.24
2021-09-28,1011010801,食用菌,21.671,181.7495,52,4,0.27792902957869964,8.386761109316598,5.074154399889253,0.652839162619814,9.45
2021-09-29,1011010101,花叶类,113.13499999999999,903.46,260,18,0.05796614663897114,7.985680823794582,4.556899279621692,0.7524374215393113,12.83
2021-09-29,1011010201,花菜类,23.336,233.36,55,1,0.0,10.000000000000002,6.57,0.5220700152207003,15.51
2021-09-29,1011010402,水生根茎类,39.563,280.5474,61,3,0.0,7.091155877966786,4.807229987614691,0.47510227225166757,13.65
2021-09-29,1011010501,茄类,14.815999999999999,114.188,34,4,0.0,7.707073434125271,4.600741090712743,0.6751808637271735,6.68
2021-09-29,1011010504,辣椒类,50.474,379.30060000000003,178,11,0.0,7.514771961802117,5.707160122043031,0.3167270237920017,9.24
2021-09-29,1011010801,食用菌,15.119,189.2476,43,3,0.41973675507639396,12.517203518751241,7.825370725577089,0.599566839413624,9.45
2021-09-30,1011010101,花叶类,106.12299999999999,830.5642,247,18,0.03432809098875833,7.826429708922666,4.4674367479245785,0.7518837200232469,12.83
2021-09-30,1011010201,花菜类,34.511,345.11,75,1,0.0,10.0,6.57,0.5220700152207001,15.51
2021-09-30,1011010402,水生根茎类,38.451,263.478,60,2,0.0,6.8523055317156905,4.669895451353671,0.4673359613927546,13.65
2021-09-30,1011010501,茄类,18.757,144.26500000000001,42,4,0.0,7.691261928879885,4.398522684864317,0.7486011736045282,6.68
2021-09-30,1011010504,辣椒类,37.589,284.784,148,8,0.0,7.576259011944984,5.46836122269813,0.38547157062290816,9.24
2021-09-30,1011010801,食用菌,22.234,229.19980000000004,53,3,0.323693442475488,10.30852748043537,6.577403975892776,0.5672638503302747,9.45
2021-10-01,1011010101,花叶类,205.461,1615.2914,466,17,0.05897956303142688,7.861790802147366,4.656662383615382,0.6882887687562089,12.83
2021-10-01,1011010201,花菜类,57.402,556.6610000000001,123,1,0.3024110658165221,9.697588934183479,6.86,0.41364270177601714,15.51
2021-10-01,1011010402,水生根茎类,69.809,474.54699999999997,95,3,0.0,6.797791115758713,4.70151928834391,0.4458711533124873,13.65
2021-10-01,1011010501,茄类,36.474,284.07599999999996,67,4,0.0,7.788452048034216,4.852866699566815,0.6049177795733485,6.68
2021-10-01,1011010504,辣椒类,81.648,606.4685999999999,254,9,0.0,7.427843915343915,4.983464506172839,0.4904980071882341,9.24
2021-10-01,1011010801,食用菌,45.217,709.659,140,2,0.6711856160293695,15.694517548709557,10.224052900457792,0.5350583277994208,9.45
2021-10-02,1011010101,花叶类,171.744,1277.1156,368,17,0.12005659586361095,7.436158468418111,4.555714668343581,0.6322704580446945,12.83
2021-10-02,1011010201,花菜类,40.743,396.867,91,1,0.25925925925925924,9.74074074074074,7.39,0.318097529193605,15.51
2021-10-02,1011010402,水生根茎类,61.245999999999995,434.0752,90,2,0.0,7.087404891748033,4.713288704568462,0.5037069307633131,13.65
2021-10-02,1011010501,茄类,31.974,261.243,66,4,0.0,8.170482266841809,4.8351857759429535,0.689796968607356,6.68
2021-10-02,1011010504,辣椒类,67.46600000000001,433.685,215,8,0.0,6.428200871550113,4.233152254468917,0.5185376015624987,9.24
2021-10-02,1011010801,食用菌,38.088,475.37940000000003,101,3,0.5020741440873766,12.481080655324511,8.101606805293006,0.5405685508176321,9.45
2021-10-03,1011010101,花叶类,176.123,1316.3808,381,18,0.09275335986781964,7.474212908024506,4.30696564332881,0.7353778801559614,12.83
2021-10-03,1011010201,花菜类,41.993,407.051,102,1,0.3066939728049913,9.693306027195009,7.03,0.3788486525170709,15.51
2021-10-03,1011010402,水生根茎类,52.697,356.0734,77,2,0.0,6.756995654401578,4.6447649771334225,0.4547551248915389,13.65
2021-10-03,1011010501,茄类,27.065,219.235,59,4,0.0,8.10031405874746,4.374408276371698,0.8517508076466449,6.68
2021-10-03,1011010504,辣椒类,37.899,296.3344,140,10,0.0,7.819055911765482,4.490797910235098,0.7411284293031453,9.24
2021-10-03,1011010801,食用菌,43.269999999999996,450.3192,97,3,0.34425699098682694,10.407192049919114,6.705800785763809,0.5519685690653435,9.45
2021-10-04,1011010101,花叶类,172.9,1277.735,368,17,0.14234239444765762,7.390023134759976,4.555798496240601,0.6221136955153195,12.83
2021-10-04,1011010201,花菜类,40.928,409.28,107,1,0.0,10.0,7.0,0.4285714285714286,15.51
2021-10-04,1011010402,水生根茎类,40.08,277.485,60,3,0.0,6.923278443113773,4.731770209580838,0.4631476459054569,13.65
2021-10-04,1011010501,茄类,20.632,183.23600000000002,50,4,0.0,8.881155486622722,5.459337436991081,0.6267826616552903,6.68
2021-10-04,1011010504,辣椒类,70.16499999999999,464.168,228,10,0.0,6.615378037483077,4.211999002351599,0.5706029450124865,9.24
2021-10-04,1011010801,食用菌,38.497,404.46180000000004,98,3,0.37049640231706366,10.506319972984908,6.78756786243084,0.547876969471988,9.45
2021-10-05,1011010101,花叶类,183.026,1422.3978,389,16,0.1052036322708249,7.7715614175035235,4.682525706730191,0.6596943410974687,12.83
2021-10-05,1011010201,花菜类,51.957,519.5699999999999,131,1,0.0,9.999999999999998,7.0,0.4285714285714284,15.51
2021-10-05,1011010402,水生根茎类,53.813,460.0,91,2,0.0,8.548120342668128,4.7891015182205035,0.7849110757302074,13.65
2021-10-05,1011010501,茄类,36.423,262.416,73,4,0.0,7.204678362573099,5.8676443456057985,0.22786555186641255,6.68
2021-10-05,1011010504,辣椒类,74.013,496.596,239,10,0.0,6.709578047099833,4.5099701403807435,0.48772116848946423,9.24
2021-10-05,1011010801,食用菌,33.416,269.3172,73,4,0.2523342111563323,8.059528369643285,5.206564519990423,0.5479551513668959,9.45
2021-10-06,1011010101,花叶类,265.796,1947.841,545,19,0.10111514093515328,7.328330749898418,4.36748265587142,0.67793013214296,12.83
2021-10-06,1011010201,花菜类,42.165,421.65,100,1,0.0,10.0,7.209999999999999,0.386962552011096,15.51
2021-10-06,1011010402,水生根茎类,50.852,342.46819999999997,82,2,0.0,6.734606308503107,4.637289585463699,0.45227210515680794,13.65
2021-10-06,1011010501,茄类,24.095,212.685,52,4,0.0,8.826935048765305,6.093339282008715,0.4486203114978098,6.68
2021-10-06,1011010504,辣椒类,79.233,465.896,245,9,0.0,5.880075221183093,4.0819660999835925,0.44050074820727403,9.24
2021-10-06,1011010801,食用菌,55.723,622.3235999999999,162,6,0.0,11.168163953843116,7.910810078423631,0.4117598378835776,9.45
2021-10-07,1011010101,花叶类,183.78300000000002,1266.3394,392,19,0.11368842602416979,6.89040553261183,4.08675720822927,0.6860325146639525,12.83
2021-10-07,1011010201,花菜类,23.278,279.336,60,1,0.0,12.000000000000002,7.88,0.522842639593909,15.51
2021-10-07,1011010402,水生根茎类,51.57,345.18679999999995,88,2,0.0,6.693558270312196,4.626044599573395,0.44692903975233267,13.65
2021-10-07,1011010501,茄类,20.343,196.923,47,4,0.0,9.680135673204543,6.7020955611266775,0.4443446210094373,6.68
2021-10-07,1011010504,辣椒类,62.908,359.87600000000003,181,9,0.0,5.7206714567304635,3.8271715839002995,0.49475175892178935,9.24
2021-10-07,1011010801,食用菌,45.794,475.87440000000004,121,3,0.0,10.391632091540378,7.184687950386514,0.4463581666036507,9.45
2021-10-08,1011010101,花叶类,138.652,919.707,287,17,0.1476790814413063,6.633203992730001,3.9447066757060845,0.6815455591619339,12.83
2021-10-08,1011010201,花菜类,19.823,277.522,55,1,0.0,14.0,8.4,0.6666666666666665,15.51
2021-10-08,1011010402,水生根茎类,49.695,373.4844,59,3,0.0,7.515532749773619,5.286074051715464,0.421760776759198,13.65
2021-10-08,1011010501,茄类,23.041,225.098,51,4,0.0,9.769454450761685,6.4879401935679875,0.5057867611737428,6.68
2021-10-08,1011010504,辣椒类,65.80499999999999,375.312,186,8,0.0,5.703396398449967,3.884839905782236,0.4681161995790284,9.24
2021-10-08,1011010801,食用菌,50.073,537.4848000000001,141,3,0.0,10.734024324486251,7.431454077047511,0.4444043135029152,9.45
2021-10-09,1011010101,花叶类,133.096,1010.2696,295,19,0.1395534050610086,7.590533149005229,4.342250030053495,0.7480645049156041,12.83
2021-10-09,1011010201,花菜类,22.221999999999998,311.108,55,1,0.0,14.000000000000002,8.76,0.5981735159817354,15.51
2021-10-09,1011010402,水生根茎类,41.198,281.7924,65,3,0.0,6.839953395795912,4.745024515753191,0.4415001172465358,13.65
2021-10-09,1011010501,茄类,16.791999999999998,164.88,37,4,0.0,9.818961410195332,6.37096712720343,0.5412042181585415,6.68
2021-10-09,1011010504,辣椒类,61.377,358.092,186,8,0.0,5.834302751845153,4.0200322596412335,0.45130744606657314,9.24
2021-10-09,1011010801,食用菌,33.34,312.232,85,3,0.0,9.36508698260348,5.853509298140372,0.5999098157371539,9.45
2021-10-10,1011010101,花叶类,263.384,2032.777,559,17,0.12328387449503385,7.717921361965799,4.560728518057284,0.6922562549838795,12.83
2021-10-10,1011010201,花菜类,41.877,582.662,102,1,0.02158702867922726,13.913651885283091,8.88,0.5668526897841317,15.51
2021-10-10,1011010402,水生根茎类,58.704,398.1024,91,2,0.0,6.781520850367947,4.648323793949305,0.45891748315713543,13.65
2021-10-10,1011010501,茄类,24.273,251.773,54,4,0.0,10.372553866435958,6.283103448275862,0.6508647282072486,6.68
2021-10-10,1011010504,辣椒类,111.306,615.962,306,9,0.0,5.5339514491581765,3.768335848920993,0.4685398730430943,9.24
2021-10-10,1011010801,食用菌,78.23400000000001,700.3340000000001,182,5,0.0,8.95178566863512,5.608323746708592,0.5961606485161872,9.45
2021-10-11,1011010101,花叶类,88.447,687.6928,223,18,0.10348570330254277,7.775196445328842,4.9048814544303365,0.5851955888364828,12.83
2021-10-11,1011010201,花菜类,4.407,44.07,12,1,1.0,10.0,8.99,0.11234705228031139,15.51
2021-10-11,1011010402,水生根茎类,45.351,290.7138,75,2,0.8750192939516218,6.410306277700602,4.6901733148111395,0.36675253715197265,13.65
2021-10-11,1011010501,茄类,14.559999999999999,130.286,28,4,0.0,8.948214285714286,5.641133241758243,0.5862440935582802,6.68
2021-10-11,1011010504,辣椒类,64.75500000000001,380.58,172,7,0.0,5.877229557563122,3.7730490309628597,0.5576870348974203,9.24
2021-10-11,1011010801,食用菌,26.96,156.236,41,4,0.0,5.795103857566765,3.4986646884272994,0.6563758958483525,9.45
2021-10-12,1011010101,花叶类,100.02799999999999,807.8625999999999,240,17,0.08980485464070062,8.076364617906986,4.901175670812173,0.6478423056745184,12.83
2021-10-12,1011010201,花菜类,18.627,250.13400000000001,45,1,0.28571428571428575,13.42857142857143,9.18,0.46280734516028654,15.51
2021-10-12,1011010402,水生根茎类,29.953000000000003,186.0968,48,2,0.9197075418155108,6.212960304477013,4.644091076019095,0.33782051272834823,13.65
2021-10-12,1011010501,茄类,12.799,127.99,28,4,0.0,10.0,5.376798968669427,0.8598426421128882,6.68
2021-10-12,1011010504,辣椒类,57.257,334.2756,155,8,0.0,5.838161272857468,3.576493878477741,0.6323699889407772,9.24
2021-10-12,1011010801,食用菌,38.769000000000005,303.0844,75,5,0.0,7.817699708530011,4.916288787433258,0.5901628335001754,9.45
2021-10-13,1011010101,花叶类,89.902,677.4024000000001,214,17,0.06663922938310604,7.534898000044493,4.571079620030701,0.6483847638588904,12.83
2021-10-13,1011010201,花菜类,16.528,220.318,44,1,0.3350072604065828,13.329985479186837,9.45,0.4105804739880252,15.51
2021-10-13,1011010402,水生根茎类,36.526,221.0406,55,1,0.9140064611509608,6.051596123309423,4.6,0.31556437463248344,13.65
2021-10-13,1011010501,茄类,11.277000000000001,116.582,24,4,0.0,10.338033164848806,6.148495167154386,0.6813924194126675,6.68
2021-10-13,1011010504,辣椒类,44.341,269.44,120,8,0.0,6.076543154191381,3.9671658284657543,0.5317088866288704,9.24
2021-10-13,1011010801,食用菌,39.51,376.798,84,5,0.0,9.53677549987345,5.991242723361174,0.5917858681784771,9.45
2021-10-14,1011010101,花叶类,77.809,680.1736,198,19,0.07293500751841046,8.741580022876532,5.548232852240743,0.5755611301256225,12.83
2021-10-14,1011010201,花菜类,14.852,198.29999999999998,39,1,0.32413143011042284,13.351737139779154,9.45,0.4128822370136671,15.51
2021-10-14,1011010402,水生根茎类,38.263999999999996,237.6336,59,2,0.875653355634539,6.210370060631403,4.633940518503031,0.34019201062978466,13.65
2021-10-14,1011010501,茄类,10.190999999999999,101.91,24,2,0.0,10.0,6.357176920812482,0.5730252790765409,6.68
2021-10-14,1011010504,辣椒类,38.431,272.73060000000004,116,8,0.0,7.096630324477637,4.306844734719367,0.6477562488539657,9.24
2021-10-14,1011010801,食用菌,28.438000000000002,314.5724,79,4,0.0,11.061692102116886,6.955875940642802,0.5902658696777534,9.45
2021-10-15,1011010101,花叶类,146.297,1397.2451999999998,316,19,0.07484774123871303,9.550744034395784,6.153404170967279,0.5521073813837363,12.83
2021-10-15,1011010201,花菜类,23.991,297.052,46,2,0.26755866783377097,12.381809845358678,8.428373139927475,0.4690628475740719,15.51
2021-10-15,1011010402,水生根茎类,65.659,417.6166,77,3,0.7259781598866872,6.360386237987176,4.728053884463668,0.3452440250072728,13.65
2021-10-15,1011010501,茄类,10.811,132.124,20,4,0.0,12.221256128017759,6.810193321616872,0.7945534804753818,6.68
2021-10-15,1011010504,辣椒类,54.933,459.2886,167,10,0.0,8.36088689858555,4.485554220595999,0.8639584959636566,9.24
2021-10-15,1011010801,食用菌,84.89,971.1220000000001,140,5,0.0,11.439769112969726,7.206926610908234,0.5873297635159433,9.45
2021-10-16,1011010101,花叶类,273.582,2324.489,564,19,0.23227039790629503,8.496498307637198,5.360767594359278,0.584940618686288,12.83
2021-10-16,1011010201,花菜类,36.28,490.196,79,1,0.24426681367144432,13.511466372657111,9.47,0.42676519246643196,15.51
2021-10-16,1011010402,水生根茎类,54.821,364.202,75,3,0.8395505372028967,6.643476040203572,4.836804874044618,0.3735257495819104,13.65
2021-10-16,1011010501,茄类,14.772,180.23000000000002,35,3,0.0,12.20078526942865,6.77333604115895,0.8012963176917822,6.68
2021-10-16,1011010504,辣椒类,93.373,750.6456000000001,278,10,0.0,8.039214762297453,4.744094010045731,0.6945732410180376,9.24
2021-10-16,1011010801,食用菌,73.514,664.2024,149,5,0.0,9.035046385722447,5.482270043801181,0.6480484021283119,9.45
2021-10-17,1011010101,花叶类,163.589,1519.983,372,20,0.09116138615677094,9.291474365635832,5.731359626869777,0.6211640815689727,12.83
2021-10-17,1011010201,花菜类,26.795,364.308,70,1,0.20194066057100205,13.596118678857994,9.58,0.4192190687743209,15.51
2021-10-17,1011010402,水生根茎类,56.019999999999996,356.4936,89,3,0.8044448411281685,6.363684398429133,4.69696876115673,0.3548492063766546,13.65
2021-10-17,1011010501,茄类,13.639,171.464,27,4,0.0,12.571596158076106,7.182262629225017,0.7503670928046544,6.68
2021-10-17,1011010504,辣椒类,64.308,468.476,175,9,0.0,7.284879019717608,4.694440660571002,0.551809799387585,9.24
2021-10-17,1011010801,食用菌,65.816,788.76,162,5,0.43442324054941045,11.984319922207366,7.375689801871886,0.6248405564949124,9.45
2021-10-18,1011010101,花叶类,84.78399999999999,795.0074,204,17,0.0,9.376856482355162,5.804258468578977,0.6155132534356009,12.83
2021-10-18,1011010201,花菜类,20.606,293.11240000000004,53,2,0.0,14.224614190041736,9.815979811705327,0.4491283053658295,15.51
2021-10-18,1011010402,水生根茎类,44.513,280.34779999999995,70,2,0.8109765686428684,6.2981106643003155,4.6494188214678855,0.35460170531849733,13.65
2021-10-18,1011010501,茄类,10.502,138.232,22,4,0.0,13.16244524852409,7.350699866692058,0.7906383728393767,6.68
2021-10-18,1011010504,辣椒类,40.29,321.784,125,9,0.0,7.986696450732191,4.991973938942666,0.5999074811724334,9.24
2021-10-18,1011010801,食用菌,30.066000000000003,267.3668,66,4,0.2782545067518126,8.892662808487993,5.480556109891571,0.6225840280036705,9.45
2021-10-19,1011010101,花叶类,78.684,687.9512,184,18,0.0,8.743215901581008,5.293555106501957,0.6516718397513062,12.83
2021-10-19,1011010201,花菜类,16.958,237.412,48,1,0.0,14.000000000000002,10.22,0.3698630136986303,15.51
2021-10-19,1011010402,水生根茎类,42.738,266.195,65,3,0.8779540455800459,6.2285319855865975,4.678780008423417,0.3312299305316968,13.65
2021-10-19,1011010501,茄类,8.766,101.846,21,3,0.0,11.618297969427333,7.758696098562629,0.4974549617402506,6.68
2021-10-19,1011010504,辣椒类,40.052,293.574,117,8,0.0,7.329821232397883,5.114439728353141,0.4331621099693941,9.24
2021-10-19,1011010801,食用菌,32.2,309.259,75,4,0.3150621118012422,9.604316770186335,6.160248447204969,0.559079451502319,9.45
2021-10-20,1011010101,花叶类,109.339,1102.1848,260,18,0.0,10.080436074959529,6.039019745927803,0.6692172735081567,12.83
2021-10-20,1011010201,花菜类,25.154,352.156,63,1,0.0,14.0,11.4,0.22807017543859653,15.51
2021-10-20,1011010402,水生根茎类,41.248,266.5148,56,2,0.6530983320403414,6.4612781225756395,4.682782680372382,0.3797945716459832,13.65
2021-10-20,1011010501,茄类,8.978,104.88,18,4,0.0,11.681889062151926,7.920894408554243,0.47481944078637905,6.68
2021-10-20,1011010504,辣椒类,43.480000000000004,407.43,125,8,0.0,9.370515179392823,5.363934452621895,0.7469481147019812,9.24
2021-10-20,1011010801,食用菌,41.873,360.33619999999996,89,4,0.27624005922670936,8.605454588875887,5.535782007498866,0.5545147148530758,9.45
2021-10-21,1011010101,花叶类,79.858,825.327,188,17,0.0,10.334932004307646,6.074335570637882,0.7014094601991749,12.83
2021-10-21,1011010201,花菜类,11.947,215.046,30,1,0.0,18.0,11.4,0.5789473684210527,15.51
2021-10-21,1011010402,水生根茎类,46.91,283.3716,72,1,0.9320827115753572,6.040750373054786,4.6,0.3132066028379972,13.65
2021-10-21,1011010501,茄类,11.262,154.956,24,4,0.0,13.759190197123067,7.524820635766293,0.8285073974686035,6.68
2021-10-21,1011010504,辣椒类,29.336,302.27,100,8,0.0,10.303722388873739,5.5472382056176714,0.8574508623839501,9.24
2021-10-21,1011010801,食用菌,38.753,300.949,65,4,0.1736897788558305,7.765824581322737,4.710255464093104,0.6487056042973971,9.45
2021-10-22,1011010101,花叶类,75.93599999999999,759.924,179,16,0.0,10.007427307206068,5.898601980615256,0.6965761277153066,12.83
2021-10-22,1011010201,花菜类,16.412,295.416,48,1,0.0,18.0,12.01,0.49875104079933386,15.51
2021-10-22,1011010402,水生根茎类,45.315,284.3686,59,2,0.9073816617014234,6.275374600022069,4.687030343153481,0.33888072843154116,13.65
2021-10-22,1011010501,茄类,5.062,70.44,11,2,0.0,13.915448439352033,7.244926906361123,0.9207161948223552,6.68
2021-10-22,1011010504,辣椒类,30.077999999999996,300.154,106,9,0.0,9.979187445973803,6.068524170490059,0.6444175166180381,9.24
2021-10-22,1011010801,食用菌,40.039,357.60519999999997,82,3,0.25859786707959737,8.931421863682909,5.352001298733734,0.6688003916957295,9.45
2021-10-23,1011010101,花叶类,100.678,1074.8462,246,17,0.0,10.676078189872664,6.149470291424144,0.7360972057644026,12.83
2021-10-23,1011010201,花菜类,18.086,358.1028,53,1,0.0,19.8,12.58,0.5739268680445151,15.51
2021-10-23,1011010402,水生根茎类,61.274,386.3062,90,3,0.8048601364363351,6.304569638019388,4.7031171459346535,0.340508739712984,13.65
2021-10-23,1011010501,茄类,9.346,129.192,21,2,0.0,13.82323988872245,7.854102289749624,0.760002528457407,6.68
2021-10-23,1011010504,辣椒类,51.363,468.24799999999993,163,9,0.0,9.11644569047758,6.08294200105134,0.49869022076849423,9.24
2021-10-23,1011010801,食用菌,87.828,731.548,179,4,0.0,8.329325499840598,6.2531657330236365,0.3320173901440897,9.45
2021-10-24,1011010101,花叶类,101.014,1038.1104,240,16,0.0,10.27689627180391,6.081309125467757,0.6899151251439533,12.83
2021-10-24,1011010201,花菜类,9.108,180.3384,28,1,0.0,19.8,13.34,0.4842578710644678,15.51
2021-10-24,1011010402,水生根茎类,47.917,296.50600000000003,64,2,0.9019554646576372,6.18790825802951,4.655614917461443,0.32912802448952916,13.65
2021-10-24,1011010501,茄类,11.389,150.57,20,4,0.0,13.220651505838967,8.397100711212573,0.5744305041126339,6.68
2021-10-24,1011010504,辣椒类,41.481,383.68600000000004,130,8,0.0,9.249680576649551,6.706951616402691,0.37911842900853765,9.24
2021-10-24,1011010801,食用菌,55.632000000000005,461.51200000000006,116,4,0.0,8.295800977854473,5.278704342824274,0.5715600721475445,9.45
2021-10-25,1011010101,花叶类,48.556,479.7944,119,16,0.0,9.881258752780296,6.288996416508774,0.5711980256248426,12.83
2021-10-25,1011010201,花菜类,8.749,173.2302,27,1,0.0,19.799999999999997,14.38,0.3769123783031987,15.51
2021-10-25,1011010402,水生根茎类,33.696,209.3298,46,2,0.8414351851851852,6.212304131054132,4.650979344729344,0.3356980692881675,13.65
2021-10-25,1011010501,茄类,7.279,97.404,16,3,0.0,13.38150844896277,8.863967577964006,0.5096522331861251,6.68
2021-10-25,1011010504,辣椒类,27.46,262.4644,77,9,0.0,9.558062636562273,6.994323379461034,0.3665457140042607,9.24
2021-10-25,1011010801,食用菌,46.731,396.696,98,3,0.0,8.488925980612441,5.492543493612377,0.545536415047918,9.45
2021-10-26,1011010101,花叶类,66.94800000000001,680.849,168,16,0.0,10.169818366493397,6.574383103304056,0.5468855718770633,12.83
2021-10-26,1011010201,花菜类,12.041,238.41180000000003,33,1,0.0,19.8,14.38,0.3769123783031989,15.51
2021-10-26,1011010402,水生根茎类,37.215999999999994,226.183,58,2,0.9368013757523647,6.077574161650904,4.617507254944111,0.3162024066434228,13.65
2021-10-26,1011010501,茄类,8.68,115.686,18,4,0.0,13.327880184331798,9.181760368663596,0.45156044692894426,6.68
2021-10-26,1011010504,辣椒类,35.664,399.297,103,7,0.0,11.1960800807537,7.011714333781965,0.5967678584410869,9.24
2021-10-26,1011010801,食用菌,48.637,420.192,114,5,0.0,8.639348644036433,5.672717889672471,0.5229646197927265,9.45
2021-10-27,1011010101,花叶类,94.727,768.9448,184,15,0.3344875273153377,8.117482871831685,5.355718221837491,0.5156665335254813,12.83
2021-10-27,1011010201,花菜类,15.305,303.039,42,1,0.0,19.8,14.22,0.39240506329113933,15.51
2021-10-27,1011010402,水生根茎类,36.161,218.4474,51,1,0.9317220209618097,6.040966787422914,4.6,0.31325364943976397,13.65
2021-10-27,1011010501,茄类,6.836,97.2324,17,3,0.0,14.223581041544762,9.373698069046224,0.5173927020877487,6.68
2021-10-27,1011010504,辣椒类,32.692,346.32739999999995,107,8,0.0,10.593643704881927,6.653346996207023,0.592227748067433,9.24
2021-10-27,1011010801,食用菌,35.369,327.904,90,4,0.0,9.270943481579915,6.043807571602251,0.5339574219968306,9.45
2021-10-28,1011010101,花叶类,80.941,688.715,160,16,0.3457950853090523,8.508852126857835,5.648715607664842,0.5063339558663607,12.83
2021-10-28,1011010201,花菜类,6.449,127.6902,17,1,0.0,19.8,14.0,0.41428571428571437,15.51
2021-10-28,1011010402,水生根茎类,37.949,230.4564,59,1,0.8786792800864318,6.072792431948141,4.6,0.32017226781481334,13.65
2021-10-28,1011010501,茄类,3.122,44.8044,7,3,0.0,14.351185137732223,9.73609865470852,0.4740180483680472,6.68
2021-10-28,1011010504,辣椒类,25.502000000000002,292.48220000000003,89,9,0.0,11.468990667398636,7.054015371343423,0.6258811561413409,9.24
2021-10-28,1011010801,食用菌,31.659,330.044,87,3,0.0,10.424966044410752,6.863305852995988,0.5189423679639773,9.45
2021-10-29,1011010101,花叶类,89.73,859.3716000000001,198,16,0.2196366878413017,9.577305249080576,6.302344700768974,0.5196416101950136,12.83
2021-10-29,1011010201,花菜类,13.574,244.332,35,1,0.0,18.0,14.02,0.28388017118402287,15.51
2021-10-29,1011010402,水生根茎类,40.045,242.9136,50,1,0.8899737794980647,6.066015732301161,4.6,0.318699072239383,13.65
2021-10-29,1011010501,茄类,11.123999999999999,125.136,21,3,0.0,11.249190938511328,8.77532362459547,0.28191180402533567,6.68
2021-10-29,1011010504,辣椒类,25.203,315.0944,86,8,0.0,12.502257667737968,7.221149863111535,0.7313389009698308,9.24
2021-10-29,1011010801,食用菌,47.926,413.364,115,3,0.0,8.625046947377205,6.1509184993531685,0.40223723469660944,9.45
2021-10-30,1011010101,花叶类,140.981,1161.3328,275,17,0.30105475205878807,8.237512856342343,5.6498667196288865,0.4580012706712888,12.83
2021-10-30,1011010201,花菜类,17.279,241.906,41,1,0.0,14.0,13.82,0.013024602026049159,15.51
2021-10-30,1011010402,水生根茎类,59.756,372.5046,95,2,0.8865218555458866,6.233760626547961,4.720489992636722,0.32057490562880586,13.65
2021-10-30,1011010501,茄类,12.133,129.792,25,3,0.0,10.697436742767659,9.438358196653754,0.1334001655669621,6.68
2021-10-30,1011010504,辣椒类,26.181,333.82,111,8,0.0,12.750467896566212,8.04348840762385,0.5851913063591851,9.24
2021-10-30,1011010801,食用菌,79.731,692.934,168,3,0.0,8.690898145012605,5.666995271600758,0.5335989759098008,9.45
2021-10-31,1011010101,花叶类,92.342,847.749,238,16,0.14670464144159756,9.180535401009292,6.362237984882286,0.4429726493764836,12.83
2021-10-31,1011010201,花菜类,28.424,397.936,75,1,0.0,14.0,9.73,0.4388489208633093,15.51
2021-10-31,1011010402,水生根茎类,55.961,340.2204,82,1,0.8673361805543146,6.079598291667411,4.6,0.3216518025363937,13.65
2021-10-31,1011010501,茄类,8.639,106.16399999999999,20,4,0.0,12.28892232897326,8.99014237759,0.36693300426545283,6.68
2021-10-31,1011010504,辣椒类,35.237,444.79,116,8,0.0,12.622811249538836,8.027698725771206,0.5724071967245117,9.24
2021-10-31,1011010801,食用菌,75.305,689.213,178,7,0.0,9.152287364716816,5.903232853064205,0.5503856264057272,9.45
2021-11-01,1011010101,花叶类,60.969,564.2226,158,16,0.0,9.254253801112041,6.231851924748642,0.4849925692811301,12.83
2021-11-01,1011010201,花菜类,26.24,314.88,58,1,0.0,12.0,8.63,0.3904982618771726,15.51
2021-11-01,1011010402,水生根茎类,44.316,269.5452,67,1,0.8627583716941962,6.0823449769834825,4.6,0.3222489080398876,13.65
2021-11-01,1011010501,茄类,10.293000000000001,114.52000000000001,17,3,0.0,11.126007966579229,7.218508695229767,0.5413166952242738,6.68
2021-11-01,1011010504,辣椒类,23.439,272.218,83,7,0.0,11.6138913776185,8.274139681727036,0.4036373356455554,9.24
2021-11-01,1011010801,食用菌,40.999,381.0138,87,5,0.0,9.293246176736018,5.897556281860533,0.5757791418319842,9.45
2021-11-02,1011010101,花叶类,68.05499999999999,517.5858000000001,164,18,0.00930130041877893,7.6054044522812445,4.828837704797591,0.5749969075840038,12.83
2021-11-02,1011010201,花菜类,25.844,310.128,57,1,0.0,11.999999999999998,8.64,0.3888888888888886,15.51
2021-11-02,1011010402,水生根茎类,39.893,240.8946,61,1,0.9358032737573008,6.03851803574562,4.6,0.312721312118613,13.65
2021-11-02,1011010501,茄类,13.551,152.25799999999998,27,4,0.0,11.235923548077631,6.8351272968784595,0.6438499328621099,6.68
2021-11-02,1011010504,辣椒类,25.556,324.118,93,7,0.0,12.682657692909688,9.21114063233683,0.376882429564225,9.24
2021-11-02,1011010801,食用菌,49.667,414.8628,104,5,0.0,8.35288622224012,5.091454084200777,0.6405698812368454,9.45
2021-11-03,1011010101,花叶类,50.572,393.61699999999996,126,17,0.010124179387803528,7.783299058767696,5.097536383769674,0.5268746454756792,12.83
2021-11-03,1011010201,花菜类,27.868,334.416,62,1,0.0,12.0,8.64,0.38888888888888884,15.51
2021-11-03,1011010402,水生根茎类,39.941,242.4264,44,1,0.8839788688315265,6.069612678701084,4.6,0.3194810171089315,13.65
2021-11-03,1011010501,茄类,5.176,65.61,10,4,0.0,12.6758114374034,7.194750772797526,0.7618138331252688,6.68
2021-11-03,1011010504,辣椒类,25.358999999999998,317.808,78,6,0.0,12.532355376789306,8.301996135494303,0.5095592881823388,9.24
2021-11-03,1011010801,食用菌,82.957,669.7339999999999,177,5,0.06027218920645636,8.073266873199367,5.289129307954725,0.5263886366055308,9.45
2021-11-04,1011010101,花叶类,64.051,484.373,147,15,0.017720254172456325,7.562301915660957,4.691246038313219,0.6120028354726954,12.83
2021-11-04,1011010201,花菜类,23.879,286.548,48,1,0.0,12.0,8.63,0.3904982618771726,15.51
2021-11-04,1011010402,水生根茎类,42.366,269.025,58,2,0.806094509748383,6.350021243449936,4.769947599490157,0.33125597524984696,13.65
2021-11-04,1011010501,茄类,12.227,132.39999999999998,21,3,0.0,10.828494315858345,6.677095771652899,0.6217371573176906,6.68
2021-11-04,1011010504,辣椒类,24.241,313.538,79,8,0.0,12.934202384390083,8.599893568747165,0.5039956344801999,9.24
2021-11-04,1011010801,食用菌,61.122,643.0156,158,5,0.04908216354176892,10.520198946369556,6.305006053466838,0.6685470017249189,9.45
2021-11-05,1011010101,花叶类,83.86699999999999,583.1976,197,18,0.021546019292451146,6.953838816220921,4.420600713033733,0.5730529101436757,12.83
2021-11-05,1011010201,花菜类,37.479,448.344,72,2,0.0,11.962539021852237,8.616097814776275,0.38839405947051175,15.51
2021-11-05,1011010402,水生根茎类,58.696,355.6152,84,1,0.9023442824042525,6.058593430557449,4.6000000000000005,0.31708552838205395,13.65
2021-11-05,1011010501,茄类,6.524000000000001,68.56400000000001,14,3,0.0,10.509503372164316,6.742691600245247,0.5586510543922936,6.68
2021-11-05,1011010504,辣椒类,37.123,441.742,117,8,0.39304474315114624,11.899415456724943,8.211931147805943,0.4490398473328918,9.24
2021-11-05,1011010801,食用菌,104.608,959.3960000000001,240,4,0.0,9.171344447843378,5.509955643927807,0.6645042248117858,9.45
2021-11-06,1011010101,花叶类,108.548,903.357,261,16,0.0,8.322189261893355,5.012558867966246,0.660267635972908,12.83
2021-11-06,1011010201,花菜类,28.063,284.944,55,1,0.9231372269536402,10.153725546092721,6.88,0.47583220146696537,15.51
2021-11-06,1011010402,水生根茎类,63.927,391.7862,89,2,0.9074100145478436,6.128649866253696,4.631785630484772,0.3231721748772425,13.65
2021-11-06,1011010501,茄类,9.658000000000001,101.28,20,3,0.0,10.486643197349347,6.5818647753158,0.5932632400285363,6.68
2021-11-06,1011010504,辣椒类,35.493,432.69,124,7,0.2238469557377511,12.190854534696982,8.262870988645648,0.4753775717240336,9.24
2021-11-06,1011010801,食用菌,128.993,1282.1978,301,5,0.0,9.940057212406874,5.4292133681672645,0.8308466693697711,9.45
2021-11-07,1011010101,花叶类,145.887,1285.215,362,15,0.0,8.809660901930945,5.171150822211712,0.7036170873397645,12.83
2021-11-07,1011010201,花菜类,35.638,367.066,69,1,0.8500757618272631,10.299848476345474,7.750000000000001,0.3290127066252224,15.51
2021-11-07,1011010402,水生根茎类,64.62200000000001,393.1296,90,2,0.9210485593141653,6.0835257342700615,4.615749280430812,0.31799310678812565,13.65
2021-11-07,1011010501,茄类,14.185,156.75199999999998,32,4,0.0,11.050546351780048,6.844606979203384,0.6144895368508325,6.68
2021-11-07,1011010504,辣椒类,46.669000000000004,573.14,162,6,0.11915832779789581,12.280957380702391,8.030058711350147,0.5293732987710014,9.24
2021-11-07,1011010801,食用菌,155.029,1448.5414,339,5,0.0,9.343680214669513,5.185276238639222,0.8019638269303828,9.45
2021-11-08,1011010101,花叶类,66.376,526.511,163,18,0.0,7.932249608292152,4.528047035072918,0.7518037129144828,12.83
2021-11-08,1011010201,花菜类,28.296,294.816,57,1,0.7905004240882103,10.418999151823579,8.43,0.23594295988417313,15.51
2021-11-08,1011010402,水生根茎类,58.811,378.6288,81,3,0.8849534950944552,6.438060906973186,4.94348234173879,0.30233314532457745,13.65
2021-11-08,1011010501,茄类,10.662,128.23,22,3,0.0,12.026824235603074,6.871215531795159,0.7503197476416479,6.68
2021-11-08,1011010504,辣椒类,24.775,310.748,79,6,0.0,12.542805247225026,8.9387580221998,0.4031932865924346,9.24
2021-11-08,1011010801,食用菌,58.55799999999999,583.904,156,4,0.0,9.9713788039209,5.538584651115134,0.8003478202528276,9.45
2021-11-09,1011010101,花叶类,44.867,372.216,112,17,0.0,8.295985913923374,4.456123654356208,0.8617046018939356,12.83
2021-11-09,1011010201,花菜类,27.933,287.422,64,1,0.8551534027852361,10.289693194429528,8.52,0.20771046882975686,15.51
2021-11-09,1011010402,水生根茎类,43.617000000000004,271.9474,59,2,0.8613613957860466,6.234894651168123,4.8416608203223515,0.2877594863724906,13.65
2021-11-09,1011010501,茄类,3.419,41.028,10,1,0.0,12.0,6.84,0.7543859649122808,6.68
2021-11-09,1011010504,辣椒类,23.625999999999998,303.082,80,7,0.0,12.828324726995683,8.393381444171675,0.5283857658945803,9.24
2021-11-09,1011010801,食用菌,52.288000000000004,567.844,134,4,0.0,10.859929620563035,5.9958675030599755,0.8112357577982998,9.45
2021-11-10,1011010101,花叶类,49.063,364.34000000000003,128,15,0.0,7.4259625379613965,4.043838534129589,0.836364749800721,12.83
2021-11-10,1011010201,花菜类,27.656,280.626,58,1,0.9264897309806192,10.147020538038761,8.98,0.1299577436568775,15.51
2021-11-10,1011010402,水生根茎类,49.851,307.9312,57,2,0.9125794868708753,6.177031554031013,4.838854787266053,0.27654823829111597,13.65
2021-11-10,1011010501,茄类,3.044,36.528,8,2,0.0,12.0,6.925630749014455,0.7326941667670701,6.68
2021-11-10,1011010504,辣椒类,28.642,359.644,92,7,0.254311849731164,12.556525382305706,8.574246910131974,0.46444644222549414,9.24
2021-11-10,1011010801,食用菌,48.096000000000004,487.24,114,4,0.0,10.130572188955423,5.231386393878909,0.9364985543428617,9.45
2021-11-11,1011010101,花叶类,48.787,417.418,122,17,0.0,8.555926783774366,4.592752167585627,0.8629193284496663,12.83
2021-11-11,1011010201,花菜类,13.156,184.184,33,1,0.0,14.0,9.07,0.5435501653803747,15.51
2021-11-11,1011010402,水生根茎类,35.903,260.621,52,3,0.0,7.259031278723226,4.879659081413809,0.4876103345769043,13.65
2021-11-11,1011010501,茄类,3.602,44.858000000000004,8,3,0.0,12.453636868406443,7.628592448639644,0.6324947167189692,6.68
2021-11-11,1011010504,辣椒类,22.692,293.1318,75,7,0.1905076679005817,12.917847699629826,8.532052265115459,0.5140375724661619,9.24
2021-11-11,1011010801,食用菌,47.256,449.828,102,4,0.0,9.518960555273404,4.780126121550702,0.9913617995052806,9.45
2021-11-12,1011010101,花叶类,51.422000000000004,391.15500000000003,128,15,0.040488506864766044,7.606763642020925,4.156289525883863,0.8301813660113815,12.83
2021-11-12,1011010201,花菜类,18.935,265.09,43,1,0.0,14.0,8.89,0.5748031496062991,15.51
2021-11-12,1011010402,水生根茎类,50.696,359.33919999999995,61,2,0.0,7.088117405712482,4.839033257061701,0.4647796427868409,13.65
2021-11-12,1011010501,茄类,10.337,131.92600000000002,24,3,0.0,12.762503627744996,8.083165328431846,0.5788992441926155,6.68
2021-11-12,1011010504,辣椒类,25.182,323.0602,89,6,0.0,12.829012786911287,8.62680128663331,0.4871111969147872,9.24
2021-11-12,1011010801,食用菌,55.136,607.74,138,4,0.0,11.022562391178177,5.4668296575739985,1.0162622729440653,9.45
2021-11-13,1011010101,花叶类,70.452,567.164,164,15,0.01673479816044967,8.050360529154602,4.697070487707943,0.713910947306857,12.83
2021-11-13,1011010201,花菜类,20.049,280.686,43,1,0.0,14.0,8.87,0.5783540022547915,15.51
2021-11-13,1011010402,水生根茎类,55.708,411.5256,72,3,0.0,7.387190349680477,5.003492496589359,0.47640680079284037,13.65
2021-11-13,1011010501,茄类,10.383,114.23400000000001,24,3,0.0,11.002022536839066,7.28077915823943,0.511105102588975,6.68
2021-11-13,1011010504,辣椒类,28.791999999999998,376.8948,100,6,0.0,13.090261183662129,8.800812725757154,0.48739231154767504,9.24
2021-11-13,1011010801,食用菌,57.321,628.64,147,4,0.01744561330053558,10.967010345248687,5.5355452626437085,0.9811978449998215,9.45
2021-11-14,1011010101,花叶类,99.456,861.476,248,16,0.06550635456885456,8.66188063063063,5.304660452863578,0.6328812574525382,12.83
2021-11-14,1011010201,花菜类,30.582,428.148,70,1,0.0,14.0,8.89,0.5748031496062991,15.51
2021-11-14,1011010402,水生根茎类,53.547,383.8034,78,3,0.0,7.167598558275908,4.905420658486936,0.4611587990675472,13.65
2021-11-14,1011010501,茄类,14.612,175.088,33,3,0.0,11.982480153298658,7.987120175198466,0.5002253491197675,6.68
2021-11-14,1011010504,辣椒类,39.412,444.6476,136,7,0.0,11.282035928143713,8.389527555059372,0.3447760739923895,9.24
2021-11-14,1011010801,食用菌,71.072,815.0239999999999,169,4,0.0,11.467582170193605,6.536953230526788,0.754270187622174,9.45
2021-11-15,1011010101,花叶类,42.62,349.28499999999997,102,14,0.0,8.195330830595964,4.913408493664947,0.6679522659600825,12.83
2021-11-15,1011010201,花菜类,12.677,177.478,30,1,0.0,14.000000000000002,8.89,0.5748031496062993,15.51
2021-11-15,1011010402,水生根茎类,28.879,202.153,45,1,0.0,6.999999999999999,4.8,0.45833333333333326,13.65
2021-11-15,1011010501,茄类,7.193999999999999,80.712,18,3,0.0,11.21934945788157,7.35621907144843,0.5251516232607922,6.68
2021-11-15,1011010504,辣椒类,29.577,332.5384,105,7,0.0,11.243141630320858,7.780474016972649,0.4450458424248449,9.24
2021-11-15,1011010801,食用菌,36.29,343.214,96,4,0.15593827500688895,9.457536511435658,5.818940755028934,0.6253020798093056,9.45
2021-11-16,1011010101,花叶类,53.515,439.6341,135,14,0.16145006073063628,8.21515649817808,5.076115107913669,0.6183944460539601,12.83
2021-11-16,1011010201,花菜类,12.525,175.35,30,1,0.0,14.0,8.89,0.5748031496062991,15.51
2021-11-16,1011010402,水生根茎类,19.63,137.41,30,1,0.0,7.0,4.8,0.4583333333333335,13.65
2021-11-16,1011010501,茄类,2.834,34.814,7,3,0.0,12.284403669724771,7.63940014114326,0.60803249506006,6.68
2021-11-16,1011010504,辣椒类,27.575,345.88320000000004,100,7,0.0,12.543361740707164,8.683838621940163,0.44444896857199967,9.24
2021-11-16,1011010801,食用菌,36.117999999999995,343.204,101,4,0.4402237111689463,9.502298023146356,6.147119995570077,0.5458130034868667,9.45
2021-11-17,1011010101,花叶类,45.689,392.125,121,15,0.12775503950622688,8.582481560112937,5.17670489614568,0.6579043488654395,12.83
2021-11-17,1011010201,花菜类,15.791,221.074,35,1,0.0,14.0,9.02,0.5521064301552108,15.51
2021-11-17,1011010402,水生根茎类,34.26,242.72,47,2,0.0,7.084646818447169,4.8642148277875075,0.4564831261101243,13.65
2021-11-17,1011010501,茄类,7.203,81.086,15,3,0.0,11.257253921976954,6.88600583090379,0.6348016830679093,6.68
2021-11-17,1011010504,辣椒类,23.355,291.33050000000003,87,8,0.22235067437379577,12.474009847998289,8.384589167201884,0.4877305970807788,9.24
2021-11-17,1011010801,食用菌,44.036,376.552,93,4,0.36447452084658005,8.551003724225634,5.813206921609592,0.4709615259760933,9.45
2021-11-18,1011010101,花叶类,41.864000000000004,353.2604,106,16,0.087545385056373,8.438285878081405,5.020379801261227,0.6808062760434035,12.83
2021-11-18,1011010201,花菜类,6.018,84.25200000000001,18,1,0.0,14.000000000000002,9.12,0.535087719298246,15.51
2021-11-18,1011010402,水生根茎类,21.426,149.982,27,1,0.0,7.000000000000001,4.8,0.4583333333333335,13.65
2021-11-18,1011010501,茄类,3.246,37.936,8,3,0.0,11.686999383857055,7.140705483672212,0.63667293246869,6.68
2021-11-18,1011010504,辣椒类,16.566000000000003,208.8504,55,7,0.2544971628636967,12.607171314741034,8.275142460461185,0.5234990062078544,9.24
2021-11-18,1011010801,食用菌,35.182,306.168,81,4,0.4337445284520493,8.702404638735716,6.192348075720538,0.40534810581091385,9.45
2021-11-19,1011010101,花叶类,38.008,313.109,102,15,0.13491896442854134,8.237976215533571,4.815923226689118,0.7105705028435572,12.83
2021-11-19,1011010201,花菜类,8.768,122.752,23,1,0.0,13.999999999999998,9.21,0.5200868621064056,15.51
2021-11-19,1011010402,水生根茎类,28.706,200.942,41,1,0.0,7.0,4.8,0.4583333333333335,13.65
2021-11-19,1011010501,茄类,6.776,77.76,15,3,0.0,11.475796930342385,6.971928866587957,0.646000289150771,6.68
2021-11-19,1011010504,辣椒类,19.49,238.0916,71,6,0.30620831195484866,12.216090302719344,8.504956387891227,0.4363495526104961,9.24
2021-11-19,1011010801,食用菌,35.174,318.5713,83,4,0.5392335247626087,9.057010860294536,6.659150508898619,0.36008502108364393,9.45
2021-11-20,1011010101,花叶类,95.757,720.081,226,18,0.13570809444740334,7.51987844230709,4.562018442515951,0.6483665151866156,12.83
2021-11-20,1011010201,花菜类,14.406,230.496,36,1,0.0,16.0,9.24,0.7316017316017316,15.51
2021-11-20,1011010402,水生根茎类,55.583999999999996,384.539,80,2,0.0,6.9181599021301095,4.768900762809442,0.4506822947715319,13.65
2021-11-20,1011010501,茄类,9.051,107.478,21,3,0.0,11.874709976798144,7.30647000331455,0.6252321533396059,6.68
2021-11-20,1011010504,辣椒类,34.164,401.7294,127,8,0.0,11.758851422550052,8.094867696990983,0.4526304644757866,9.24
2021-11-20,1011010801,食用菌,73.711,562.54,175,4,0.3411431129682137,7.631696761677361,5.443432459198763,0.40200081821180444,9.45
2021-11-21,1011010101,花叶类,80.77499999999999,618.4202,205,16,0.05493036211699164,7.656084184463015,4.7125464562055095,0.6246172330845541,12.83
2021-11-21,1011010201,花菜类,19.739,315.824,51,1,0.0,16.0,9.24,0.7316017316017316,15.51
2021-11-21,1011010402,水生根茎类,47.590999999999994,290.216,75,2,0.8366287743480911,6.0981277972725945,4.7752074972158605,0.2770393330191516,13.65
2021-11-21,1011010501,茄类,17.990000000000002,195.91600000000003,37,3,0.0,10.890272373540856,6.7222506948304614,0.6200336565721483,6.68
2021-11-21,1011010504,辣椒类,30.259999999999998,356.24879999999996,113,6,0.0,11.772927957699933,8.275395241242565,0.4226423771310055,9.24
2021-11-21,1011010801,食用菌,102.367,723.5840000000001,198,5,0.09768773139781374,7.068527943575567,4.610590326960837,0.5331069217409581,9.45
2021-11-22,1011010101,花叶类,42.247,389.7362,96,14,0.0,9.225180486188368,5.231669704357706,0.7633338890840677,12.83
2021-11-22,1011010201,花菜类,9.756,136.584,23,1,0.0,14.0,9.24,0.5151515151515151,15.51
2021-11-22,1011010402,水生根茎类,32.75,198.612,49,2,0.843297709923664,6.0644885496183205,4.764958778625954,0.27272634063942625,13.65
2021-11-22,1011010501,茄类,9.175,101.89000000000001,22,3,0.0,11.105177111716621,7.050899182561307,0.575001545786187,6.68
2021-11-22,1011010504,辣椒类,22.035999999999998,246.2924,68,6,0.0,11.176819749500817,8.206650027228171,0.36192230842282336,9.24
2021-11-22,1011010801,食用菌,24.416,260.624,65,4,0.040956749672346,10.674311926605505,6.728833142201835,0.5863540826504452,9.45
2021-11-23,1011010101,花叶类,55.622,415.019,130,15,0.0,7.461418143899896,4.382002624860666,0.7027415961753662,12.83
2021-11-23,1011010201,花菜类,9.495,132.93,21,1,0.0,14.000000000000002,10.48,0.33587786259541996,15.51
2021-11-23,1011010402,水生根茎类,31.403,191.406,48,2,0.8802662166035092,6.095150144890616,4.790658217367767,0.2722991013622349,13.65
2021-11-23,1011010501,茄类,5.163,63.722,12,3,0.0,12.342049196203757,7.22347278713926,0.7086032660326014,6.68
2021-11-23,1011010504,辣椒类,18.004,204.0052,68,7,0.0,11.331104199066873,8.13687680515441,0.39256184779509495,9.24
2021-11-23,1011010801,食用菌,24.705,189.68,52,3,0.0,7.6777980165958315,4.932199959522364,0.5566680344686092,9.45
2021-11-24,1011010101,花叶类,39.991,280.052,93,13,0.0,7.002875647020581,4.101800655147408,0.7072686451089649,12.83
2021-11-24,1011010201,花菜类,12.559,175.826,19,1,0.0,14.0,10.539999999999997,0.328273244781784,15.51
2021-11-24,1011010402,水生根茎类,33.315,245.482,50,3,0.6628845865225874,7.368512681975087,5.211038571214168,0.4140199849371351,13.65
2021-11-24,1011010501,茄类,9.217,115.586,22,4,0.0,12.540522946728869,7.845643918845611,0.5984058257609595,6.68
2021-11-24,1011010504,辣椒类,21.68,254.7816,75,6,0.0,11.751918819188193,8.493379151291514,0.38365644696330103,9.24
2021-11-24,1011010801,食用菌,22.259,111.244,32,3,0.0,4.997708791949324,3.2553124578822046,0.5352470328457082,9.45
2021-11-25,1011010101,花叶类,44.906,332.2348,103,14,0.0,7.398450095755579,4.304707611455039,0.7186881812989896,12.83
2021-11-25,1011010201,花菜类,10.217,143.038,24,1,0.0,14.0,10.69,0.30963517305893373,15.51
2021-11-25,1011010402,水生根茎类,30.299,188.011,47,3,0.7099244199478532,6.205188290042575,4.767725997557675,0.3014985117058442,13.65
2021-11-25,1011010501,茄类,5.166,64.892,12,2,0.0,12.561362756484707,8.080925280681377,0.5544460962303988,6.68
2021-11-25,1011010504,辣椒类,20.413,269.6948,73,6,0.0,13.211913976387596,8.54285798265811,0.5465449622605936,9.24
2021-11-25,1011010801,食用菌,17.266,66.056,20,3,0.1737518823120584,3.82578477933511,2.6416077840843277,0.4482788862091647,9.45
2021-11-26,1011010101,花叶类,51.836,411.5536,127,14,0.22928080870437534,7.939532371324948,4.809025773593642,0.6509648201348632,12.83
2021-11-26,1011010201,花菜类,17.511,210.132,37,1,0.0,12.0,8.28,0.4492753623188408,15.51
2021-11-26,1011010402,水生根茎类,41.233999999999995,277.963,60,3,0.8325168550225543,6.741111703933648,5.0716607653877865,0.32917243793970763,13.65
2021-11-26,1011010501,茄类,6.0600000000000005,67.744,17,3,0.0,11.178877887788778,6.9590660066006595,0.606376182836265,6.68
2021-11-26,1011010504,辣椒类,14.855,199.3066,60,7,0.0,13.416802423426455,8.571739481656008,0.5652368404498465,9.24
2021-11-26,1011010801,食用菌,23.644000000000002,101.261,32,4,0.055532058873287084,4.282735577736423,2.807954237861614,0.5252155893387787,9.45
2021-11-27,1011010101,花叶类,68.057,470.8972,173,13,0.11011358126276503,6.919158940300043,4.302766357612001,0.6080721947775283,12.83
2021-11-27,1011010201,花菜类,23.115,277.38,51,1,0.0,12.0,8.52,0.40845070422535223,15.51
2021-11-27,1011010402,水生根茎类,58.68,368.21,81,3,0.8748466257668711,6.274880708929788,4.854048398091343,0.2927107837237737,13.65
2021-11-27,1011010501,茄类,11.622000000000002,115.078,22,4,0.0,9.901738082946135,6.135937876441231,0.6137285419664358,6.68
2021-11-27,1011010504,辣椒类,37.591,462.4284,130,6,0.0,12.301572184831475,7.907129366071666,0.5557570409326702,9.24
2021-11-27,1011010801,食用菌,44.646,191.745,59,4,0.022398423151010167,4.294785647090445,2.766155310666129,0.5526191282644215,9.45
2021-11-28,1011010101,花叶类,78.347,533.3474,196,14,0.12101292965908077,6.807502520836791,4.155999719197927,0.6379939799780787,12.83
2021-11-28,1011010201,花菜类,21.817,261.80400000000003,47,1,0.0,12.000000000000002,8.6,0.3953488372093026,15.51
2021-11-28,1011010402,水生根茎类,49.546,306.00800000000004,64,3,0.8310862632704961,6.176240261575103,4.755115044605013,0.2988624257540202,13.65
2021-11-28,1011010501,茄类,9.693999999999999,101.001,18,3,0.0,10.418918918918921,6.300263049308851,0.6537276042881881,6.68
2021-11-28,1011010504,辣椒类,25.149,309.5644,95,6,0.0,12.309213089983697,7.962690365422085,0.5458610752260755,9.24
2021-11-28,1011010801,食用菌,56.96,441.946,117,4,0.144750702247191,7.7588834269662925,5.08925544241573,0.5245616013495606,9.45
2021-11-29,1011010101,花叶类,57.865,353.5784,139,13,0.11402402142918862,6.110401797286788,3.7416799446988676,0.6330637274157762,12.83
2021-11-29,1011010201,花菜类,9.182,110.184,18,1,0.0,12.0,9.13,0.31434830230010946,15.51
2021-11-29,1011010402,水生根茎类,29.919999999999998,181.99200000000002,48,2,0.8029411764705883,6.082620320855616,4.604310160427807,0.32107093330360104,13.65
2021-11-29,1011010501,茄类,5.795999999999999,68.826,13,4,0.0,11.874741200828158,7.054679089026916,0.6832432844888052,6.68
2021-11-29,1011010504,辣椒类,19.812,247.37640000000005,73,6,0.0,12.486190187764992,7.726265394710276,0.6160705787188672,9.24
2021-11-29,1011010801,食用菌,20.934,96.072,33,2,0.0,4.589280596159358,2.728709276774625,0.6818503294656426,9.45
2021-11-30,1011010101,花叶类,43.009,301.6016,116,13,0.16605826687437514,7.012522960310633,4.1848266641865655,0.6757021313029001,12.83
2021-11-30,1011010201,花菜类,25.737,257.37,54,1,0.0,10.0,8.11,0.23304562268803952,15.51
2021-11-30,1011010402,水生根茎类,30.369,184.356,47,2,0.8487602489380618,6.07053245085449,4.663604662649412,0.3016824731034977,13.65
2021-11-30,1011010501,茄类,7.103,77.78999999999999,16,4,0.0,10.951710544840207,6.186940729269324,0.7701334187718332,6.68
2021-11-30,1011010504,辣椒类,32.472,336.066,107,6,0.0,10.34940872135994,8.097985957132298,0.2780225572316164,9.24
2021-11-30,1011010801,食用菌,30.467,122.869,41,3,0.0,4.032855220402403,2.5789434470082386,0.5637625652787412,9.45
2021-12-01,1011010101,花叶类,74.607,437.6672,170,14,0.0,5.866302089616256,3.8238929322985777,0.5341177678031814,12.83
2021-12-01,1011010201,花菜类,18.93,189.3,43,1,0.0,10.0,7.22,0.3850415512465375,15.51
2021-12-01,1011010402,水生根茎类,30.015,223.813,39,3,0.0,7.456704980842911,4.980675662168915,0.49712719450512655,13.65
2021-12-01,1011010501,茄类,5.252000000000001,55.632,12,3,0.0,10.59253617669459,5.815927265803502,0.8212979104770792,6.68
2021-12-01,1011010504,辣椒类,24.119,244.92479999999998,77,7,0.018201417969235873,10.154848874331439,8.059553878684856,0.25997654798090264,9.24
2021-12-01,1011010801,食用菌,24.864,92.757,33,4,0.0,3.7305743243243246,2.434388272200772,0.5324483636916946,9.45
2021-12-02,1011010101,花叶类,58.359,309.54200000000003,130,15,0.0,5.304100481502425,3.498613410099556,0.5160578948765568,12.83
2021-12-02,1011010201,花菜类,18.262999999999998,182.63,42,1,0.0,10.0,7.290000000000001,0.37174211248285305,15.51
2021-12-02,1011010402,水生根茎类,25.404,174.34,41,3,0.0,6.862698787592505,4.518415997480712,0.5188284547989541,13.65
2021-12-02,1011010501,茄类,4.474,48.58,10,3,0.0,10.858292355833704,6.130873938310236,0.7710839376394711,6.68
2021-12-02,1011010504,辣椒类,22.703,243.638,83,7,0.0,10.731533277540414,8.111913843985377,0.3229348195675634,9.24
2021-12-02,1011010801,食用菌,20.085,92.01,38,4,0.0,4.5810306198655715,2.628202638785163,0.7430279356172729,9.45
2021-12-03,1011010101,花叶类,73.847,394.23220000000003,159,15,0.0,5.3384998713556415,3.657635787506602,0.45954933227369765,12.83
2021-12-03,1011010201,花菜类,20.739,248.868,42,1,0.0,12.0,7.48,0.6042780748663101,15.51
2021-12-03,1011010402,水生根茎类,18.925,117.278,29,3,0.0,6.196988110964333,4.856063936591809,0.2761339619662506,13.65
2021-12-03,1011010501,茄类,5.683,60.126000000000005,13,2,0.0,10.579975365124055,5.947133556220306,0.7790041647976955,6.68
2021-12-03,1011010504,辣椒类,25.931,277.7492,91,7,0.0,10.711087115807333,7.9390640546064555,0.3491624506534212,9.24
2021-12-03,1011010801,食用菌,54.498,453.18,138,4,0.0,8.315534515028075,6.200399647693494,0.3411287961287135,9.45
2021-12-04,1011010101,花叶类,93.905,571.4062,220,13,0.0,6.084939034130238,4.0728069857835045,0.4940406101664674,12.83
2021-12-04,1011010201,花菜类,22.865000000000002,320.11,46,1,0.0,14.0,8.35,0.6766467065868265,15.51
2021-12-04,1011010402,水生根茎类,62.259,373.554,88,2,0.0,5.999999999999999,4.671496169228546,0.28438508405987695,13.65
2021-12-04,1011010501,茄类,9.205,98.27999999999999,24,3,0.0,10.676806083650188,6.314763715372082,0.6907688972842405,6.68
2021-12-04,1011010504,辣椒类,36.36,422.15079999999995,132,7,0.0,11.610308030803079,7.570274477447745,0.5336706833273763,9.24
2021-12-04,1011010801,食用菌,92.695,723.915,225,4,0.0019310642429473004,7.80964453314634,5.623011489292843,0.3888722347477349,9.45
2021-12-05,1011010101,花叶类,115.184,678.942,269,14,0.0,5.894412418391443,3.9041101194610364,0.5097966599377501,12.83
2021-12-05,1011010201,花菜类,25.795,361.13,52,1,0.0,13.999999999999998,8.47,0.6528925619834707,15.51
2021-12-05,1011010402,水生根茎类,50.994,305.964,64,2,0.0,6.0,4.671990234145194,0.2842492598013284,13.65
2021-12-05,1011010501,茄类,10.65,116.65800000000002,23,3,0.0,10.95380281690141,6.2725014084507045,0.746321300485284,6.68
2021-12-05,1011010504,辣椒类,37.123,440.752,133,8,0.0,11.872747353392777,7.851178784042239,0.5122248110722556,9.24
2021-12-05,1011010801,食用菌,100.244,726.938,203,4,0.0,7.251685886437094,5.298650093771198,0.36859119928711226,9.45
2021-12-06,1011010101,花叶类,64.231,434.38480000000004,156,13,0.024520869984898264,6.762852828073672,4.163360059784217,0.6243737584455247,12.83
2021-12-06,1011010201,花菜类,14.424,173.088,31,1,0.0,12.0,8.64,0.38888888888888884,15.51
2021-12-06,1011010402,水生根茎类,12.844,88.33000000000001,21,2,0.0,6.877141077545937,4.639054811585176,0.48244445406671144,13.65
2021-12-06,1011010501,茄类,8.862000000000002,83.86000000000001,20,3,0.6705032723990069,9.462875197472354,6.068077183480026,0.5594520160742946,6.68
2021-12-06,1011010504,辣椒类,37.461,433.7952,113,7,0.0,11.579915111716186,7.856083660340088,0.474006083995151,9.24
2021-12-06,1011010801,食用菌,45.510999999999996,301.809,91,4,0.0,6.63156160049219,4.215845619740283,0.5730086437322452,9.45
2021-12-07,1011010101,花叶类,63.263,396.1328,158,14,0.0,6.261682183898961,4.048696078276402,0.5465923010365019,12.83
2021-12-07,1011010201,花菜类,16.639,199.668,40,1,0.0,12.0,8.77,0.36830102622576977,15.51
2021-12-07,1011010402,水生根茎类,31.831,216.89299999999997,52,2,0.0,6.81389211774685,4.554337595425843,0.4961324177176487,13.65
2021-12-07,1011010501,茄类,6.648000000000001,70.562,17,4,0.4378760529482551,10.61401925391095,6.43182761732852,0.6502337881871774,6.68
2021-12-07,1011010504,辣椒类,29.637999999999998,351.3888,109,7,0.0,11.85602267359471,7.438829205749377,0.5938022430238539,9.24
2021-12-07,1011010801,食用菌,36.621,319.695,99,3,0.0,8.729827148357499,5.669528139592036,0.5397801957087867,9.45
2021-12-08,1011010101,花叶类,70.377,414.1696,152,15,0.0,5.885013569774216,3.942580104295438,0.4926807862096443,12.83
2021-12-08,1011010201,花菜类,15.059000000000001,210.826,32,1,0.0,13.999999999999998,8.96,0.5624999999999996,15.51
2021-12-08,1011010402,水生根茎类,25.319000000000003,174.43,32,2,0.0,6.889292626091078,4.654973340179312,0.47998540971787773,13.65
2021-12-08,1011010501,茄类,7.96,75.074,17,3,0.5815326633165828,9.43140703517588,6.29348743718593,0.4985978965254023,6.68
2021-12-08,1011010504,辣椒类,24.71,282.617,88,7,0.0,11.437353298259815,7.128407122622419,0.6044753198737347,9.24
2021-12-08,1011010801,食用菌,48.245999999999995,328.736,99,5,0.04145421382083489,6.813746217302989,5.023311362600009,0.3564252194345905,9.45
2021-12-09,1011010101,花叶类,57.675000000000004,328.8956,139,14,0.0,5.702567837017772,3.8180833983528393,0.49356817074187487,12.83
2021-12-09,1011010201,花菜类,12.175,170.45,24,1,0.0,13.999999999999998,9.12,0.5350877192982455,15.51
2021-12-09,1011010402,水生根茎类,25.262,171.41400000000002,39,2,0.0,6.7854484997229045,4.525374079645316,0.4994226731980409,13.65
2021-12-09,1011010501,茄类,7.254,71.316,16,2,0.6947890818858561,9.831265508684865,6.320496277915633,0.5554578432450259,6.68
2021-12-09,1011010504,辣椒类,24.153000000000002,287.4368,87,7,0.0,11.900666583861216,7.391305013869913,0.6100900397872104,9.24
2021-12-09,1011010801,食用菌,42.728,345.48199999999997,104,5,0.023403856955626287,8.08561130874368,6.403774105972664,0.2626321876660831,9.45
2021-12-10,1011010101,花叶类,68.296,387.69579999999996,166,14,0.0,5.676698488930537,3.7295520967553,0.5220858541885629,12.83
2021-12-10,1011010201,花菜类,14.231,199.234,33,1,0.0,14.0,9.36,0.49572649572649574,15.51
2021-12-10,1011010402,水生根茎类,32.792,225.92,50,2,0.0,6.889485240302512,4.658541107587216,0.4788933018282975,13.65
2021-12-10,1011010501,茄类,8.928,77.9,23,3,0.7421594982078853,8.725358422939069,5.9104032258064505,0.4762712609592772,6.68
2021-12-10,1011010504,辣椒类,26.56,277.56,92,9,0.0,10.450301204819278,7.34046234939759,0.42365708144758796,9.24
2021-12-10,1011010801,食用菌,55.263,435.1379999999999,118,4,0.0,7.873948211280602,5.476994553317772,0.4376403216451692,9.45
2021-12-11,1011010101,花叶类,141.287,837.066,336,15,0.0,5.924579048320086,3.7805805912787442,0.567108253686547,12.83
2021-12-11,1011010201,花菜类,30.45,426.3,67,1,0.0,14.0,9.42,0.48619957537155,15.51
2021-12-11,1011010402,水生根茎类,124.24000000000001,669.496,186,2,0.3087411461687057,5.388731487443657,4.171332904056664,0.29184881940328,13.65
2021-12-11,1011010501,茄类,10.713999999999999,114.90599999999999,23,3,0.0,10.724845995893224,5.8885560948291955,0.8213031893015041,6.68
2021-12-11,1011010504,辣椒类,43.575,461.85999999999996,151,8,0.0,10.599196787148593,7.528245324153758,0.4079239358927289,9.24
2021-12-11,1011010801,食用菌,121.63499999999999,876.3439999999999,257,4,0.0,7.2047025938257905,5.607427138570313,0.28484997054508754,9.45
2021-12-12,1011010101,花叶类,116.349,699.8226,279,15,0.0,6.014857024985173,3.8270484490627337,0.5716699448783427,12.83
2021-12-12,1011010201,花菜类,15.656,219.184,37,1,0.0,14.0,9.35,0.49732620320855614,15.51
2021-12-12,1011010402,水生根茎类,61.198,358.55999999999995,84,2,0.07049249975489395,5.859015000490211,4.675933200431387,0.2530151200512609,13.65
2021-12-12,1011010501,茄类,10.426,108.898,26,4,0.0,10.444849414924228,5.670518895070017,0.8419565489862035,6.68
2021-12-12,1011010504,辣椒类,43.444,484.652,138,7,0.0,11.155786759966853,7.350771107632815,0.5176348979745848,9.24
2021-12-12,1011010801,食用菌,80.30199999999999,670.008,165,5,0.0,8.343602899056064,5.793424198650096,0.4401850465222579,9.45
2021-12-13,1011010101,花叶类,61.915,340.7078,147,13,0.0,5.502831300977147,3.4170897197771137,0.610385372420388,12.83
2021-12-13,1011010201,花菜类,27.924999999999997,298.064,50,2,0.0,10.673733213965981,8.093101521933752,0.31886807363508973,15.51
2021-12-13,1011010402,水生根茎类,21.832,130.59,32,2,0.009206669109563944,5.981586661780872,4.751603151337486,0.25885653142080467,13.65
2021-12-13,1011010501,茄类,1.537,17.46,4,2,0.0,11.359791802212102,7.488418998048146,0.5169813287922362,6.68
2021-12-13,1011010504,辣椒类,33.333,310.385,96,8,0.0,9.311643116431165,6.847674976749768,0.35982550983325345,9.24
2021-12-13,1011010801,食用菌,92.884,421.356,139,4,0.5167736100943112,4.536367942810387,3.0232359717497093,0.5005007830020451,9.45
2021-12-14,1011010101,花叶类,66.116,391.4882,149,13,0.0,5.921232379454293,3.387973410369653,0.7477210303159498,12.83
2021-12-14,1011010201,花菜类,13.141,183.974,30,1,0.0,14.0,8.21,0.7052375152253347,15.51
2021-12-14,1011010402,水生根茎类,33.175000000000004,190.726,49,2,0.1254559155990957,5.749088168801808,4.613070685757347,0.2462605844198018,13.65
2021-12-14,1011010501,茄类,5.4719999999999995,59.519999999999996,14,4,0.0,10.87719298245614,6.791553362573099,0.6015766057877405,6.68
2021-12-14,1011010504,辣椒类,30.287,328.813,89,9,0.0,10.856572126655001,7.765350480404135,0.39807883160606394,9.24
2021-12-14,1011010801,食用菌,103.516,481.832,150,4,0.6375825959271997,4.654662081224158,3.0079586730553727,0.5474488140144975,9.45
2021-12-15,1011010101,花叶类,101.666,505.6702,188,15,0.17705034131371353,4.973837861231877,3.1483384809080714,0.579829453343047,12.83
2021-12-15,1011010201,花菜类,18.179,218.148,34,1,0.0,12.0,8.06,0.48883374689826287,15.51
2021-12-15,1011010402,水生根茎类,2.6020000000000003,11.382000000000001,5,1,0.8128362797847809,4.374327440430438,3.52,0.24270665921319257,13.65
2021-12-15,1011010501,茄类,6.299,66.534,15,4,0.0,10.56262898872837,6.059322114621368,0.7432030826089202,6.68
2021-12-15,1011010504,辣椒类,29.243,277.034,86,8,0.0,9.473515029237767,7.202162226857709,0.31537095817002236,9.24
2021-12-15,1011010801,食用菌,64.376,425.376,131,4,0.43494469988815704,6.607679880700881,5.084417484776935,0.29959428006938627,9.45
2021-12-16,1011010101,花叶类,99.125,420.4444,177,20,0.1371702395964691,4.24155762925599,2.529089533417402,0.6771085298528896,12.83
2021-12-16,1011010201,花菜类,25.768,206.144,46,1,0.0,8.0,7.470000000000001,0.07095046854082998,15.51
2021-12-16,1011010402,水生根茎类,39.568999999999996,237.414,54,2,0.0,6.0,4.680956809623695,0.2817892247295364,13.65
2021-12-16,1011010501,茄类,4.506,47.468,11,4,0.0,10.53439857967155,6.006005326231691,0.7539775620347442,6.68
2021-12-16,1011010504,辣椒类,33.832,329.48359999999997,102,8,0.0,9.73881532277134,7.002697741782927,0.39072335860833274,9.24
2021-12-16,1011010801,食用菌,51.855999999999995,438.312,124,4,0.0,8.452483801295898,6.561943844492442,0.28810669545583223,9.45
2021-12-17,1011010101,花叶类,97.582,459.1418,179,20,0.05142341825336641,4.705189481666701,2.8027530692135847,0.6787741786281996,12.83
2021-12-17,1011010201,花菜类,34.299,274.392,72,1,0.0,8.0,6.84,0.16959064327485374,15.51
2021-12-17,1011010402,水生根茎类,40.153999999999996,240.92399999999998,59,2,0.0,6.0,4.64194750211685,0.29256093423371166,13.65
2021-12-17,1011010501,茄类,10.173,111.22800000000001,20,3,0.0,10.933647891477442,6.553420819817162,0.6683878835332426,6.68
2021-12-17,1011010504,辣椒类,34.227999999999994,346.7518,103,8,0.0,10.130647423162324,7.617885941334581,0.32985023682141557,9.24
2021-12-17,1011010801,食用菌,69.729,504.21799999999996,145,4,0.0,7.231109007729925,5.346647736236,0.3524565979393608,9.45
2021-12-18,1011010101,花叶类,109.389,524.7852,249,14,0.0347475523133039,4.797422044264049,2.936932781175438,0.6334803693886362,12.83
2021-12-18,1011010201,花菜类,42.242,337.936,89,1,0.0,8.0,6.76,0.18343195266272194,15.51
2021-12-18,1011010402,水生根茎类,70.551,380.264,96,3,0.0,5.389916514294624,4.316484954146645,0.248681872299076,13.65
2021-12-18,1011010501,茄类,11.996,137.496,27,3,0.0,11.461820606868956,6.9413171057019,0.6512457840967556,6.68
2021-12-18,1011010504,辣椒类,59.298,541.3783999999999,171,8,0.0,9.129791898546324,6.707441060406759,0.36114381271844787,9.24
2021-12-18,1011010801,食用菌,114.017,790.5600000000001,223,4,0.0,6.933702868870433,5.0850874869537,0.36353659335449784,9.45
2021-12-19,1011010101,花叶类,147.891,669.8892,295,15,0.038704180781792,4.529614378156886,2.812249494560183,0.610673017070019,12.83
2021-12-19,1011010201,花菜类,51.133,409.064,108,1,0.0,8.0,6.34,0.26182965299684535,15.51
2021-12-19,1011010402,水生根茎类,67.19,376.9652,103,2,0.17706503944039292,5.610436076797142,4.597601428784045,0.2202963140023575,13.65
2021-12-19,1011010501,茄类,9.451,105.48599999999999,23,3,0.0,11.161358586392973,6.688475293619723,0.6687448329277716,6.68
2021-12-19,1011010504,辣椒类,52.98,432.88520000000005,151,6,0.0,8.170728576821444,6.77530577576444,0.2059571696451683,9.24
2021-12-19,1011010801,食用菌,118.836,602.258,211,4,0.04207479215052678,5.0679760341983915,3.474879413645696,0.45846097976714706,9.45
2021-12-20,1011010101,花叶类,82.832,343.534,172,15,0.012072628935677034,4.147358508788874,2.561126738458567,0.6193491897573926,12.83
2021-12-20,1011010201,花菜类,25.78,206.24,52,1,0.0,8.0,4.96,0.6129032258064517,15.51
2021-12-20,1011010402,水生根茎类,38.283,222.86300000000003,55,2,0.0,5.821461222997153,4.578611916516469,0.2714467461191332,13.65
2021-12-20,1011010501,茄类,6.115,66.738,15,3,0.0,10.913818479149631,6.498498773507768,0.6794368760430736,6.68
2021-12-20,1011010504,辣椒类,50.948,478.58360000000005,140,9,0.0,9.39356991442255,6.575598257046401,0.4285498516209403,9.24
2021-12-20,1011010801,食用菌,60.872,390.21599999999995,128,4,0.0,6.410435011170981,3.9922215468524107,0.6057312791734126,9.45
2021-12-21,1011010101,花叶类,71.006,293.738,153,13,0.0,4.13680534039377,2.5351116807030394,0.6318039839753913,12.83
2021-12-21,1011010201,花菜类,18.202,145.616,36,1,0.0,8.0,4.97,0.6096579476861168,15.51
2021-12-21,1011010402,水生根茎类,48.369,289.045,59,2,0.0,5.975831627695425,4.770272902065372,0.25272321948458876,13.65
2021-12-21,1011010501,茄类,6.430999999999999,72.88199999999999,17,4,0.0,11.332918675167159,6.936790545793812,0.6337409354299994,6.68
2021-12-21,1011010504,辣椒类,31.633,295.0144,89,9,0.0,9.326159390509911,6.362860936363924,0.4657179347124587,9.24
2021-12-21,1011010801,食用菌,54.261,457.43600000000004,126,4,0.0,8.430290632314186,6.427747000608171,0.3115467412635471,9.45
2021-12-22,1011010101,花叶类,75.729,346.277,156,14,0.0770246536993754,4.572581177620198,2.766943971265962,0.652574546179951,12.83
2021-12-22,1011010201,花菜类,14.458,115.664,31,1,0.0,8.0,4.98,0.6064257028112447,15.51
2021-12-22,1011010402,水生根茎类,31.469,184.378,38,2,0.0,5.859035876576948,4.592782738568115,0.27570499413686855,13.65
2021-12-22,1011010501,茄类,4.455,52.614,13,2,0.24332210998877668,11.81010101010101,7.713524130190797,0.5310901749663524,6.68
2021-12-22,1011010504,辣椒类,22.57,219.5764,77,7,0.0,9.728684093929996,6.575023039432876,0.47964258612987853,9.24
2021-12-22,1011010801,食用菌,50.263000000000005,351.966,110,4,0.07958140182639316,7.002486918807074,5.2523713268209224,0.33320484845564713,9.45
2021-12-23,1011010101,花叶类,91.213,411.1322,183,16,0.021926699045092257,4.50738600857334,2.593780162915374,0.7377671681732267,12.83
2021-12-23,1011010201,花菜类,24.073,191.174,47,2,0.0,7.941428156025423,5.022892452124787,0.5810468234624524,15.51
2021-12-23,1011010402,水生根茎类,30.021,180.126,43,2,0.0,6.0,4.701369041670831,0.2762239991837878,13.65
2021-12-23,1011010501,茄类,6.563,62.928,14,3,0.529178729239677,9.588298034435471,6.3427472192594845,0.511694807152492,6.68
2021-12-23,1011010504,辣椒类,33.503,317.8904,99,9,0.0,9.488415962749604,6.217360236396741,0.526116487058919,9.24
2021-12-23,1011010801,食用菌,47.43,424.63500000000005,114,4,0.06325110689437065,8.952877925363694,7.1026786843769765,0.2604931636646337,9.45
2021-12-24,1011010101,花叶类,120.944,474.8304,200,21,0.07441460510649557,3.9260351898399257,2.1214066840851964,0.8506754123540108,12.83
2021-12-24,1011010201,花菜类,30.134999999999998,271.215,58,1,0.0,9.0,5.540000000000001,0.6245487364620936,15.51
2021-12-24,1011010402,水生根茎类,35.441,212.64600000000002,41,1,0.0,6.0,4.8,0.25,13.65
2021-12-24,1011010501,茄类,8.624,75.776,20,3,0.7578849721706864,8.786641929499071,5.878480983302412,0.4947129971938624,6.68
2021-12-24,1011010504,辣椒类,52.243,478.48,147,9,0.0,9.158738969814138,6.023767011848477,0.5204338002780176,9.24
2021-12-24,1011010801,食用菌,63.471999999999994,530.189,149,4,0.0,8.353116334761785,6.519603919838668,0.2812306449083317,9.45
2021-12-25,1011010101,花叶类,180.787,800.2950000000001,337,23,0.011062742343199455,4.426728691775405,2.4687563818194893,0.7931006576326811,12.83
2021-12-25,1011010201,花菜类,33.162,298.458,74,1,0.0,9.000000000000002,5.69,0.5817223198594026,15.51
2021-12-25,1011010402,水生根茎类,66.839,401.034,101,2,0.0,6.0,4.7206840317778545,0.27100224450742205,13.65
2021-12-25,1011010501,茄类,13.596,127.31799999999998,31,3,0.6382024124742571,9.36437187408061,6.280698734922036,0.4909761269096842,6.68
2021-12-25,1011010504,辣椒类,65.339,616.0354,163,9,0.0,9.42829550498171,6.242995607523837,0.5102197883367181,9.24
2021-12-25,1011010801,食用菌,137.522,1078.604,290,4,0.38478207123223923,7.843137825220693,5.916436352001862,0.3256523620957943,9.45
2021-12-26,1011010101,花叶类,209.712,926.96,420,21,0.004768444342717632,4.420157167925536,2.5495553902494854,0.7336972496577154,12.83
2021-12-26,1011010201,花菜类,28.498,256.482,54,1,0.0,9.0,5.96,0.5100671140939597,15.51
2021-12-26,1011010402,水生根茎类,95.584,573.504,125,2,0.0,6.0,4.723634499497823,0.27020835346974215,13.65
2021-12-26,1011010501,茄类,9.123000000000001,105.47399999999999,22,2,0.0,11.561328510358432,7.002222952975995,0.6510940294245824,6.68
2021-12-26,1011010504,辣椒类,64.634,574.9942,178,8,0.0,8.896156821487143,5.941702354797784,0.4972404018696268,9.24
2021-12-26,1011010801,食用菌,92.322,832.728,210,4,0.09485279781633846,9.019821927601221,6.299931435627478,0.43173334817458064,9.45
2021-12-27,1011010101,花叶类,82.705,324.002,145,20,0.1450940088265522,3.917562420651714,2.086055135723354,0.8779764511321377,12.83
2021-12-27,1011010201,花菜类,15.213,136.917,36,1,0.0,9.0,5.97,0.5075376884422111,15.51
2021-12-27,1011010402,水生根茎类,42.155,252.93,58,2,0.0,6.0,4.667523899893252,0.28547815258904685,13.65
2021-12-27,1011010501,茄类,5.35,60.724,12,2,0.0,11.350280373831776,6.839715887850468,0.6594666445127522,6.68
2021-12-27,1011010504,辣椒类,37.586,309.6388,93,7,0.0,8.238141861331346,5.475302772308838,0.5046002392772642,9.24
2021-12-27,1011010801,食用菌,39.641999999999996,211.68599999999998,70,4,0.19050501992835883,5.339942485242924,3.70568235709601,0.44101462852515394,9.45
2021-12-28,1011010101,花叶类,86.04299999999999,351.1462,152,22,0.05811047964389899,4.081054821426497,2.264579454458817,0.8021248110288872,12.83
2021-12-28,1011010201,花菜类,24.145,217.305,48,1,0.0,9.0,5.94,0.5151515151515151,15.51
2021-12-28,1011010402,水生根茎类,35.054,210.324,53,2,0.0,6.0,4.675508643806698,0.2832828376753742,13.65
2021-12-28,1011010501,茄类,5.317,54.708000000000006,15,3,0.0,10.289260861388001,6.5729208200112845,0.5654016141594622,6.68
2021-12-28,1011010504,辣椒类,42.784,384.4406,114,8,0.1325261780104712,8.985616118175018,6.253548990276738,0.43688266169277723,9.24
2021-12-28,1011010801,食用菌,39.004,148.186,51,3,0.1762126961337299,3.799251358834992,2.3863890882986363,0.5920502559553893,9.45
2021-12-29,1011010101,花叶类,68.16499999999999,309.248,161,16,0.014670285337049808,4.536756399911979,2.6426412381720827,0.7167507773586614,12.83
2021-12-29,1011010201,花菜类,24.749,197.992,44,1,0.0,8.0,5.680000000000001,0.408450704225352,15.51
2021-12-29,1011010402,水生根茎类,34.882000000000005,209.292,49,2,0.0,5.999999999999999,4.6451132389197864,0.2916800283205345,13.65
2021-12-29,1011010501,茄类,3.0269999999999997,29.113999999999997,7,2,0.0,9.618103733069045,5.585939874463165,0.7218416147011233,6.68
2021-12-29,1011010504,辣椒类,35.3,306.3432,101,8,0.1670254957507082,8.678277620396601,6.180628328611899,0.4041092845240941,9.24
2021-12-29,1011010801,食用菌,28.395,144.388,35,7,0.1318541996830428,5.084979749955979,3.409676351470329,0.491337952871457,9.45
2021-12-30,1011010101,花叶类,84.271,324.496,154,21,0.09493182708167697,3.850624770086981,2.2193289506473164,0.7350401205570996,12.83
2021-12-30,1011010201,花菜类,17.651,141.208,35,1,0.0,8.0,5.11,0.5655577299412915,15.51
2021-12-30,1011010402,水生根茎类,37.37,224.22,52,2,0.0,6.0,4.560478993845331,0.31565127437214335,13.65
2021-12-30,1011010501,茄类,11.272,118.17200000000001,23,3,0.0,10.483676366217177,7.075480837473386,0.4816910125306533,6.68
2021-12-30,1011010504,辣椒类,35.101,305.42539999999997,89,7,0.13247485826614627,8.701330446426027,6.118836500384604,0.4220563739330343,9.24
2021-12-30,1011010801,食用菌,31.745,154.774,37,7,0.13995904866908174,4.875539455032288,3.2945109466057647,0.47989778575645947,9.45
2021-12-31,1011010101,花叶类,125.701,561.5304,232,23,0.023866158582668398,4.467191191796406,2.598943842928855,0.7188486792243065,12.83
2021-12-31,1011010201,花菜类,69.793,395.916,114,2,0.0,5.6727178943447045,3.890540741908214,0.4580795500325172,15.51
2021-12-31,1011010402,水生根茎类,60.713,364.278,81,2,0.0,6.0,4.7336010409632205,0.2675339446813805,13.65
2021-12-31,1011010501,茄类,12.997,134.936,28,3,0.0,10.382088174194045,6.575215049626838,0.5789731736277217,6.68
2021-12-31,1011010504,辣椒类,66.714,616.9598,164,8,0.0,9.247831039961627,6.123462391701891,0.5102290907336464,9.24
2021-12-31,1011010801,食用菌,88.954,759.354,181,7,0.04496706162735797,8.536479528745195,5.910269465116802,0.4443469251492904,9.45
2022-01-01,1011010101,花叶类,138.402,600.517,255,20,0.10837993670611698,4.338932963396483,2.4752856172598663,0.752901941150399,12.83
2022-01-01,1011010201,花菜类,38.272,306.176,61,1,0.0,8.0,5.19,0.5414258188824661,15.51
2022-01-01,1011010402,水生根茎类,82.658,495.948,88,2,0.0,6.0,4.666473904522248,0.28576739584581,13.65
2022-01-01,1011010501,茄类,18.427999999999997,190.128,39,3,0.0,10.317343173431736,5.972413175602345,0.727499901644227,6.68
2022-01-01,1011010504,辣椒类,57.833,521.5504,146,9,0.0,9.018214514204692,6.161887157851053,0.46354749497713565,9.24
2022-01-01,1011010801,食用菌,90.65599999999999,759.684,201,4,0.0,8.379853512177904,5.578302153194493,0.5022229492138683,9.45
2022-01-02,1011010101,花叶类,110.543,445.4858,207,22,0.18092506988230822,4.029977474828799,2.294352876256298,0.7564767462468651,12.83
2022-01-02,1011010201,花菜类,26.605,212.84,46,1,0.0,8.0,5.4,0.4814814814814814,15.51
2022-01-02,1011010402,水生根茎类,27.438000000000002,164.628,41,2,0.0,5.999999999999999,4.598090239813397,0.30488957090226565,13.65
2022-01-02,1011010501,茄类,13.348999999999998,134.054,25,3,0.0,10.042250355831898,5.9657824556146535,0.6833081713163554,6.68
2022-01-02,1011010504,辣椒类,45.828,428.7554,127,9,0.0,9.355751942044165,6.2200250938291,0.5041341153633008,9.24
2022-01-02,1011010801,食用菌,59.918,286.034,79,7,0.0,4.773757468540339,2.966379218264962,0.6092876592266967,9.45
2022-01-03,1011010101,花叶类,90.081,378.9412,159,20,0.12211232113320233,4.206671773181914,2.4110460585473072,0.7447496526534625,12.83
2022-01-03,1011010201,花菜类,38.027,228.162,70,1,0.0,6.0,5.57,0.07719928186714542,15.51
2022-01-03,1011010402,水生根茎类,59.009,354.054,67,2,0.0,5.999999999999999,4.790889525326645,0.25237703108817056,13.65
2022-01-03,1011010501,茄类,12.782,131.34199999999998,28,3,0.0,10.275543733375057,6.142688155218275,0.672808951671408,6.68
2022-01-03,1011010504,辣椒类,81.754,638.0602,192,9,0.0,7.8046358587958995,5.85924321745725,0.33202114490527945,9.24
2022-01-03,1011010801,食用菌,59.045,495.81,138,5,0.03387247014988568,8.39715471250741,5.80451520027098,0.44665909602844955,9.45
2022-01-04,1011010101,花叶类,70.388,286.0908,125,20,0.14206967096664203,4.064482582258339,2.2278344320054555,0.824409625718715,12.83
2022-01-04,1011010201,花菜类,45.257,271.542,86,1,0.0,6.0,5.38,0.11524163568773238,15.51
2022-01-04,1011010402,水生根茎类,46.598,279.58799999999997,58,2,0.0,5.999999999999999,4.789863942658482,0.252645184044594,13.65
2022-01-04,1011010501,茄类,8.174,80.444,18,3,0.0,9.841448495228775,5.768705652067532,0.7060063537305898,6.68
2022-01-04,1011010504,辣椒类,58.207,441.17940000000004,128,9,0.0,7.5794904392942435,5.713954163588571,0.3264877915180977,9.24
2022-01-04,1011010801,食用菌,63.48,528.222,142,5,0.04725897920604915,8.321077504725897,5.703659735349716,0.45890145815574246,9.45
2022-01-05,1011010101,花叶类,65.654,262.4934,120,20,0.04569409327687574,3.9981326347214186,2.198450208669693,0.8186141396128019,12.83
2022-01-05,1011010201,花菜类,39.688,238.128,84,1,0.0,5.999999999999999,5.46,0.09890109890109877,15.51
2022-01-05,1011010402,水生根茎类,34.15,204.9,52,2,0.0,6.0,4.68931654465593,0.2795041543607799,13.65
2022-01-05,1011010501,茄类,9.827,102.402,23,2,0.0,10.420474203724433,6.371188562124758,0.6355620465656504,6.68
2022-01-05,1011010504,辣椒类,66.638,499.0404,153,8,0.0,7.488826195263963,5.533041207719319,0.3534737794499103,9.24
2022-01-05,1011010801,食用菌,40.437,353.706,95,8,0.12364913321957614,8.74708806291268,6.799609268739025,0.28641039759845066,9.45
2022-01-06,1011010101,花叶类,60.316,231.144,103,19,0.016579348763180582,3.8322169905166126,2.0396224882286624,0.8788854371990931,12.83
2022-01-06,1011010201,花菜类,35.897,215.382,71,1,0.0,6.0,5.41,0.10905730129390023,15.51
2022-01-06,1011010402,水生根茎类,34.198,205.188,48,2,0.0,6.0,4.693214807883502,0.27844137667029534,13.65
2022-01-06,1011010501,茄类,7.001,78.092,14,3,0.0,11.154406513355234,5.963603770889873,0.8704137534762479,6.68
2022-01-06,1011010504,辣椒类,66.856,508.576,140,8,0.0,7.607036017709706,5.533928443221252,0.37461770526286675,9.24
2022-01-06,1011010801,食用菌,44.278,343.304,97,5,0.06775373774786576,7.753376394597768,5.319477844527756,0.45754463524531963,9.45
2022-01-07,1011010101,花叶类,90.664,357.384,168,22,0.022059472337421688,3.9418512309185565,2.46098980852378,0.6017340735283534,12.83
2022-01-07,1011010201,花菜类,31.834,254.672,66,1,0.0,8.0,5.1,0.5686274509803924,15.51
2022-01-07,1011010402,水生根茎类,46.045,276.27,66,2,0.0,5.999999999999999,4.702954066673906,0.27579387655882637,13.65
2022-01-07,1011010501,茄类,16.284,178.166,36,4,0.0,10.941169245885533,6.27009150085974,0.7449776042957754,6.68
2022-01-07,1011010504,辣椒类,49.32,464.467,124,9,0.0,9.417416869424168,5.649526966747769,0.6669390065493286,9.24
2022-01-07,1011010801,食用菌,78.764,673.948,183,5,0.11426540043674775,8.556548677060587,6.878050886191661,0.24403683814533395,9.45
2022-01-08,1011010101,花叶类,130.766,513.2044,233,21,0.007647247755532784,3.924601196029549,2.2463145618891764,0.7471289473941327,12.83
2022-01-08,1011010201,花菜类,43.284,346.272,88,1,0.0,8.0,4.84,0.6528925619834711,15.51
2022-01-08,1011010402,水生根茎类,60.006,360.036,83,2,0.0,6.0,4.769819351398192,0.25790927453912915,13.65
2022-01-08,1011010501,茄类,14.224,152.986,31,4,0.0,10.755483689538806,6.476919291338583,0.6605863383108443,6.68
2022-01-08,1011010504,辣椒类,80.046,738.5088000000001,196,10,0.0,9.226055018364441,5.708257501936387,0.6162646858931515,9.24
2022-01-08,1011010801,食用菌,112.41199999999999,922.816,262,5,0.0,8.20923033128136,6.160516314984165,0.3325555702716225,9.45
2022-01-09,1011010101,花叶类,147.52800000000002,569.5886,258,19,0.04744861992299766,3.8608847134103352,2.2179014153245484,0.7407828349509245,12.83
2022-01-09,1011010201,花菜类,114.262,684.5120000000001,211,2,0.0,5.990723075038071,3.754526614272461,0.5956001090163885,15.51
2022-01-09,1011010402,水生根茎类,59.741,393.546,79,3,0.0,6.587536197921025,5.09554309435731,0.2928035492852401,13.65
2022-01-09,1011010501,茄类,11.879,131.102,26,4,0.0,11.036450879703679,6.306426466874316,0.7500324371773301,6.68
2022-01-09,1011010504,辣椒类,81.556,719.5474,205,10,0.0,8.822740203050666,5.506038304968365,0.6023753767004272,9.24
2022-01-09,1011010801,食用菌,84.804,751.564,205,7,0.03537568982595161,8.86236498278383,6.68454318192538,0.32579964577791265,9.45
2022-01-10,1011010101,花叶类,76.365,281.7392,137,20,0.05238001702350554,3.6893760230472075,1.9597331238132654,0.8825910417171436,12.83
2022-01-10,1011010201,花菜类,35.175,211.05,63,1,0.0,6.000000000000001,3.82,0.5706806282722516,15.51
2022-01-10,1011010402,水生根茎类,56.15299999999999,364.11,75,4,0.0,6.484248392784002,4.9302904564315355,0.31518588003782555,13.65
2022-01-10,1011010501,茄类,8.582,92.15700000000001,22,3,0.0,10.738405965975298,6.3091284082964325,0.7020427024205778,6.68
2022-01-10,1011010504,辣椒类,57.481,537.8312,139,8,0.0,9.356677858770723,5.612263356587394,0.6671843896613161,9.24
2022-01-10,1011010801,食用菌,46.232,417.79999999999995,122,3,0.0,9.037030628136355,6.843081199169406,0.3206084167513963,9.45
2022-01-11,1011010101,花叶类,86.15,322.407,158,21,0.06964596633778293,3.7423911781775967,1.9821645966337784,0.8880324996890432,12.83
2022-01-11,1011010201,花菜类,54.466,326.796,92,1,0.0,6.0,4.06,0.47783251231527113,15.51
2022-01-11,1011010402,水生根茎类,29.824,201.68800000000002,41,4,0.0,6.76260729613734,5.061578594420601,0.3360668356689729,13.65
2022-01-11,1011010501,茄类,10.573,106.534,26,4,0.0,10.076042750401967,5.9766423909959325,0.6859035711391996,6.68
2022-01-11,1011010504,辣椒类,81.87,674.9308,184,8,0.0,8.243933064614632,5.468363136680102,0.5075686925977645,9.24
2022-01-11,1011010801,食用菌,33.489,240.61599999999999,69,6,0.08958165367732689,7.184926393741229,4.616681596942279,0.5562967128813798,9.45
2022-01-12,1011010101,花叶类,85.232,322.03,147,20,0.12905950816594705,3.7782757649709025,2.0561163647456357,0.83757876244437,12.83
2022-01-12,1011010201,花菜类,35.007,210.042,67,1,0.0,6.0,3.7600000000000002,0.5957446808510638,15.51
2022-01-12,1011010402,水生根茎类,41.626000000000005,292.656,60,3,0.0,7.030605871330418,5.317345889588237,0.32220209429987845,13.65
2022-01-12,1011010501,茄类,10.637,114.042,22,4,0.0,10.721255993231173,6.2230252890852675,0.7228366421771537,6.68
2022-01-12,1011010504,辣椒类,74.888,579.28,167,10,0.02670654844567888,7.73528469180643,5.262112220916568,0.46999614737579254,9.24
2022-01-12,1011010801,食用菌,46.619,291.51,89,5,0.10725240781655548,6.253029880520818,3.9253900770072288,0.592970318325208,9.45
2022-01-13,1011010101,花叶类,73.369,256.6266,112,21,0.17718655017786802,3.4977524567596667,1.8864336436369586,0.8541614058664466,12.83
2022-01-13,1011010201,花菜类,21.816,130.89600000000002,47,1,0.0,6.000000000000001,4.0,0.5000000000000002,15.51
2022-01-13,1011010402,水生根茎类,22.185000000000002,133.11,35,2,0.0,6.0,4.482437683119224,0.33855737082433657,13.65
2022-01-13,1011010501,茄类,12.889,144.233,29,4,0.0,11.190394910388704,6.429595003491349,0.7404509777539925,6.68
2022-01-13,1011010504,辣椒类,63.209,521.677,166,9,0.0,8.253207612839944,5.234270436172064,0.576763698681892,9.24
2022-01-13,1011010801,食用菌,48.916,289.88100000000003,92,9,0.18398887889443127,5.926097800310738,3.769346430615749,0.5721817851968223,9.45
2022-01-14,1011010101,花叶类,103.099,378.4884,183,21,0.1260923966284833,3.6711161116984647,2.027020048691064,0.8110901833798172,12.83
2022-01-14,1011010201,花菜类,23.405,163.835,48,1,0.0,7.0,4.0,0.75,15.51
2022-01-14,1011010402,水生根茎类,48.285000000000004,340.41,59,3,0.0,7.050015532774154,5.385636118877497,0.30904045077660314,13.65
2022-01-14,1011010501,茄类,6.196,70.362,16,3,0.0,11.356036152356358,6.376007101355713,0.7810576387127541,6.68
2022-01-14,1011010504,辣椒类,78.342,631.7322,168,13,0.0,8.063774220724516,4.97983406091241,0.6192857276145993,9.24
2022-01-14,1011010801,食用菌,53.083,340.029,106,9,0.24489949701410998,6.405610082323908,4.402224440969802,0.4550848481757017,9.45
2022-01-15,1011010101,花叶类,124.109,479.85880000000003,224,19,0.11280406739237284,3.866430315287369,2.0730004270439695,0.8651372497789456,12.83
2022-01-15,1011010201,花菜类,37.538,262.766,79,1,0.0,7.000000000000001,4.0,0.7500000000000002,15.51
2022-01-15,1011010402,水生根茎类,56.825,376.05,78,3,0.0,6.617685877694677,5.137382666080071,0.28814345900071103,13.65
2022-01-15,1011010501,茄类,9.145999999999999,93.468,20,3,0.0,10.219549529849116,6.293608134703696,0.6237981951080362,6.68
2022-01-15,1011010504,辣椒类,96.244,817.2482,232,13,0.0,8.491419724865965,5.378559079007522,0.5787536401724982,9.24
2022-01-15,1011010801,食用菌,49.827,259.886,84,8,0.020069440263311058,5.215766552270858,3.3365438416922553,0.5632243422359717,9.45
2022-01-16,1011010101,花叶类,137.15,539.614,253,19,0.03645643456069996,3.93448049580751,2.1042768501640543,0.8697542081978276,12.83
2022-01-16,1011010201,花菜类,58.007,348.042,85,1,0.0,6.0,4.06,0.47783251231527113,15.51
2022-01-16,1011010402,水生根茎类,52.794,344.064,69,3,0.0,6.517104216388227,4.976147289464712,0.3096686728276641,13.65
2022-01-16,1011010501,茄类,14.67,153.406,36,3,0.0,10.457123381049762,6.460141785957737,0.6187142213782633,6.68
2022-01-16,1011010504,辣椒类,88.336,736.1985999999999,209,11,0.022640825937330192,8.334072178953088,5.207060654772686,0.6005329554427692,9.24
2022-01-16,1011010801,食用菌,55.987,303.81,89,8,0.19647418150642112,5.426438280315073,3.692222658831515,0.4696942144958258,9.45
2022-01-17,1011010101,花叶类,90.383,388.811,167,18,0.06638416516380292,4.30181560691723,2.274959560979388,0.8909415713153446,12.83
2022-01-17,1011010201,花菜类,11.754999999999999,82.285,31,1,0.0,7.0,4.15,0.6867469879518071,15.51
2022-01-17,1011010402,水生根茎类,42.312,257.772,56,3,0.0,6.092172433352241,4.828156551332955,0.26180093138660077,13.65
2022-01-17,1011010501,茄类,10.665,111.79800000000002,24,3,0.0,10.482700421940931,6.502464135021098,0.6121119938952064,6.68
2022-01-17,1011010504,辣椒类,47.324,455.05120000000005,118,10,0.0,9.615653790888345,5.562569732059843,0.7286351909385644,9.24
2022-01-17,1011010801,食用菌,29.229,118.274,35,7,0.03421259707824421,4.046460706832256,2.521869718430326,0.6045478786076517,9.45
2022-01-18,1011010101,花叶类,85.852,313.046,140,18,0.1747192843498113,3.646344872571402,1.923064459767973,0.8961116222861043,12.83
2022-01-18,1011010201,花菜类,9.211,64.477,24,1,0.0,7.0,4.1,0.7073170731707319,15.51
2022-01-18,1011010402,水生根茎类,32.418,194.508,44,2,0.0,6.0,4.690895490159788,0.279073475967724,13.65
2022-01-18,1011010501,茄类,8.478000000000002,89.446,18,3,0.0,10.550365652276477,6.450324368954941,0.6356333493947701,6.68
2022-01-18,1011010504,辣椒类,56.238,518.9558,138,10,0.0,9.227849496781534,6.03768661758953,0.5283750352159942,9.24
2022-01-18,1011010801,食用菌,38.752,327.268,86,7,0.025805119735755572,8.445189925681253,5.309495767960363,0.59058228780272,9.45
2022-01-19,1011010101,花叶类,129.677,519.6736,207,20,0.09253761268382212,4.0074461932339585,2.093778310725881,0.913978272057197,12.83
2022-01-19,1011010201,花菜类,16.223,113.56099999999999,36,1,0.0,7.0,4.1,0.7073170731707319,15.51
2022-01-19,1011010402,水生根茎类,50.388999999999996,302.334,61,2,0.0,6.000000000000001,4.761942090535633,0.2599901229216983,13.65
2022-01-19,1011010501,茄类,4.2059999999999995,45.372,10,4,0.0,10.787446504992868,6.155893961008084,0.7523769209348639,6.68
2022-01-19,1011010504,辣椒类,55.99,541.0184,153,14,0.0,9.662768351491339,5.658007501339524,0.7078040899033262,9.24
2022-01-19,1011010801,食用菌,72.068,546.156,131,8,0.0,7.578342676361214,4.654704723316867,0.6281038490796063,9.45
2022-01-20,1011010101,花叶类,134.88,573.1784,237,19,0.051897983392645314,4.249543297746145,2.3165731020166076,0.8344093238615529,12.83
2022-01-20,1011010201,花菜类,32.318,226.226,68,1,0.0,7.0,4.16,0.6826923076923077,15.51
2022-01-20,1011010402,水生根茎类,55.56,333.36,67,2,0.0,6.0,4.760089632829374,0.2604804662961,13.65
2022-01-20,1011010501,茄类,22.912,250.06,53,4,0.0,10.91393156424581,6.44964560055866,0.6921753907378199,6.68
2022-01-20,1011010504,辣椒类,68.17,657.9262,158,13,0.014669209329617133,9.651257151239548,5.356846119994132,0.8016677976275564,9.24
2022-01-20,1011010801,食用菌,78.146,593.315,145,10,0.0639828014229775,7.59239116525478,4.738259667801295,0.6023586079185679,9.45
2022-01-21,1011010101,花叶类,146.062,597.668,260,20,0.05477126151908093,4.091878791198258,2.140804863688023,0.9113740166626243,12.83
2022-01-21,1011010201,花菜类,32.031,224.217,69,1,0.0,7.000000000000001,4.44,0.5765765765765767,15.51
2022-01-21,1011010402,水生根茎类,58.294,405.039,74,2,0.0,6.948210793563661,4.734227707825848,0.4676545410095123,13.65
2022-01-21,1011010501,茄类,23.798,254.98200000000003,55,3,0.0,10.714429784015465,6.40515043280948,0.6727834726772863,6.68
2022-01-21,1011010504,辣椒类,81.348,831.4364,183,14,0.024585730442051434,10.220735605054827,5.173530265034175,0.9755824517221245,9.24
2022-01-21,1011010801,食用菌,77.10300000000001,602.621,142,10,0.0,7.815791862832833,5.088029129865245,0.5361138199772515,9.45
2022-01-22,1011010101,花叶类,210.297,1085.6298,416,21,0.004755179579356814,5.162364655701222,2.918872879784305,0.7686157870920038,12.83
2022-01-22,1011010201,花菜类,64.541,516.328,121,1,0.0,8.0,4.68,0.7094017094017095,15.51
2022-01-22,1011010402,水生根茎类,64.682,631.7159999999999,76,2,0.0,9.766488358430474,5.3084981911505515,0.8397836839638646,13.65
2022-01-22,1011010501,茄类,22.592,328.213,46,4,0.0,14.527841713881022,6.558847822237961,1.2149990528250951,6.68
2022-01-22,1011010504,辣椒类,103.67999999999999,1249.931,235,11,0.02893518518518519,12.05566165123457,5.69123119212963,1.1182871059440131,9.24
2022-01-22,1011010801,食用菌,97.639,810.8140000000001,184,8,0.0,8.304202214279131,5.468478784092421,0.5185580016211662,9.45
2022-01-23,1011010101,花叶类,186.693,1042.094,321,22,0.0,5.581858987749943,3.0857614372258197,0.8089081418971196,12.83
2022-01-23,1011010201,花菜类,74.249,590.2622,137,2,0.0,7.949766326819217,5.099517569260192,0.5589251765187118,15.51
2022-01-23,1011010402,水生根茎类,68.285,722.19,88,2,0.0,10.576114812916455,7.583763198359815,0.3945734507116221,13.65
2022-01-23,1011010501,茄类,25.009,356.997,59,3,0.0,14.274741093206446,9.023056099804071,0.5820295180827271,6.68
2022-01-23,1011010504,辣椒类,124.431,1472.4866,253,11,0.0,11.833760075865339,7.16641471980455,0.6512803875503428,9.24
2022-01-23,1011010801,食用菌,89.483,935.8899999999999,175,6,0.0,10.458858107126492,6.609256283316383,0.5824561280105878,9.45
2022-01-24,1011010101,花叶类,187.463,839.58,292,25,0.0960189477390205,4.478643785707047,2.700807252631186,0.6582611666729841,12.83
2022-01-24,1011010201,花菜类,22.147,199.323,45,1,0.0,9.000000000000002,5.73,0.5706806282722514,15.51
2022-01-24,1011010402,水生根茎类,38.076,444.432,42,2,0.0,11.672234478411598,8.719760479041916,0.33859576836611516,13.65
2022-01-24,1011010501,茄类,25.579,367.66799999999995,49,3,0.0,14.37382227608585,9.368802924273817,0.5342218629494735,6.68
2022-01-24,1011010504,辣椒类,117.056,1434.487,229,12,0.0,12.254707148715147,7.469469228403499,0.6406396189591679,9.24
2022-01-24,1011010801,食用菌,68.44300000000001,845.232,163,7,0.0,12.349429452244932,7.768483993980391,0.5896833232602658,9.45
2022-01-25,1011010101,花叶类,153.198,837.6786,256,23,0.0979125053851878,5.467947362237104,3.3511077168109247,0.6316835578895286,12.83
2022-01-25,1011010201,花菜类,48.877,488.77,86,1,0.0,10.0,6.0,0.6666666666666667,15.51
2022-01-25,1011010402,水生根茎类,70.849,804.174,72,2,0.0,11.350534234781012,8.443624327795735,0.34427276654362293,13.65
2022-01-25,1011010501,茄类,26.834000000000003,382.132,53,4,0.0,14.240590295893268,9.597070507565027,0.4838476266969094,6.68
2022-01-25,1011010504,辣椒类,85.379,1275.5726,204,12,0.011712481992058937,14.940121107063797,9.634854472411249,0.5506327729021563,9.24
2022-01-25,1011010801,食用菌,83.043,962.25,176,7,0.036125862504967306,11.587370398468263,7.319024722131907,0.5831850333049646,9.45
2022-01-26,1011010101,花叶类,172.651,1024.105,267,24,0.05792031323305396,5.931648238353673,3.3875978708492855,0.7509894811885045,12.83
2022-01-26,1011010201,花菜类,32.217,322.17,63,1,0.0,10.0,6.22,0.6077170418006432,15.51
2022-01-26,1011010402,水生根茎类,64.858,745.971,65,2,0.0,11.501603503037405,8.483661229146751,0.35573583060131053,13.65
2022-01-26,1011010501,茄类,31.875,462.492,62,4,0.0,14.509552941176471,9.457497411764704,0.5341852404978971,6.68
2022-01-26,1011010504,辣椒类,93.362,1397.9538,204,11,0.021421991816799126,14.973477431931622,10.268856922516656,0.458144518412666,9.24
2022-01-26,1011010801,食用菌,87.094,866.1840000000001,148,8,0.03444554159873241,9.945392334718811,6.2868046019243575,0.581947104205303,9.45
2022-01-27,1011010101,花叶类,170.614,847.6926000000001,250,22,0.08150562087519196,4.968482070638987,2.844923980447091,0.7464375515082025,12.83
2022-01-27,1011010201,花菜类,58.027,580.27,89,1,0.0,10.0,6.4,0.5625,15.51
2022-01-27,1011010402,水生根茎类,95.025,1118.58,86,3,0.0,11.77142857142857,8.762157327019205,0.3434395357328157,13.65
2022-01-27,1011010501,茄类,21.963,356.442,43,4,0.0,16.22920366070209,9.4466871556709,0.717978312742114,6.68
2022-01-27,1011010504,辣椒类,157.221,2299.201,305,13,0.0,14.624006971078927,9.868122070206907,0.48194427136553486,9.24
2022-01-27,1011010801,食用菌,66.621,678.1152,117,8,0.0,10.1787004097807,6.339703546929647,0.6055483248440376,9.45
2022-01-28,1011010101,花叶类,188.131,1082.726,275,23,0.06378534106553413,5.755170599210126,3.391928071397058,0.6967254252062314,12.83
2022-01-28,1011010201,花菜类,85.253,852.53,124,1,0.0,10.0,6.320000000000001,0.582278481012658,15.51
2022-01-28,1011010402,水生根茎类,197.934,2192.236,192,3,0.20208756454171592,11.075590853516829,7.9426471955298235,0.3944457787008653,13.65
2022-01-28,1011010501,茄类,54.803,968.3842,85,4,0.0,17.67027717460723,9.472520117511817,0.8654251408704052,6.68
2022-01-28,1011010504,辣椒类,222.648,3474.2282,416,13,0.0,15.604129388092415,10.191828267040352,0.531043202381565,9.24
2022-01-28,1011010801,食用菌,144.04,1414.4326,200,9,0.0,9.819720910858097,6.299720563732298,0.5587549973867982,9.45
2022-01-29,1011010101,花叶类,208.256,1440.725,333,15,0.0,6.918047979409956,4.010699523663184,0.7248980978488604,12.83
2022-01-29,1011010201,花菜类,90.907,909.07,129,1,0.0,10.000000000000002,6.13,0.6313213703099514,15.51
2022-01-29,1011010402,水生根茎类,200.905,2262.968,211,3,0.0,11.263870983798311,7.913040043801797,0.42345684104318226,13.65
2022-01-29,1011010501,茄类,86.261,1518.482,138,4,0.0,17.603343341718737,10.09514670592736,0.7437431921007094,6.68
2022-01-29,1011010504,辣椒类,356.647,6284.807400000001,751,14,0.0,17.621927003451596,10.859335673649294,0.6227444783949407,9.24
2022-01-29,1011010801,食用菌,195.987,1854.334,294,7,0.0,9.461515304586529,5.981360192257649,0.5818333958275306,9.45
2022-01-30,1011010101,花叶类,229.022,1825.693,399,15,0.017465570993179694,7.971692675812804,4.338456523827405,0.837449017186449,12.83
2022-01-30,1011010201,花菜类,102.12800000000001,999.3668,166,2,0.0,9.785433965220115,6.057353321322262,0.6154636267913869,15.51
2022-01-30,1011010402,水生根茎类,234.678,2746.652,249,3,0.0,11.703917708519759,7.98657956860038,0.4654480817463176,13.65
2022-01-30,1011010501,茄类,88.02799999999999,1526.0572000000002,142,4,0.0,17.336043077202714,10.475054641704912,0.6549835461651694,6.68
2022-01-30,1011010504,辣椒类,403.185,7456.5416000000005,906,13,0.0,18.494094770390763,11.963875168967098,0.5458281291969926,9.24
2022-01-30,1011010801,食用菌,153.261,1925.8152,296,8,0.0,12.56559202928338,7.524669615884016,0.6699194344371415,9.45
2022-02-01,1011010101,花叶类,63.003,596.783,130,12,0.0,9.47229497008079,5.175297208069457,0.8302900469776582,12.83
2022-02-01,1011010201,花菜类,13.968,139.68,23,1,0.0,10.0,6.4,0.5625,15.51
2022-02-01,1011010402,水生根茎类,38.25,458.31500000000005,48,3,0.0,11.982091503267975,7.858080522875818,0.524811494153905,13.65
2022-02-01,1011010501,茄类,18.86,328.4054,37,4,0.0,17.412799575821843,10.159988865323434,0.7138601042421047,6.68
2022-02-01,1011010504,辣椒类,52.92,1049.8752,165,9,0.0,19.83891156462585,12.697583711262283,0.5624162845273841,9.24
2022-02-01,1011010801,食用菌,46.534,423.7264,78,8,0.0,9.10573774014699,5.485924270425925,0.659836572888022,9.45
2022-02-02,1011010101,花叶类,88.412,698.808,177,13,0.0,7.903994932814549,4.223372845315115,0.871488789246315,12.83
2022-02-02,1011010201,花菜类,38.729,387.29,67,1,0.0,10.0,6.4,0.5625,15.51
2022-02-02,1011010402,水生根茎类,37.868,514.747,46,2,0.0,13.59319214112179,8.51848896165628,0.5957280924243655,13.65
2022-02-02,1011010501,茄类,29.266000000000002,507.798,58,3,0.0,17.351124171393426,10.503132987083989,0.6519950944856752,6.68
2022-02-02,1011010504,辣椒类,89.27,1687.0262,264,9,0.0,18.898019491430492,12.319976475859752,0.5339330824583974,9.24
2022-02-02,1011010801,食用菌,104.522,834.5944000000001,156,7,0.1003138095329213,7.984868257400356,4.88421576318861,0.6348311877580766,9.45
2022-02-03,1011010101,花叶类,116.536,705.078,194,12,0.0,6.050302052584609,3.7482547024095556,0.6141651336274423,12.83
2022-02-03,1011010201,花菜类,26.229,262.29,54,1,0.0,10.000000000000002,6.4,0.5625000000000002,15.51
2022-02-03,1011010402,水生根茎类,7.01,74.07600000000001,10,2,0.0,10.567189728958631,7.147492154065621,0.4784471953491862,13.65
2022-02-03,1011010501,茄类,51.214999999999996,732.486,91,3,0.0,14.302177096553745,10.906250903055746,0.31137429568455266,6.68
2022-02-03,1011010504,辣椒类,125.952,2348.7062,344,9,0.0,18.647629255589433,13.38968003683943,0.3926866963425302,9.24
2022-02-03,1011010801,食用菌,46.152,505.95540000000005,101,7,0.0,10.96280551222049,7.4945625325013,0.4627679020194482,9.45
2022-02-04,1011010101,花叶类,216.497,1324.3794,347,20,0.0,6.117310632479896,3.5279271768200022,0.7339673768419188,12.83
2022-02-04,1011010201,花菜类,48.036,480.36,97,1,0.0,10.0,6.3,0.5873015873015874,15.51
2022-02-04,1011010402,水生根茎类,55.923,666.018,56,2,0.0,11.909554208465211,7.531864170377125,0.581222648080348,13.65
2022-02-04,1011010501,茄类,49.812,717.406,105,4,0.0,14.402272544768328,10.655739982333573,0.35159759609808683,6.68
2022-02-04,1011010504,辣椒类,168.229,2445.1094000000003,456,11,0.0,14.534410832852839,11.188275386526698,0.29907517742686873,9.24
2022-02-04,1011010801,食用菌,62.232,585.0328000000001,107,7,0.0,9.400835582979818,5.6988979946008484,0.6495883224943131,9.45
2022-02-05,1011010101,花叶类,208.189,1364.3690000000001,356,22,0.0,6.553511472748321,3.8276102003468004,0.7121679402344943,12.83
2022-02-05,1011010201,花菜类,45.665,410.985,93,1,0.0,9.0,5.24,0.7175572519083968,15.51
2022-02-05,1011010402,水生根茎类,2.203,21.456,5,3,0.0,9.739446209714027,6.478983204720835,0.5032368354678698,13.65
2022-02-05,1011010501,茄类,43.637,541.492,82,2,0.0,12.409010701927263,10.907210624011732,0.1376887390997461,6.68
2022-02-05,1011010504,辣椒类,79.349,1235.302,193,13,0.0,15.567959268547806,10.662128445223,0.4601174004354436,9.24
2022-02-05,1011010801,食用菌,94.217,778.4774,142,10,0.0,8.262600167697974,4.936681809015358,0.6737153592943403,9.45
2022-02-06,1011010101,花叶类,219.985,1398.8696,395,19,0.01363729345182626,6.358931745346273,3.81760060913244,0.6656880581311928,12.83
2022-02-06,1011010201,花菜类,52.784,475.056,115,1,0.0,9.0,5.2,0.7307692307692306,15.51
2022-02-06,1011010402,水生根茎类,66.88,779.7439999999999,89,2,0.0,11.658851674641149,6.885864832535886,0.6931572080173254,13.65
2022-02-06,1011010501,茄类,38.299,476.72400000000005,86,3,0.0,12.447426825765687,10.517076424971933,0.18354439226193087,6.68
2022-02-06,1011010504,辣椒类,127.90299999999999,1530.6255999999998,261,8,0.0,11.967081303800535,8.988927233919455,0.3313136253504314,9.24
2022-02-06,1011010801,食用菌,90.519,789.7434000000001,133,9,0.0,8.72461472177112,5.198162816646228,0.6784035109158244,9.45
2022-02-07,1011010101,花叶类,160.054,838.913,253,17,0.04373523935671711,5.241437264923088,2.846918352556012,0.8410915298000157,12.83
2022-02-07,1011010201,花菜类,43.144,388.296,99,1,0.0,9.0,5.47,0.6453382084095065,15.51
2022-02-07,1011010402,水生根茎类,41.735,494.184,58,2,0.0,11.8409967653049,6.934013657601533,0.7076685091792401,13.65
2022-02-07,1011010501,茄类,25.718,319.606,63,3,0.0,12.427327163854109,10.605568862275451,0.1717737469093945,6.68
2022-02-07,1011010504,辣椒类,105.783,1367.798,229,12,0.0,12.930225083425503,8.899759602204513,0.4528735225862308,9.24
2022-02-07,1011010801,食用菌,89.43,648.0116,135,10,0.0,7.246020351112602,4.330266465391926,0.6733428321383395,9.45
2022-02-08,1011010101,花叶类,162.297,965.4962,281,19,0.012323086686753299,5.94894668416545,3.3950438393808886,0.7522444379540867,12.83
2022-02-08,1011010201,花菜类,44.616,341.60720000000003,83,2,0.0,7.656607495069034,5.177275865160481,0.4788872941062994,15.51
2022-02-08,1011010402,水生根茎类,29.778,294.99,35,2,0.0,9.906306669353215,6.922234535563167,0.43108509520434435,13.65
2022-02-08,1011010501,茄类,28.360999999999997,349.446,63,3,0.0,12.321356792778818,8.37901484432848,0.4705018455861547,6.68
2022-02-08,1011010504,辣椒类,83.106,1018.077,168,13,0.036098476644285615,12.250342935528122,8.108931003778308,0.5107223048044371,9.24
2022-02-08,1011010801,食用菌,48.124,406.82800000000003,77,10,0.0,8.45374449339207,5.14274125176627,0.6438206939710682,9.45
2022-02-09,1011010101,花叶类,138.288,740.5578,235,20,0.0,5.355184831655675,2.972719107948629,0.8014432703502565,12.83
2022-02-09,1011010201,花菜类,25.255,227.29500000000002,61,1,0.0,9.000000000000002,5.95,0.5126050420168069,15.51
2022-02-09,1011010402,水生根茎类,30.194,300.006,41,2,0.0,9.935947539246207,6.947156719878122,0.4302178488094506,13.65
2022-02-09,1011010501,茄类,17.827,217.334,40,3,0.0,12.191282885510741,7.956206877208727,0.5322983770612819,6.68
2022-02-09,1011010504,辣椒类,81.859,913.734,153,13,0.10994514958648409,11.162291256917383,7.571119241622791,0.47432511636481145,9.24
2022-02-09,1011010801,食用菌,54.398,386.70120000000003,84,11,0.1838302878782308,7.1087392918857315,4.546667156880767,0.5635055407844434,9.45
2022-02-10,1011010101,花叶类,116.133,583.8774,180,18,0.1463838874394014,5.027661388235902,2.8910544806385783,0.7390406932509237,12.83
2022-02-10,1011010201,花菜类,23.057,184.456,51,1,0.0,8.0,5.2,0.5384615384615383,15.51
2022-02-10,1011010402,水生根茎类,29.540000000000003,293.59000000000003,35,2,0.0,9.938727149627624,6.949143534190927,0.4302089316082556,13.65
2022-02-10,1011010501,茄类,18.122,205.86,37,3,0.0,11.35967332524004,7.943259022182983,0.43010234130803293,6.68
2022-02-10,1011010504,辣椒类,95.39,900.0088000000001,155,12,0.11531607086696719,9.435043505608554,6.775842855645246,0.3924531171421448,9.24
2022-02-10,1011010801,食用菌,45.478,305.704,72,9,0.06596596156383305,6.722019437970007,4.484084612340032,0.4990839868345176,9.45
2022-02-11,1011010101,花叶类,132.508,677.0574,213,19,0.0603737132852356,5.109558668155885,3.021977088175808,0.690799936289467,12.83
2022-02-11,1011010201,花菜类,24.982,199.856,55,1,0.0,8.0,5.2,0.5384615384615383,15.51
2022-02-11,1011010402,水生根茎类,38.286,375.374,53,2,0.0,9.804471608420833,5.9535203468630815,0.6468359957124903,13.65
2022-02-11,1011010501,茄类,16.355999999999998,188.334,39,3,0.0,11.514673514306677,7.809862435803376,0.4743759712743518,6.68
2022-02-11,1011010504,辣椒类,80.496,817.711,142,12,0.07453786523553965,10.158405386603063,6.9918764907573046,0.45288684661859424,9.24
2022-02-11,1011010801,食用菌,44.35,309.1,70,8,0.20293122886133033,6.969560315670801,4.990586245772265,0.3965414026408236,9.45
2022-02-12,1011010101,花叶类,154.467,871.2256,262,20,0.03884324807240381,5.640205351304809,3.2963374054005063,0.7110521944944899,12.83
2022-02-12,1011010201,花菜类,35.481,283.848,78,1,0.0,8.0,5.32,0.5037593984962405,15.51
2022-02-12,1011010402,水生根茎类,58.417,482.536,71,3,0.0,8.260198229967305,5.659058150880737,0.4596418714449406,13.65
2022-02-12,1011010501,茄类,19.233,189.786,46,2,0.0,9.86772734362814,7.1957500129984915,0.37132714808087486,6.68
2022-02-12,1011010504,辣椒类,63.244,671.8514,129,12,0.015811776611220036,10.623164252735437,7.02103424830814,0.5130483454478667,9.24
2022-02-12,1011010801,食用菌,44.628,306.904,75,8,0.06722237160527024,6.876938245047952,4.470198081921663,0.5383967598347836,9.45
2022-02-13,1011010101,花叶类,165.85,881.5966,275,19,0.01808863430810974,5.315626168224299,3.1941482062104307,0.6641764329811144,12.83
2022-02-13,1011010201,花菜类,37.882,303.056,78,1,0.0,8.0,5.43,0.4732965009208103,15.51
2022-02-13,1011010402,水生根茎类,38.757,309.756,52,4,0.0,7.992259462806718,5.15141006785871,0.551470249412481,13.65
2022-02-13,1011010501,茄类,18.593,178.25900000000001,41,2,0.0,9.587425375141184,6.752042166406713,0.41992972479367663,6.68
2022-02-13,1011010504,辣椒类,53.381,583.6494,131,12,0.0,10.933654296472527,6.502216518986155,0.6815272552900675,9.24
2022-02-13,1011010801,食用菌,62.028,394.004,87,7,0.0,6.3520345650351455,3.884123944025279,0.6353841063198071,9.45
2022-02-14,1011010101,花叶类,150.014,631.1668,217,17,0.06666044502513098,4.207385977308784,2.4342624688362418,0.7284027631253036,12.83
2022-02-14,1011010201,花菜类,35.754,286.032,80,1,0.0,8.0,5.24,0.5267175572519083,15.51
2022-02-14,1011010402,水生根茎类,24.829,198.632,35,2,0.0,8.0,5.152903459664103,0.5525227791714709,13.65
2022-02-14,1011010501,茄类,22.165,215.701,50,2,0.0,9.731603879990978,7.135717121588089,0.36378778953406177,6.68
2022-02-14,1011010504,辣椒类,56.165,567.3326000000001,112,13,0.0,10.101176889521946,6.06578064630998,0.6652723661655708,9.24
2022-02-14,1011010801,食用菌,43.618,351.324,82,8,0.0,8.054564629281488,5.053516896694026,0.5938533092766991,9.45
2022-02-15,1011010101,花叶类,154.453,822.6562,262,18,0.01942338445999754,5.326255883666876,3.0390343988138784,0.752614542877728,12.83
2022-02-15,1011010201,花菜类,30.547,244.376,70,1,0.0,8.0,5.09,0.5717092337917486,15.51
2022-02-15,1011010402,水生根茎类,50.086999999999996,399.596,68,3,0.0,7.978038213508496,5.166465350290494,0.5441965972073957,13.65
2022-02-15,1011010501,茄类,13.33,131.351,28,3,0.0,9.853788447111778,7.069357839459865,0.3938732019066469,6.68
2022-02-15,1011010504,辣椒类,65.561,663.9596,128,10,0.0,10.12735620262046,6.364912371684385,0.591122644150464,9.24
2022-02-15,1011010801,食用菌,54.996,390.528,87,8,0.0,7.101025529129391,4.486238999199941,0.5828460165398592,9.45
2022-02-16,1011010101,花叶类,99.015,358.373,135,13,0.16159167802858151,3.6193809018835528,1.9500149472302175,0.8560785428975746,12.83
2022-02-16,1011010201,花菜类,21.875,175.0,47,1,0.0,8.0,5.16,0.5503875968992247,15.51
2022-02-16,1011010402,水生根茎类,25.240000000000002,199.72000000000003,35,3,0.0,7.912836767036451,5.099620839936608,0.5516519787253071,13.65
2022-02-16,1011010501,茄类,8.002,80.02,20,1,0.0,9.999999999999998,6.53,0.5313935681470134,6.68
2022-02-16,1011010504,辣椒类,50.306,404.0908,73,9,0.01987834453146742,8.032656144396295,5.6518278137796685,0.42124926821230324,9.24
2022-02-16,1011010801,食用菌,19.235,148.83,42,8,0.10397712503249286,7.7374577592929565,4.8745515986482975,0.5873168234465991,9.45
2022-02-17,1011010101,花叶类,112.077,458.30899999999997,172,14,0.01784487450592004,4.089233294966853,2.387298553672921,0.7129123999490807,12.83
2022-02-17,1011010201,花菜类,20.645,165.16,47,1,0.0,8.0,5.3,0.509433962264151,15.51
2022-02-17,1011010402,水生根茎类,38.54,299.02,55,3,0.0,7.758692267773741,5.089832641411521,0.5243511554089306,13.65
2022-02-17,1011010501,茄类,16.258000000000003,151.975,37,2,0.0,9.347705744864065,6.005990281707467,0.5563970813163834,6.68
2022-02-17,1011010504,辣椒类,66.319,471.302,99,12,0.06031454032780952,7.106590871394322,5.92274702573923,0.19988087293114365,9.24
2022-02-17,1011010801,食用菌,28.335,250.23000000000002,56,6,0.03529204164460914,8.831127580730545,5.545509087700723,0.5924827533538681,9.45
2022-02-18,1011010101,花叶类,98.783,444.0188,163,17,0.14172479070285374,4.494890821295162,2.4924916230525493,0.8033724886867539,12.83
2022-02-18,1011010201,花菜类,24.401,195.208,52,1,0.0,8.0,5.3,0.509433962264151,15.51
2022-02-18,1011010402,水生根茎类,34.695,274.46,41,2,0.0,7.9106499495604545,5.159936590286785,0.5330905353472157,13.65
2022-02-18,1011010501,茄类,13.181000000000001,124.178,33,2,0.0,9.420984750777633,6.054508003945073,0.556028127246506,6.68
2022-02-18,1011010504,辣椒类,77.479,604.1516,125,14,0.1161605080086217,7.797617418913513,5.874508963719201,0.32736497076970594,9.24
2022-02-18,1011010801,食用菌,44.249,328.682,80,6,0.02259938077696671,7.428009672534973,4.517815091866482,0.6441597368399994,9.45
2022-02-19,1011010101,花叶类,120.64,753.945,223,18,0.008289124668435014,6.249544098143237,3.4177200762599473,0.8285710820946428,12.83
2022-02-19,1011010201,花菜类,49.665,397.32,88,1,0.0,8.0,5.3,0.509433962264151,15.51
2022-02-19,1011010402,水生根茎类,38.763,307.00399999999996,60,2,0.0,7.920026829708743,4.374779299847793,0.8103831729258424,13.65
2022-02-19,1011010501,茄类,19.604000000000003,194.127,52,3,0.0,9.902417873903284,6.396242093450316,0.5481618314671446,6.68
2022-02-19,1011010504,辣椒类,84.409,644.9956,135,16,0.09477662334585174,7.641313130116456,5.795498110391072,0.31849117790512604,9.24
2022-02-19,1011010801,食用菌,49.453,330.154,85,5,0.0,6.676116716882696,3.9620164600732,0.6850300305817889,9.45
2022-02-20,1011010101,花叶类,105.91799999999999,660.4082,198,15,0.04720632942464926,6.23508940878793,3.504955626050341,0.7789353344293599,12.83
2022-02-20,1011010201,花菜类,36.386,278.538,67,2,0.0,7.655087121420326,4.980608200956412,0.5369783794578225,15.51
2022-02-20,1011010402,水生根茎类,35.58,284.64,50,1,0.0,8.0,4.74,0.6877637130801686,13.65
2022-02-20,1011010501,茄类,19.499,188.78300000000002,45,2,0.0,9.681675983383764,6.702309862044208,0.44452825707327825,6.68
2022-02-20,1011010504,辣椒类,80.204,635.0724,169,12,0.08727744252157,7.9182135554336455,5.314010024437684,0.490063721938788,9.24
2022-02-20,1011010801,食用菌,29.076,238.268,56,5,0.0,8.19466226441051,4.871412849085156,0.6821941638449829,9.45
2022-02-21,1011010101,花叶类,85.387,477.69520000000006,133,15,0.09369107709604506,5.594472226451334,3.162682609764952,0.768900935294013,12.83
2022-02-21,1011010201,花菜类,28.045,224.36,53,1,0.0,8.0,5.4,0.4814814814814814,15.51
2022-02-21,1011010402,水生根茎类,26.034,208.272,36,1,0.0,8.0,5.1,0.5686274509803924,13.65
2022-02-21,1011010501,茄类,12.818999999999999,124.01400000000001,29,3,0.0,9.67423355956003,6.898399251111631,0.4023881783880645,6.68
2022-02-21,1011010504,辣椒类,54.127,544.3702000000001,117,12,0.05542520368762355,10.057276405490791,6.017447484619506,0.6713525844965027,9.24
2022-02-21,1011010801,食用菌,11.197,118.946,29,4,0.0,10.623024024292222,6.399607037599357,0.6599494253130218,9.45
2022-02-22,1011010101,花叶类,78.356,451.291,132,15,0.1531471744346317,5.759495124814948,3.38977959569146,0.6990765807120578,12.83
2022-02-22,1011010201,花菜类,21.47,171.76,44,1,0.0,8.0,5.49,0.45719489981785055,15.51
2022-02-22,1011010402,水生根茎类,25.201,201.608,42,1,0.0,8.0,5.0,0.6000000000000001,13.65
2022-02-22,1011010501,茄类,14.992999999999999,140.705,32,2,0.0,9.384712866004136,7.403695057693591,0.26757150218551473,6.68
2022-02-22,1011010504,辣椒类,83.428,750.9346,161,15,0.1678093685573189,9.000990075274489,6.100245001678094,0.47551288067912667,9.24
2022-02-22,1011010801,食用菌,14.498999999999999,139.082,42,3,0.0,9.592523622318781,5.6747913649217185,0.6903746773166357,9.45
2022-02-23,1011010101,花叶类,65.21000000000001,399.698,113,19,0.061340285232326326,6.129397331697591,3.2808576905382605,0.8682301732788649,12.83
2022-02-23,1011010201,花菜类,28.796,230.368,65,1,0.0,8.0,5.6,0.4285714285714286,15.51
2022-02-23,1011010402,水生根茎类,17.076,136.608,27,1,0.0,8.0,5.0,0.6000000000000001,13.65
2022-02-23,1011010501,茄类,10.987,121.351,27,4,0.0,11.04496222808774,7.756031673796304,0.4240481076686502,6.68
2022-02-23,1011010504,辣椒类,46.044,400.681,68,13,0.19546520719311963,8.70213274259404,5.766709017461559,0.5090292775730554,9.24
2022-02-23,1011010801,食用菌,16.979,123.322,31,5,0.0,7.26320749160728,4.211955945579834,0.724426272603713,9.45
2022-02-24,1011010101,花叶类,75.146,363.918,125,15,0.23953370771564686,4.84281265802571,2.9259321853458604,0.6551349625532297,12.83
2022-02-24,1011010201,花菜类,34.624,276.992,69,1,0.0,8.0,5.74,0.39372822299651555,15.51
2022-02-24,1011010402,水生根茎类,19.778,158.224,29,1,0.0,8.0,5.0,0.6000000000000001,13.65
2022-02-24,1011010501,茄类,11.295,129.84,26,3,0.0,11.49535192563081,7.476000000000001,0.5376340189447311,6.68
2022-02-24,1011010504,辣椒类,60.707,652.5508,122,13,0.24708847414630933,10.749185431663564,6.63714036272588,0.6195507167561036,9.24
2022-02-24,1011010801,食用菌,27.097,182.74599999999998,49,5,0.03690445436764217,6.744141417869136,4.026512160017714,0.6749338260633655,9.45
2022-02-25,1011010101,花叶类,96.432,584.8488,175,16,0.11407001825120291,6.064883026381284,3.7816169943587195,0.6037803498949414,12.83
2022-02-25,1011010201,花菜类,25.668,205.344,51,1,0.0,8.0,5.999999999999999,0.3333333333333335,15.51
2022-02-25,1011010402,水生根茎类,43.644,387.152,54,2,0.0,8.870680964164604,6.145632847585007,0.4434121243755125,13.65
2022-02-25,1011010501,茄类,15.162,166.196,34,3,0.0,10.961350745284262,6.9895092995647,0.5682575522099849,6.68
2022-02-25,1011010504,辣椒类,66.539,729.3868,145,13,0.2554892619366086,10.961793835194397,6.915299749019372,0.5851509309844221,9.24
2022-02-25,1011010801,食用菌,33.498,282.664,70,5,0.0,8.43823511851454,3.412655083885605,1.472630521132793,9.45
2022-02-26,1011010101,花叶类,118.507,832.3856,239,17,0.025314960297703932,7.023936138793489,4.014170386559443,0.7497852513464742,12.83
2022-02-26,1011010201,花菜类,29.244,292.44,61,1,0.0,10.0,6.070000000000001,0.6474464579901149,15.51
2022-02-26,1011010402,水生根茎类,40.831,326.648,60,1,0.0,8.0,4.85,0.6494845360824744,13.65
2022-02-26,1011010501,茄类,22.413,256.31399999999996,49,4,0.0,11.43595234908312,7.759905412037657,0.4737231630868781,6.68
2022-02-26,1011010504,辣椒类,96.277,1020.8488,213,16,0.031160090156527518,10.603246881394309,8.185049700343798,0.2954407449656584,9.24
2022-02-26,1011010801,食用菌,44.56,309.48,73,6,0.0,6.94524236983842,3.758123877917414,0.8480610526567223,9.45
2022-02-27,1011010101,花叶类,94.607,574.5276,195,15,0.04228016954347987,6.0727810838521465,3.419208938027842,0.7760777986720089,12.83
2022-02-27,1011010201,花菜类,34.072,340.72,70,1,0.0,10.0,6.6,0.5151515151515151,15.51
2022-02-27,1011010402,水生根茎类,33.609,268.872,55,1,0.0,8.0,4.8,0.6666666666666667,13.65
2022-02-27,1011010501,茄类,17.194,203.20000000000002,43,3,0.0,11.81807607304874,8.730795626381296,0.35360814509720084,6.68
2022-02-27,1011010504,辣椒类,90.84200000000001,1024.7628,204,13,0.07705686796856079,11.280715968384666,8.924084674489771,0.2640754071542506,9.24
2022-02-27,1011010801,食用菌,30.748,218.064,59,5,0.13008976193573565,7.091973461688565,4.025549629244178,0.761740411835421,9.45
2022-02-28,1011010101,花叶类,77.285,456.0546,167,18,0.15526945720385588,5.9009458497768,3.350921912402148,0.7609917521314715,12.83
2022-02-28,1011010201,花菜类,22.582,225.82,45,1,0.0,10.0,6.6,0.5151515151515151,15.51
2022-02-28,1011010402,水生根茎类,29.583,177.498,31,1,0.0,6.0,4.61,0.30151843817787416,13.65
2022-02-28,1011010501,茄类,14.358,156.606,36,3,0.0,10.907229419139155,7.323763058921856,0.4892930494046903,6.68
2022-02-28,1011010504,辣椒类,66.122,663.3378,144,14,0.13611203532863494,10.032028674268776,7.631303650827259,0.3145891099722222,9.24
2022-02-28,1011010801,食用菌,11.887,132.36599999999999,35,4,0.08412551526878102,11.135357954067468,7.242621351055775,0.5374762001667033,9.45
2022-03-01,1011010101,花叶类,75.286,439.0974,149,17,0.15939218446988815,5.8323911484206885,3.754713625375236,0.5533517946625863,12.83
2022-03-01,1011010201,花菜类,22.944,229.44,44,1,0.0,10.0,6.6,0.5151515151515151,15.51
2022-03-01,1011010402,水生根茎类,5.051,30.306,8,1,0.0,6.0,4.6,0.30434782608695654,13.65
2022-03-01,1011010501,茄类,13.075,169.78400000000002,31,3,0.0,12.985391969407267,9.46961759082218,0.37126888650630696,6.68
2022-03-01,1011010504,辣椒类,60.582,627.8882,138,14,0.06602621240632531,10.364269915156317,7.416048826384075,0.3975460730899394,9.24
2022-03-01,1011010801,食用菌,18.112000000000002,141.716,39,5,0.0,7.824425795053004,4.626457597173144,0.6912347364501688,9.45
2022-03-02,1011010101,花叶类,70.109,391.4318,134,17,0.12837153575147273,5.5831890342181465,3.6341987476643514,0.5362916070031623,12.83
2022-03-02,1011010201,花菜类,18.905,189.05,42,1,0.0,10.0,6.6,0.5151515151515151,15.51
2022-03-02,1011010402,水生根茎类,23.171,139.026,33,1,0.0,6.000000000000001,4.6,0.30434782608695676,13.65
2022-03-02,1011010501,茄类,8.61,113.056,21,4,0.0,13.130778164924507,8.686931475029036,0.5115553982058569,6.68
2022-03-02,1011010504,辣椒类,69.755,740.0594,140,16,0.329725467708408,10.609410078130601,7.474892409146298,0.41933950315444,9.24
2022-03-02,1011010801,食用菌,17.916,165.388,42,4,0.0,9.231301629828087,5.472158964054476,0.6869578699132595,9.45
2022-03-03,1011010101,花叶类,62.041,359.6576,131,18,0.1128286133363421,5.7970954691252565,3.5073016231201946,0.652864820895557,12.83
2022-03-03,1011010201,花菜类,21.88,218.8,42,1,0.0,10.000000000000002,6.6,0.5151515151515156,15.51
2022-03-03,1011010402,水生根茎类,27.705000000000002,166.23,40,1,0.0,5.999999999999999,4.6,0.3043478260869563,13.65
2022-03-03,1011010501,茄类,14.024999999999999,193.3822,31,2,0.0,13.788392156862747,9.628101960784315,0.43209868497690174,6.68
2022-03-03,1011010504,辣椒类,54.075,617.3778,126,14,0.055478502080443824,11.417065187239944,8.084168284789643,0.4122745575102815,9.24
2022-03-03,1011010801,食用菌,15.525,105.25,34,6,0.0,6.77938808373591,4.038647342995169,0.6786283891547049,9.45
2022-03-04,1011010101,花叶类,78.622,502.96680000000003,140,17,0.0635954313042151,6.39727811554018,4.042562132736384,0.5824810863722965,12.83
2022-03-04,1011010201,花菜类,20.119,201.19,48,1,0.0,10.0,6.599999999999999,0.5151515151515154,15.51
2022-03-04,1011010402,水生根茎类,21.276,127.65599999999999,29,1,0.0,6.0,4.6,0.30434782608695654,13.65
2022-03-04,1011010501,茄类,9.296999999999999,111.927,21,3,0.0,12.039044853178448,7.884909110465743,0.5268463700106405,6.68
2022-03-04,1011010504,辣椒类,72.59,709.5126,134,17,0.16531202644992424,9.774247141479542,6.42938944758231,0.5202449970043457,9.24
2022-03-04,1011010801,食用菌,28.908,171.04399999999998,55,5,0.0,5.916839629168395,3.77852497578525,0.5659125365285596,9.45
2022-03-05,1011010101,花叶类,125.495,805.6016000000001,236,19,0.007968444957966453,6.419392007649708,4.17160588071238,0.5388299353325958,12.83
2022-03-05,1011010201,花菜类,29.269,292.69,60,1,0.0,10.0,6.6,0.5151515151515151,15.51
2022-03-05,1011010402,水生根茎类,44.23,265.38,61,1,0.0,6.0,4.6,0.30434782608695654,13.65
2022-03-05,1011010501,茄类,14.835999999999999,204.01279999999997,39,4,0.0,13.751199784308438,9.251205176597466,0.48642252785555895,6.68
2022-03-05,1011010504,辣椒类,103.358,1170.0724,221,19,0.12577642756245283,11.32057895857118,7.311023433115965,0.5484260257317133,9.24
2022-03-05,1011010801,食用菌,33.725,233.35,65,7,0.0,6.919199406968124,4.324091919940696,0.6001508605910992,9.45
2022-03-06,1011010101,花叶类,141.174,951.4866,284,18,0.01416691458767195,6.739814696757192,4.0210543017836144,0.6761312309977063,12.83
2022-03-06,1011010201,花菜类,31.384,310.01,64,2,0.0,9.87796329339791,6.534588325261279,0.5116427847813887,15.51
2022-03-06,1011010402,水生根茎类,47.119,282.714,70,1,0.0,6.0,4.6,0.30434782608695654,13.65
2022-03-06,1011010501,茄类,19.160999999999998,229.54559999999998,38,3,0.0,11.979834037889463,7.972761338134753,0.5025953405363284,6.68
2022-03-06,1011010504,辣椒类,81.904,1119.4264,194,17,0.06104707950771635,13.667542488767339,8.611351948622778,0.5871540926803256,9.24
2022-03-06,1011010801,食用菌,39.323,285.914,82,5,0.0,7.2709101543625865,4.452549398570811,0.6329768641525726,9.45
2022-03-07,1011010101,花叶类,76.68599999999999,510.35360000000003,149,17,0.026080379730328875,6.655107842370186,4.163250788931488,0.5985363793273288,12.83
2022-03-07,1011010201,花菜类,0.632,6.32,2,1,0.0,10.0,6.6,0.5151515151515151,15.51
2022-03-07,1011010402,水生根茎类,24.482,146.892,35,1,0.0,6.0,4.76,0.26050420168067223,13.65
2022-03-07,1011010501,茄类,11.448,143.7516,27,3,0.0,12.55691823899371,7.80877358490566,0.6080525453146959,6.68
2022-03-07,1011010504,辣椒类,52.888999999999996,589.657,102,18,0.11344513982113484,11.148953468585152,7.065123938815255,0.5780265944569842,9.24
2022-03-07,1011010801,食用菌,12.626,96.368,27,4,0.0,7.632504356090607,4.491620465705687,0.6992763334226748,9.45
2022-03-08,1011010101,花叶类,82.174,457.2338,162,17,0.03650789787524034,5.5642149585026885,3.2808261737289164,0.6959798123588248,12.83
2022-03-08,1011010201,花菜类,14.951,123.784,30,1,0.8603437897130626,8.279312420573875,4.8,0.7248567542862241,15.51
2022-03-08,1011010402,水生根茎类,6.754,47.278,9,1,0.0,7.0,4.8,0.4583333333333335,13.65
2022-03-08,1011010501,茄类,9.594000000000001,125.44399999999999,23,3,0.0,13.075255367938292,8.366854283927454,0.5627444824819734,6.68
2022-03-08,1011010504,辣椒类,71.127,743.8088,135,18,0.12653422750854107,10.457474658006102,6.534293025152193,0.6003987910784783,9.24
2022-03-08,1011010801,食用菌,14.096,180.69160000000002,41,5,0.0,12.818643586833145,7.72894438138479,0.658524496269753,9.45
2022-03-09,1011010101,花叶类,66.059,360.4636,129,14,0.07568991356211871,5.456691745258027,3.4558856476785906,0.5789561060631248,12.83
2022-03-09,1011010201,花菜类,15.084,122.72,32,1,0.9321134977459561,8.135773004508088,4.8,0.6949527092725185,15.51
2022-03-09,1011010402,水生根茎类,17.2,120.4,24,1,0.0,7.000000000000001,4.8,0.4583333333333335,13.65
2022-03-09,1011010501,茄类,8.401,114.39520000000002,21,3,0.0,13.616855136293301,8.856624211403405,0.5374768999186879,6.68
2022-03-09,1011010504,辣椒类,62.036,808.0728,130,18,0.0967180346895351,13.025868850344962,8.83998565349152,0.47351696721364545,9.24
2022-03-09,1011010801,食用菌,21.91,193.05599999999998,37,7,0.045641259698767686,8.811319032405294,5.257507987220447,0.6759497187304673,9.45
2022-03-10,1011010101,花叶类,73.508,376.8612,141,16,0.09522773031506776,5.126805245687544,3.1180610273711706,0.6442286410314235,12.83
2022-03-10,1011010201,花菜类,16.971,140.146,39,1,0.871015261328148,8.257969477343703,4.97,0.6615632751194576,15.51
2022-03-10,1011010402,水生根茎类,16.626,116.382,26,1,0.0,7.0,4.8,0.4583333333333335,13.65
2022-03-10,1011010501,茄类,10.189,137.57080000000002,23,3,0.0,13.501894199627051,8.761907939935224,0.5409764964646353,6.68
2022-03-10,1011010504,辣椒类,57.407,656.448,112,17,0.3135506122946679,11.434981796645008,8.375251450171582,0.3653299682615192,9.24
2022-03-10,1011010801,食用菌,14.375,126.50000000000001,28,4,0.0,8.8,5.235478260869565,0.6808397555142176,9.45
2022-03-11,1011010101,花叶类,88.822,527.4428,176,20,0.12384319200198149,5.938199995496611,3.6759766724460157,0.6154074208379836,12.83
2022-03-11,1011010201,花菜类,19.221,161.42800000000003,48,2,0.8310181572238697,8.398522449404298,5.048835128245148,0.6634574582203518,15.51
2022-03-11,1011010402,水生根茎类,29.63,207.41,40,1,0.0,7.0,4.8,0.4583333333333335,13.65
2022-03-11,1011010501,茄类,15.262,216.53680000000003,38,3,0.0,14.187970121871317,9.509129865024244,0.4920366346090641,6.68
2022-03-11,1011010504,辣椒类,53.281,581.6292,104,15,0.35659991366528404,10.916259079221486,8.41820911769674,0.29674363354473465,9.24
2022-03-11,1011010801,食用菌,11.525,160.44,36,3,0.0,13.921041214750542,8.313232104121473,0.674564241728421,9.45
2022-03-12,1011010101,花叶类,129.766,890.7004000000001,247,16,0.0,6.863896552255599,4.226218192746944,0.6241226172457095,12.83
2022-03-12,1011010201,花菜类,27.529,229.57399999999998,58,2,0.8869918994514875,8.339351229612408,6.561057067092884,0.271037752657052,15.51
2022-03-12,1011010402,水生根茎类,37.329,261.303,48,1,0.0,7.0,4.76,0.47058823529411775,13.65
2022-03-12,1011010501,茄类,24.794999999999998,341.552,54,3,0.0,13.775035289372859,9.228626739261948,0.4926419367216175,6.68
2022-03-12,1011010504,辣椒类,95.029,1139.0744,209,16,0.06313862084205875,11.986597775415925,8.607125298593063,0.39263660741354345,9.24
2022-03-12,1011010801,食用菌,23.441000000000003,247.5256,52,4,0.127980888187364,10.559515379036728,6.315908024401688,0.6718918860502312,9.45
2022-03-13,1011010101,花叶类,101.50999999999999,573.2736,182,19,0.009851246182642106,5.647459363609497,3.380083440055167,0.670804719399863,12.83
2022-03-13,1011010201,花菜类,30.393,249.59,61,1,0.8939558450959103,8.212088309808179,7.0,0.17315547282973975,15.51
2022-03-13,1011010402,水生根茎类,28.204,197.428,41,1,0.0,7.0,4.8,0.4583333333333335,13.65
2022-03-13,1011010501,茄类,19.47,248.4488,46,3,0.0,12.760595788392399,7.732956343091936,0.65015748469753,6.68
2022-03-13,1011010504,辣椒类,77.90299999999999,986.548,175,16,0.038509428391717906,12.663799853664173,8.408680538618539,0.5060388839251477,9.24
2022-03-13,1011010801,食用菌,25.826999999999998,304.7208,68,7,0.07743833972199636,11.798536415379255,6.971600263290354,0.6923713307984118,9.45
2022-03-14,1011010101,花叶类,98.27900000000001,547.4912,168,22,0.10175113706895673,5.570785213524761,3.5370150286429447,0.5749961954959852,12.83
2022-03-14,1011010201,花菜类,9.127,91.27,19,1,0.0,9.999999999999998,7.0,0.4285714285714284,15.51
2022-03-14,1011010402,水生根茎类,15.345,107.41499999999999,24,1,0.0,6.999999999999999,4.8,0.45833333333333326,13.65
2022-03-14,1011010501,茄类,12.678,167.53320000000002,30,2,0.0,13.214481779460483,8.141651680075721,0.6230713740553417,6.68
2022-03-14,1011010504,辣椒类,96.701,1067.492,176,17,0.10341154693333059,11.039099905895492,7.724012885078748,0.42919232141893904,9.24
2022-03-14,1011010801,食用菌,13.799,107.6616,28,4,0.1449380389883325,7.802130589173129,4.449445612000869,0.7535062274116868,9.45
2022-03-15,1011010101,花叶类,102.329,592.4250000000001,165,25,0.09479228762129992,5.7894145354689295,3.6223823158635384,0.5982339882003298,12.83
2022-03-15,1011010201,花菜类,7.721,77.21000000000001,14,1,0.0,10.000000000000002,6.77,0.47710487444608596,15.51
2022-03-15,1011010402,水生根茎类,15.026,112.89080000000001,22,2,0.0,7.513030746705711,4.971478770131771,0.5112265573461505,13.65
2022-03-15,1011010501,茄类,12.815999999999999,164.3842,32,3,0.0,12.82648252184769,7.4305633583021224,0.7261790127281185,6.68
2022-03-15,1011010504,辣椒类,80.283,943.926,165,18,0.13701530834672346,11.7574829042263,8.062646263841659,0.458265998466878,9.24
2022-03-15,1011010801,食用菌,17.42,221.41520000000003,47,7,0.0,12.710401836969002,7.45631745120551,0.7046486982543951,9.45
2022-03-16,1011010101,花叶类,105.619,584.498,190,26,0.03787197379259413,5.534023234455923,3.704949109535216,0.49368400775420174,12.83
2022-03-16,1011010201,花菜类,11.877,119.898,25,2,0.0,10.094973478151047,7.085978782520837,0.42464065840171195,15.51
2022-03-16,1011010402,水生根茎类,16.886,118.202,22,1,0.0,7.0,4.8,0.4583333333333335,13.65
2022-03-16,1011010501,茄类,12.564,164.55,30,3,0.0,13.09694364851958,8.134400668576886,0.6100686678875991,6.68
2022-03-16,1011010504,辣椒类,72.957,835.0894000000001,152,19,0.21930726318242255,11.44632317666571,8.361666323999069,0.36890456197866617,9.24
2022-03-16,1011010801,食用菌,17.088,200.9266,50,8,0.0898876404494382,11.758345037453184,7.0688155430711594,0.6634109301350624,9.45
2022-03-17,1011010101,花叶类,108.39399999999999,540.366,186,25,0.09225602893149068,4.985202132959389,3.0765086628411167,0.6204089373035013,12.83
2022-03-17,1011010201,花菜类,12.813,128.13,25,1,0.0,10.0,7.19,0.39082058414464527,15.51
2022-03-17,1011010402,水生根茎类,30.851,226.0456,44,2,0.0,7.327010469676834,4.907734271174355,0.49295175020215165,13.65
2022-03-17,1011010501,茄类,15.834,207.55200000000002,37,4,0.0,13.10799545282304,8.554341290893014,0.5323208423748378,6.68
2022-03-17,1011010504,辣椒类,84.519,920.2844,157,16,0.2602965013783883,10.888491345141329,7.560596907204297,0.4401629234810769,9.24
2022-03-17,1011010801,食用菌,22.721,309.082,57,6,0.0,13.603362528057744,7.853493244135382,0.7321416222285659,9.45
2022-03-18,1011010101,花叶类,112.098,499.3154,206,25,0.1338114863779907,4.454275723028065,2.7145755499652093,0.6408737355219869,12.83
2022-03-18,1011010201,花菜类,14.473,173.676,30,1,0.0,11.999999999999998,7.02,0.7094017094017093,15.51
2022-03-18,1011010402,水生根茎类,28.674,208.1788,52,2,0.05862453790890702,7.260193903885052,5.121333263583734,0.4176374647418699,13.65
2022-03-18,1011010501,茄类,16.346,223.454,39,3,0.0,13.670255720053836,8.528312737061054,0.6029261756135775,6.68
2022-03-18,1011010504,辣椒类,94.461,1155.2118,206,15,0.11645017520458179,12.229510591672755,8.693033950519263,0.4068173046698209,9.24
2022-03-18,1011010801,食用菌,29.952,167.3574,43,10,0.0469417735042735,5.587520032051282,3.129395365918803,0.7854950809038359,9.45
2022-03-19,1011010101,花叶类,201.276,1278.1608,406,25,0.0,6.350289155189889,3.8570122120868855,0.6464270284884537,12.83
2022-03-19,1011010201,花菜类,24.298000000000002,291.576,50,1,0.0,12.0,7.019999999999999,0.7094017094017098,15.51
2022-03-19,1011010402,水生根茎类,45.815,311.542,56,1,0.0,6.8,4.8,0.41666666666666674,13.65
2022-03-19,1011010501,茄类,26.011,352.676,67,4,0.0,13.558725154742225,8.882161777709431,0.5265118440838403,6.68
2022-03-19,1011010504,辣椒类,130.315,1668.9386,262,17,0.21486398342477842,12.806956988834747,8.84335855427234,0.44820058015713293,9.24
2022-03-19,1011010801,食用菌,49.829,346.4658,78,7,0.05049268498264063,6.953095586907223,3.866855044251339,0.7981267741711817,9.45
2022-03-20,1011010101,花叶类,173.788,1120.3332,357,25,0.0,6.446550970147536,4.212886275231892,0.5301981940617886,12.83
2022-03-20,1011010201,花菜类,16.749,200.988,35,1,0.0,12.0,7.22,0.662049861495845,15.51
2022-03-20,1011010402,水生根茎类,43.592000000000006,339.664,66,2,0.0,7.791888419893557,5.099307212332538,0.528028827337385,13.65
2022-03-20,1011010501,茄类,21.443,292.992,55,3,0.0,13.663759735111691,8.5138198946043,0.6048917999511836,6.68
2022-03-20,1011010504,辣椒类,105.566,1666.1534000000001,260,15,0.01894549381429627,15.78304946668435,10.55449197658337,0.49538694062218,9.24
2022-03-20,1011010801,食用菌,43.0,452.8326,97,6,0.09302325581395349,10.530990697674419,6.223520465116279,0.6921275918834242,9.45
2022-03-21,1011010101,花叶类,192.734,1272.7012,381,25,0.08455695414405347,6.603407805576597,4.448708479043655,0.48434266634529854,12.83
2022-03-21,1011010201,花菜类,13.613,163.356,23,1,0.0,12.0,7.3,0.6438356164383563,15.51
2022-03-21,1011010402,水生根茎类,25.391,182.8152,35,1,0.0,7.200000000000001,4.8,0.5000000000000002,13.65
2022-03-21,1011010501,茄类,25.338,331.74559999999997,59,3,0.0,13.092809219354328,7.990897466256215,0.6384654257725559,6.68
2022-03-21,1011010504,辣椒类,72.925,1034.2772,153,14,0.0411381556393555,14.182752142612273,9.61406774082962,0.4752082599106391,9.24
2022-03-21,1011010801,食用菌,28.073999999999998,291.55280000000005,65,8,0.0,10.385153522832516,6.010102229821187,0.7279495632042678,9.45
2022-03-22,1011010101,花叶类,133.244,935.4998,268,23,0.0416979376182042,7.020952538200595,4.469409954669628,0.5708902538387917,12.83
2022-03-22,1011010201,花菜类,16.239,194.868,28,1,0.0,12.0,7.3,0.6438356164383563,15.51
2022-03-22,1011010402,水生根茎类,27.306,196.60320000000002,38,1,0.0,7.2,4.8,0.5,13.65
2022-03-22,1011010501,茄类,21.947000000000003,287.2934,56,3,0.0,13.090326696131589,8.035953888914202,0.6289698618343269,6.68
2022-03-22,1011010504,辣椒类,87.67099999999999,1196.7796,173,12,0.08285522008417835,13.650803572446991,9.335739868371526,0.4622090766147451,9.24
2022-03-22,1011010801,食用菌,31.656,317.5189,71,9,0.028714935557240334,10.030291256002021,5.817853803386404,0.7240535075260364,9.45
2022-03-23,1011010101,花叶类,89.497,586.1336,174,19,0.028671352112361305,6.549198297149625,3.9102213482016155,0.6748919598021541,12.83
2022-03-23,1011010201,花菜类,7.625,91.5,14,1,0.0,12.0,7.27,0.6506189821182944,15.51
2022-03-23,1011010402,水生根茎类,15.255,123.2168,30,2,0.025893149786955096,8.077141920681743,5.401709603408718,0.4952936225199349,13.65
2022-03-23,1011010501,茄类,17.569000000000003,228.9552,48,2,0.0,13.031771870908985,7.951385963913711,0.6389308643866514,6.68
2022-03-23,1011010504,辣椒类,82.278,1163.4533000000001,167,15,0.11197403923284475,14.140515083011255,9.429472276914849,0.4996083203542514,9.24
2022-03-23,1011010801,食用菌,28.279,288.8138,69,7,0.04307082994448177,10.213013189999646,5.97920895364051,0.708087686713363,9.45
2022-03-24,1011010101,花叶类,106.202,700.2048,193,24,0.18519425246228885,6.59314137210222,5.186889606598746,0.2711165789444303,12.83
2022-03-24,1011010201,花菜类,7.711,92.532,15,1,0.0,11.999999999999998,7.22,0.6620498614958448,15.51
2022-03-24,1011010402,水生根茎类,16.899,135.192,25,1,0.0,8.0,4.92,0.6260162601626016,13.65
2022-03-24,1011010501,茄类,16.036,210.76800000000003,37,4,0.0,13.14342728860065,8.688134198054378,0.5128020572638015,6.68
2022-03-24,1011010504,辣椒类,48.68,716.8560000000001,108,14,0.08216926869350863,14.725883319638458,9.784721035332785,0.5049875480826747,9.24
2022-03-24,1011010801,食用菌,18.106,184.5044,41,6,0.0,10.190235281122279,5.77347619573622,0.7650086248987893,9.45
2022-03-25,1011010101,花叶类,132.493,764.0994,220,25,0.18025103212999935,5.7670926011185495,3.662233702912607,0.5747472905762212,12.83
2022-03-25,1011010201,花菜类,14.528,168.9096,25,2,0.0,11.626486784140969,7.165239537444934,0.6226236015393394,15.51
2022-03-25,1011010402,水生根茎类,43.221,388.1536,60,3,0.005506582448346869,8.980671432868283,5.734181532125588,0.566164479194516,13.65
2022-03-25,1011010501,茄类,17.128,242.96640000000002,39,3,0.0,14.185333956095283,9.718192433442317,0.4596679427010115,6.68
2022-03-25,1011010504,辣椒类,74.387,1000.3072999999999,139,14,0.16654791831906113,13.44734026106712,9.573396157930821,0.404657243806529,9.24
2022-03-25,1011010801,食用菌,43.385999999999996,286.6091,75,8,0.10436546351357583,6.606027289909188,3.503442585165722,0.8855817183590884,9.45
2022-03-26,1011010101,花叶类,152.529,1328.9338,342,24,0.12021976148797933,8.712663165693082,6.196259268729226,0.40611662421284356,12.83
2022-03-26,1011010201,花菜类,16.707,167.07,30,1,0.0,10.0,7.4,0.3513513513513513,15.51
2022-03-26,1011010402,水生根茎类,43.227000000000004,375.4992,60,3,0.00825872718439864,8.686681934901797,5.57256714553404,0.5588294780554537,13.65
2022-03-26,1011010501,茄类,23.286,298.1052,60,2,0.0,12.80190672507086,8.751615562999227,0.462804968170194,6.68
2022-03-26,1011010504,辣椒类,94.554,1343.6686,194,12,0.07403177020538527,14.210595003913108,10.571824248577531,0.3441951615706422,9.24
2022-03-26,1011010801,食用菌,43.183,513.4005,101,6,0.073038001065234,11.888949355070281,6.619047773429358,0.7961721628291805,9.45
2022-03-27,1011010101,花叶类,140.651,1103.7378,291,25,0.056501553490554635,7.847351245280873,5.081290712472716,0.5443617949310571,12.83
2022-03-27,1011010201,花菜类,11.68,116.80000000000001,25,1,0.0,10.000000000000002,7.4,0.35135135135135154,15.51
2022-03-27,1011010402,水生根茎类,41.214,352.11199999999997,46,2,0.0,8.543504634347551,5.590037851215606,0.5283446841938084,13.65
2022-03-27,1011010501,茄类,26.977,353.91020000000003,58,3,0.0,13.118960596063314,8.897939726433629,0.4743818231416035,6.68
2022-03-27,1011010504,辣椒类,89.283,1266.2438,190,16,0.04480136196140363,14.182361703795795,10.917660360874969,0.2990293922881464,9.24
2022-03-27,1011010801,食用菌,24.078,249.3194,54,8,0.06233906470637096,10.354655702300857,5.93862322452031,0.7436121657873405,9.45
2022-03-28,1011010101,花叶类,85.85,492.43980000000005,138,21,0.23296447291788003,5.736048922539314,3.7949062317996503,0.5115126888969586,12.83
2022-03-28,1011010201,花菜类,2.089,20.89,3,1,0.0,10.0,6.73,0.4858841010401187,15.51
2022-03-28,1011010402,水生根茎类,19.777,193.80800000000002,34,3,0.0,9.799666279010973,6.258986196086362,0.5656954612135967,13.65
2022-03-28,1011010501,茄类,15.998000000000001,211.49560000000002,37,3,0.0,13.220127515939494,9.00412051506438,0.46823084984496877,6.68
2022-03-28,1011010504,辣椒类,64.16,769.4396,123,15,0.10910224438902744,11.99251246882793,8.773471321695762,0.36690621409701984,9.24
2022-03-28,1011010801,食用菌,21.238,194.604,44,6,0.015538186269893587,9.163009699595067,5.051867407477164,0.8137866575898425,9.45
2022-03-29,1011010101,花叶类,75.286,539.3804,163,23,0.10626145631325877,7.164418351353505,4.9035440852216885,0.4610694279155445,12.83
2022-03-29,1011010402,水生根茎类,18.540999999999997,158.6928,29,3,0.015533142764683676,8.55902054905345,5.549046976969959,0.5424307245146227,13.65
2022-03-29,1011010501,茄类,13.184000000000001,176.71460000000002,32,3,0.0,13.403716626213592,9.137269417475729,0.46692803000620264,6.68
2022-03-29,1011010504,辣椒类,65.004,719.7746000000001,126,14,0.12306934957848747,11.0727739831395,7.939140975939941,0.3947068098042632,9.24
2022-03-29,1011010801,食用菌,26.983,249.10780000000003,56,8,0.16213912463402883,9.232027572916282,5.228033206092726,0.7658701100362788,9.45
2022-03-30,1011010101,花叶类,86.195,577.1882,180,23,0.058008005104704455,6.696307210395036,4.048650037705204,0.653960492517782,12.83
2022-03-30,1011010201,花菜类,30.3,248.604,54,1,0.8976237623762376,8.204752475247526,6.75,0.2155188852218557,15.51
2022-03-30,1011010402,水生根茎类,27.389000000000003,232.47200000000004,39,3,0.0,8.487787067800943,5.408521669283289,0.5693358715757357,13.65
2022-03-30,1011010501,茄类,17.223,243.9284,40,3,0.0,14.162944899262616,9.827120130058644,0.4412101115912681,6.68
2022-03-30,1011010504,辣椒类,69.721,974.4092,137,15,0.07171440455529897,13.975835114241047,9.767233258272256,0.43088986867436185,9.24
2022-03-30,1011010801,食用菌,22.45,256.045,59,7,0.026993318485523384,11.405122494432073,6.276392427616927,0.8171461752850377,9.45
2022-03-31,1011010101,花叶类,92.587,576.8436,166,27,0.09720587123462257,6.230287189346237,3.5846154427727432,0.738062921619016,12.83
2022-03-31,1011010201,花菜类,25.097,204.35,49,1,0.9287962704705741,8.142407459058852,6.75,0.2062825865272373,15.51
2022-03-31,1011010402,水生根茎类,30.993000000000002,287.216,43,3,0.0,9.26712483464008,6.090944406801535,0.5214594348114261,13.65
2022-03-31,1011010501,茄类,10.145,160.5566,23,3,0.0,15.826180384425827,10.070865450961064,0.5714816627716472,6.68
2022-03-31,1011010504,辣椒类,54.92,742.2912,108,13,0.14566642388929352,13.515863073561544,9.099747632920613,0.48530086973670894,9.24
2022-03-31,1011010801,食用菌,26.203,235.81760000000003,57,6,0.0,8.999641262450865,4.955615005915353,0.8160493201566892,9.45
2022-04-01,1011010101,花叶类,130.262,791.3334,231,23,0.06141468732247317,6.0749366661036985,3.4648082326388354,0.7533255113160942,12.83
2022-04-01,1011010201,花菜类,26.303,220.946,48,1,0.7999847926092081,8.400030414781584,7.320000000000001,0.14754513863136376,15.51
2022-04-01,1011010402,水生根茎类,25.437,220.29600000000002,33,2,0.0,8.660455242363486,5.589692180681684,0.5493617470197278,13.65
2022-04-01,1011010501,茄类,16.697000000000003,250.1894,39,2,0.0,14.984092950829488,9.362035695035036,0.600516537100579,6.68
2022-04-01,1011010504,辣椒类,80.48,1010.1254,138,14,0.1863817097415507,12.551259940357852,8.751025720675944,0.4342615758405486,9.24
2022-04-01,1011010801,食用菌,19.915,265.5426,56,7,0.0534772784333417,13.333798644238012,7.4581009289480305,0.7878275946204918,9.45
2022-04-02,1011010101,花叶类,133.168,845.5812,236,27,0.0450558692779046,6.349732668508951,3.6818846119187794,0.7245876331794785,12.83
2022-04-02,1011010201,花菜类,26.163,217.398,49,1,0.8453159041394336,8.309368191721132,7.4,0.12288759347582867,15.51
2022-04-02,1011010402,水生根茎类,34.452,305.24800000000005,51,3,0.0,8.860095204922793,5.724887960060374,0.5476451708286978,13.65
2022-04-02,1011010501,茄类,18.016000000000002,270.2158,41,3,0.0,14.998656749555948,9.388684502664299,0.5975248444337078,6.68
2022-04-02,1011010504,辣椒类,71.349,942.9616000000001,132,15,0.09810929375324111,13.216185230346607,9.189595649553603,0.4381683084161163,9.24
2022-04-02,1011010801,食用菌,30.03,268.5094,62,6,0.06883116883116884,8.941371961371962,5.111154845154845,0.749383893123097,9.45
2022-04-03,1011010101,花叶类,111.538,734.3956000000001,208,26,0.06807545410532734,6.584263659022038,3.8900412415499654,0.6925948210252326,12.83
2022-04-03,1011010201,花菜类,16.438,135.742,28,1,0.871091373646429,8.257817252707142,7.48,0.10398626373090125,15.51
2022-04-03,1011010402,水生根茎类,42.998000000000005,374.81280000000004,67,2,0.01602400111633099,8.716982185217917,5.707561049351132,0.5272691977966513,13.65
2022-04-03,1011010501,茄类,23.887,362.5468,54,3,0.0,15.177577761962574,10.498724410767363,0.4456592218380966,6.68
2022-04-03,1011010504,辣椒类,96.131,1107.3378,178,15,0.21845190417243138,11.519050046291,8.999296584868565,0.2799944904204128,9.24
2022-04-03,1011010801,食用菌,46.766,318.34040000000005,77,5,0.0,6.807090621391611,3.835043407603815,0.7749709450211333,9.45
2022-04-04,1011010101,花叶类,148.726,967.8308,289,23,0.04034264351895432,6.507475491844062,3.9478235143821525,0.6483704167972422,12.83
2022-04-04,1011010201,花菜类,22.224,266.688,46,1,0.0,12.0,7.48,0.6042780748663101,15.51
2022-04-04,1011010402,水生根茎类,31.759,254.072,44,1,0.0,8.0,5.000000000000001,0.5999999999999996,13.65
2022-04-04,1011010501,茄类,23.387,365.1374,58,3,0.0,15.612836191046307,11.542658742036174,0.35262044386596303,6.68
2022-04-04,1011010504,辣椒类,107.732,1424.683,217,14,0.10210522407455538,13.224325177291798,9.720947907771135,0.3603946140602181,9.24
2022-04-04,1011010801,食用菌,40.745000000000005,415.54060000000004,89,5,0.008958154374769909,10.198566695300036,5.644165664498711,0.8069219263793217,9.45
2022-04-05,1011010101,花叶类,146.419,881.3226000000001,269,24,0.08195657667379233,6.019181936770501,3.4731469276528317,0.7330628568709274,12.83
2022-04-05,1011010201,花菜类,21.248,254.976,41,1,0.0,12.0,7.48,0.6042780748663101,15.51
2022-04-05,1011010402,水生根茎类,21.71,173.68,38,1,0.0,8.0,5.0,0.6000000000000001,13.65
2022-04-05,1011010501,茄类,15.356,224.45540000000003,35,3,0.0,14.61678822610055,9.620174524615784,0.5193890909878605,6.68
2022-04-05,1011010504,辣椒类,38.664,551.1934,80,15,0.12931926339747568,14.255984895510034,10.611637181874611,0.3434293550725813,9.24
2022-04-05,1011010801,食用菌,31.476,289.0568,64,6,0.01366120218579235,9.183403227856145,5.1100870504511375,0.7971128744363367,9.45
2022-04-06,1011010101,花叶类,109.94500000000001,596.599,185,28,0.21829096366365,5.426340442948747,3.4272469871299283,0.5832942485107893,12.83
2022-04-06,1011010201,花菜类,17.497,168.786,32,2,0.0,9.646567983082814,5.96988112247814,0.6158727092171068,15.51
2022-04-06,1011010402,水生根茎类,5.8549999999999995,58.27199999999999,15,2,0.1904355251921435,9.952519214346712,7.576365499573014,0.31362712304568885,13.65
2022-04-06,1011010501,茄类,11.695,190.82279999999997,29,3,0.0,16.31661393758016,10.851801624625908,0.5035857180205909,6.68
2022-04-06,1011010504,辣椒类,38.127,453.80500000000006,63,14,0.18359692606289504,11.902457575996014,9.802151755973457,0.21426987383077645,9.24
2022-04-06,1011010801,食用菌,20.492,192.7036,43,6,0.032744485652937735,9.40384540308413,5.754620827640054,0.6341381447612435,9.45
2022-04-07,1011010101,花叶类,85.20100000000001,529.0872,162,24,0.21126512599617372,6.209870776164599,3.7661691764181167,0.6488560352115167,12.83
2022-04-07,1011010201,花菜类,10.494,125.928,21,1,0.0,12.0,7.48,0.6042780748663101,15.51
2022-04-07,1011010402,水生根茎类,6.533,52.264,11,1,0.0,8.0,5.0,0.6000000000000001,13.65
2022-04-07,1011010501,茄类,14.479000000000001,211.828,36,3,0.0,14.630015885074934,9.611331583672905,0.5221632671509782,6.68
2022-04-07,1011010504,辣椒类,28.799,384.052,55,14,0.20834056738081183,13.335601930622593,10.159248932254592,0.31265628193078343,9.24
2022-04-07,1011010801,食用菌,14.881,178.2252,41,7,0.011558363013238357,11.976695114575634,7.512132921174653,0.5943135245672502,9.45
2022-04-08,1011010101,花叶类,87.65,480.9732,152,24,0.07986309184255562,5.4874295493439815,3.0840743867655447,0.7792792459519697,12.83
2022-04-08,1011010201,花菜类,10.629,127.548,22,1,0.0,12.0,7.48,0.6042780748663101,15.51
2022-04-08,1011010402,水生根茎类,6.3660000000000005,60.55200000000001,13,2,0.0,9.511781338360038,6.713360037700283,0.4168436200270256,13.65
2022-04-08,1011010501,茄类,12.371,154.1644,32,3,0.0,12.461757335704469,9.338738177996929,0.3344155386073153,6.68
2022-04-08,1011010504,辣椒类,36.973,360.52740000000006,55,16,0.3151759391988749,9.751099450950695,6.978154058366917,0.3973752040138714,9.24
2022-04-08,1011010801,食用菌,18.886,170.1519,43,7,0.1754738960076247,9.00941967595044,5.802089907868263,0.552788705278884,9.45
2022-04-09,1011010101,花叶类,141.102,813.0178,253,28,0.035435358818443397,5.761915493756289,3.145492622358294,0.8318006702035641,12.83
2022-04-09,1011010201,花菜类,15.591,218.274,30,1,0.0,14.0,7.68,0.8229166666666667,15.51
2022-04-09,1011010402,水生根茎类,11.218,94.152,17,2,0.0,8.392939917988947,5.735472454983063,0.46333889385120086,13.65
2022-04-09,1011010501,茄类,27.258,318.8298,55,3,0.0,11.696742240810037,8.933174114021572,0.3093601548021716,6.68
2022-04-09,1011010504,辣椒类,133.106,1411.2980000000002,260,15,0.09766652141901944,10.60281279581687,8.07938026835755,0.31232996141327884,9.24
2022-04-09,1011010801,食用菌,35.619,262.226,67,8,0.0,7.361969735253656,4.382665992868974,0.6797925617038352,9.45
2022-04-10,1011010101,花叶类,185.591,1060.5406,299,26,0.05927011546896131,5.714396711047411,3.2017955612071702,0.7847475273820783,12.83
2022-04-10,1011010201,花菜类,7.757000000000001,108.598,13,1,0.0,13.999999999999998,7.95,0.7610062893081759,15.51
2022-04-10,1011010402,水生根茎类,18.378999999999998,153.048,26,2,0.0,8.327330105011155,5.679458077153273,0.4662191342708317,13.65
2022-04-10,1011010501,茄类,24.485,270.04359999999997,56,3,0.0,11.028940167449457,7.64827036961405,0.44201755880212223,6.68
2022-04-10,1011010504,辣椒类,113.881,1316.123,229,14,0.09084043870355898,11.557002485050184,9.114877371993572,0.26792736900227543,9.24
2022-04-10,1011010801,食用菌,30.946,253.83530000000002,62,6,0.05419117171847734,8.202523751050217,5.124485878627286,0.6006530109216448,9.45
2022-04-11,1011010101,花叶类,93.428,541.3698,169,24,0.07492400565141072,5.794513422100442,3.0516492914329754,0.8988136803162885,12.83
2022-04-11,1011010201,花菜类,6.383,76.596,17,1,0.0,12.0,7.96,0.5075376884422111,15.51
2022-04-11,1011010402,水生根茎类,1.03,8.24,2,1,0.0,8.0,5.4,0.4814814814814814,13.65
2022-04-11,1011010501,茄类,10.687,128.8316,24,3,0.0,12.054982689248622,7.910604472723871,0.5239015843624539,6.68
2022-04-11,1011010504,辣椒类,69.305,706.9408000000001,139,12,0.24529254743524995,10.20042998340668,7.711562224947695,0.3227449491890557,9.24
2022-04-11,1011010801,食用菌,11.87,148.4844,35,5,0.0658803706823926,12.50921651221567,8.078043807919125,0.5485452678472165,9.45
2022-04-12,1011010101,花叶类,106.268,669.4413999999999,206,26,0.0028324613241991945,6.299557721985922,3.5398167839801253,0.7796281859827725,12.83
2022-04-12,1011010201,花菜类,6.375,89.25,16,1,0.0,14.0,7.96,0.7587939698492463,15.51
2022-04-12,1011010402,水生根茎类,7.538,60.304,11,1,0.0,8.0,5.4,0.4814814814814814,13.65
2022-04-12,1011010501,茄类,20.041,202.224,43,3,0.0,10.090514445386956,6.280128237113917,0.6067370066991071,6.68
2022-04-12,1011010504,辣椒类,76.22,915.6602,152,14,0.13119916032537393,12.013384938336396,8.101270532668591,0.4829013412022345,9.24
2022-04-12,1011010801,食用菌,16.859,205.76319999999998,43,7,0.0,12.204946912628268,7.586929829764517,0.6086806107981473,9.45
2022-04-13,1011010101,花叶类,100.363,650.2318,203,25,0.0327212219642697,6.4787999561591425,3.6493279395793268,0.7753405732305825,12.83
2022-04-13,1011010201,花菜类,9.797,137.158,24,1,0.0,13.999999999999998,7.8,0.7948717948717947,15.51
2022-04-13,1011010402,水生根茎类,4.61,36.88,7,1,0.0,8.0,5.4,0.4814814814814814,13.65
2022-04-13,1011010501,茄类,20.903,236.36599999999999,49,3,0.0,11.307754867722336,7.421001291680621,0.5237505591595832,6.68
2022-04-13,1011010504,辣椒类,76.95,939.6642,152,15,0.22092267706302793,12.211360623781676,8.876564392462639,0.3756854661191569,9.24
2022-04-13,1011010801,食用菌,31.963,227.8254,53,6,0.06992460031911897,7.127785251697275,4.423365140944218,0.6113942721390999,9.45
2022-04-14,1011010101,花叶类,128.586,638.2548,216,24,0.1788686171122828,4.96364145396855,4.402698894125332,0.12740879477170286,12.83
2022-04-14,1011010201,花菜类,6.047,84.658,14,1,0.0,14.0,7.72,0.8134715025906736,15.51
2022-04-14,1011010402,水生根茎类,6.495,67.2462,11,2,0.0,10.353533487297922,6.269770592763664,0.6513416773569969,13.65
2022-04-14,1011010501,茄类,21.355999999999998,225.896,47,3,0.0,10.577636261472186,6.530664918524068,0.6196874887071582,6.68
2022-04-14,1011010504,辣椒类,59.011,735.0268000000001,136,9,0.016945993119926794,12.455759095761808,9.467540797478435,0.31562771813766566,9.24
2022-04-14,1011010801,食用菌,21.589,218.6252,51,5,0.0,10.12669414979851,6.218071703182176,0.6285907646603766,9.45
2022-04-15,1011010101,花叶类,131.828,698.7378,236,23,0.09861334466122523,5.300374730709713,3.2577356100373214,0.6270119387156132,12.83
2022-04-15,1011010201,花菜类,10.73,150.22,22,1,0.0,14.0,8.32,0.6826923076923077,15.51
2022-04-15,1011010402,水生根茎类,14.180000000000001,147.5784,21,2,0.0,10.407503526093087,6.274425952045133,0.658718041401188,13.65
2022-04-15,1011010501,茄类,17.358,185.42839999999998,44,3,0.0,10.682590160156698,7.028137458232515,0.5199745627689003,6.68
2022-04-15,1011010504,辣椒类,69.72,847.589,150,12,0.0,12.157042455536432,8.178605134825014,0.48644447985035755,9.24
2022-04-15,1011010801,食用菌,39.135999999999996,388.117,85,7,0.0,9.917135118560918,6.0046376737530665,0.6515792721199165,9.45
2022-04-16,1011010101,花叶类,124.808,651.143,225,25,0.06409845522722903,5.217157554002949,3.14471051535158,0.6590263328005148,12.83
2022-04-16,1011010201,花菜类,12.666,177.32399999999998,29,1,0.0,13.999999999999998,8.32,0.6826923076923075,15.51
2022-04-16,1011010402,水生根茎类,15.042,140.4,21,2,0.0,9.333865177502991,5.641124850418827,0.6546106361765767,13.65
2022-04-16,1011010501,茄类,32.118,336.50159999999994,62,3,0.0,10.477040911638332,6.879984743757394,0.5228290907395912,6.68
2022-04-16,1011010504,辣椒类,84.376,1007.7892,165,15,0.0829619797098701,11.94402673746089,7.55903230776524,0.580099971948927,9.24
2022-04-16,1011010801,食用菌,28.104,351.4758,80,8,0.10439795046968404,12.506255337318532,7.831162823797324,0.5969857374583689,9.45
2022-04-17,1011010101,花叶类,107.549,719.8602,228,20,0.0033473114580330823,6.693323043449961,4.191259518916959,0.5969717487643302,12.83
2022-04-17,1011010201,花菜类,20.254,283.556,48,1,0.0,13.999999999999998,8.4,0.6666666666666663,15.51
2022-04-17,1011010402,水生根茎类,9.701,87.309,14,1,0.0,9.0,5.46,0.6483516483516483,13.65
2022-04-17,1011010501,茄类,32.008,306.704,72,3,0.0,9.582104473881529,6.0842501874531365,0.5749030987650086,6.68
2022-04-17,1011010504,辣椒类,85.74600000000001,900.8538000000001,165,15,0.13994821915891117,10.506073752711497,6.979845940335409,0.5052013815947691,9.24
2022-04-17,1011010801,食用菌,40.244,378.0066,107,11,0.03784415068084684,9.392868502136965,5.138099344001591,0.8280823069531635,9.45
2022-04-18,1011010101,花叶类,112.679,549.3274,178,24,0.1363164387330381,4.875153311619734,2.6977666645958873,0.8071071066296271,12.83
2022-04-18,1011010201,花菜类,12.087,169.218,29,1,0.0,14.0,8.6,0.627906976744186,15.51
2022-04-18,1011010402,水生根茎类,3.024,27.216,4,1,0.0,9.0,5.400000000000001,0.6666666666666663,13.65
2022-04-18,1011010501,茄类,23.28,202.362,45,2,0.0,8.692525773195875,5.140926975945017,0.6908479373212641,6.68
2022-04-18,1011010504,辣椒类,62.95,670.8258000000001,122,13,0.1488482922954726,10.656486100079428,7.023180301826846,0.5173305599612044,9.24
2022-04-18,1011010801,食用菌,28.667,255.24,68,10,0.24299717445145982,8.903617399797676,5.28672968918966,0.6841446268765834,9.45
2022-04-19,1011010101,花叶类,101.391,579.0434,163,29,0.05917685001627363,5.71099407245219,3.278036314860293,0.7421997573860275,12.83
2022-04-19,1011010201,花菜类,7.869,110.166,20,1,0.0,14.0,8.6,0.627906976744186,15.51
2022-04-19,1011010402,水生根茎类,5.106,60.257400000000004,9,3,0.05405405405405406,11.801292596944771,8.09876615746181,0.4571716688068135,13.65
2022-04-19,1011010501,茄类,16.985,173.3884,34,4,0.0,10.208324992640565,5.442478068884309,0.8756759078191818,6.68
2022-04-19,1011010504,辣椒类,53.306,630.2574000000001,80,15,0.15007691441863957,11.823385735189287,7.3421605447792,0.6103414877786291,9.24
2022-04-19,1011010801,食用菌,23.736,253.1907,75,10,0.2500421300977418,10.666948938321536,6.253624031007752,0.7057227753748716,9.45
2022-04-20,1011010101,花叶类,105.275,517.1444,170,24,0.18047969603419614,4.912319164094039,2.8701570173355497,0.711515828027516,12.83
2022-04-20,1011010201,花菜类,11.413,159.782,24,1,0.0,14.0,9.34,0.4989293361884368,15.51
2022-04-20,1011010402,水生根茎类,2.7720000000000002,29.512,7,2,0.0,10.646464646464645,7.244040404040404,0.46968598360198555,13.65
2022-04-20,1011010501,茄类,18.031,178.85,45,3,0.0,9.919028340080972,5.21659697188176,0.9014365866379983,6.68
2022-04-20,1011010504,辣椒类,51.324,588.1108,111,14,0.03896812407450705,11.458787311978803,7.211494232717637,0.5889615857961494,9.24
2022-04-20,1011010801,食用菌,33.394,307.6002,89,9,0.18209858058333833,9.211241540396479,5.392021620650416,0.7083094595020127,9.45
2022-04-21,1011010101,花叶类,112.794,519.4466,175,29,0.23895774597939606,4.605268010709789,2.7229241803642035,0.6912949849723005,12.83
2022-04-21,1011010201,花菜类,8.548000000000002,120.086,17,2,0.0,14.048432381843703,9.55732101076275,0.4699132074797314,15.51
2022-04-21,1011010402,水生根茎类,3.552,39.1068,8,2,0.0,11.009797297297297,6.849659346846847,0.6073496125563551,13.65
2022-04-21,1011010501,茄类,11.668000000000001,124.46719999999999,28,3,0.0,10.66739801165581,5.8347317449434355,0.8282585177802761,6.68
2022-04-21,1011010504,辣椒类,59.830999999999996,579.5748,117,14,0.15042369340308537,9.686864668817169,7.087965435978004,0.366663643652569,9.24
2022-04-21,1011010801,食用菌,27.479,227.9597,63,9,0.10491648167691692,8.29577859456312,4.969648822737363,0.6692886943254215,9.45
2022-04-22,1011010101,花叶类,114.04299999999999,620.4648,211,31,0.06138035653218523,5.440621519953,3.191138430241225,0.7049155462496599,12.83
2022-04-22,1011010201,花菜类,18.726,262.164,37,1,0.0,14.0,9.5,0.4736842105263157,15.51
2022-04-22,1011010402,水生根茎类,7.417,70.70100000000001,12,2,0.0,9.532290683564785,5.995405150330322,0.5899326975491548,13.65
2022-04-22,1011010501,茄类,20.471,187.156,45,3,0.0,9.142494260172928,5.459351765912754,0.6746483194684534,6.68
2022-04-22,1011010504,辣椒类,69.833,690.4784,130,16,0.1861584064840405,9.887566050434607,6.992597912161872,0.4140046624499405,9.24
2022-04-22,1011010801,食用菌,26.309,221.2888,54,9,0.16443042304914668,8.411144475274622,4.797171310198031,0.7533550359967034,9.45
2022-04-23,1011010101,花叶类,118.653,794.7858,255,24,0.0,6.6984045915400365,3.9022208456591905,0.7165621466533105,12.83
2022-04-23,1011010201,花菜类,19.648,227.016,37,3,0.0,11.55415309446254,7.835929356677525,0.4745096042266468,15.51
2022-04-23,1011010402,水生根茎类,9.767,98.4694,15,3,0.07259137913381795,10.08184703593734,6.885837002150097,0.4641425628851352,13.65
2022-04-23,1011010501,茄类,25.194,256.75280000000004,55,4,0.0,10.191029610224659,6.321116138763197,0.6122199602899017,6.68
2022-04-23,1011010504,辣椒类,86.55,898.418,180,13,0.11554015020219527,10.380335066435586,8.180123743500866,0.26897042048817354,9.24
2022-04-23,1011010801,食用菌,27.473,278.8754,71,8,0.04549921741346049,10.150889964692608,6.2872154478942965,0.6145287287860204,9.45
2022-04-24,1011010101,花叶类,99.189,543.2594,184,23,0.03024528929619212,5.477012571958585,3.2132992569740595,0.7044825688337064,12.83
2022-04-24,1011010201,花菜类,15.603,218.442,29,1,0.0,14.0,9.37,0.49413020277481334,15.51
2022-04-24,1011010402,水生根茎类,4.52,40.68,4,1,0.0,9.0,5.4,0.6666666666666665,13.65
2022-04-24,1011010501,茄类,13.678999999999998,117.64199999999998,26,3,0.0,8.600190072373712,5.616163462241392,0.5313283044901624,6.68
2022-04-24,1011010504,辣椒类,63.739,531.8552,149,15,0.0,8.344266461663974,7.373231616435777,0.1316973202175895,9.24
2022-04-24,1011010801,食用菌,32.921,325.06820000000005,81,9,0.05491935238905258,9.874189726922028,5.958780109960207,0.6570824136331435,9.45
2022-04-25,1011010101,花叶类,116.365,567.457,217,27,0.08593649293172347,4.8765264469557,2.8354314441627637,0.7198534131357297,12.83
2022-04-25,1011010201,花菜类,16.833,201.996,41,1,0.0,12.000000000000002,8.27,0.4510278113663848,15.51
2022-04-25,1011010402,水生根茎类,4.202,46.771,10,2,0.0,11.130652070442647,7.60370299857211,0.4638462434070425,13.65
2022-04-25,1011010501,茄类,20.592,189.652,44,4,0.0,9.20998445998446,5.923992327117328,0.5546921655899792,6.68
2022-04-25,1011010504,辣椒类,95.828,785.71,195,12,0.10801644613265432,8.199169345076596,6.487870351045624,0.2637689875777449,9.24
2022-04-25,1011010801,食用菌,28.121,226.27519999999998,59,8,0.039294477436791014,8.046484833398528,4.949817218448846,0.6256125182578163,9.45
2022-04-26,1011010101,花叶类,91.764,487.4498,170,23,0.15256527614314982,5.311993810208796,3.0719008543655466,0.7292204605691632,12.83
2022-04-26,1011010201,花菜类,9.969000000000001,114.58,19,2,0.0,11.493630253786737,8.00300932891965,0.43616354566192883,15.51
2022-04-26,1011010402,水生根茎类,4.904999999999999,44.7504,10,2,0.20570846075433233,9.1234250764526,6.981898063200816,0.3067256201489157,13.65
2022-04-26,1011010501,茄类,14.113,139.246,33,3,0.0,9.866506058244173,6.105418408559484,0.6160245536017379,6.68
2022-04-26,1011010504,辣椒类,61.328,482.3944,123,11,0.08276806678841639,7.865810070440908,5.12814815418732,0.5338500047074863,9.24
2022-04-26,1011010801,食用菌,13.139,167.4491,39,7,0.045741685059745796,12.744432605221098,8.137445011035847,0.5661466944400044,9.45
2022-04-27,1011010101,花叶类,88.807,474.1012,183,23,0.03378112085759005,5.338556645309492,3.26720562568266,0.6339824476746967,12.83
2022-04-27,1011010201,花菜类,9.138,109.656,22,1,0.0,12.0,7.44,0.6129032258064515,15.51
2022-04-27,1011010402,水生根茎类,2.398,22.150199999999998,6,2,0.3949124270225187,9.23694745621351,8.488215179316096,0.08820844677947237,13.65
2022-04-27,1011010501,茄类,24.953,234.596,56,4,0.0,9.401514847914079,5.6914723680519375,0.6518598773645641,6.68
2022-04-27,1011010504,辣椒类,64.366,509.21360000000004,120,14,0.062144610508653636,7.911220209427338,4.984311282354038,0.587224344802749,9.24
2022-04-27,1011010801,食用菌,27.102,252.87720000000002,64,9,0.09442107593535533,9.330573389417756,5.725895505866726,0.6295395855299304,9.45
2022-04-28,1011010101,花叶类,111.59400000000001,545.7222,219,24,0.04480527626933347,4.890246787461692,3.1646915604781616,0.5452522604518246,12.83
2022-04-28,1011010201,花菜类,11.202,134.424,23,1,0.0,12.0,7.18,0.6713091922005572,15.51
2022-04-28,1011010402,水生根茎类,2.1390000000000002,26.489,5,2,0.0,12.383824216923795,8.94818139317438,0.38394872352164233,13.65
2022-04-28,1011010501,茄类,21.918,205.512,45,2,0.0,9.37640295647413,6.178130303859842,0.5176764644501168,6.68
2022-04-28,1011010504,辣椒类,80.389,660.0256,164,14,0.11195561581808457,8.21039694485564,6.094164748908432,0.3472554949103175,9.24
2022-04-28,1011010801,食用菌,16.357,185.0972,44,8,0.08259460781316867,11.316084856636301,6.830612581769272,0.656672036537197,9.45
2022-04-29,1011010101,花叶类,106.052,519.2018,197,25,0.07543469241504168,4.895728510541998,2.8496664843661597,0.7180005230089008,12.83
2022-04-29,1011010201,花菜类,21.479,258.478,42,2,0.0,12.033986684668747,7.21959448763909,0.6668507774602217,15.51
2022-04-29,1011010402,水生根茎类,7.15,81.306,14,2,0.0,11.37146853146853,7.112727272727272,0.5987494100991031,13.65
2022-04-29,1011010501,茄类,29.707,234.4008,55,3,0.0,7.890423132595012,5.1690429865014975,0.5264765940620264,6.68
2022-04-29,1011010504,辣椒类,96.804,756.4174,179,15,0.06198090987975703,7.813906450146688,5.107273356472873,0.5299565746257686,9.24
2022-04-29,1011010801,食用菌,24.064,338.698,74,8,0.13767453457446807,14.07488364361702,8.729601894946807,0.6123167829410834,9.45
2022-04-30,1011010101,花叶类,142.039,857.508,323,14,0.0,6.03713064721661,3.6281539577158384,0.6639676037941293,12.83
2022-04-30,1011010201,花菜类,28.319,283.19,62,1,0.0,10.0,6.7700000000000005,0.4771048744460855,15.51
2022-04-30,1011010402,水生根茎类,9.22,82.98,14,1,0.0,9.0,5.4,0.6666666666666665,13.65
2022-04-30,1011010501,茄类,35.229,318.1612,72,3,0.0,9.031229952595874,5.530367311022169,0.6330253389492579,6.68
2022-04-30,1011010504,辣椒类,81.21000000000001,638.9932,186,12,0.07388252678241596,7.868405368796945,4.728863686738086,0.6639103789063705,9.24
2022-04-30,1011010801,食用菌,34.150999999999996,348.21979999999996,79,5,0.01133202541653246,10.196474480981523,6.2462879564288025,0.6324054465800142,9.45
2022-05-01,1011010101,花叶类,147.275,898.6082,284,19,0.06517059921914785,6.101566457307757,3.6176260736717025,0.6866216499581406,12.83
2022-05-01,1011010201,花菜类,23.295,232.95,49,1,0.0,9.999999999999998,6.13,0.6313213703099507,15.51
2022-05-01,1011010402,水生根茎类,10.863,150.2738,20,3,0.0,13.833545061216975,9.171295222314278,0.5083523892633159,13.65
2022-05-01,1011010501,茄类,36.606,332.5316,72,4,0.0,9.084073649128559,5.702484838551057,0.5930026832717943,6.68
2022-05-01,1011010504,辣椒类,65.84100000000001,479.338,155,3,0.0,7.280235719384577,4.119438647651159,0.7672882987432417,9.24
2022-05-01,1011010801,食用菌,33.083,234.767,60,4,0.0906810144182813,7.096303237312215,4.152171810295318,0.7090581896724306,9.45
2022-05-02,1011010101,花叶类,115.468,755.5264,266,17,0.0,6.543166938026119,3.715227855336543,0.7611751399385995,12.83
2022-05-02,1011010201,花菜类,13.734,112.542,31,1,0.9027959807776322,8.194408038444736,5.75,0.42511444146864985,15.51
2022-05-02,1011010402,水生根茎类,8.503,84.8214,16,2,0.0,9.975467482065152,5.920249323768083,0.6849742192472446,13.65
2022-05-02,1011010501,茄类,47.126999999999995,347.6456,94,3,0.6736902412629703,7.376781887240861,5.320805270863836,0.3864032814046652,6.68
2022-05-02,1011010504,辣椒类,57.464,462.40799999999996,153,5,0.0,8.046916330224139,5.046062056243909,0.5946923047184933,9.24
2022-05-02,1011010801,食用菌,42.191,336.1818,73,4,0.023701737337346825,7.968092721196464,4.720831456945794,0.6878579110196681,9.45
2022-05-03,1011010101,花叶类,88.193,604.928,195,14,0.0,6.859138480378261,3.9641061081945286,0.7303115237503794,12.83
2022-05-03,1011010201,花菜类,27.601,220.808,56,1,0.0,8.0,5.78,0.38408304498269885,15.51
2022-05-03,1011010402,水生根茎类,2.8680000000000003,25.811999999999998,4,1,0.0,8.999999999999998,5.4,0.6666666666666663,13.65
2022-05-03,1011010501,茄类,42.378,306.558,84,4,0.7584831752324319,7.233894945490585,5.860354429184954,0.23437840371314533,6.68
2022-05-03,1011010504,辣椒类,67.711,521.5,161,8,0.0,7.701850511733692,5.342101431082099,0.4417267457562295,9.24
2022-05-03,1011010801,食用菌,18.375,178.925,43,3,0.0,9.737414965986396,5.897414965986394,0.6511327458127627,9.45
2022-05-04,1011010101,花叶类,105.769,716.9224,244,15,0.0,6.778190206960452,4.0689590522742956,0.6658290535442632,12.83
2022-05-04,1011010201,花菜类,26.182,213.4388,55,1,0.8732335192116721,8.152119776945993,5.81,0.4031187223659196,15.51
2022-05-04,1011010402,水生根茎类,6.398,65.3256,13,2,0.0,10.210315723663644,6.045501719287278,0.6889112265222161,13.65
2022-05-04,1011010501,茄类,44.495000000000005,334.22040000000004,91,4,0.7662883470052815,7.511414765704012,6.435356556916506,0.16721034790698486,6.68
2022-05-04,1011010504,辣椒类,51.194,494.5918,144,6,0.0,9.661128257217642,4.84795015040825,0.9928274750110766,9.24
2022-05-04,1011010801,食用菌,27.071,219.6358,54,4,0.0,8.113324221491633,4.766894462709172,0.7020146522985076,9.45
2022-05-05,1011010101,花叶类,90.652,559.9934000000001,192,15,0.0,6.177397078939241,3.699423950933239,0.6698267516435614,12.83
2022-05-05,1011010201,花菜类,18.79,151.748,42,1,0.9366684406599256,8.07599787120809,5.81,0.3900168453025974,15.51
2022-05-05,1011010402,水生根茎类,1.193,13.7306,4,3,0.0,11.509304274937133,8.236764459346187,0.39730889862676877,13.65
2022-05-05,1011010501,茄类,26.050000000000004,210.7572,53,4,0.745412667946257,8.090487523992321,6.796476775431861,0.1903943456759971,6.68
2022-05-05,1011010504,辣椒类,32.252,311.6298,93,6,0.0,9.662340319980155,5.06049175244946,0.9093678623827881,9.24
2022-05-05,1011010801,食用菌,16.992,136.4112,30,4,0.0,8.027966101694915,4.829119585687382,0.6624078073130191,9.45
2022-05-06,1011010101,花叶类,95.683,596.7356,201,15,0.0,6.236589571815264,3.6696905406394027,0.6994865105787933,12.83
2022-05-06,1011010201,花菜类,20.488,168.0296,44,1,0.8321944552909021,8.201366653650917,3.4,1.412166662838505,15.51
2022-05-06,1011010402,水生根茎类,3.42,37.1198,6,3,0.0,10.853742690058478,7.3497485380116965,0.4767502090615343,13.65
2022-05-06,1011010501,茄类,32.15,237.96839999999997,67,3,0.7325349922239502,7.401816485225505,6.418262519440123,0.15324302532131062,6.68
2022-05-06,1011010504,辣椒类,56.612,430.035,153,6,0.0,7.596181021691514,5.170536811983324,0.4691281191706198,9.24
2022-05-06,1011010801,食用菌,19.454,183.5774,44,4,0.0,9.43648606970289,5.945718618279017,0.5871060632926945,9.45
2022-05-07,1011010101,花叶类,113.896,720.4954,240,15,0.0,6.325906089766103,3.7646356325068484,0.6803501606219775,12.83
2022-05-07,1011010201,花菜类,23.375,140.25,29,1,0.0,6.0,3.1999999999999997,0.8750000000000002,15.51
2022-05-07,1011010402,水生根茎类,4.66,47.6844,8,3,0.0,10.232703862660943,6.629442060085836,0.5435241412349643,13.65
2022-05-07,1011010501,茄类,34.564,317.1292,71,6,0.5758303437102187,9.17513019326467,6.8807982293716,0.3334397968682483,6.68
2022-05-07,1011010504,辣椒类,86.212,548.458,215,5,0.0,6.3617361852178345,4.381958660047325,0.45180196317715327,9.24
2022-05-07,1011010801,食用菌,34.837,240.7726,61,5,0.028705112380514968,6.911404541148778,4.216444297729425,0.6391547126261343,9.45
2022-05-08,1011010101,花叶类,116.51899999999999,746.6143999999999,253,15,0.0,6.407662269672757,3.78086157622362,0.6947624610136676,12.83
2022-05-08,1011010201,花菜类,42.607,255.642,52,1,0.0,6.0,4.32,0.38888888888888884,15.51
2022-05-08,1011010402,水生根茎类,4.476,48.565799999999996,11,3,0.0,10.850268096514744,6.8657551385165325,0.5803459164521174,13.65
2022-05-08,1011010501,茄类,33.433,285.32399999999996,72,5,0.6558789220231508,8.53420273382586,6.929466694583196,0.23158146362072785,6.68
2022-05-08,1011010504,辣椒类,86.554,579.6204,214,5,0.0,6.696633315617996,3.947971555329621,0.6962212674956536,9.24
2022-05-08,1011010801,食用菌,35.067,331.52660000000003,74,4,0.0,9.454090740582314,5.844360795049476,0.6176432414286428,9.45
2022-05-09,1011010101,花叶类,91.68,638.0502,206,15,0.13633289703315882,6.959535340314136,3.8673098821989527,0.799580471259506,12.83
2022-05-09,1011010201,花菜类,29.087,232.696,61,1,0.0,8.0,5.85,0.36752136752136755,15.51
2022-05-09,1011010402,水生根茎类,3.538,43.7094,8,3,0.0,12.354267947993218,8.624072922555115,0.43253287152550324,13.65
2022-05-09,1011010501,茄类,34.866,289.986,64,5,0.0,8.317157115814833,5.979300464636035,0.39099166616660486,6.68
2022-05-09,1011010504,辣椒类,55.772999999999996,399.5404,152,5,0.0,7.1636885231205065,4.21673031753716,0.6988728193802438,9.24
2022-05-09,1011010801,食用菌,34.581,275.9038,64,6,0.028917613718515946,7.978479511870679,4.8856481883115,0.6330442152913336,9.45
2022-05-10,1011010101,花叶类,95.42,603.1856,232,14,0.14142737371620206,6.321374973800042,3.7556509117585413,0.6831636172596589,12.83
2022-05-10,1011010201,花菜类,22.638,181.104,49,1,0.0,8.0,4.42,0.8099547511312217,15.51
2022-05-10,1011010402,水生根茎类,5.180999999999999,63.3828,12,4,0.0,12.233700057903881,8.398463617062344,0.4566592909981606,13.65
2022-05-10,1011010501,茄类,13.224000000000002,146.094,30,4,0.0,11.04764065335753,6.817595281306714,0.6204600298948886,6.68
2022-05-10,1011010504,辣椒类,59.294000000000004,401.5956,142,5,0.0,6.772955105069652,4.449745336796303,0.5220994893937003,9.24
2022-05-10,1011010801,食用菌,9.417,138.35660000000001,28,3,0.0,14.692216204736118,9.260836784538602,0.586489055639708,9.45
2022-05-11,1011010101,花叶类,86.213,550.5192000000001,188,11,0.19265076032616893,6.385570621599992,3.7544330901372187,0.7008082094670143,12.83
2022-05-11,1011010201,花菜类,19.261,154.088,47,1,0.0,8.0,5.2,0.5384615384615383,15.51
2022-05-11,1011010402,水生根茎类,2.043,67.62060000000001,6,3,0.0,33.098678414096916,29.379627998042096,0.12658602812474906,13.65
2022-05-11,1011010501,茄类,15.419,162.63,38,4,0.0,10.547376613269343,7.2241896361631746,0.46000827005852796,6.68
2022-05-11,1011010504,辣椒类,42.635000000000005,294.0408,120,4,0.0,6.896699894452913,4.664365192916618,0.4785934653929662,9.24
2022-05-11,1011010801,食用菌,20.87,229.32600000000002,47,3,0.0,10.988308576904648,7.1995208433157645,0.526255540617887,9.45
2022-05-12,1011010101,花叶类,79.619,551.1759999999999,180,11,0.12459337595297605,6.922669212122734,4.111626496188096,0.6836814381220584,12.83
2022-05-12,1011010201,花菜类,24.59,196.72,55,1,0.0,8.0,5.5,0.4545454545454546,15.51
2022-05-12,1011010402,水生根茎类,5.134,60.387,10,4,0.0,11.762173743669653,7.958204129333853,0.47799347095337863,13.65
2022-05-12,1011010501,茄类,22.173000000000002,193.796,47,4,0.0,8.740179497587155,6.506012718170748,0.3434003092518658,6.68
2022-05-12,1011010504,辣椒类,37.193,280.3704,104,5,0.0,7.538257198935284,4.836058129217864,0.558760667782636,9.24
2022-05-12,1011010801,食用菌,21.925,166.815,38,4,0.04561003420752566,7.608437856328392,4.8789053591790195,0.5594559222211835,9.45
2022-05-13,1011010101,花叶类,102.98,705.4628,237,13,0.11811031268207418,6.850483589046417,4.001649349388231,0.7119150107676759,12.83
2022-05-13,1011010201,花菜类,21.993,175.944,48,1,0.0,8.0,5.44,0.47058823529411753,15.51
2022-05-13,1011010402,水生根茎类,2.792,65.25,8,3,0.0,23.370343839541547,13.194627507163323,0.7712014853662112,13.65
2022-05-13,1011010501,茄类,45.528,383.834,82,5,0.0,8.430723950096644,6.2163905728343005,0.3562088564606938,6.68
2022-05-13,1011010504,辣椒类,58.386,451.2604,159,5,0.0,7.728914465796595,4.806948412290618,0.6078629939183382,9.24
2022-05-13,1011010801,食用菌,26.1,206.28000000000003,52,6,0.038314176245210725,7.90344827586207,5.007662835249041,0.578270849273145,9.45
2022-05-14,1011010101,花叶类,159.404,1153.6584,353,14,0.15587438207322277,7.237324032019272,4.310327532558781,0.6790659125903848,12.83
2022-05-14,1011010201,花菜类,48.521,388.168,108,1,0.0,8.0,5.43,0.4732965009208103,15.51
2022-05-14,1011010402,水生根茎类,11.341000000000001,126.3278,19,4,0.0,11.139035358433999,7.005204126620227,0.5901086045594226,13.65
2022-05-14,1011010501,茄类,51.014,498.366,98,5,0.0,9.769200611596816,5.9710203081507025,0.6361023924607041,6.68
2022-05-14,1011010504,辣椒类,79.242,524.4060000000001,228,5,0.0,6.617778450821534,4.161044269453067,0.5904128921203193,9.24
2022-05-14,1011010801,食用菌,26.77,298.1148,71,5,0.0,11.136152409413523,7.325558460963765,0.5201779453069069,9.45
2022-05-15,1011010101,花叶类,157.108,1009.9604,340,15,0.12612979606385416,6.428446673625786,3.7614478575247605,0.7090351686693479,12.83
2022-05-15,1011010201,花菜类,43.781,350.248,96,1,0.0,8.0,5.61,0.42602495543672014,15.51
2022-05-15,1011010402,水生根茎类,6.072000000000001,66.1178,11,3,0.0,10.888965744400526,7.649659090909091,0.4234576488958901,13.65
2022-05-15,1011010501,茄类,43.626999999999995,411.37399999999997,89,4,0.0,9.429344213445802,6.1842989433149205,0.5247232224500884,6.68
2022-05-15,1011010504,辣椒类,63.751000000000005,451.3036,178,5,0.0,7.079161111198255,4.187426393311478,0.6905756534624006,9.24
2022-05-15,1011010801,食用菌,34.51,266.3264,65,5,0.0,7.717368878585917,5.017490582439872,0.5380933460234152,9.45
2022-05-16,1011010101,花叶类,82.78,552.7604,190,14,0.09949263107030684,6.677463155351534,3.9184966175404687,0.7040880233151232,12.83
2022-05-16,1011010201,花菜类,23.633,189.064,51,1,0.0,8.0,5.45,0.4678899082568806,15.51
2022-05-16,1011010402,水生根茎类,4.637,63.253,12,4,0.0,13.64093163683416,9.41995471209834,0.4480888766179194,13.65
2022-05-16,1011010501,茄类,19.412,167.98399999999998,41,5,0.0,8.653616319802184,5.772759633216568,0.4990432426822542,6.68
2022-05-16,1011010504,辣椒类,41.681000000000004,299.7452,122,5,0.0,7.191410954631606,4.210499028334253,0.7079711706943808,9.24
2022-05-16,1011010801,食用菌,18.527,165.0346,40,3,0.0,8.907788632806175,5.832374372537378,0.5273005578568231,9.45
2022-05-17,1011010101,花叶类,67.12,440.54380000000003,155,13,0.061471990464839095,6.563525029797378,4.050601460071514,0.6203828232663251,12.83
2022-05-17,1011010201,花菜类,15.163,121.304,35,1,0.0,8.0,6.1,0.3114754098360657,15.51
2022-05-17,1011010402,水生根茎类,1.853,33.738,6,4,0.0,18.207231516459796,13.563308148947652,0.34238869430039864,13.65
2022-05-17,1011010501,茄类,23.194000000000003,208.35399999999998,44,4,0.0,8.983099077347589,5.885995084935758,0.5261818855979614,6.68
2022-05-17,1011010504,辣椒类,41.519999999999996,291.5116,114,5,0.0,7.020992292870906,4.3977940751445095,0.5964804565434774,9.24
2022-05-17,1011010801,食用菌,12.789,120.4484,30,5,0.1563843928375948,9.418124951129878,5.9455234967550235,0.5840699235769815,9.45
2022-05-18,1011010101,花叶类,92.724,625.0178,196,15,0.08522065484664164,6.740625943660756,4.245731525818558,0.5876241591515126,12.83
2022-05-18,1011010201,花菜类,20.24,161.92,44,1,0.0,8.0,5.96,0.34228187919463093,15.51
2022-05-18,1011010402,水生根茎类,0.9259999999999999,8.334,2,1,0.0,9.0,5.8,0.5517241379310345,13.65
2022-05-18,1011010501,茄类,21.794,208.002,43,3,0.0,9.544002936588052,5.874969716435715,0.6245195119709148,6.68
2022-05-18,1011010504,辣椒类,40.714,282.69759999999997,118,5,0.0,6.943498550867023,4.286887065874147,0.6197064313032379,9.24
2022-05-18,1011010801,食用菌,20.598,188.24040000000002,45,3,0.04854840275754928,9.13877075444218,6.028429944654821,0.5159454183497945,9.45
2022-05-19,1011010101,花叶类,92.356,599.575,222,15,0.05946554636406948,6.491998354194639,4.167426480142059,0.5577955328376518,12.83
2022-05-19,1011010201,花菜类,17.603,140.824,42,1,0.0,8.0,5.61,0.42602495543672014,15.51
2022-05-19,1011010402,水生根茎类,3.425,45.153400000000005,6,2,0.0,13.183474452554746,9.53921167883212,0.3820297626699476,13.65
2022-05-19,1011010501,茄类,21.799,201.16400000000002,43,4,0.0,9.228129730721594,5.764776824624983,0.6007783148347488,6.68
2022-05-19,1011010504,辣椒类,31.665999999999997,253.30599999999998,97,5,0.0,7.999305248531548,4.405697277837429,0.815672921689724,9.24
2022-05-19,1011010801,食用菌,13.195,195.661,41,3,0.0,14.828419856006063,9.802500947328532,0.5127180232558142,9.45
2022-05-20,1011010101,花叶类,90.64699999999999,624.334,196,13,0.15371716659128268,6.887530751155581,4.325861087515307,0.5921756644089673,12.83
2022-05-20,1011010201,花菜类,13.908,127.9536,28,1,0.0,9.2,5.59,0.6457960644007155,15.51
2022-05-20,1011010402,水生根茎类,3.575,59.695800000000006,9,3,0.0,16.698125874125875,10.667320279720279,0.5653533817551917,13.65
2022-05-20,1011010501,茄类,22.675,215.24,40,5,0.0,9.49239250275634,5.9569816979051815,0.5934902915841447,6.68
2022-05-20,1011010504,辣椒类,37.853,281.258,111,5,0.0,7.43026972763057,4.54382611682033,0.6352451736929823,9.24
2022-05-20,1011010801,食用菌,14.719000000000001,158.2362,37,3,0.0,10.750472178816494,6.995774169440858,0.5367094360731393,9.45
2022-05-21,1011010101,花叶类,154.655,1073.8874,335,13,0.10293233325789661,6.943761275096183,4.306542239177524,0.6123750539185056,12.83
2022-05-21,1011010201,花菜类,26.494,243.7448,52,1,0.0,9.2,5.57,0.6517055655296227,15.51
2022-05-21,1011010402,水生根茎类,4.691,49.9926,7,2,0.0,10.6571306757621,6.891281176721381,0.5464658025798872,13.65
2022-05-21,1011010501,茄类,43.426,357.99,80,5,0.0,8.243678902040251,5.432460507530051,0.5174852887772512,6.68
2022-05-21,1011010504,辣椒类,45.847,335.7432,143,5,0.0,7.323122559818526,4.985194887342683,0.468974177601722,9.24
2022-05-21,1011010801,食用菌,43.484,362.58320000000003,85,5,0.0,8.338312942691566,5.368153803697911,0.5532924814761506,9.45
2022-05-22,1011010101,花叶类,164.686,1096.6,356,15,0.0,6.658732375551048,4.214625469074481,0.5799108187454873,12.83
2022-05-22,1011010201,花菜类,23.847,219.39239999999998,55,1,0.0,9.2,5.85,0.5726495726495726,15.51
2022-05-22,1011010402,水生根茎类,4.885,90.7902,12,3,0.0,18.585506653019447,11.986878198567043,0.5504876536779384,13.65
2022-05-22,1011010501,茄类,29.841,269.788,57,4,0.0,9.040849837471935,6.324813511611541,0.4294255191673402,6.68
2022-05-22,1011010504,辣椒类,40.928,290.1184,133,6,0.0,7.088506645817045,4.810922595777952,0.47341939195569105,9.24
2022-05-22,1011010801,食用菌,23.398,214.3804,50,5,0.0,9.162338661424053,5.957928028036584,0.5378397688438463,9.45
2022-05-23,1011010101,花叶类,92.654,603.2676,205,14,0.0,6.5109720033673675,3.876020247371943,0.6798085633794095,12.83
2022-05-23,1011010201,花菜类,15.361,141.32119999999998,32,1,0.0,9.199999999999998,6.57,0.4003044140030436,15.51
2022-05-23,1011010402,水生根茎类,4.436999999999999,51.9456,7,2,0.0,11.707369844489522,7.528600405679513,0.5550526277975358,13.65
2022-05-23,1011010501,茄类,26.0,221.768,50,3,0.0,8.529538461538461,5.855990384615386,0.4565492600443657,6.68
2022-05-23,1011010504,辣椒类,35.072,249.72000000000003,110,6,0.0,7.120209854014599,4.395366389142335,0.6199354555750607,9.24
2022-05-23,1011010801,食用菌,4.6370000000000005,76.91260000000001,20,2,0.0,16.58671554884624,10.866594781108473,0.5263949639202679,9.45
2022-05-24,1011010101,花叶类,122.403,753.5644,271,16,0.0,6.1564210027532,3.673408413192487,0.6759424246548114,12.83
2022-05-24,1011010201,花菜类,27.64,221.12,54,1,0.0,8.0,6.45,0.24031007751937983,15.51
2022-05-24,1011010402,水生根茎类,3.3609999999999998,56.927600000000005,9,3,0.0,16.937697113954183,11.217875632252307,0.509884551158414,13.65
2022-05-24,1011010501,茄类,29.285,236.528,57,4,0.0,8.076762847874338,5.618063855215981,0.4376416957909133,6.68
2022-05-24,1011010504,辣椒类,32.071999999999996,214.114,89,5,0.0,6.676041406834623,4.922607570466451,0.35620020716012957,9.24
2022-05-24,1011010801,食用菌,14.041,128.9118,31,3,0.0,9.181098212378036,5.920603945587922,0.5507029851608058,9.45
2022-05-25,1011010101,花叶类,84.787,512.604,180,16,0.0,6.045785320862868,3.5753998844162425,0.69093961970913,12.83
2022-05-25,1011010201,花菜类,19.562,156.496,42,1,0.0,8.0,6.15,0.30081300813008127,15.51
2022-05-25,1011010402,水生根茎类,4.619,72.3124,7,3,0.0,15.6554232517861,9.927780904957784,0.5769307765412126,13.65
2022-05-25,1011010501,茄类,22.563,169.7336,48,5,0.0,7.5226521295926965,5.637757833621415,0.3343340298745183,6.68
2022-05-25,1011010504,辣椒类,31.823000000000004,206.6812,96,6,0.0,6.494711372277911,4.73005373472017,0.37307348637597215,9.24
2022-05-25,1011010801,食用菌,18.698,168.5204,38,3,0.0,9.012750026740827,5.919007380468499,0.5226793020196323,9.45
2022-05-26,1011010101,花叶类,88.361,548.176,205,15,0.0,6.203822953565488,3.6809810889419534,0.6853721341308738,12.83
2022-05-26,1011010201,花菜类,25.011,200.088,54,1,0.0,8.0,6.82,0.17302052785923738,15.51
2022-05-26,1011010402,水生根茎类,4.438,86.1748,8,3,0.0,19.41748535376296,13.147228481297882,0.47692613552617624,13.65
2022-05-26,1011010501,茄类,29.903,204.544,64,4,0.0,6.840250142126209,5.546484633648799,0.23325864830284337,6.68
2022-05-26,1011010504,辣椒类,39.188,215.2036,119,6,0.0,5.49156884760641,4.589390374604471,0.19657915308189322,9.24
2022-05-26,1011010801,食用菌,21.185,164.06300000000002,37,4,0.0,7.744300212414445,4.975312721265046,0.5565454165955108,9.45
2022-05-27,1011010101,花叶类,86.554,556.384,185,14,0.0,6.4281720082260785,3.731105899207431,0.7228597048375291,12.83
2022-05-27,1011010201,花菜类,18.568,148.544,37,1,0.0,8.0,6.82,0.17302052785923738,15.51
2022-05-27,1011010402,水生根茎类,8.858,108.28200000000001,16,4,0.0,12.224204109279748,8.296220365771054,0.4734666595543868,13.65
2022-05-27,1011010501,茄类,27.341,165.80599999999998,47,4,0.0,6.06437218828865,4.179969642661204,0.45081728020104217,6.68
2022-05-27,1011010504,辣椒类,31.927,174.82920000000001,95,6,0.0,5.475904406928306,4.2833996304068656,0.27840147532724346,9.24
2022-05-27,1011010801,食用菌,19.308,201.3984,46,4,0.0,10.430826600372903,6.821296871763,0.5291559356625688,9.45
2022-05-28,1011010101,花叶类,188.829,999.5818,417,15,0.0,5.293582023947593,3.176484650133189,0.6664906671989221,12.83
2022-05-28,1011010201,花菜类,35.114,280.912,84,1,0.0,8.0,6.18,0.2944983818770228,15.51
2022-05-28,1011010402,水生根茎类,8.906,138.5706,19,4,0.0,15.559240961149786,10.979891084662025,0.41706696734767457,13.65
2022-05-28,1011010501,茄类,54.447,280.6748,95,3,0.0,5.155009458739691,3.933020184766837,0.3106999752266204,6.68
2022-05-28,1011010504,辣椒类,55.568000000000005,306.28360000000004,180,6,0.0,5.511870141088396,3.851204110279297,0.431206963654976,9.24
2022-05-28,1011010801,食用菌,46.827,425.57460000000003,88,5,0.04271040211843595,9.088231148696266,5.738065645888056,0.5838492811961757,9.45
2022-05-29,1011010101,花叶类,178.51600000000002,924.1214,388,15,0.0,5.176686683546572,3.0641602433395323,0.6894307974914078,12.83
2022-05-29,1011010201,花菜类,42.403,339.224,88,1,0.0,8.0,5.69,0.4059753954305798,15.51
2022-05-29,1011010402,水生根茎类,7.4399999999999995,118.64240000000001,13,3,0.0,15.946559139784949,12.064212365591398,0.3218068993270109,13.65
2022-05-29,1011010501,茄类,55.666000000000004,357.4074,104,3,0.0,6.420569108612079,3.9959337836381277,0.6067756515140308,6.68
2022-05-29,1011010504,辣椒类,62.521,362.09000000000003,180,5,0.0,5.7914940579965135,3.697939092464932,0.5661410080543221,9.24
2022-05-29,1011010801,食用菌,33.516999999999996,285.0366,62,3,0.0,8.504239639585883,5.589235313423039,0.5215390232653483,9.45
2022-05-30,1011010101,花叶类,92.512,470.0318,205,14,0.0,5.080765738498789,3.049634966274646,0.6660242273865711,12.83
2022-05-30,1011010201,花菜类,24.336,194.688,54,1,0.0,8.0,5.690000000000001,0.4059753954305796,15.51
2022-05-30,1011010402,水生根茎类,6.684,114.2272,19,4,0.0,17.089646918013166,11.696424296828246,0.4611001178067229,13.65
2022-05-30,1011010501,茄类,25.618000000000002,135.7424,48,3,0.0,5.298711843235225,3.375105004293855,0.5699398497214547,6.68
2022-05-30,1011010504,辣椒类,31.081000000000003,161.192,93,5,0.0,5.186190920498054,3.581236446703774,0.44815652294377406,9.24
2022-05-30,1011010801,食用菌,16.585,161.683,38,5,0.12059089538739824,9.748748869460355,6.473439855290925,0.5059611408133231,9.45
2022-05-31,1011010101,花叶类,87.827,432.19680000000005,199,14,0.0,4.921001514340693,2.9474649025925963,0.6695708607122581,12.83
2022-05-31,1011010201,花菜类,15.854,126.832,36,1,0.0,8.0,5.69,0.4059753954305798,15.51
2022-05-31,1011010402,水生根茎类,6.611000000000001,138.6908,16,3,0.0,20.978792920889425,15.07472091967932,0.39165381784963094,13.65
2022-05-31,1011010501,茄类,18.11,95.4294,34,4,0.0,5.269431253451132,3.3626383213694098,0.5670526383893688,6.68
2022-05-31,1011010504,辣椒类,38.356,194.49200000000002,110,5,0.0,5.070706017311503,2.940991761393263,0.7241483243425717,9.24
2022-05-31,1011010801,食用菌,39.474000000000004,266.1852,61,5,0.10133252267315195,6.743304453564371,4.403577038050361,0.5313242837122931,9.45
2022-06-01,1011010101,花叶类,90.488,412.1648,208,16,0.0,4.554911148439572,2.927124480594112,0.5561043538247721,12.83
2022-06-01,1011010201,花菜类,22.234,177.872,54,1,0.0,8.0,5.72,0.39860139860139876,15.51
2022-06-01,1011010402,水生根茎类,5.084,117.65719999999999,15,3,0.0,23.142643587726198,16.49423682140047,0.40307453071728316,13.65
2022-06-01,1011010501,茄类,21.105,133.187,40,3,0.0,6.310684671878702,3.71736507936508,0.6976230575008675,6.68
2022-06-01,1011010504,辣椒类,43.717999999999996,259.9596,109,5,0.0,5.94628299556247,3.4948387391920948,0.7014470306967806,9.24
2022-06-01,1011010801,食用菌,35.603,291.5394,67,5,0.0,8.188618936606465,5.29532904530517,0.5463852891004914,9.45
2022-06-02,1011010101,花叶类,112.624,503.80740000000003,245,12,0.0,4.47335736610314,2.6532069541128003,0.6860190115094038,12.83
2022-06-02,1011010201,花菜类,20.605,164.84,47,1,0.0,8.0,5.8,0.3793103448275863,15.51
2022-06-02,1011010402,水生根茎类,11.33,227.3292,27,5,0.0,20.0643601059135,13.689810238305384,0.46564194511414936,13.65
2022-06-02,1011010501,茄类,34.716,198.594,58,4,0.0,5.720532319391634,3.6819351307754347,0.5536754766743706,6.68
2022-06-02,1011010504,辣椒类,47.188,257.5942,137,5,0.0,5.45889209120963,3.346087988471645,0.6314251478195667,9.24
2022-06-02,1011010801,食用菌,36.405,319.619,65,5,0.02746875429199286,8.779535778052466,5.708171954401867,0.5380643484788701,9.45
2022-06-03,1011010101,花叶类,185.595,854.6286,382,13,0.0,4.604804008728683,2.6963167111182953,0.7078127319912817,12.83
2022-06-03,1011010201,花菜类,29.489,271.29879999999997,65,1,0.0,9.2,5.84,0.5753424657534245,15.51
2022-06-03,1011010402,水生根茎类,14.235,271.144,31,5,0.0,19.04769933263084,12.833232174218477,0.4842480112607186,13.65
2022-06-03,1011010501,茄类,59.949999999999996,343.148,123,4,0.0,5.723903252710593,3.7128563803169308,0.5416441322790941,6.68
2022-06-03,1011010504,辣椒类,69.903,377.3274,205,5,0.0,5.3978713359941635,3.841103672231521,0.40529175898504843,9.24
2022-06-03,1011010801,食用菌,61.149,468.5502,102,4,0.0,7.662434381592504,4.980568774632455,0.5384657311870891,9.45
2022-06-04,1011010101,花叶类,113.331,509.40000000000003,235,13,0.0,4.49479842232046,2.556780580776663,0.7579914585220655,12.83
2022-06-04,1011010201,花菜类,13.898,127.8616,36,1,0.0,9.2,6.200000000000001,0.48387096774193505,15.51
2022-06-04,1011010402,水生根茎类,5.135,109.0052,14,3,0.0,21.227887049659202,14.795988315481987,0.43470558350246247,13.65
2022-06-04,1011010501,茄类,39.752,227.114,76,3,0.0,5.713272288186758,2.977272590058362,0.9189617730215169,6.68
2022-06-04,1011010504,辣椒类,38.876,216.9024,124,5,0.0,5.579339438213808,3.391575007716844,0.6450585422758299,9.24
2022-06-04,1011010801,食用菌,27.698,172.9204,43,4,0.036103689797097265,6.243064481189977,4.045548415048017,0.5431936144844969,9.45
2022-06-05,1011010101,花叶类,102.505,487.998,234,13,0.0,4.760723867128433,2.7990657041119946,0.7008260506834996,12.83
2022-06-05,1011010201,花菜类,21.97,219.7,54,1,0.0,10.0,6.26,0.5974440894568691,15.51
2022-06-05,1011010402,水生根茎类,10.109,203.8012,25,4,0.0,20.160371945790878,13.747961222672865,0.46642630272645746,13.65
2022-06-05,1011010501,茄类,42.328,218.9058,73,3,0.0,5.171654696654696,2.654080041580041,0.9485677205032139,6.68
2022-06-05,1011010504,辣椒类,41.001,237.38119999999998,120,5,0.0,5.789644155020609,3.3106777883466254,0.7487791096432841,9.24
2022-06-05,1011010801,食用菌,41.369,296.50620000000004,69,4,0.024172689695182385,7.167352365297687,4.65519591964998,0.5396456967672789,9.45
2022-06-06,1011010101,花叶类,104.547,505.5236,241,12,0.0,4.835371651027767,2.7510164806259385,0.7576672786516987,12.83
2022-06-06,1011010201,花菜类,23.309,214.44279999999998,57,1,0.0,9.2,6.46,0.4241486068111453,15.51
2022-06-06,1011010402,水生根茎类,5.253,92.51639999999999,14,3,0.0,17.61210736721873,11.723243860651055,0.5023237234135838,13.65
2022-06-06,1011010501,茄类,37.312000000000005,194.708,75,4,0.0,5.218374785591766,2.902846001286449,0.7976753790174016,6.68
2022-06-06,1011010504,辣椒类,40.803,217.15300000000002,116,6,0.0,5.321986128470947,3.4256255667475433,0.5535808058333418,9.24
2022-06-06,1011010801,食用菌,26.543,209.1514,55,5,0.03767471649775835,7.8797197001092565,5.159462005048412,0.5272366949110463,9.45
2022-06-07,1011010101,花叶类,105.767,482.7654,239,13,0.0,4.564423686026832,2.700058052133463,0.6904909442299703,12.83
2022-06-07,1011010201,花菜类,20.909,192.3628,50,1,0.0,9.2,6.54,0.4067278287461773,15.51
2022-06-07,1011010402,水生根茎类,6.312,100.79759999999999,13,4,0.0,15.969201520912545,10.937281368821292,0.46007046745964275,13.65
2022-06-07,1011010501,茄类,23.211999999999996,141.244,48,5,0.0,6.084956057211788,3.4388083749784597,0.7694955326639576,6.68
2022-06-07,1011010504,辣椒类,38.975,201.5864,117,5,0.0,5.17219756254009,3.341889159717768,0.5476867470305018,9.24
2022-06-07,1011010801,食用菌,28.139,182.5522,47,5,0.0,6.487515547816198,4.085248231991187,0.5880346014259514,9.45
2022-06-08,1011010101,花叶类,113.862,546.4596,243,13,0.0,4.799314960214997,2.7403823927210134,0.7513303884023295,12.83
2022-06-08,1011010201,花菜类,17.046,156.82319999999999,41,1,0.0,9.2,6.73,0.36701337295690917,15.51
2022-06-08,1011010402,水生根茎类,6.7250000000000005,152.65560000000002,21,4,0.0,22.69971747211896,13.70866914498141,0.6558658781570397,13.65
2022-06-08,1011010501,茄类,27.37,126.99300000000001,51,3,0.0,4.639861161856047,2.8572612349287545,0.62388412551705,6.68
2022-06-08,1011010504,辣椒类,40.959,221.52,119,5,0.0,5.408335164432725,3.41405039185527,0.5841404032392494,9.24
2022-06-08,1011010801,食用菌,28.048000000000002,185.2504,53,4,0.21391899600684539,6.604763262977753,4.590116942384484,0.43890958463177965,9.45
2022-06-09,1011010101,花叶类,281.247,1425.944,276,14,0.0,5.070077191934491,2.8259896105558457,0.794089112357796,12.83
2022-06-09,1011010201,花菜类,21.532,198.09439999999998,57,1,0.0,9.2,6.51,0.41321044546850993,15.51
2022-06-09,1011010402,水生根茎类,5.241,116.2664,14,4,0.0,22.184010684983782,12.693539400877695,0.7476615453251652,13.65
2022-06-09,1011010501,茄类,35.271,156.211,61,4,0.0,4.428879249241587,2.998851747894871,0.47685835165094903,6.68
2022-06-09,1011010504,辣椒类,41.651,209.0972,122,5,0.0,5.0202204028714785,3.426262994886077,0.46521747173655026,9.24
2022-06-09,1011010801,食用菌,27.768,229.8064,52,4,0.1800633823105733,8.275943532123307,5.703601267646212,0.4510031721657606,9.45
2022-06-10,1011010101,花叶类,115.093,464.61080000000004,253,12,0.0,4.036829346702232,2.2529099945261657,0.791828948564482,12.83
2022-06-10,1011010201,花菜类,13.058,130.57999999999998,34,1,0.0,9.999999999999998,6.269999999999999,0.594896331738437,15.51
2022-06-10,1011010402,水生根茎类,9.447000000000001,202.38780000000003,22,4,0.0,21.423499523658304,12.073985392187996,0.7743519498971356,13.65
2022-06-10,1011010501,茄类,38.775999999999996,192.547,73,3,0.0,4.965623065813906,3.326817361254384,0.49260465081305416,6.68
2022-06-10,1011010504,辣椒类,37.531,202.0308,110,5,0.0,5.3830380219018945,3.2980674642295704,0.6321794748851124,9.24
2022-06-10,1011010801,食用菌,27.152,216.3096,54,5,0.07365939893930465,7.966617560400707,5.160076605774897,0.5438952110681594,9.45
2022-06-11,1011010101,花叶类,195.647,818.072,426,13,0.0,4.181367462828462,2.3500361876236284,0.7792779042507796,12.83
2022-06-11,1011010201,花菜类,34.691,346.91,97,1,0.0,10.0,6.45,0.5503875968992247,15.51
2022-06-11,1011010402,水生根茎类,9.209,223.401,24,4,0.0,24.25898577478554,15.09277445976762,0.6073244743338628,13.65
2022-06-11,1011010501,茄类,48.32,251.951,95,3,0.0,5.214217715231788,3.5092897350993377,0.4858327778068712,6.68
2022-06-11,1011010504,辣椒类,61.054,312.1852,170,5,0.0,5.113263668228126,2.9964231663773053,0.7064557922271353,9.24
2022-06-11,1011010801,食用菌,36.533,313.2534,75,4,0.02737251252292448,8.574532614348671,5.624930884405878,0.5243800840504618,9.45
2022-06-12,1011010101,花叶类,166.515,739.6814,383,13,0.0,4.442130738972466,2.5336191334114044,0.7532748629788473,12.83
2022-06-12,1011010201,花菜类,29.698,296.98,79,1,0.0,10.0,6.71,0.4903129657228018,15.51
2022-06-12,1011010402,水生根茎类,10.588000000000001,218.9422,28,5,0.0,20.678333962976954,12.23219871552701,0.6904838160230993,13.65
2022-06-12,1011010501,茄类,49.504999999999995,274.6454,93,3,0.0,5.547831532168468,3.140769417230583,0.7663924966068809,6.68
2022-06-12,1011010504,辣椒类,67.529,323.3824,188,5,0.0,4.788792963023294,2.6823037509810606,0.7853283623347203,9.24
2022-06-12,1011010801,食用菌,49.293,358.3014,86,5,0.04057371229180614,7.268808958675674,4.742206804211551,0.5327903777246175,9.45
2022-06-13,1011010101,花叶类,116.051,550.7454,251,13,0.0,4.745718692643751,2.6997521779217757,0.7578349344260653,12.83
2022-06-13,1011010201,花菜类,23.638,236.38,49,1,0.0,9.999999999999998,6.24,0.6025641025641022,15.51
2022-06-13,1011010402,水生根茎类,3.944,85.9936,12,4,0.0,21.803651115618663,12.614525862068964,0.7284558574794147,13.65
2022-06-13,1011010501,茄类,33.306,162.54919999999998,61,4,0.0,4.880477991953402,2.804352068696331,0.7403228526232111,6.68
2022-06-13,1011010504,辣椒类,29.923000000000002,154.1124,90,5,0.0,5.150299101025967,3.4048671590415394,0.5126284992791794,9.24
2022-06-13,1011010801,食用菌,35.014,256.47720000000004,62,5,0.057120009139201455,7.324990003998401,4.705112240817958,0.5568151468210227,9.45
2022-06-14,1011010101,花叶类,110.67099999999999,523.7242,247,13,0.0,4.732262290934392,2.796243008556894,0.6923644606184114,12.83
2022-06-14,1011010201,花菜类,23.587,235.87,50,1,0.0,10.0,6.35,0.5748031496062993,15.51
2022-06-14,1011010402,水生根茎类,14.604000000000001,350.3868,40,5,0.0,23.992522596548888,15.273990002738975,0.57080910700128,13.65
2022-06-14,1011010501,茄类,29.762000000000004,197.5306,64,3,0.0,6.63700692157785,3.5353252469592094,0.8773398366349596,6.68
2022-06-14,1011010504,辣椒类,29.213,151.41320000000002,95,5,0.0,5.1830760277958445,3.44757915996303,0.5033957995764846,9.24
2022-06-14,1011010801,食用菌,16.266,163.1668,37,3,0.0,10.031157014631749,6.40668879872126,0.5657318982988393,9.45
2022-06-15,1011010101,花叶类,106.544,451.951,229,13,0.0,4.241918831656405,2.4197124192821744,0.7530673471167295,12.83
2022-06-15,1011010201,花菜类,18.931,189.31,39,1,0.0,10.0,6.35,0.5748031496062993,15.51
2022-06-15,1011010402,水生根茎类,5.184,102.148,16,5,0.0,19.704475308641975,11.182376543209877,0.7621008586593212,13.65
2022-06-15,1011010501,茄类,33.775999999999996,226.2886,68,4,0.0,6.699686167693037,3.7887911534817627,0.7682912296541515,6.68
2022-06-15,1011010504,辣椒类,39.656,193.6048,103,6,0.0,4.882106112568086,2.984149939479524,0.6360123357003942,9.24
2022-06-15,1011010801,食用菌,26.243000000000002,222.5114,47,4,0.0,8.478885798117593,5.509949319818618,0.5388319031574524,9.45
2022-06-16,1011010101,花叶类,109.346,488.562,250,15,0.0,4.468037239588097,2.595571945933093,0.7214075867127867,12.83
2022-06-16,1011010201,花菜类,18.079,180.79,36,1,0.0,10.0,6.43,0.5552099533437014,15.51
2022-06-16,1011010402,水生根茎类,5.347,110.48880000000001,17,4,0.0,20.663699270619038,13.616446605573218,0.5175544596312944,13.65
2022-06-16,1011010501,茄类,35.463,181.8748,61,3,0.0,5.128579082423935,2.960780531821899,0.7321713066209921,6.68
2022-06-16,1011010504,辣椒类,50.132,247.0884,126,7,0.03989467804994814,4.928756083938403,3.0228436926514006,0.6305031239029384,9.24
2022-06-16,1011010801,食用菌,32.228,223.8144,51,5,0.031028918952463694,6.9447188779942906,4.541069877125481,0.5293133701766182,9.45
2022-06-17,1011010101,花叶类,119.07300000000001,523.9212,252,14,0.0,4.3999999999999995,2.602318661661334,0.6907998489281924,12.83
2022-06-17,1011010201,花菜类,27.301,273.01,63,1,0.0,10.0,6.44,0.5527950310559004,15.51
2022-06-17,1011010402,水生根茎类,6.7700000000000005,130.8522,19,5,0.0,19.32824224519941,12.788858197932052,0.5113344714639787,13.65
2022-06-17,1011010501,茄类,36.326,242.78400000000002,69,4,0.0,6.683477399108077,4.116193084842813,0.6237035681632273,6.68
2022-06-17,1011010504,辣椒类,47.1,236.4708,123,5,0.0,5.020611464968153,3.2508309978768577,0.5444086352834558,9.24
2022-06-17,1011010801,食用菌,36.568,265.3464,60,5,0.05469262743382192,7.256245898052943,4.7847188798949905,0.516545920501853,9.45
2022-06-18,1011010101,花叶类,192.524,829.6358,425,14,0.0,4.309259105358293,2.53533907460888,0.6996776283357959,12.83
2022-06-18,1011010201,花菜类,29.834,298.34,65,1,0.0,10.0,6.08,0.644736842105263,15.51
2022-06-18,1011010402,水生根茎类,18.484,408.96500000000003,46,5,0.0,22.125351655485826,13.678698333694005,0.617504174427594,13.65
2022-06-18,1011010501,茄类,48.073,332.44680000000005,87,3,0.0,6.9154577413516956,4.422291723004597,0.563772400038139,6.68
2022-06-18,1011010504,辣椒类,80.225,475.632,217,10,0.0,5.92872545964475,3.5560095980056095,0.6672411297680074,9.24
2022-06-18,1011010801,食用菌,50.206,349.1788,80,5,0.0796717523801936,6.954921722503286,4.553822252320439,0.5272712321960629,9.45
2022-06-19,1011010101,花叶类,187.623,829.0606,403,14,0.0,4.418757828198036,2.5618373013969507,0.7248393665704376,12.83
2022-06-19,1011010201,花菜类,31.956,293.99519999999995,70,1,0.0,9.2,6.07,0.5156507413509059,15.51
2022-06-19,1011010402,水生根茎类,15.541,376.7282,47,4,0.0,24.240924007464127,15.483551251528215,0.5655920023561498,13.65
2022-06-19,1011010501,茄类,40.858,256.7484,81,3,0.0,6.2839199177639635,3.947497185373734,0.5918744517531622,6.68
2022-06-19,1011010504,辣椒类,79.31099999999999,526.102,232,10,0.0,6.633405202304851,3.822236385873335,0.7354774882111845,9.24
2022-06-19,1011010801,食用菌,49.153,351.7048,76,5,0.0,7.155306898866804,4.529589852094481,0.5796809716796305,9.45
2022-06-20,1011010101,花叶类,123.53999999999999,557.3336,267,15,0.0,4.511361502347419,2.6201741945928445,0.7217792281358035,12.83
2022-06-20,1011010201,花菜类,26.02,239.384,58,1,0.0,9.2,6.07,0.5156507413509059,15.51
2022-06-20,1011010402,水生根茎类,8.896,214.5098,26,4,0.0,24.113062050359712,16.63905912769784,0.4491842276238107,13.65
2022-06-20,1011010501,茄类,27.415999999999997,176.72160000000002,56,3,0.0,6.44592938430114,3.7620192588269625,0.7134227500767896,6.68
2022-06-20,1011010504,辣椒类,46.065,222.83239999999998,119,8,0.0,4.837347226744817,3.290527732551829,0.4700824973729725,9.24
2022-06-20,1011010801,食用菌,35.656,269.3696,65,5,0.11218308279111511,7.554678034552389,4.960567646398923,0.5229462781415017,9.45
2022-06-21,1011010101,花叶类,110.973,512.5522,226,16,0.0,4.618710857595992,2.765942887008552,0.6698504077180214,12.83
2022-06-21,1011010201,花菜类,22.014,158.5008,48,1,0.0,7.2,5.910000000000001,0.21827411167512678,15.51
2022-06-21,1011010402,水生根茎类,6.063,120.025,20,5,0.0,19.79630545934356,13.216808510638298,0.4978128376006492,13.65
2022-06-21,1011010501,茄类,27.152,194.3994,52,3,0.0,7.159671479080731,4.300664039481438,0.6647827901348984,6.68
2022-06-21,1011010504,辣椒类,32.467,180.1708,92,10,0.0,5.5493516493670505,3.657317276003327,0.517328476196989,9.24
2022-06-21,1011010801,食用菌,29.804000000000002,205.709,50,5,0.10065762984834249,6.902060126157562,4.465145282512413,0.5457638418147874,9.45
2022-06-22,1011010101,花叶类,108.759,484.8422,239,18,0.0,4.45795014665453,2.662437775264576,0.6743866046640385,12.83
2022-06-22,1011010201,花菜类,23.449,168.8328,51,1,0.0,7.199999999999999,6.0,0.19999999999999996,15.51
2022-06-22,1011010402,水生根茎类,13.806000000000001,328.4452,37,4,0.0,23.790033318846877,16.15443792553962,0.4726623995524868,13.65
2022-06-22,1011010501,茄类,22.451,163.3068,40,4,0.0,7.273920983475124,4.52756848247294,0.6065844197904073,6.68
2022-06-22,1011010504,辣椒类,35.161,188.0808,95,6,0.0,5.349131139614914,3.719178635419925,0.4382560409096765,9.24
2022-06-22,1011010801,食用菌,28.097,245.704,52,5,0.0,8.744848204434637,5.426140513222052,0.6116147717011351,9.45
2022-06-23,1011010101,花叶类,84.617,382.3718,169,12,0.0,4.518853185530094,2.711702494770554,0.6664266062536661,12.83
2022-06-23,1011010201,花菜类,14.583,104.9976,29,1,0.0,7.2,5.97,0.20603015075376896,15.51
2022-06-23,1011010402,水生根茎类,5.401999999999999,116.8704,18,4,0.0,21.63465383191411,13.91184005923732,0.555125255882231,13.65
2022-06-23,1011010501,茄类,17.152,100.5972,32,3,0.0,5.86504197761194,3.7456599813432834,0.5658233814134392,6.68
2022-06-23,1011010504,辣椒类,29.211,177.60160000000002,86,8,0.0,6.079956180890761,3.3817976104891994,0.7978474412640133,9.24
2022-06-23,1011010801,食用菌,29.488,188.7624,48,4,0.13564839934888767,6.40132935431362,4.194886055344547,0.5259840839199734,9.45
2022-06-24,1011010101,花叶类,104.325,483.137,228,15,0.0,4.631075964533908,2.7113935298346514,0.7080058330065884,12.83
2022-06-24,1011010201,花菜类,17.64,162.28799999999998,34,1,0.0,9.2,5.05,0.8217821782178216,15.51
2022-06-24,1011010402,水生根茎类,25.878,336.7208,45,5,0.0,13.01185563026509,8.80481180925883,0.47781189560261605,13.65
2022-06-24,1011010501,茄类,22.836,176.291,45,5,0.0,7.719872131721843,4.293822035382728,0.7979022111552732,6.68
2022-06-24,1011010504,辣椒类,33.789,190.712,97,7,0.0,5.644203734943324,3.1208274882358165,0.8085599912906292,9.24
2022-06-24,1011010801,食用菌,29.265,217.947,54,4,0.03417051084913719,7.447360328036904,4.682692636254911,0.5904012726304193,9.45
2022-06-25,1011010101,花叶类,156.216,822.1928,333,17,0.0,5.2631791877912635,2.9974832923644184,0.7558660631064473,12.83
2022-06-25,1011010201,花菜类,22.426,179.408,49,1,0.0,8.0,5.19,0.5414258188824661,15.51
2022-06-25,1011010402,水生根茎类,40.332,459.5476,56,6,0.0,11.394118813845086,7.55514603788555,0.5081268789125808,13.65
2022-06-25,1011010501,茄类,28.570000000000004,207.693,58,4,0.0,7.269618480924046,4.453412670633531,0.6323702783847087,6.68
2022-06-25,1011010504,辣椒类,39.414,216.82,110,6,0.0,5.501090982899477,3.634782564570964,0.513458063907271,9.24
2022-06-25,1011010801,食用菌,48.569,313.96619999999996,75,4,0.08235705902942206,6.464333216660832,3.938508101875682,0.6413152009468375,9.45
2022-06-26,1011010101,花叶类,163.919,777.5194,349,15,0.0,4.743314685911944,2.7587681110792523,0.7193596906034705,12.83
2022-06-26,1011010201,花菜类,36.32,261.504,85,1,0.0,7.2,4.96,0.4516129032258065,15.51
2022-06-26,1011010402,水生根茎类,31.364,530.6208,70,5,0.0,16.918148195383242,11.409891914296646,0.48276147771257394,13.65
2022-06-26,1011010501,茄类,33.783,258.274,66,3,0.0,7.645087766036172,4.9775564633099485,0.5359118118275212,6.68
2022-06-26,1011010504,辣椒类,43.418,292.4352,113,10,0.0,6.735344787875997,3.8082647749781198,0.7686125271882374,9.24
2022-06-26,1011010801,食用菌,54.309,366.31820000000005,81,5,0.11047892614483788,6.745073560551659,4.223119556611243,0.5971779794849348,9.45
2022-06-27,1011010101,花叶类,105.20700000000001,532.3742,235,15,0.0,5.060254545800184,2.9655110401399147,0.7063684731928828,12.83
2022-06-27,1011010201,花菜类,21.772000000000002,156.7584,51,1,0.0,7.199999999999999,4.94,0.4574898785425099,15.51
2022-06-27,1011010402,水生根茎类,12.659,235.86960000000002,36,4,0.0,18.632561813729364,11.753082391974088,0.5853340589574285,13.65
2022-06-27,1011010501,茄类,21.427,166.186,45,4,0.0,7.755915433798479,5.256043776543613,0.47561850006104534,6.68
2022-06-27,1011010504,辣椒类,28.077,218.1834,83,6,0.0,7.770894326316914,4.114270043095773,0.8887662318999663,9.24
2022-06-27,1011010801,食用菌,26.887,187.8454,52,4,0.34685907687730133,6.986476735969056,4.621422992524268,0.5117587693813268,9.45
2022-06-28,1011010101,花叶类,133.899,619.0856,292,17,0.06945533573813098,4.6235266880260495,2.8772332877766074,0.6069349356092348,12.83
2022-06-28,1011010201,花菜类,23.307,186.456,53,1,0.0,8.0,5.749999999999999,0.39130434782608714,15.51
2022-06-28,1011010402,水生根茎类,19.500999999999998,278.0434,34,6,0.0,14.257904722834729,9.239970770729707,0.5430681629427645,13.65
2022-06-28,1011010501,茄类,13.137,98.02,29,4,0.0,7.461368653421633,5.1543799954327465,0.4475783042835588,6.68
2022-06-28,1011010504,辣椒类,28.268,218.1388,81,8,0.0,7.7168105278052925,3.948357860478279,0.9544354388562255,9.24
2022-06-28,1011010801,食用菌,39.702,262.4614,61,5,0.14820412069920913,6.610785350863937,4.221832653266839,0.5658567958037217,9.45
2022-06-29,1011010101,花叶类,156.09,760.677,327,21,0.006406560317765392,4.873323082836825,2.9431791914920877,0.6558023707575285,12.83
2022-06-29,1011010201,花菜类,40.424,282.9644,74,2,0.212843855135563,6.999910943993667,5.177091084504255,0.3520934497261141,15.51
2022-06-29,1011010402,水生根茎类,16.118000000000002,341.006,40,4,0.0,21.156843280804065,13.624020970343713,0.5529074218879679,13.65
2022-06-29,1011010501,茄类,26.758000000000003,183.3872,54,5,0.0,6.853546602885118,4.784868450556843,0.43233751851370794,6.68
2022-06-29,1011010504,辣椒类,21.954,224.3892,70,9,0.0455497859160062,10.220880021863897,5.224674319030701,0.9562712233822277,9.24
2022-06-29,1011010801,食用菌,39.934,300.9326,75,7,0.31532027845945815,7.535748985826614,4.909771623178244,0.534847150578563,9.45
2022-06-30,1011010101,花叶类,127.274,638.0496,270,20,0.015714128572999985,5.0131967251756056,3.100157455568301,0.6170780991046851,12.83
2022-06-30,1011010201,花菜类,47.528,348.3233,83,2,0.11519525332435616,7.328801969365427,5.396080415754923,0.3581713771291364,15.51
2022-06-30,1011010402,水生根茎类,10.625,194.8452,30,4,0.0,18.338371764705883,12.468931764705884,0.47072516802231834,13.65
2022-06-30,1011010501,茄类,21.969,139.9018,39,4,0.0,6.3681460239428285,4.216293868633074,0.5103657909896557,6.68
2022-06-30,1011010504,辣椒类,29.259,270.968,85,7,0.0,9.26101370518473,4.763450220444992,0.9441819010590153,9.24
2022-06-30,1011010801,食用菌,38.627,250.60240000000002,61,6,0.29903953193362154,6.487752090506641,4.285090739638076,0.5140291033964437,9.45
2022-07-01,1011010101,花叶类,149.719,720.7138,290,19,0.0,4.813776474595743,2.6983733527474807,0.7839549407402653,12.83
2022-07-01,1011010201,花菜类,28.897,252.2208,57,2,0.023670277191403955,8.728269370522892,5.816672664982524,0.5005605220092122,15.51
2022-07-01,1011010402,水生根茎类,15.086000000000002,290.4148,41,4,0.0,19.25061646559724,12.630185602545405,0.5241752632453476,13.65
2022-07-01,1011010501,茄类,17.165000000000003,127.70020000000001,35,4,0.0,7.439568890183512,4.359983105155841,0.7063297519171456,6.68
2022-07-01,1011010504,辣椒类,25.326,251.924,88,6,0.0,9.947247887546395,7.485164652925847,0.3289284002133679,9.24
2022-07-01,1011010801,食用菌,50.953,256.8174,76,4,0.5624791474496104,5.040280258277236,3.5196710694169138,0.43203161854332994,9.45
2022-07-02,1011010101,花叶类,195.29500000000002,1054.8592,402,22,0.017240584756394173,5.401363066130726,3.03466699096239,0.7798865846620557,12.83
2022-07-02,1011010201,花菜类,55.851,476.88159999999993,101,2,0.08144885498916761,8.538461263003347,5.615486025317363,0.5205204366118585,15.51
2022-07-02,1011010402,水生根茎类,28.667,552.19,75,3,0.0,19.26221788118743,12.40385390867548,0.5529220210917742,13.65
2022-07-02,1011010501,茄类,27.475,169.2184,49,3,0.0,6.158995450409463,3.7906802547770697,0.6247731373934291,6.68
2022-07-02,1011010504,辣椒类,55.999,582.9485999999999,190,11,0.0,10.409982321112876,6.9668411935927415,0.4942184028375327,9.24
2022-07-02,1011010801,食用菌,45.704,393.2678,86,4,0.31697444424995624,8.604669175564503,5.796656747768247,0.4844193040889233,9.45
2022-07-03,1011010101,花叶类,189.083,1030.8401999999999,385,15,0.0,5.45178678146634,3.040783888556877,0.7928886041466428,12.83
2022-07-03,1011010201,花菜类,48.366,460.46799999999996,92,2,0.0,9.520489600132324,5.987621056113799,0.5900287461263447,15.51
2022-07-03,1011010402,水生根茎类,63.873,690.4424,92,5,0.0,10.809612825450504,6.589500728007139,0.6404297186745516,13.65
2022-07-03,1011010501,茄类,42.368,315.1256,62,3,0.0,7.437820996978852,4.327467900302114,0.7187466593246352,6.68
2022-07-03,1011010504,辣椒类,58.67,617.706,163,9,0.0,10.528481336287712,7.473567581387422,0.40876244466008615,9.24
2022-07-03,1011010801,食用菌,42.18,277.5108,71,5,0.2301090564248459,6.579203413940257,4.437126600284495,0.482762158176514,9.45
2022-07-04,1011010101,花叶类,116.605,681.672,268,14,0.0,5.845992881951889,3.277872046653231,0.7834719594746713,12.83
2022-07-04,1011010201,花菜类,27.955000000000002,279.55,62,1,0.0,10.0,6.27,0.594896331738437,15.51
2022-07-04,1011010402,水生根茎类,20.219,288.6132,44,4,0.0,14.274355803946783,9.316221870517829,0.5322043637796448,13.65
2022-07-04,1011010501,茄类,17.802,118.5072,34,3,0.0,6.65695989214695,3.4763431075160094,0.9149317792465033,6.68
2022-07-04,1011010504,辣椒类,47.642,512.2236,147,12,0.0,10.751513370555392,6.739149909743503,0.5953812446004192,9.24
2022-07-04,1011010801,食用菌,36.688,294.653,75,5,0.32918120366332315,8.031318142171827,5.74088530309638,0.3989685768221305,9.45
2022-07-05,1011010101,花叶类,133.21,681.1204,297,14,0.0,5.113132647699121,2.9283726446963443,0.7460662518343271,12.83
2022-07-05,1011010201,花菜类,42.64,387.654,75,2,0.0,9.091322701688554,5.681277204502814,0.6002251561467618,15.51
2022-07-05,1011010402,水生根茎类,34.507999999999996,488.4832,68,5,0.0,14.155650863567871,9.172921931146401,0.543199753559741,13.65
2022-07-05,1011010501,茄类,17.524,105.91220000000001,31,3,0.0,6.043837023510615,3.4117530244236476,0.7714755377205562,6.68
2022-07-05,1011010504,辣椒类,49.728,475.6652,149,13,0.0,9.565339446589446,6.573877493564993,0.4550528901630311,9.24
2022-07-05,1011010801,食用菌,50.367,270.5498,80,5,0.2212559810987353,5.371568685845892,3.915555224651061,0.3718536395625949,9.45
2022-07-06,1011010101,花叶类,164.461,854.6881999999999,327,15,0.0,5.196905041316786,2.8591430187096027,0.8176443106586073,12.83
2022-07-06,1011010201,花菜类,31.186,273.644,57,2,0.06365035592894247,8.774578336433015,5.634890014750209,0.5571871524491481,15.51
2022-07-06,1011010402,水生根茎类,39.018,425.6612,59,4,0.0,10.909354656825055,7.164674252908914,0.5226588497580014,13.65
2022-07-06,1011010501,茄类,9.038,58.964,20,3,0.0,6.524009736667404,3.290535516707236,0.9826589634248446,6.68
2022-07-06,1011010504,辣椒类,51.119,530.9294,169,14,0.0,10.386146051370332,7.014267884739528,0.4807170501666713,9.24
2022-07-06,1011010801,食用菌,32.226,223.58020000000005,60,6,0.2185502389375039,6.937882455160431,5.007559113759077,0.3854818879915922,9.45
2022-07-07,1011010101,花叶类,134.04399999999998,722.7684,286,15,0.0,5.3920235146668265,2.9998089433320403,0.7974556435176274,12.83
2022-07-07,1011010201,花菜类,50.962,407.696,87,2,0.0,8.0,5.550103214159569,0.4414146352432131,15.51
2022-07-07,1011010402,水生根茎类,43.066,456.13840000000005,66,4,0.0,10.591612873264292,6.89288115915107,0.5366016950985355,13.65
2022-07-07,1011010501,茄类,14.602,99.92099999999999,31,3,0.0,6.842966716888097,3.712574304889741,0.8431864671032692,6.68
2022-07-07,1011010504,辣椒类,39.874,488.0754,160,11,0.0,12.240442393539649,7.918626674023173,0.545778440811469,9.24
2022-07-07,1011010801,食用菌,29.189,166.70340000000002,62,5,0.34920689300763985,5.711172016855666,4.2125595258487785,0.35574868006284976,9.45
2022-07-08,1011010101,花叶类,129.05,735.0228,271,15,0.0,5.69564354901201,3.259294304533127,0.7475082078627675,12.83
2022-07-08,1011010201,花菜类,48.355999999999995,384.13599999999997,99,2,0.014021010836297462,7.94391595665481,5.336617172636282,0.4885677011623688,15.51
2022-07-08,1011010402,水生根茎类,32.713,304.13640000000004,48,5,0.0,9.297111240179746,6.038801393941247,0.5395623458502168,13.65
2022-07-08,1011010501,茄类,7.971,55.828,14,3,0.0,7.003889097980179,3.772594404717099,0.8565179148924145,6.68
2022-07-08,1011010504,辣椒类,42.699999999999996,431.1114,124,12,0.0,10.096285714285715,6.656950585480094,0.5166532460534374,9.24
2022-07-08,1011010801,食用菌,49.425,237.08160000000004,69,6,0.5401517450682853,4.796795144157816,3.9295902883156293,0.22068582020389282,9.45
2022-07-09,1011010101,花叶类,173.971,1015.6832,391,15,0.0,5.838232808916429,3.4200141977685936,0.7070785298861082,12.83
2022-07-09,1011010201,花菜类,44.535000000000004,356.28000000000003,113,1,0.0,8.0,5.6,0.4285714285714286,15.51
2022-07-09,1011010402,水生根茎类,44.591,613.4956,89,6,0.004776748671256531,13.75828306160436,8.6177975376197,0.5964964367687502,13.65
2022-07-09,1011010501,茄类,26.107,189.08599999999998,54,3,0.0,7.242731834373922,4.192467154403034,0.7275583964366719,6.68
2022-07-09,1011010504,辣椒类,73.124,698.3694,216,12,0.013675400689240195,9.550481374104262,5.959547754499208,0.6025513625415704,9.24
2022-07-09,1011010801,食用菌,55.629,358.4996,96,7,0.24553739955778464,6.444473206421112,4.547930036491758,0.41701238908950633,9.45
2022-07-10,1011010101,花叶类,186.916,1031.0776,405,15,0.0,5.51626185024289,3.1360271993836806,0.7589968133334413,12.83
2022-07-10,1011010201,花菜类,67.457,537.928,141,2,0.008005099544895268,7.974383681456336,5.332881687593578,0.4953235696205207,15.51
2022-07-10,1011010402,水生根茎类,35.703,381.6576,51,5,0.0,10.689790773884546,6.519636165028149,0.6396299583748923,13.65
2022-07-10,1011010501,茄类,21.796999999999997,163.073,49,4,0.0,7.481442400330322,4.571851630958388,0.6364140843218926,6.68
2022-07-10,1011010504,辣椒类,85.66900000000001,880.8610000000001,234,21,0.0,10.282144066114931,6.570471115572726,0.5649021029474035,9.24
2022-07-10,1011010801,食用菌,80.418,360.2472,112,7,0.35795468676167025,4.479683652913526,3.491193513889925,0.28313816896452004,9.45
2022-07-11,1011010101,花叶类,133.768,702.5188,282,15,0.0,5.251770229053287,3.0852000478440282,0.702246255546146,12.83
2022-07-11,1011010201,花菜类,24.264000000000003,194.11200000000002,61,2,0.0,8.0,5.941472964061985,0.34646745821942937,15.51
2022-07-11,1011010402,水生根茎类,43.103,439.01480000000004,71,4,0.6286105375495905,10.185249286592581,7.005753195833237,0.4538407223152525,13.65
2022-07-11,1011010501,茄类,30.141,231.333,57,3,0.0,7.675027371354633,4.683458412129657,0.6387521134973957,6.68
2022-07-11,1011010504,辣椒类,57.659,612.3836,177,19,0.06937338490088278,10.62078079744706,6.831040253906589,0.5547823468575177,9.24
2022-07-11,1011010801,食用菌,55.108000000000004,290.1384,81,6,0.09073092835885896,5.264905276910793,3.7047034913261228,0.4211407982413691,9.45
2022-07-12,1011010101,花叶类,129.271,666.9879999999999,283,15,0.0,5.159610430800412,3.040079290792212,0.697196006179126,12.83
2022-07-12,1011010201,花菜类,64.57900000000001,489.4984,139,2,0.12881896591771316,7.579838647238265,5.423710648972577,0.3975374310711297,15.51
2022-07-12,1011010402,水生根茎类,29.78,373.924,58,3,0.7792142377434519,12.556212222968433,8.356062793821355,0.5026469442346406,13.65
2022-07-12,1011010501,茄类,19.218,142.25900000000001,40,3,0.0,7.4023831824331365,3.719267353522739,0.9902799338751218,6.68
2022-07-12,1011010504,辣椒类,49.014,566.7348,168,15,0.0,11.56271269433223,7.709535438854205,0.4997937017137164,9.24
2022-07-12,1011010801,食用菌,27.869,232.6062,67,4,0.0,8.34641357781047,5.816441207075963,0.4349691298618614,9.45
2022-07-13,1011010101,花叶类,150.034,842.4026,333,15,0.0,5.614744657877548,3.1307723582654603,0.7934055930493398,12.83
2022-07-13,1011010201,花菜类,46.435,364.968,96,2,0.043824701195219126,7.859760956175299,5.8598832777000105,0.34128285218340304,15.51
2022-07-13,1011010402,水生根茎类,31.994999999999997,450.9908,76,3,0.6985779027973121,14.095664947648071,9.36119518674793,0.5057548386131763,13.65
2022-07-13,1011010501,茄类,12.755,82.113,24,4,0.0,6.437710701685613,3.453895727165817,0.8638983948042467,6.68
2022-07-13,1011010504,辣椒类,57.841,478.7834,153,15,0.25933161598174304,8.277578188482218,5.478281841600249,0.5109807103433497,9.24
2022-07-13,1011010801,食用菌,63.602999999999994,322.44079999999997,96,7,0.25011398833388365,5.069584768014088,3.7246694338317377,0.36108313987981866,9.45
2022-07-14,1011010101,花叶类,131.965,798.3542,297,15,0.0,6.049741977039366,3.3784473155760995,0.7906870854985502,12.83
2022-07-14,1011010201,花菜类,34.033,340.33,83,1,0.0,10.0,6.2,0.6129032258064515,15.51
2022-07-14,1011010402,水生根茎类,12.376000000000001,145.75,28,3,0.48238526179702645,11.776826115061407,7.89201923076923,0.49224498454668963,13.65
2022-07-14,1011010501,茄类,14.374,112.30199999999999,35,3,0.0,7.812856546542367,3.2829247251982747,1.3798463871481257,6.68
2022-07-14,1011010504,辣椒类,52.446,426.18100000000004,123,17,0.057201693170117834,8.126091598977997,5.003707623078976,0.6240140733837873,9.24
2022-07-14,1011010801,食用菌,44.709,348.1572,84,7,0.14545169876311256,7.787183788498959,5.464549195911337,0.42503681627122236,9.45
2022-07-15,1011010101,花叶类,118.425,697.7156,272,13,0.0,5.891624234747731,3.2993630567869956,0.7856853378497684,12.83
2022-07-15,1011010201,花菜类,30.18,301.8,65,1,0.0,10.0,6.2,0.6129032258064515,15.51
2022-07-15,1011010402,水生根茎类,43.241,511.592,77,5,0.7334011701857034,11.831178742397261,7.724199024074374,0.5317029902417676,13.65
2022-07-15,1011010501,茄类,11.364,86.44500000000001,21,2,0.0,7.606916578669483,2.6030860612460396,1.9222685688033767,6.68
2022-07-15,1011010504,辣椒类,60.497,523.3266,140,19,0.10651767856257335,8.650455394482371,5.105910706316015,0.6942042060746874,9.24
2022-07-15,1011010801,食用菌,66.136,399.67900000000003,121,10,0.3355056247731947,6.043289585097376,4.2395852485786865,0.42544358251160963,9.45
2022-07-16,1011010101,花叶类,175.925,1154.7206,401,14,0.0,6.563709535313344,3.910525166974563,0.6784726488262081,12.83
2022-07-16,1011010201,花菜类,59.714,597.14,141,1,0.0,10.0,6.12,0.6339869281045751,15.51
2022-07-16,1011010402,水生根茎类,107.272,893.9044,120,5,0.35826683570736073,8.333063613990603,5.551456764113654,0.501058905449489,13.65
2022-07-16,1011010501,茄类,18.431000000000004,151.32180000000002,34,4,0.0,8.21017850360805,3.7056936682762727,1.215557797962039,6.68
2022-07-16,1011010504,辣椒类,73.235,819.6466,229,15,0.05461869324776405,11.192006554243191,6.917367515532192,0.6179574858662296,9.24
2022-07-16,1011010801,食用菌,89.471,466.6114,144,9,0.26254317041275943,5.215225044986644,3.733892769724268,0.3967259818689881,9.45
2022-07-17,1011010101,花叶类,190.249,1126.1988000000001,395,15,0.0,5.919604308038414,3.59148394998134,0.648233540920925,12.83
2022-07-17,1011010201,花菜类,53.705,535.818,126,2,0.0,9.977059864072247,6.096214877571921,0.6365991134561253,15.51
2022-07-17,1011010402,水生根茎类,131.3,849.4144,125,4,0.0,6.469264280274181,4.541101066260472,0.42460257674941415,13.65
2022-07-17,1011010501,茄类,21.934,176.5404,46,4,0.0,8.048709765660618,4.100332816631712,0.9629406015564286,6.68
2022-07-17,1011010504,辣椒类,63.42100000000001,648.7662,200,17,0.07883823969978397,10.229517036943598,6.784153671496823,0.5078545581775724,9.24
2022-07-17,1011010801,食用菌,73.67099999999999,568.9946,143,10,0.12091596421929933,7.723454276445278,5.368964314316353,0.4385370854208648,9.45
2022-07-18,1011010101,花叶类,132.053,795.8266,300,15,0.0,6.026569634919313,3.5784849265067815,0.6841120638175453,12.83
2022-07-18,1011010201,花菜类,43.19,431.9,94,1,0.0,10.0,5.63,0.7761989342806395,15.51
2022-07-18,1011010402,水生根茎类,57.442,538.1616,85,5,0.0,9.368782424010307,6.48974200062672,0.44362941132414146,13.65
2022-07-18,1011010501,茄类,11.582,102.2544,25,3,0.0,8.828734242790537,3.9394102918321536,1.2411309279197829,6.68
2022-07-18,1011010504,辣椒类,50.507,528.6268,145,14,0.05939770724850021,10.466406636703823,6.938621181222405,0.5084274473764994,9.24
2022-07-18,1011010801,食用菌,52.193,304.8524,80,6,0.09579828712662618,5.840867549288219,4.158280803939225,0.40463519052273833,9.45
2022-07-19,1011010101,花叶类,134.777,791.3954,285,15,0.0,5.871887636614557,3.426589106449914,0.7136246728742075,12.83
2022-07-19,1011010201,花菜类,33.363,332.274,73,2,0.0,9.959356173006025,5.505486916644187,0.8089873473128966,15.51
2022-07-19,1011010402,水生根茎类,90.19,564.6268,85,6,0.0,6.260414680119747,4.14272391617696,0.5111831748365845,13.65
2022-07-19,1011010501,茄类,20.509,137.9192,45,3,0.0,6.724813496513725,3.856688283192745,0.7436756623085476,6.68
2022-07-19,1011010504,辣椒类,49.966,444.1174,139,18,0.12008165552575752,8.888392106632509,5.617641796421567,0.5822283493216687,9.24
2022-07-19,1011010801,食用菌,44.352000000000004,351.2316,98,8,0.1432404401154401,7.9191829004329,5.791770382395382,0.3673164468853918,9.45
2022-07-20,1011010101,花叶类,161.158,1009.3716000000001,369,16,0.0,6.2632422839697695,3.852544893830899,0.6257415439854142,12.83
2022-07-20,1011010201,花菜类,43.777,402.74839999999995,98,1,0.0,9.2,5.68,0.619718309859155,15.51
2022-07-20,1011010402,水生根茎类,89.355,618.3884,94,5,0.0,6.920579710144928,4.549917631917632,0.5210340647921015,13.65
2022-07-20,1011010501,茄类,17.192,115.49959999999999,33,3,0.0,6.718217775709632,3.58287168450442,0.8750930447119516,6.68
2022-07-20,1011010504,辣椒类,88.656,700.8046,192,19,0.03383865728207904,7.904762227034832,4.855115953798952,0.6281304714977285,9.24
2022-07-20,1011010801,食用菌,37.088,313.3208,77,6,0.1078515962036238,8.448037100949094,6.192525614754098,0.3642312727493757,9.45
2022-07-21,1011010101,花叶类,140.656,803.201,299,15,0.0,5.710392731202366,3.373516451484473,0.6927122820727851,12.83
2022-07-21,1011010201,花菜类,38.147,350.95239999999995,80,1,0.0,9.2,5.94,0.5488215488215487,15.51
2022-07-21,1011010402,水生根茎类,75.92,649.4168000000001,94,6,0.0,8.553962065331929,5.667064146469969,0.5094168416392846,13.65
2022-07-21,1011010501,茄类,18.296,100.971,29,3,0.0,5.5187472671622215,3.213297988631395,0.7174713601687348,6.68
2022-07-21,1011010504,辣椒类,130.268,758.9562,202,14,0.2593192495470875,5.8261138575858995,3.7006150397641786,0.5743636652239212,9.24
2022-07-21,1011010801,食用菌,43.486,309.255,89,8,0.23428229775100035,7.111599135353908,4.604359334038541,0.5445360840497726,9.45
2022-07-22,1011010101,花叶类,119.449,745.2212,265,15,0.0,6.238823263484834,3.6692647908312335,0.7002924616055015,12.83
2022-07-22,1011010201,花菜类,33.655,309.626,75,1,0.0,9.2,6.0,0.5333333333333332,15.51
2022-07-22,1011010402,水生根茎类,44.43,529.7936,78,6,0.0,11.924231375196939,7.7856896241278415,0.5315575049696,13.65
2022-07-22,1011010501,茄类,16.448999999999998,100.24459999999999,32,3,0.0,6.094267128700833,4.375974223357043,0.3926652255336176,6.68
2022-07-22,1011010504,辣椒类,91.719,573.571,160,14,0.14680709558542943,6.253567963017478,4.453851873657585,0.4040808137343672,9.24
2022-07-22,1011010801,食用菌,60.678,357.2206,103,9,0.22350769636441548,5.887151850753156,3.68086950789413,0.5993916214979507,9.45
2022-07-23,1011010101,花叶类,163.238,1026.582,361,15,0.0,6.288866562932651,3.8243929109643586,0.6444091152095697,12.83
2022-07-23,1011010201,花菜类,45.47,418.32399999999996,106,1,0.0,9.2,6.0,0.5333333333333332,15.51
2022-07-23,1011010402,水生根茎类,67.395,861.2628,113,4,0.059351583945396545,12.779327843311819,8.608998887157801,0.48441508830660585,13.65
2022-07-23,1011010501,茄类,20.601000000000003,141.566,42,3,0.0,6.871802339692247,4.7351681957186535,0.45122666305823134,6.68
2022-07-23,1011010504,辣椒类,128.405,841.2851,226,15,0.24587048790934934,6.5518095089755075,4.091468790156147,0.6013343483735738,9.24
2022-07-23,1011010801,食用菌,101.743,541.6182,165,8,0.22074245894066424,5.3233952212928655,3.737872482627798,0.4241778567979435,9.45
2022-07-24,1011010101,花叶类,187.595,1095.2766,372,15,0.0,5.8385170180441905,3.643192888936272,0.6025824588576485,12.83
2022-07-24,1011010201,花菜类,45.96,422.832,112,1,0.0,9.2,5.63,0.6341030195381883,15.51
2022-07-24,1011010402,水生根茎类,112.091,860.7352000000001,128,4,0.0,7.678896610789449,4.937348582847864,0.5552672617577792,13.65
2022-07-24,1011010501,茄类,10.549,63.823,18,3,0.0,6.050146933358612,4.049992416342781,0.49386623761187387,6.68
2022-07-24,1011010504,辣椒类,55.957,344.9162,80,13,0.019747305967081866,6.163950890862627,3.251144628911486,0.8959325389736279,9.24
2022-07-24,1011010801,食用菌,67.64,465.3731,131,9,0.14265227675931402,6.880146363098758,4.949091366055589,0.39018374368429054,9.45
2022-07-25,1011010101,花叶类,128.305,739.2714,272,15,0.0,5.7618284556330615,3.6925938194146757,0.5603742890265646,12.83
2022-07-25,1011010201,花菜类,79.565,687.5147999999999,182,2,0.017671086533023316,8.640920002513667,6.259820901150003,0.3803781512225419,15.51
2022-07-25,1011010402,水生根茎类,90.633,575.1684,85,5,0.0,6.346125583396777,4.006115873909062,0.5841093425998174,13.65
2022-07-25,1011010501,茄类,17.972,121.798,35,3,0.0,6.77709770754507,4.950066770531938,0.36909218030947843,6.68
2022-07-25,1011010504,辣椒类,66.762,319.56,92,11,0.08987148377819718,4.786555226026782,2.265353344717055,1.112939792456363,9.24
2022-07-25,1011010801,食用菌,66.315,360.2695,97,9,0.12342607253260952,5.432699992460228,4.026346377139411,0.3492877868893105,9.45
2022-07-26,1011010101,花叶类,161.702,999.419,322,16,0.018552646225773337,6.180622379438721,3.8607030834498026,0.6009059090646027,12.83
2022-07-26,1011010201,花菜类,74.221,650.2772,153,2,0.0,8.761364034437692,6.040416593686422,0.45045691775551777,15.51
2022-07-26,1011010402,水生根茎类,68.863,639.4624,85,4,0.0,9.28600845156325,5.610377416028927,0.6551486224497114,13.65
2022-07-26,1011010501,茄类,18.262,113.05499999999999,34,3,0.0,6.190723907567627,4.218057167889606,0.4676718833246616,6.68
2022-07-26,1011010504,辣椒类,98.28999999999999,507.24,155,13,0.06104384983212942,5.160647064808221,3.031626818598027,0.7022698945494741,9.24
2022-07-26,1011010801,食用菌,59.465,354.6028,98,9,0.23632388800134532,5.963218700075674,4.519168922895821,0.319538791715386,9.45
2022-07-27,1011010101,花叶类,131.633,823.4824,287,15,0.0,6.25589631779265,3.8815695152431378,0.6116924592553088,12.83
2022-07-27,1011010201,花菜类,67.503,645.2292,145,2,0.0,9.558526287720545,5.9878920936847235,0.5963090413405541,15.51
2022-07-27,1011010402,水生根茎类,71.087,503.014,72,4,0.0,7.076033592640004,4.615427152643943,0.5331264818222741,13.65
2022-07-27,1011010501,茄类,14.402000000000001,104.6026,28,3,0.0,7.26306068601583,4.684361199833356,0.5504911718323964,6.68
2022-07-27,1011010504,辣椒类,108.89099999999999,630.673,178,15,0.0275504862660826,5.79178260829637,3.136832428759034,0.8463793459912885,9.24
2022-07-27,1011010801,食用菌,58.869,345.68960000000004,104,9,0.19371825578827567,5.872184001766635,4.388633066639487,0.3380439678141396,9.45
2022-07-28,1011010101,花叶类,170.771,1037.2023,365,16,0.014715613306708985,6.073644237019166,3.8433150242137137,0.5803139213813848,12.83
2022-07-28,1011010201,花菜类,60.76,573.9504,125,2,0.0,9.446188281764318,5.83077353522054,0.6200574803162942,15.51
2022-07-28,1011010402,水生根茎类,70.756,582.6468,76,5,0.028266154107072193,8.234592119396234,5.2746021538809424,0.5611778631185278,13.65
2022-07-28,1011010501,茄类,22.580000000000002,160.6842,43,3,0.0,7.116217891939769,4.644875996457041,0.5320576690029586,6.68
2022-07-28,1011010504,辣椒类,116.80999999999999,689.081,186,15,0.13188939303141856,5.899161030733671,3.314667665439603,0.7797141753429158,9.24
2022-07-28,1011010801,食用菌,69.521,426.32280000000003,106,11,0.21173458379482457,6.132288085614419,4.14695617151652,0.47874436863697856,9.45
2022-07-29,1011010101,花叶类,331.236,1189.484,344,15,0.1932157132678815,3.5910468668864493,2.0418912497433857,0.7586866427571759,12.83
2022-07-29,1011010201,花菜类,64.225,585.8761999999999,129,2,0.11820942000778513,9.122245231607629,5.565684235110939,0.6390159495682921,15.51
2022-07-29,1011010402,水生根茎类,66.92500000000001,526.4456,72,5,0.059768397459843095,7.866202465446394,5.254486963018303,0.4970448153758209,13.65
2022-07-29,1011010501,茄类,15.616,109.568,27,3,0.0,7.016393442622951,4.320860655737705,0.6238416375001186,6.68
2022-07-29,1011010504,辣椒类,120.741,630.89,180,14,0.07453971724600592,5.225151357036963,2.7829122667528017,0.8775839322932917,9.24
2022-07-29,1011010801,食用菌,52.634,406.0532,95,12,0.226222593760687,7.714655925827412,5.092540753125356,0.5148933115739585,9.45
2022-07-30,1011010101,花叶类,344.157,1245.7934,395,17,0.17089293549165063,3.6198403635550056,2.0004858828964687,0.8094805839438877,12.83
2022-07-30,1011010201,花菜类,61.873,568.0508,135,2,0.06393742019944079,9.180915746771612,5.316892667237729,0.7267446084333593,15.51
2022-07-30,1011010402,水生根茎类,71.29299999999999,683.9091999999999,107,6,0.02805324505912222,9.592936192894113,6.377014994459484,0.5042988296606963,13.65
2022-07-30,1011010501,茄类,13.837,94.672,27,4,0.0,6.841945508419455,4.31141793741418,0.5869362719502409,6.68
2022-07-30,1011010504,辣椒类,141.664,740.1163,217,14,0.14655805285746556,5.224448695504857,2.0418406934718774,1.5586955496618002,9.24
2022-07-30,1011010801,食用菌,86.456,528.8432,127,10,0.15036550384010364,6.116905709262515,4.128790136022948,0.4815249765042835,9.45
2022-07-31,1011010101,花叶类,320.998,1227.5339999999999,385,15,0.09367659611586365,3.824117284219839,2.26944012112225,0.685048769794725,12.83
2022-07-31,1011010201,花菜类,49.207,452.8907,107,2,0.009327941146584836,9.203786046700673,5.157190643607617,0.7846511177764675,15.51
2022-07-31,1011010402,水生根茎类,131.591,808.4,108,5,0.0,6.143277275801536,3.990884862946554,0.5393271133524571,13.65
2022-07-31,1011010501,茄类,19.875,133.234,38,3,0.0,6.70359748427673,4.549805786163521,0.4733810187377965,6.68
2022-07-31,1011010504,辣椒类,142.906,736.4888000000001,229,12,0.07314598407344687,5.153659048605378,2.5830863644633535,0.9951555315790113,9.24
2022-07-31,1011010801,食用菌,98.219,558.6268,138,6,0.08014742565084149,5.687563506042619,3.786996405990694,0.5018666236507106,9.45
2022-08-01,1011010101,花叶类,304.399,1130.8186,343,15,0.18396906691546291,3.7149221909401806,2.1578886921441924,0.7215541304166331,12.83
2022-08-01,1011010201,花菜类,82.282,693.778,169,2,0.020004375197491552,8.43171045915267,5.1238628132519874,0.645576934133659,15.51
2022-08-01,1011010402,水生根茎类,91.813,580.2783000000001,83,5,0.009748074891355254,6.320219358914316,4.248106912964395,0.4877731395192144,13.65
2022-08-01,1011010501,茄类,29.243000000000002,226.39780000000002,59,3,0.01224224600759156,7.7419485004958455,5.352404336080429,0.4464431336600556,6.68
2022-08-01,1011010504,辣椒类,154.113,760.3288,262,13,0.10025760318727168,4.933579905653644,2.6509719491541923,0.8610456844810186,9.24
2022-08-01,1011010801,食用菌,36.451,319.6856,84,8,0.09796713396065951,8.770283394145565,5.281732188417328,0.6604937700890099,9.45
2022-08-02,1011010101,花叶类,270.798,1026.8516,310,16,0.20063663690278363,3.7919467647471548,2.234431901269581,0.6970518379157629,12.83
2022-08-02,1011010201,花菜类,80.493,701.4390000000001,175,2,0.010348725976171841,8.714285714285715,4.7151293901333045,0.848154099974624,15.51
2022-08-02,1011010402,水生根茎类,28.385,333.8544,61,4,0.0,11.761648758146908,7.648951206623216,0.5376812376528841,13.65
2022-08-02,1011010501,茄类,14.100999999999999,88.79,27,2,0.0,6.296716544925893,4.2556059853911075,0.47962865136989397,6.68
2022-08-02,1011010504,辣椒类,122.28399999999999,579.9284,181,15,0.07790880245984758,4.742471623433974,2.7204010336593507,0.7432987139600635,9.24
2022-08-02,1011010801,食用菌,57.275999999999996,375.4832,92,9,0.18842097911865355,6.555681262658007,4.754305119072562,0.3788936760408943,9.45
2022-08-03,1011010101,花叶类,337.105,1218.1118,365,18,0.2106168701146527,3.6134492220524757,2.1138797110692513,0.709392073319397,12.83
2022-08-03,1011010201,花菜类,68.436,528.081,165,2,0.06426442223391196,7.7164211818341215,5.325694225261558,0.44890428467194776,15.51
2022-08-03,1011010402,水生根茎类,95.589,421.166,78,4,0.0,4.406009059619831,3.203418698804256,0.37540842265310737,13.65
2022-08-03,1011010501,茄类,15.585,123.155,33,3,0.0,7.902149502726981,5.102297080526146,0.5487435125812226,6.68
2022-08-03,1011010504,辣椒类,159.987,732.4436000000001,247,13,0.11250914136773613,4.578144474238532,2.426557407789383,0.8866829441341202,9.24
2022-08-03,1011010801,食用菌,76.332,411.8618,117,9,0.347351045433108,5.39566367971493,3.6477186501074255,0.4791885551688664,9.45
2022-08-04,1011010101,花叶类,354.404,1225.2222,375,19,0.22290944797462783,3.457134230990621,2.191663158429363,0.5774021740951045,12.83
2022-08-04,1011010201,花菜类,65.154,497.003,143,2,0.05471651778862388,7.628127206311201,5.133533781502287,0.4859407828965123,15.51
2022-08-04,1011010402,水生根茎类,64.17099999999999,583.3256,102,5,0.0,9.09017468950149,6.357029810973805,0.42994054767677836,13.65
2022-08-04,1011010501,茄类,17.149,128.411,34,4,0.0,7.487958481544113,5.3249670534725055,0.4061980865517436,6.68
2022-08-04,1011010504,辣椒类,152.644,678.4984,227,13,0.11792143811744975,4.444972616021592,2.3947405728361413,0.8561395194291621,9.24
2022-08-04,1011010801,食用菌,81.526,477.0955,123,9,0.10908176532639895,5.8520655987047085,3.8069673478399526,0.5371987894840051,9.45
2022-08-05,1011010101,花叶类,329.423,1226.9078,364,19,0.19933641549011452,3.7244145065766507,2.2754526550969425,0.6367796087666686,12.83
2022-08-05,1011010201,花菜类,72.799,521.8036999999999,155,2,0.1188615228231157,7.167731699611257,4.71891646863281,0.5189359140506107,15.51
2022-08-05,1011010402,水生根茎类,43.931000000000004,474.29760000000005,75,4,0.0,10.796421661241492,7.479894835082288,0.4433921731899215,13.65
2022-08-05,1011010501,茄类,13.431999999999999,105.374,26,3,0.0,7.844997022036927,5.605335020845741,0.39955899029443964,6.68
2022-08-05,1011010504,辣椒类,169.692,666.4422,254,13,0.17089786200881596,3.9273636942224734,2.4339253470994504,0.6135925035263627,9.24
2022-08-05,1011010801,食用菌,66.543,404.074,110,9,0.3409674947026734,6.072374254241618,4.247400477886479,0.42966840208655177,9.45
2022-08-06,1011010101,花叶类,355.128,1374.4929,383,20,0.1806165664211214,3.8704154558356425,2.271565041337208,0.7038541205746127,12.83
2022-08-06,1011010201,花菜类,96.079,679.929,212,2,0.12192050291947253,7.076770157890903,4.464476212283642,0.5851288754590622,15.51
2022-08-06,1011010402,水生根茎类,106.723,707.9432,128,5,0.008667297583463733,6.633464201718468,4.674378625038652,0.4191114442860555,13.65
2022-08-06,1011010501,茄类,15.462,130.9382,35,5,0.04119777519079033,8.468387013322985,5.5434943733022894,0.5276261583500663,6.68
2022-08-06,1011010504,辣椒类,183.489,806.2198000000001,274,14,0.1720321109167307,4.393831782831668,2.541060172544403,0.7291333083356528,9.24
2022-08-06,1011010801,食用菌,91.924,631.4444,157,8,0.10336799965188634,6.869200644010268,4.565310473869718,0.5046513667202337,9.45
2022-08-07,1011010101,花叶类,319.04200000000003,1290.3654,364,17,0.11133957284620832,4.04450009716589,2.358998564452329,0.714498753035431,12.83
2022-08-07,1011010201,花菜类,86.982,607.7996,178,2,0.11984088662022027,6.987648019130395,4.448581775539767,0.570758585927658,15.51
2022-08-07,1011010402,水生根茎类,89.746,629.2316,109,5,0.004033605954582934,7.01124952644129,4.964035723040582,0.41240916013125384,13.65
2022-08-07,1011010501,茄类,26.316,234.197,56,4,0.0,8.899414804681562,5.197373841009272,0.7122906831257294,6.68
2022-08-07,1011010504,辣椒类,211.184,889.6802,298,13,0.07576331540268202,4.212820100007576,2.1876455129176455,0.9257325170516184,9.24
2022-08-07,1011010801,食用菌,105.113,542.7066,152,8,0.21833645695584752,5.1630778305252445,3.4462066537916334,0.4981915912804158,9.45
2022-08-08,1011010101,花叶类,302.077,1067.2838,312,15,0.18538319699944053,3.533151481244848,1.9369827560522648,0.8240490113839272,12.83
2022-08-08,1011010201,花菜类,76.689,555.4641,166,2,0.07326996048977037,7.243073974103197,4.601196651410242,0.5741717911324729,15.51
2022-08-08,1011010402,水生根茎类,86.531,525.1404,85,5,0.016468086581687486,6.06881233315228,4.406063029434538,0.37737755738168244,13.65
2022-08-08,1011010501,茄类,18.528,157.298,39,4,0.0,8.48974525043178,5.569826208981002,0.5242388060048602,6.68
2022-08-08,1011010504,辣椒类,138.495,517.793,200,12,0.12996859092386007,3.738712588902126,1.948729557023719,0.9185384526174252,9.24
2022-08-08,1011010801,食用菌,87.266,523.5284,138,9,0.2970916508147503,5.999225356954598,4.024490867004331,0.4906793319225944,9.45
2022-08-09,1011010101,花叶类,322.432,1196.0281,351,16,0.16744305776101628,3.7093963998610557,2.057929268807066,0.8024897434941032,12.83
2022-08-09,1011010201,花菜类,75.303,551.0155,159,2,0.0482185304702336,7.317311395296336,4.58826992284504,0.5947866011246141,15.51
2022-08-09,1011010402,水生根茎类,54.281000000000006,437.06840000000005,78,5,0.028628801974908344,8.051959249092684,5.822446159798087,0.3829169095093725,13.65
2022-08-09,1011010501,茄类,17.541999999999998,171.48700000000002,37,5,0.0,9.775795234294838,5.322881085395052,0.8365608920172414,6.68
2022-08-09,1011010504,辣椒类,161.631,677.8952,228,13,0.2562070394911867,4.194091479975995,2.3033334570719726,0.8208789817639253,9.24
2022-08-09,1011010801,食用菌,77.1,450.9094,126,8,0.255473411154345,5.8483709468223095,3.932568741893645,0.48716305566883755,9.45
2022-08-10,1011010101,花叶类,291.01800000000003,1148.952,319,17,0.18071047151722575,3.9480444508587094,2.3236444824718743,0.6990742261306737,12.83
2022-08-10,1011010201,花菜类,70.98599999999999,522.5265,144,2,0.025568421942354834,7.360979629786157,4.517268052855493,0.6295202196675209,15.51
2022-08-10,1011010402,水生根茎类,89.973,515.5532,89,5,0.009102730819245773,5.730087915263468,3.990719993775911,0.43585316038217314,13.65
2022-08-10,1011010501,茄类,17.255,162.74,38,3,0.0,9.43146913937989,5.545988988698928,0.7005928353984134,6.68
2022-08-10,1011010504,辣椒类,168.921,682.4974,247,13,0.15976699167066263,4.0403348310748814,2.143758502495249,0.8846968193348708,9.24
2022-08-10,1011010801,食用菌,39.034,404.9911,89,5,0.08922990213659887,10.375342009530154,6.326349336475892,0.6400204063517243,9.45
2022-08-11,1011010101,花叶类,313.919,1092.9728,327,17,0.17164937452017878,3.481703241919094,1.7016483551489399,1.0460768121592028,12.83
2022-08-11,1011010201,花菜类,73.029,536.8167,149,2,0.037669966725547385,7.350733270344658,4.537986964082763,0.6198224738246727,15.51
2022-08-11,1011010402,水生根茎类,70.377,472.3312,69,5,0.010997911249413872,6.711442658823196,4.649107378831153,0.44359811721761977,13.65
2022-08-11,1011010501,茄类,13.387,129.53000000000003,29,4,0.0,9.675804885336522,5.301706132815418,0.8250360625322481,6.68
2022-08-11,1011010504,辣椒类,159.507,520.0075,243,11,0.047552771978659245,3.2600920335784638,2.1267758781746253,0.5328799179237185,9.24
2022-08-11,1011010801,食用菌,68.939,334.2685,113,7,0.3569967652562411,4.848757597296161,3.565017334164987,0.36009369458840434,9.45
2022-08-12,1011010101,花叶类,326.821,1263.7243999999998,366,17,0.12633521101765186,3.866717255011152,2.0366410359187443,0.8985757366255003,12.83
2022-08-12,1011010201,花菜类,74.91,559.3908,150,2,0.0,7.467505006007209,4.33559524763049,0.7223713422253577,15.51
2022-08-12,1011010402,水生根茎类,79.938,532.4216,93,5,0.02808426530561185,6.66043183467187,4.713482699091796,0.4130595697222388,13.65
2022-08-12,1011010501,茄类,15.139,141.765,35,3,0.0,9.364224849725874,4.6763412378624745,1.002468248875311,6.68
2022-08-12,1011010504,辣椒类,166.473,540.5488,246,13,0.07809074144155508,3.247065890564836,2.024837120734293,0.6036183144386993,9.24
2022-08-12,1011010801,食用菌,60.39,371.216,92,6,0.0,6.146977976486173,3.8766549097532703,0.5856397124802109,9.45
2022-08-13,1011010101,花叶类,479.995,1737.6328,509,18,0.20144168168418422,3.6201060427712792,2.001742518151231,0.8084773690647966,12.83
2022-08-13,1011010201,花菜类,102.596,729.9025,212,2,0.11771414090217942,7.114336816250146,4.231630472922921,0.6812282787386321,15.51
2022-08-13,1011010402,水生根茎类,139.761,795.986,127,4,0.0,5.695337039660563,3.8228258240854034,0.48982383758568204,13.65
2022-08-13,1011010501,茄类,28.498,252.715,58,3,0.0,8.867815285283177,4.823639553652889,0.8384075316257158,6.68
2022-08-13,1011010504,辣椒类,223.38400000000001,775.3038,326,13,0.09562009812699207,3.470722164523869,2.098907352361852,0.6535852145252363,9.24
2022-08-13,1011010801,食用菌,72.19,550.8167,142,7,0.1729186867987256,7.630096966338828,5.119825737636791,0.4903040371566878,9.45
2022-08-14,1011010101,花叶类,394.71500000000003,1512.0801,404,16,0.04995503084504009,3.8308148917573432,2.111497333519121,0.8142646125783763,12.83
2022-08-14,1011010201,花菜类,120.907,899.2903,245,2,0.048061733398397116,7.437867948092336,3.99308385784115,0.8626876401522905,15.51
2022-08-14,1011010402,水生根茎类,97.04400000000001,887.806,151,6,0.005564486212439718,9.148489345039362,5.928168253575698,0.5432236322781934,13.65
2022-08-14,1011010501,茄类,32.987,294.671,73,3,0.018492133264619393,8.932943280686331,3.056377663928214,1.9227223409312746,6.68
2022-08-14,1011010504,辣椒类,188.234,701.5749999999999,279,14,0.13772750937662695,3.7271428116068295,2.0354743563862003,0.8310929832710017,9.24
2022-08-14,1011010801,食用菌,87.77,603.4118000000001,172,7,0.33005582773157116,6.874920815768487,4.712322433633361,0.45892411068902383,9.45
2022-08-15,1011010101,花叶类,347.367,1321.187,361,16,0.12954598450630025,3.803432680709451,2.250788675953674,0.6898222038094766,12.83
2022-08-15,1011010201,花菜类,85.398,628.8495,183,2,0.08020094147403921,7.363749736527788,4.183452305674606,0.7602088415205064,15.51
2022-08-15,1011010402,水生根茎类,102.925,654.8948,99,5,0.02149137721641972,6.362835074083071,4.442048870536799,0.43240996655540065,13.65
2022-08-15,1011010501,茄类,24.222,223.29,57,3,0.0,9.218479068615308,3.366354553711502,1.738415969420592,6.68
2022-08-15,1011010504,辣椒类,120.999,501.3041,183,13,0.19276192365226158,4.14304333093662,2.05778213043083,1.013353731509568,9.24
2022-08-15,1011010801,食用菌,67.468,461.74960000000004,136,7,0.33417323768304974,6.84397936799668,5.144639977470801,0.3303125967934699,9.45
2022-08-16,1011010101,花叶类,368.861,1364.4483,402,17,0.12907030019438218,3.6990852922916764,2.2855405423723303,0.6184728398876373,12.83
2022-08-16,1011010201,花菜类,81.22,618.6484,171,2,0.0,7.616946564885497,4.225236641221374,0.8027266190429734,15.51
2022-08-16,1011010402,水生根茎类,69.881,585.3552,98,6,0.01841702322519712,8.376457119961076,5.349710937164609,0.5657775192617542,13.65
2022-08-16,1011010501,茄类,18.14,169.088,43,3,0.0,9.3212789415656,3.1422359426681363,1.9664478134798218,6.68
2022-08-16,1011010504,辣椒类,183.738,817.8724,243,14,0.128198848360165,4.451296955447431,1.975407917795992,1.2533558336719866,9.24
2022-08-16,1011010801,食用菌,71.408,540.2728,139,9,0.0,7.565998207483755,4.813773526775711,0.5717395439148334,9.45
2022-08-17,1011010101,花叶类,358.863,1338.1237,382,15,0.19524721133134373,3.7287870301479953,2.0743235998138565,0.7975917694243104,12.83
2022-08-17,1011010201,花菜类,87.672,651.3697000000001,179,2,0.05470389634090702,7.429620631444476,4.204546947714207,0.7670442794041277,15.51
2022-08-17,1011010402,水生根茎类,104.095,648.7412,116,6,0.01835823046255824,6.232203275853788,4.470177626206831,0.3941735199328362,13.65
2022-08-17,1011010501,茄类,20.658,191.0996,45,3,0.041436731532578173,9.250634136896117,3.429756994868816,1.697168968744954,6.68
2022-08-17,1011010504,辣椒类,146.131,689.5565,216,15,0.20448775413841005,4.718755773928872,2.498665854609905,0.8885101284043322,9.24
2022-08-17,1011010801,食用菌,66.376,507.6647,129,8,0.3991804266602386,7.648317162829938,5.2660084970471255,0.4523936235801127,9.45
2022-08-18,1011010101,花叶类,424.262,1854.8192,456,17,0.04253032324365604,4.371872097901768,2.4554408596574757,0.7804835659986644,12.83
2022-08-18,1011010201,花菜类,121.725,927.6407,252,2,0.009652906140891353,7.620790306017663,4.166013801601972,0.8292762983855728,15.51
2022-08-18,1011010402,水生根茎类,81.503,623.9322000000001,109,6,0.03291903365520287,7.655328024735287,5.378473430425874,0.4233272923557285,13.65
2022-08-18,1011010501,茄类,26.979,246.517,61,3,0.0,9.137366099558916,3.5299310574891583,1.588539535403371,6.68
2022-08-18,1011010504,辣椒类,223.117,965.0012,303,14,0.19783790567280843,4.325090423410139,2.1387507003052213,1.0222508508321728,9.24
2022-08-18,1011010801,食用菌,84.219,529.5474,134,8,0.31526140182144174,6.287742670893742,4.076688039516024,0.5423654226042298,9.45
2022-08-19,1011010101,花叶类,401.426,1816.6704,510,16,0.0,4.525542441197132,2.4757274317059683,0.8279647360366653,12.83
2022-08-19,1011010201,花菜类,186.155,1516.4584,352,2,0.0,8.146213639171657,4.523786360828342,0.800751182617744,15.51
2022-08-19,1011010402,水生根茎类,144.451,1110.2574,161,6,0.023045877148652485,7.686048556257831,5.49550235027795,0.398607091100432,13.65
2022-08-19,1011010501,茄类,89.616,855.428,191,3,0.0,9.545482949473309,3.3464550973040534,1.8524162649495195,6.68
2022-08-19,1011010504,辣椒类,334.781,1613.3063,417,14,0.030168976136638576,4.818990026315711,2.2453165203521106,1.1462408451704604,9.24
2022-08-19,1011010801,食用菌,91.655,635.5918,151,9,0.0,6.934611314167258,4.060560907751896,0.7077964034300281,9.45
2022-08-20,1011010101,花叶类,429.043,1818.3066,449,14,0.06293075519237,4.238052129972986,2.4159136030654267,0.7542233814137818,12.83
2022-08-20,1011010201,花菜类,123.124,1020.8008,221,2,0.0,8.290835255514766,4.499195201585394,0.8427373972556917,15.51
2022-08-20,1011010402,水生根茎类,95.69800000000001,766.0682,136,5,0.015078685029990177,8.005059666868691,5.606697109657464,0.427767455652291,13.65
2022-08-20,1011010501,茄类,18.641,152.442,47,3,0.0,8.177780162008476,4.42099619119146,0.8497596035712851,6.68
2022-08-20,1011010504,辣椒类,209.291,971.5183,293,11,0.07044258950456542,4.641949725501813,2.4734218384928157,0.8767319238720692,9.24
2022-08-20,1011010801,食用菌,70.643,482.7913,118,7,0.06547003949435896,6.834241184547655,4.254738898404654,0.6062657069532995,9.45
2022-08-21,1011010101,花叶类,432.675,1744.45,457,15,0.1848962847402785,4.031779048939735,2.4398630380770787,0.652461218526958,12.83
2022-08-21,1011010201,花菜类,82.19800000000001,684.2439999999999,152,2,0.0,8.324338791698093,4.4656545171415365,0.864080340237896,15.51
2022-08-21,1011010402,水生根茎类,87.971,682.2852,132,5,0.0023416807811665204,7.75579679667163,5.370697275238431,0.44409494693169305,13.65
2022-08-21,1011010501,茄类,19.233,194.573,40,2,0.05199396869963084,10.116622471793272,4.466892320490824,1.2648010621132801,6.68
2022-08-21,1011010504,辣椒类,219.055,969.841,289,13,0.020844080253817534,4.427385816347493,1.900003560749583,1.330198694259718,9.24
2022-08-21,1011010801,食用菌,72.191,510.8391,130,9,0.1965480461553379,7.076215871784571,4.512761424554307,0.5680456390365105,9.45
2022-08-22,1011010101,花叶类,303.2,1078.5568,322,15,0.25725593667546176,3.5572453825857524,2.152940204485488,0.652273191412609,12.83
2022-08-22,1011010201,花菜类,45.20399999999999,407.6388,88,2,0.0,9.017759490310594,4.418722458189541,1.0408069471748154,15.51
2022-08-22,1011010402,水生根茎类,66.488,371.6752,71,5,0.03519432077968957,5.590109493442426,4.244178347972567,0.31712407800035236,13.65
2022-08-22,1011010501,茄类,14.33,102.351,36,3,0.0,7.142428471737613,3.940752965806001,0.8124527301540136,6.68
2022-08-22,1011010504,辣椒类,104.65299999999999,492.7943,152,12,0.09781850496402397,4.7088406447975695,2.4778693396271483,0.9003587354231202,9.24
2022-08-22,1011010801,食用菌,47.201,281.91249999999997,80,7,0.35853053960721176,5.972595919577974,4.138678417830131,0.4431166948963743,9.45
2022-08-23,1011010101,花叶类,259.56,985.436,284,18,0.25919633225458466,3.796563415010017,2.3683999460625675,0.6030077273569237,12.83
2022-08-23,1011010201,花菜类,43.039,390.24559999999997,88,2,0.0,9.067255280094797,4.568447222286763,0.9847564914093785,15.51
2022-08-23,1011010402,水生根茎类,86.205,503.4854,97,5,0.014859926918392203,5.840559132300911,4.130783597239139,0.4139107011571659,13.65
2022-08-23,1011010501,茄类,13.572,124.99800000000002,34,3,0.0,9.209991158267023,4.28685234305924,1.148427429085292,6.68
2022-08-23,1011010504,辣椒类,111.09700000000001,511.01520000000005,157,13,0.1141614985103108,4.5997209645625,2.436441308046122,0.8878849859310574,9.24
2022-08-23,1011010801,食用菌,48.094,297.6045,85,7,0.3206013224102799,6.187975631055848,4.313764294922444,0.4344723559280841,9.45
2022-08-24,1011010101,花叶类,233.767,897.6639,266,16,0.2943358130103907,3.8399940966860164,2.587813121612546,0.48387612096703414,12.83
2022-08-24,1011010201,花菜类,46.96,406.6472,82,2,0.07342419080068144,8.659437819420784,4.292632879045996,1.0172789202847636,15.51
2022-08-24,1011010402,水生根茎类,57.232,369.37820000000005,86,4,0.0523658093374336,6.454050181716523,4.938934686888454,0.3067696964793427,13.65
2022-08-24,1011010501,茄类,14.23,127.388,37,3,0.0,8.952073085031623,4.4249627547434995,1.023084392164685,6.68
2022-08-24,1011010504,辣椒类,73.184,331.9602,104,13,0.2863194140795803,4.535966878006121,2.3914221687800614,0.8967654215232348,9.24
2022-08-24,1011010801,食用菌,59.056,370.0086,106,7,0.37804795448387973,6.265385396911406,4.278783527499323,0.46429127733253783,9.45
2022-08-25,1011010101,花叶类,243.786,1143.5782,346,24,0.08203916549760856,4.690910060462865,2.813019533525305,0.6675710938217936,12.83
2022-08-25,1011010201,花菜类,63.776,574.5003999999999,134,2,0.0,9.008097089814347,4.825627195183141,0.8667204749687414,15.51
2022-08-25,1011010402,水生根茎类,51.219,399.3472,77,4,0.035104160565415175,7.796856635233018,5.8099453327866595,0.3419845090854521,13.65
2022-08-25,1011010501,茄类,12.514000000000001,120.976,33,3,0.0,9.667252677001757,4.356395237334185,1.2190944921970517,6.68
2022-08-25,1011010504,辣椒类,110.13,558.85,161,13,0.12931989466993554,5.074457459366204,2.4745514392082084,1.0506574965319362,9.24
2022-08-25,1011010801,食用菌,42.528000000000006,362.6777,89,8,0.014790255831452218,8.527974510910457,5.3343039879608725,0.5987042602291623,9.45
2022-08-26,1011010101,花叶类,250.941,1113.9402,322,18,0.20992185414101322,4.439052207491004,2.7607675509382683,0.6079050936332391,12.83
2022-08-26,1011010201,花菜类,48.086,426.874,90,2,0.04558499355321716,8.877303165162418,5.1842369920559,0.7123644576367965,15.51
2022-08-26,1011010402,水生根茎类,48.72,314.4676,74,3,0.035796387520525455,6.454589490968802,4.812010673234811,0.341349786871896,13.65
2022-08-26,1011010501,茄类,11.488,100.8416,30,3,0.0,8.77799442896936,5.311154247910864,0.6527470337398262,6.68
2022-08-26,1011010504,辣椒类,129.03,591.9562,191,14,0.18981632178563124,4.58774083546462,2.568294272649771,0.7862987447818188,9.24
2022-08-26,1011010801,食用菌,73.827,426.7822,133,9,0.3518631395018083,5.780841697481951,4.257106478659569,0.35792743885094436,9.45
2022-08-27,1011010101,花叶类,357.705,1535.8485,455,18,0.1020673459974001,4.293617645825471,2.1473034763282595,0.9995392794535312,12.83
2022-08-27,1011010201,花菜类,57.998000000000005,565.3100000000001,128,2,0.0,9.747060243456671,5.633825304320839,0.7300962875049044,15.51
2022-08-27,1011010402,水生根茎类,104.458,653.9874,131,4,0.010501828486090103,6.260768921480404,4.297665664669053,0.45678361463758055,13.65
2022-08-27,1011010501,茄类,19.554,168.66760000000002,53,3,0.2774368415669428,8.625733865193824,3.7949708499539736,1.2729381084174705,6.68
2022-08-27,1011010504,辣椒类,154.266,804.4029,218,13,0.1462473908703149,5.214388783011163,2.5498053362374082,1.0450144600864775,9.24
2022-08-27,1011010801,食用菌,68.656,586.7750000000001,152,10,0.1134642274528082,8.546594616639478,5.601480278489862,0.5257742938878307,9.45
2022-08-28,1011010101,花叶类,252.244,1390.1163999999999,343,14,0.018260097366042404,5.510998874106024,3.198903561630802,0.7227774354336944,12.83
2022-08-28,1011010201,花菜类,88.504,850.6,186,2,0.0,9.610865045647653,5.882528247310856,0.6337983672311598,15.51
2022-08-28,1011010402,水生根茎类,102.839,735.9844,134,4,0.005143962893454818,7.156666245296046,4.912727856163517,0.4567601656007221,13.65
2022-08-28,1011010501,茄类,25.88,218.8246,62,4,0.04393353941267388,8.455355486862443,5.091763523956724,0.6605946931902935,6.68
2022-08-28,1011010504,辣椒类,251.60899999999998,1140.4652,328,12,0.18252924179977667,4.5326884173459625,2.2083716401241613,1.0525025475744294,9.24
2022-08-28,1011010801,食用菌,71.953,503.7946,112,8,0.11118368935277194,7.0017177880005,4.624761163537309,0.5139631086689769,9.45
2022-08-29,1011010101,花叶类,297.05,1270.8444,308,17,0.04353475845817203,4.27821713516243,2.5425745834034674,0.6826319129783982,12.83
2022-08-29,1011010201,花菜类,45.738,416.0827,105,2,0.00723687087323451,9.097089947089946,6.898518299881936,0.31870200985704966,15.51
2022-08-29,1011010402,水生根茎类,59.775,388.78000000000003,64,3,0.016729401923881223,6.504056879966542,4.706177331660393,0.382025457521771,13.65
2022-08-29,1011010501,茄类,13.378,115.3274,36,3,0.0354313051278218,8.62067573628345,4.814424428165645,0.7905932193784655,6.68
2022-08-29,1011010504,辣椒类,116.076,529.9348,157,14,0.203797511974913,4.565412316068783,2.256742651366346,1.0230097185891585,9.24
2022-08-29,1011010801,食用菌,74.182,421.5512,116,7,0.2304736998193632,5.682661562104014,3.647492383597099,0.5579639282206983,9.45
2022-08-30,1011010101,花叶类,236.727,982.1636,264,15,0.05069130263974959,4.148929357445496,2.6344220980285304,0.5748916472232553,12.83
2022-08-30,1011010201,花菜类,66.738,800.856,166,2,0.0,12.0,6.617293895531781,0.8134301104720167,15.51
2022-08-30,1011010402,水生根茎类,93.293,526.4792,102,4,0.0,5.643287277716441,3.9806812944165157,0.4176687004890274,13.65
2022-08-30,1011010501,茄类,7.934,58.9694,25,3,0.05281068817746407,7.432493067809427,4.444023191328459,0.6724694601757062,6.68
2022-08-30,1011010504,辣椒类,114.188,583.0832,174,12,0.21354257890496375,5.106343924055067,2.5313305250989595,1.017256882664677,9.24
2022-08-30,1011010801,食用菌,33.987,458.5962,99,7,0.09600729690764115,13.49328272574808,8.695217288963425,0.5518051219806424,9.45
2022-08-31,1011010101,花叶类,242.409,975.2332,250,15,0.1608851156516466,4.023089901777574,2.614395587622572,0.5388221739755967,12.83
2022-08-31,1011010201,花菜类,35.261,462.716,82,2,0.0,13.122600039703922,7.476380987493265,0.7552075077040399,15.51
2022-08-31,1011010402,水生根茎类,28.994,226.7568,43,2,0.0,7.820818100296613,5.562195626681383,0.40606670912126996,13.65
2022-08-31,1011010501,茄类,3.304,24.323,10,3,0.0,7.361682808716708,4.275266343825666,0.7219237859527607,6.68
2022-08-31,1011010504,辣椒类,61.620999999999995,325.3444,102,8,0.23638045471511335,5.279765015173399,2.967989646386784,0.7789027740042689,9.24
2022-08-31,1011010801,食用菌,30.29,277.3802,72,5,0.3758996368438428,9.15748431825685,6.132203367448002,0.49334321931789726,9.45
2022-09-01,1011010101,花叶类,311.034,1325.502,329,16,0.1286033038188751,4.261598410463165,2.9285170753036645,0.4552069531714342,12.83
2022-09-01,1011010201,花菜类,47.503,608.5260000000001,103,2,0.0,12.810264614866432,7.925738584931477,0.6162865425843695,15.51
2022-09-01,1011010402,水生根茎类,56.77,574.6737,106,4,0.0841465562797252,10.122841289413422,6.8422793729082265,0.4794545410546185,13.65
2022-09-01,1011010501,茄类,11.464,123.0206,29,3,0.11566643405443126,10.731036287508722,5.559130321004884,0.9303444366040605,6.68
2022-09-01,1011010504,辣椒类,100.922,581.0047,146,13,0.12466062900061434,5.756967757277898,2.8133308892015614,1.0463173313082117,9.24
2022-09-01,1011010801,食用菌,58.419,534.6304,123,6,0.0367003885722111,9.15165271572605,5.601920094489807,0.633663558451655,9.45
2022-09-02,1011010101,花叶类,328.216,1455.7706,357,18,0.1843267848002535,4.435404124113389,3.2244523118921684,0.3755527125506197,12.83
2022-09-02,1011010201,花菜类,42.416,547.22,95,2,0.0,12.901263674085252,8.096406073179931,0.5934556094983725,15.51
2022-09-02,1011010402,水生根茎类,53.186,480.4069,92,3,0.08496596848794796,9.03258188245027,6.6549941713984895,0.3572636804506999,13.65
2022-09-02,1011010501,茄类,4.884,43.653999999999996,14,2,0.0,8.938165438165436,4.8155733005733,0.8560958125383193,6.68
2022-09-02,1011010504,辣椒类,103.825,532.366,162,15,0.21457259812183962,5.127531904647243,3.2751821815555022,0.5655715072961203,9.24
2022-09-02,1011010801,食用菌,61.119,474.5692,121,7,0.2907933703103781,7.764675469166708,5.233153029336213,0.4837470690498038,9.45
2022-09-03,1011010101,花叶类,419.813,1894.5552,454,18,0.2050865504403151,4.51285500925412,3.165173946495225,0.42578420192393307,12.83
2022-09-03,1011010201,花菜类,53.626000000000005,665.5663999999999,116,2,0.06640435609592361,12.411263193227164,8.21542386155969,0.5107270668406994,15.51
2022-09-03,1011010402,水生根茎类,88.589,776.556,129,3,0.024890223391165946,8.76582871462597,6.401831943017756,0.3692687956588019,13.65
2022-09-03,1011010501,茄类,15.738,143.333,42,2,0.0,9.107446943703138,6.084138391155165,0.4969164667495265,6.68
2022-09-03,1011010504,辣椒类,176.628,906.7526,244,14,0.12274950743936411,5.133685485879929,3.0836469302715317,0.6648097535043938,9.24
2022-09-03,1011010801,食用菌,77.887,685.8074,155,7,0.32280098090823883,8.805158755633162,5.36627485973269,0.6408326047003439,9.45
2022-09-04,1011010101,花叶类,491.166,2251.2349,519,18,0.168248616557335,4.5834501981000315,3.3106213785156138,0.38446825355641145,12.83
2022-09-04,1011010201,花菜类,62.544,784.2152000000001,137,2,0.06678498337170632,12.538616014325918,8.02788197109235,0.5618834531295176,15.51
2022-09-04,1011010402,水生根茎类,124.55,982.0662,174,4,0.021621838619028503,7.884915295062224,5.641017824167001,0.39778237559931395,13.65
2022-09-04,1011010501,茄类,18.362000000000002,171.937,49,2,0.0,9.363740333297025,7.432611371310314,0.25981836874194975,6.68
2022-09-04,1011010504,辣椒类,185.402,987.2132,245,14,0.1634178703573856,5.324717101217894,3.1216954509660093,0.7057131885079178,9.24
2022-09-04,1011010801,食用菌,87.775,828.5616,181,8,0.16885217886641982,9.43960808886357,6.40227570492737,0.4744144932088108,9.45
2022-09-05,1011010101,花叶类,285.889,1493.1119,326,16,0.29183704164903157,5.222697970191228,3.3269500050718985,0.5698155855150462,12.83
2022-09-05,1011010201,花菜类,53.158,674.4252,111,2,0.052974152526430646,12.687181609541367,8.350777869746793,0.5192814139512085,15.51
2022-09-05,1011010402,水生根茎类,60.192,459.9286,80,4,0.016497208931419458,7.641025385433281,5.482119716905902,0.39380855946463367,13.65
2022-09-05,1011010501,茄类,10.812,109.3418,25,2,0.08166851646318905,10.11300406955235,8.169236958934517,0.23793741329684126,6.68
2022-09-05,1011010504,辣椒类,117.607,585.4142,156,13,0.23687365547969083,4.977715612165943,2.9565591333849177,0.6836178096214958,9.24
2022-09-05,1011010801,食用菌,47.452,405.0084,94,7,0.14595802073674452,8.535117592514542,6.257581977577341,0.36396416748485994,9.45
2022-09-06,1011010101,花叶类,250.203,1416.0133,281,16,0.28634348908686147,5.659457720331091,3.400112508642982,0.66449130902137,12.83
2022-09-06,1011010201,花菜类,39.138999999999996,469.8184,78,2,0.15391297682618363,12.003842714428066,8.405985845320526,0.42801129282300754,15.51
2022-09-06,1011010402,水生根茎类,54.584,470.1676,98,4,0.12470687380917485,8.613652352337681,6.834674996335922,0.26028704465910546,13.65
2022-09-06,1011010501,茄类,11.684000000000001,109.63719999999999,27,3,0.09577199589181787,9.38353303663129,7.258944710715508,0.2926855638918846,6.68
2022-09-06,1011010504,辣椒类,93.769,572.9438,147,12,0.17359681771161042,6.110162207126022,3.628881719971419,0.6837589865492075,9.24
2022-09-06,1011010801,食用菌,40.62,424.45360000000005,88,7,0.31302314130969966,10.449374692269819,7.429436976858691,0.4064827152875339,9.45
2022-09-07,1011010101,花叶类,260.624,1469.3916,278,14,0.21486892995272883,5.637975013813002,2.400411205414697,1.3487538306333566,12.83
2022-09-07,1011010201,花菜类,40.007000000000005,542.2059999999999,83,3,0.07986102432074385,13.55277826380383,8.729903266928288,0.5524545747426735,15.51
2022-09-07,1011010402,水生根茎类,59.667,465.346,84,4,0.15048519282015183,7.799051401947475,6.351428930564634,0.2279207540867736,13.65
2022-09-07,1011010501,茄类,12.387999999999998,147.2144,29,3,0.0,11.883629318695515,7.466199547949629,0.5916570729694739,6.68
2022-09-07,1011010504,辣椒类,69.663,416.5858,101,12,0.10708697586954338,5.980015216111853,3.6585784419275655,0.6345187922118762,9.24
2022-09-07,1011010801,食用菌,44.356,458.3575,90,8,0.2312201280548291,10.333607629182072,7.667026332401479,0.347798635503755,9.45
2022-09-08,1011010101,花叶类,222.246,1362.3548,268,17,0.20397217497727743,6.129940696345491,3.417260018178055,0.7938174630368713,12.83
2022-09-08,1011010201,花菜类,42.893,594.6052,102,3,0.02454946028489497,13.862523022404588,8.343258573660037,0.6615238398782297,15.51
2022-09-08,1011010402,水生根茎类,46.658,413.26700000000005,82,4,0.14554845899952848,8.857366368039779,6.912104247931758,0.2814283538460929,13.65
2022-09-08,1011010501,茄类,7.917999999999999,92.7148,18,3,0.0,11.709371053296287,8.023387218994698,0.4594049537551088,6.68
2022-09-08,1011010504,辣椒类,91.686,489.14050000000003,120,12,0.11782605850402461,5.334952991732653,2.931551054686648,0.8198396999444049,9.24
2022-09-08,1011010801,食用菌,62.072,532.6012000000001,110,8,0.4464170640546462,8.580377625982731,6.534383135713365,0.31311210986192073,9.45
2022-09-09,1011010101,花叶类,311.923,1773.356,349,18,0.31738602155019024,5.685236420526861,3.4018996675461572,0.6711946195131939,12.83
2022-09-09,1011010201,花菜类,67.57,945.98,155,2,0.0,14.000000000000002,8.347598342459671,0.6771290885894272,15.51
2022-09-09,1011010402,水生根茎类,111.848,977.4786,138,4,0.14652921822473355,8.739348043773694,6.745714541163007,0.2955407452309671,13.65
2022-09-09,1011010501,茄类,4.65,50.896,11,3,0.0,10.945376344086021,7.725225806451614,0.4168357816732222,6.68
2022-09-09,1011010504,辣椒类,180.34,1138.0468,242,14,0.13294332926694022,6.310562271265388,3.338374625706998,0.8903098000659355,9.24
2022-09-09,1011010801,食用菌,106.775,919.4522,171,8,0.30954811519550457,8.61111870756263,6.183458300163895,0.3926056083105449,9.45
2022-09-10,1011010101,花叶类,419.26300000000003,2724.6512000000002,542,19,0.04770275459556412,6.498668377605465,3.5327831218113688,0.8395322196493606,12.83
2022-09-10,1011010201,花菜类,72.293,1012.102,175,2,0.0,13.999999999999998,8.720371958557536,0.6054361059979123,15.51
2022-09-10,1011010402,水生根茎类,155.46699999999998,1119.5176000000001,190,5,0.0,7.200998282593735,4.817713919995884,0.4946919643165295,13.65
2022-09-10,1011010501,茄类,0.491,4.5172,2,1,0.0,9.2,5.62,0.6370106761565835,6.68
2022-09-10,1011010504,辣椒类,146.777,951.2634,231,13,0.027252226166224955,6.48101133011303,3.2780427451167418,0.9770978702970574,9.24
2022-09-10,1011010801,食用菌,114.942,1152.213,188,9,0.07650815193749892,10.024299211776375,6.005583424683754,0.6691632607375264,9.45
2022-09-11,1011010101,花叶类,351.176,2174.328,427,19,0.1754732669658519,6.191562065744812,3.4493691197576144,0.7949839088777746,12.83
2022-09-11,1011010201,花菜类,63.233999999999995,851.8496,149,2,0.09439542018534335,13.471385646962078,9.349063478508398,0.44093423666766873,15.51
2022-09-11,1011010402,水生根茎类,97.363,816.7698,147,4,0.019319454002033627,8.388913653030412,5.772820167825561,0.45317425610890827,13.65
2022-09-11,1011010501,茄类,6.927,96.97800000000001,17,1,0.0,14.000000000000002,8.37,0.672640382317802,6.68
2022-09-11,1011010504,辣椒类,83.984,644.0862999999999,158,11,0.0060130501047818636,7.669154839016955,4.7802121832730045,0.6043544815548116,9.24
2022-09-11,1011010801,食用菌,92.533,1050.8612,186,10,0.16379021538262023,11.356610074243784,7.145848832308473,0.5892597703574736,9.45
2022-09-12,1011010101,花叶类,315.002,1909.7152,388,19,0.17083066139262607,6.062549444130513,3.3910809137719755,0.7877926237351274,12.83
2022-09-12,1011010201,花菜类,71.588,971.1856,163,2,0.07744314689612784,13.566318377381686,9.134744929317764,0.4851337921698158,15.51
2022-09-12,1011010402,水生根茎类,38.382999999999996,389.20300000000003,54,4,0.11781257327462681,10.139983847015609,7.820991324284189,0.2965087706376741,13.65
2022-09-12,1011010504,辣椒类,145.6,910.0822000000001,226,11,0.006868131868131868,6.250564560439561,3.800270879120879,0.6447681650223607,9.24
2022-09-12,1011010801,食用菌,98.587,1089.4902,186,9,0.0710032762940347,11.051053384320447,5.6214788968119525,0.9658622912535897,9.45
2022-09-13,1011010101,花叶类,216.66899999999998,1266.6561,270,17,0.29558450908990214,5.846042119546405,3.4613620314858147,0.6889426954963591,12.83
2022-09-13,1011010201,花菜类,47.126,587.3752,109,2,0.08619445741204432,12.463930738870262,8.176445274370836,0.5243703492933047,15.51
2022-09-13,1011010402,水生根茎类,25.627,252.5166,42,4,0.33234479260155303,9.853537284894838,7.536856050259493,0.3073803213417592,13.65
2022-09-13,1011010504,辣椒类,104.84899999999999,705.4876,156,11,0.08867991111026334,6.72860589991321,3.7077833837232594,0.8147246490857616,9.24
2022-09-13,1011010801,食用菌,68.334,632.5686000000001,125,10,0.3221675886088916,9.25701115111072,5.535224192934703,0.6723823332985497,9.45
2022-09-14,1011010101,花叶类,185.15699999999998,1011.2103999999999,216,17,0.2970452102810048,5.461367380115254,2.907987977770217,0.8780570696523009,12.83
2022-09-14,1011010201,花菜类,41.840999999999994,505.2248,94,2,0.18931191893119192,12.074873927487396,8.130337707033771,0.4851626540729177,15.51
2022-09-14,1011010402,水生根茎类,27.935000000000002,202.6268,33,4,0.15335600501163413,7.253509933774834,5.055660282799355,0.434730485838442,13.65
2022-09-14,1011010504,辣椒类,70.053,469.0022,107,10,0.1006238133984269,6.694962385622315,4.316046707492899,0.5511793174062469,9.24
2022-09-14,1011010801,食用菌,53.107,482.15330000000006,95,9,0.32020260982544674,9.078902969476719,6.309675937258742,0.4388857779312634,9.45
2022-09-15,1011010101,花叶类,201.56900000000002,1055.4448,232,14,0.41176966696267775,5.236146431246868,2.927594669815299,0.7885489699901713,12.83
2022-09-15,1011010201,花菜类,27.430999999999997,319.3748,66,2,0.2144289307717546,11.642842040027707,7.979055083664468,0.4591755437137057,15.51
2022-09-15,1011010402,水生根茎类,29.546,273.69820000000004,46,4,0.2613890205103906,9.263460366885536,6.989263521288837,0.3253843325079451,13.65
2022-09-15,1011010504,辣椒类,66.529,359.5448,84,11,0.011333403478182447,5.404331945467391,3.2902310270709014,0.6425387460644514,9.24
2022-09-15,1011010801,食用菌,56.663,456.2685,90,11,0.22374388931048483,8.052318091170607,5.076984451935125,0.5860434806140511,9.45
2022-09-16,1011010101,花叶类,193.80599999999998,1066.1680000000001,235,19,0.3285398800862719,5.501212552758946,3.060232964923687,0.7976450210862067,12.83
2022-09-16,1011010201,花菜类,41.283,456.446,89,2,0.09858779642952305,11.056512365864885,8.021940265969043,0.37828405588722847,15.51
2022-09-16,1011010402,水生根茎类,26.977,284.83220000000006,48,4,0.5130296178225896,10.558334877858918,8.665164399303109,0.2184806186375492,13.65
2022-09-16,1011010504,辣椒类,107.825,625.4736,131,12,0.16380245768606538,5.800821701831672,4.0489360537908645,0.4326780232551668,9.24
2022-09-16,1011010801,食用菌,74.425,595.2238,130,10,0.5550016795431643,7.99763251595566,5.596069331541821,0.42915179246933377,9.45
2022-09-17,1011010101,花叶类,359.256,1974.8288,415,19,0.2455380007571203,5.496996013984457,3.094284493508807,0.7764998743703304,12.83
2022-09-17,1011010201,花菜类,69.613,773.1366,161,2,0.10107307543131311,11.106210046973985,7.73773289471794,0.43533127830704665,15.51
2022-09-17,1011010402,水生根茎类,50.024,436.57900000000006,59,6,0.1450303854150008,8.727390852390853,6.336663401567248,0.3772849052124665,13.65
2022-09-17,1011010504,辣椒类,168.436,1119.3328000000001,230,13,0.10314897052886557,6.645448716426418,4.353766593839797,0.5263677032731044,9.24
2022-09-17,1011010801,食用菌,90.05,996.3704,179,9,0.056712937257079404,11.064635202665187,6.35234947251527,0.7418177716038103,9.45
2022-09-18,1011010101,花叶类,377.496,1962.9705000000001,459,19,0.18341651302265458,5.199976953398182,2.9157079015406784,0.7834354911376691,12.83
2022-09-18,1011010201,花菜类,57.715999999999994,668.7760000000001,127,2,0.0,11.587358791323032,6.9711511539261215,0.6621872823396009,15.51
2022-09-18,1011010402,水生根茎类,58.668000000000006,358.59170000000006,45,5,0.06887911638371855,6.112219608645258,4.139325697143246,0.47662205292606097,13.65
2022-09-18,1011010504,辣椒类,177.806,1036.3175,230,12,0.13111481052382934,5.828360685241218,4.1137329448949975,0.41680579738993884,9.24
2022-09-18,1011010801,食用菌,80.373,920.1772,174,8,0.1259129309594018,11.448834807709055,6.749730506513381,0.6961913955914409,9.45
2022-09-19,1011010101,花叶类,212.507,1053.7772,281,18,0.2865740893241164,4.958788181095211,3.1269090429962305,0.5858434360929343,12.83
2022-09-19,1011010201,花菜类,38.815,442.16900000000004,85,2,0.04019064794538194,11.3917042380523,6.362973592683241,0.7903114121283761,15.51
2022-09-19,1011010402,水生根茎类,9.274000000000001,83.83,12,3,0.19969808065559624,9.03924951477248,6.91586801811516,0.3070303671347423,13.65
2022-09-19,1011010504,辣椒类,45.683,210.7014,52,11,0.17511984764573255,4.612249633342819,2.3483085611715517,0.9640730820492371,9.24
2022-09-19,1011010801,食用菌,30.316,302.9322,60,5,0.3448344108721468,9.992485816070722,5.891809935347671,0.6959959546762049,9.45
2022-09-20,1011010101,花叶类,262.543,1196.8922,343,19,0.31958955294942165,4.558842551505848,2.746109627756215,0.6601094528155371,12.83
2022-09-20,1011010201,花菜类,42.297,440.849,92,2,0.09804477858949809,10.422701373619878,5.8872790032390006,0.7703766660091407,15.51
2022-09-20,1011010402,水生根茎类,14.946,138.0888,21,3,0.0,9.239181051786431,6.770840358624381,0.3645545548888911,13.65
2022-09-20,1011010504,辣椒类,67.862,341.1082,72,11,0.05894314933246884,5.0264978927824115,2.685093866965312,0.872000809589331,9.24
2022-09-20,1011010801,食用菌,47.235,510.5666,101,6,0.43812850640414946,10.809073780035991,6.487273420133375,0.6661967332053289,9.45
2022-09-21,1011010101,花叶类,213.475,1014.2253000000001,280,20,0.2385150486005387,4.751026115470196,2.8453013701838623,0.6697795759902883,12.83
2022-09-21,1011010201,花菜类,32.068,344.40639999999996,65,2,0.0,10.739877759760509,5.944943245603095,0.8065568191426837,15.51
2022-09-21,1011010402,水生根茎类,18.429000000000002,250.3084,37,3,0.28053611156329694,13.582310488903358,9.196341092842802,0.47692548066469675,13.65
2022-09-21,1011010504,辣椒类,86.458,518.1682000000001,124,11,0.11566309653242036,5.993293853663051,3.506017719586389,0.7094305656761171,9.24
2022-09-21,1011010801,食用菌,46.791,445.88800000000003,89,6,0.20273129447970767,9.529353935585904,5.798636489923276,0.6433783963084725,9.45
2022-09-22,1011010101,花叶类,226.528,1002.3548000000001,284,18,0.3245470758581721,4.42486050289589,2.6448019229410935,0.673040413542698,12.83
2022-09-22,1011010201,花菜类,50.388000000000005,517.8931,108,2,0.045070254822576795,10.278103913630229,5.743413312693498,0.7895462774574531,15.51
2022-09-22,1011010402,水生根茎类,20.182000000000002,215.60680000000002,30,3,0.12327816866514715,10.683123575463284,7.298951045486077,0.4636519013331506,13.65
2022-09-22,1011010504,辣椒类,73.801,453.346,104,10,0.10839961518136611,6.14281649300145,3.831423151447812,0.6032727919076786,9.24
2022-09-22,1011010801,食用菌,50.943,521.3978,103,8,0.1856584810474452,10.234925308678326,6.08433798559174,0.6821756669198111,9.45
2022-09-23,1011010101,花叶类,243.19,1090.289,323,17,0.3242526419671862,4.48328056252313,2.616207779925161,0.713656154119142,12.83
2022-09-23,1011010201,花菜类,65.003,607.6908999999999,144,2,0.19096041721151333,9.34865929264803,5.693671522852791,0.6419386427764842,15.51
2022-09-23,1011010402,水生根茎类,30.662,292.5312,35,3,0.16306829300110887,9.540512686713196,6.80173439436436,0.4026588122314916,13.65
2022-09-23,1011010504,辣椒类,87.3,564.2708,131,12,0.1556930126002291,6.463583046964491,3.6657588774341354,0.7632319154304839,9.24
2022-09-23,1011010801,食用菌,87.179,689.4262,143,8,0.506704596290391,7.908168251528465,5.134256988494936,0.540275110741326,9.45
2022-09-24,1011010101,花叶类,345.852,1700.3086,462,19,0.18186391867041393,4.916289626776772,2.5315752981043915,0.9419883068293569,12.83
2022-09-24,1011010201,花菜类,75.743,750.887,151,2,0.09221974307856833,9.91361577967601,5.8431160635306245,0.6966316725336172,15.51
2022-09-24,1011010402,水生根茎类,49.291,495.4082,57,2,0.07331967296260981,10.050682680408189,7.0666018137185285,0.42227946972993546,13.65
2022-09-24,1011010504,辣椒类,193.743,1260.3078,255,12,0.06423974027448734,6.505049472755145,3.5381250935517667,0.8385583609269773,9.24
2022-09-24,1011010801,食用菌,101.607,791.0069000000001,175,7,0.09870382946056866,7.78496461857943,4.631175411142933,0.6809910935025822,9.45
2022-09-25,1011010101,花叶类,320.644,1379.6480000000001,383,19,0.22378400968051793,4.302740734272278,2.0877003468020607,1.0609953630860942,12.83
2022-09-25,1011010201,花菜类,55.324,572.498,110,2,0.1048008097751428,10.348094859373871,6.213929216976358,0.665306201284533,15.51
2022-09-25,1011010402,水生根茎类,14.038,213.43210000000002,40,3,0.07308733437811654,15.203882319418721,7.824675167402765,0.9430688168062737,13.65
2022-09-25,1011010504,辣椒类,132.468,821.0926,186,13,0.1067805054805689,6.198422260470453,3.390615846846031,0.8281110395435267,9.24
2022-09-25,1011010801,食用菌,118.404,1031.2088,220,8,0.19714705584270803,8.709239552717815,5.579543258673694,0.5609233854722504,9.45
2022-09-26,1011010101,花叶类,196.445,893.2804,242,19,0.3140013744305022,4.547228995393112,2.356752984295859,0.9294465842171042,12.83
2022-09-26,1011010201,花菜类,30.759999999999998,317.4007,61,2,0.09795188556566971,10.31861833550065,6.359293237971391,0.6226045803153246,15.51
2022-09-26,1011010402,水生根茎类,34.863,351.9594,63,4,0.0658291024868772,10.095499526718871,6.6189068640105555,0.5252517876647933,13.65
2022-09-26,1011010504,辣椒类,59.178,399.3745,90,13,0.22736489911791546,6.748698840785427,4.178590861468789,0.6150657158172301,9.24
2022-09-26,1011010801,食用菌,58.142,508.38520000000005,104,9,0.4182518661208765,8.743854700560696,4.856296825014619,0.8005189994815392,9.45
2022-09-27,1011010101,花叶类,158.187,689.4802,197,16,0.3938123866057261,4.358640090525769,2.163884389994121,1.0142666173295938,12.83
2022-09-27,1011010201,花菜类,29.389,261.1885,73,2,0.2815679335805914,8.887287760726801,5.779347034604784,0.5377667593783024,15.51
2022-09-27,1011010402,水生根茎类,35.665,292.5142,52,4,0.0118603673068835,8.20171596803589,5.729265666619936,0.4315475045643349,13.65
2022-09-27,1011010504,辣椒类,63.594,408.798,92,11,0.1599521967481209,6.428247947919615,3.9596373871748907,0.6234435932796412,9.24
2022-09-27,1011010801,食用菌,37.499,323.7912,67,7,0.13187018320488547,8.634662257660203,5.144301181364836,0.6784908101685716,9.45
2022-09-28,1011010101,花叶类,142.124,588.2332,173,17,0.2744082632067772,4.138873096732431,1.9820484225042923,1.0881796073897223,12.83
2022-09-28,1011010201,花菜类,32.625,329.3771,74,2,0.04352490421455939,10.095849808429119,6.112093180076628,0.6517827053648657,15.51
2022-09-28,1011010402,水生根茎类,62.641000000000005,442.7338,79,3,0.020912820676553694,7.067795852556631,5.177037243977587,0.3652202059737064,13.65
2022-09-28,1011010504,辣椒类,77.96,515.8229,116,12,0.10527193432529504,6.6165071831708575,4.3932167778347875,0.5060734577345001,9.24
2022-09-28,1011010801,食用菌,53.384,457.2556,105,8,0.18548628802637493,8.565405364903341,5.226885021729357,0.6387208307232686,9.45
2022-09-29,1011010101,花叶类,175.757,688.9396,212,19,0.33000108103802406,3.919841599481102,1.8647357430998481,1.1020895931157213,12.83
2022-09-29,1011010201,花菜类,31.877,284.048,72,2,0.2335539730840418,8.91075069799542,5.770215515889199,0.5442665310261396,15.51
2022-09-29,1011010402,水生根茎类,43.663,391.8551,69,4,0.07983876508714473,8.97453450289719,6.159140920229943,0.45710816153271905,13.65
2022-09-29,1011010504,辣椒类,84.368,471.7934,111,14,0.2133510335672293,5.592089417788736,3.479929594158923,0.606954757698283,9.24
2022-09-29,1011010801,食用菌,44.333,333.297,89,8,0.3771231362641825,7.518033970180228,4.785560417747503,0.5709829808645197,9.45
2022-09-30,1011010101,花叶类,200.098,863.7442,267,18,0.13493388239762516,4.316605863127068,1.9903925076712412,1.1687209163470453,12.83
2022-09-30,1011010201,花菜类,53.33,477.5613,122,2,0.2812488280517533,8.954834052128259,5.897440465029064,0.5184272067228284,15.51
2022-09-30,1011010402,水生根茎类,70.235,553.0966000000001,101,5,0.1590232789919556,7.874942692389835,5.716100804442229,0.37767736465911805,13.65
2022-09-30,1011010504,辣椒类,107.477,631.2450000000001,149,11,0.12324497334313388,5.873303125319837,3.7107723512937656,0.5827710700905979,9.24
2022-09-30,1011010801,食用菌,53.894999999999996,435.2726,110,7,0.24677613878838486,8.076307635216626,5.351297522961314,0.5092241835859164,9.45
2022-10-01,1011010101,花叶类,318.485,1372.6009,412,21,0.15700896431543085,4.30978193635493,2.093800398762893,1.0583537661475915,12.83
2022-10-01,1011010201,花菜类,76.799,763.2776,157,2,0.16177293975181967,9.9386398260394,6.249311188947772,0.590357645113976,15.51
2022-10-01,1011010402,水生根茎类,102.731,766.3892000000001,130,3,0.11680992105596169,7.460155162511803,5.469611996378894,0.363927673014234,13.65
2022-10-01,1011010504,辣椒类,169.374,1052.366,249,11,0.05313684508838429,6.21326767980918,3.880969747422863,0.6009575142746388,9.24
2022-10-01,1011010801,食用菌,122.01,865.7402,216,7,0.1452421932628473,7.095649536923203,4.335775100401606,0.636535422758888,9.45
2022-10-02,1011010101,花叶类,253.861,1199.859,332,16,0.06849417594667948,4.726440847550431,2.3733569157925007,0.9914580972209985,12.83
2022-10-02,1011010201,花菜类,61.869,603.1703,132,2,0.17008517997704828,9.749152241025392,6.15726535098353,0.5833574948118994,15.51
2022-10-02,1011010402,水生根茎类,81.611,700.1124000000001,119,4,0.05808040582764578,8.578652387545798,5.692668145225521,0.5069651293024646,13.65
2022-10-02,1011010504,辣椒类,178.918,1069.9759,255,11,0.09362948389765142,5.980258554198012,3.0713182575257942,0.9471308580751296,9.24
2022-10-02,1011010801,食用菌,91.22999999999999,767.817,183,7,0.1973035185794147,8.416277540282803,5.179790639044175,0.6248296749375677,9.45
2022-10-03,1011010101,花叶类,253.67000000000002,1111.7917,311,17,0.016726455631332047,4.38282690109197,1.9995680608664799,1.1918868313953483,12.83
2022-10-03,1011010201,花菜类,59.161,532.7191,126,2,0.28534000439478713,9.004565507682425,5.753457514240801,0.5650703051851118,15.51
2022-10-03,1011010402,水生根茎类,93.09,730.5584000000001,114,3,0.18261897088838758,7.847871951874531,5.775187775271243,0.3588946813951761,13.65
2022-10-03,1011010504,辣椒类,117.32300000000001,786.0074999999999,189,12,0.07094943020550104,6.699517571149731,3.3792916989848534,0.9825212405198052,9.24
2022-10-03,1011010801,食用菌,82.006,658.1608,170,6,0.12194229690510451,8.02576396849011,5.0398209887081435,0.5924700473433588,9.45
2022-10-04,1011010101,花叶类,328.918,1582.7668,387,19,0.009120814306301267,4.812040690992892,2.238089371819116,1.1500663698168907,12.83
2022-10-04,1011010201,花菜类,49.869,526.8417,107,2,0.0720487677715615,10.564513024123201,6.070491688223145,0.740305986188653,15.51
2022-10-04,1011010402,水生根茎类,104.98400000000001,853.3290999999999,144,4,0.16221519469633466,8.128182389697477,5.6647667263583035,0.4348662146804454,13.65
2022-10-04,1011010504,辣椒类,115.099,851.4100000000001,187,10,0.06081720953266318,7.3971971954578235,3.838031433809156,0.9273414830050724,9.24
2022-10-04,1011010801,食用菌,117.054,1032.6342,221,8,0.021596869820766484,8.82186170485417,5.377380183505049,0.6405501199106145,9.45
2022-10-05,1011010101,花叶类,373.666,1752.4306,441,20,0.0,4.689831560805639,2.153310121873545,1.177963830275003,12.83
2022-10-05,1011010201,花菜类,40.769,482.9232,95,2,0.020898231499423582,11.845353086904266,7.1386215016311425,0.6593333999004789,15.51
2022-10-05,1011010402,水生根茎类,118.42099999999999,979.7786,141,3,0.21573876255056115,8.273689632750948,5.521914609739827,0.4983371199108011,13.65
2022-10-05,1011010504,辣椒类,162.721,994.2321999999999,241,12,0.0,6.1100423424143155,2.825681749743426,1.162325018721274,9.24
2022-10-05,1011010801,食用菌,87.935,841.1554,189,7,0.03664070051742765,9.565649627565815,5.6230541877523175,0.7011483987475953,9.45
2022-10-06,1011010101,花叶类,353.217,1476.3984,419,16,0.0,4.179862237661268,1.959832369336697,1.1327651808689834,12.83
2022-10-06,1011010201,花菜类,71.588,761.2072000000001,140,2,0.0,10.633167569983797,5.901272280270437,0.8018432407420646,15.51
2022-10-06,1011010402,水生根茎类,132.357,1154.9626,185,4,0.09066388630748658,8.726116487983258,5.3080514064235365,0.6439397096688535,13.65
2022-10-06,1011010504,辣椒类,208.677,1228.9714,287,12,0.014376284880461191,5.889347652113074,2.476010724708521,1.378563062486886,9.24
2022-10-06,1011010801,食用菌,184.89000000000001,1535.1174,317,11,0.0,8.30286873276002,4.80740910811834,0.7270984320304357,9.45
2022-10-07,1011010101,花叶类,470.332,2050.1075,530,14,0.028828572157539784,4.3588518323227,2.340442134492231,0.8624052985904613,12.83
2022-10-07,1011010201,花菜类,87.818,833.5187000000001,183,2,0.03766881504930652,9.491433419116811,6.247496868523538,0.5192378033732263,15.51
2022-10-07,1011010402,水生根茎类,110.30199999999999,928.4508000000001,154,4,0.13296223096589366,8.417352359884681,5.497121901688094,0.5312289795319662,13.65
2022-10-07,1011010504,辣椒类,170.183,1101.6856,276,12,0.0,6.47353495942603,3.4571129901341497,0.8725262893923613,9.24
2022-10-07,1011010801,食用菌,154.165,1191.0013,271,10,0.04412155807089806,7.72549735672818,4.792489021502935,0.6120010545804959,9.45
2022-10-08,1011010101,花叶类,360.779,1455.6581999999999,409,17,0.14690433755844992,4.034764218538219,2.06186341222743,0.9568532981432871,12.83
2022-10-08,1011010201,花菜类,37.814,356.9464,78,2,0.07362352567832019,9.439530332681016,6.454637964774951,0.4624414853622447,15.51
2022-10-08,1011010402,水生根茎类,81.90799999999999,607.3938,118,4,0.0858524197880549,7.415561361527569,5.279486741221859,0.40459891747191823,13.65
2022-10-08,1011010504,辣椒类,114.62899999999999,712.9150999999999,182,9,0.05414860113932775,6.219325825052997,3.3340681677411474,0.8653865224557271,9.24
2022-10-08,1011010801,食用菌,108.094,763.4728,185,7,0.054517364516069346,7.063045127389125,4.251378799933391,0.6613539888517546,9.45
2022-10-09,1011010101,花叶类,342.075,1389.7198,395,16,0.21632682891178837,4.06261726229628,2.161767799459183,0.8793032551010516,12.83
2022-10-09,1011010201,花菜类,53.058,467.202,102,2,0.21583927023257568,8.80549587244148,6.106329488484301,0.4420276352672152,15.51
2022-10-09,1011010402,水生根茎类,66.479,564.835,111,4,0.05657425653213797,8.496442485596956,5.44233893409949,0.5611748162838026,13.65
2022-10-09,1011010504,辣椒类,110.966,682.8895,181,12,0.14673864066470813,6.1540426797397405,3.2972384333940123,0.8664233127372221,9.24
2022-10-09,1011010801,食用菌,121.54700000000001,913.9244,223,7,0.07419352184751578,7.519102898467259,4.596135898047669,0.635961830819928,9.45
2022-10-10,1011010101,花叶类,288.07,1199.6836,329,15,0.19932655257402715,4.164555837122922,2.242478980803277,0.8571214592304179,12.83
2022-10-10,1011010201,花菜类,47.046,432.95129999999995,93,2,0.11025379415890829,9.20272286698125,6.066052799387832,0.5170858499467663,15.51
2022-10-10,1011010402,水生根茎类,46.834,351.54640000000006,60,3,0.08540803689627194,7.506221975487894,5.112664730751163,0.4681623714420766,13.65
2022-10-10,1011010504,辣椒类,134.737,730.2017,189,12,0.10732760860045867,5.419459391258526,2.7546903226285284,0.9673570371014597,9.24
2022-10-10,1011010801,食用菌,103.327,720.1328,170,7,0.19136334162416407,6.969454256873808,4.264199192853756,0.6344110445294651,9.45
2022-10-11,1011010101,花叶类,244.75900000000001,918.1318,285,13,0.3554516892126541,3.751166657814421,2.2071093606363807,0.6995835026193895,12.83
2022-10-11,1011010201,花菜类,29.660000000000004,300.48629999999997,65,2,0.1487525286581254,10.131028320971003,6.308773432231962,0.6058633948099761,15.51
2022-10-11,1011010402,水生根茎类,51.596000000000004,357.0864,66,3,0.07752538956508256,6.9208155670982245,4.754130552756027,0.45574789970505636,13.65
2022-10-11,1011010504,辣椒类,119.426,640.2038,169,13,0.26064676033694506,5.360673555172241,2.913212198348768,0.8401246425546045,9.24
2022-10-11,1011010801,食用菌,89.443,557.7182,145,7,0.22020728285053048,6.235459454624733,3.7865385776416267,0.6467439395555743,9.45
2022-10-12,1011010101,花叶类,240.312,920.9144,266,14,0.26215919304903623,3.8321615233529744,2.1019141366223906,0.8231770064170909,12.83
2022-10-12,1011010201,花菜类,29.309,297.42,68,2,0.13784161861544236,10.147736190248729,6.382900133064928,0.5898315779187993,15.51
2022-10-12,1011010402,水生根茎类,39.206,306.27880000000005,58,4,0.15217058613477527,7.812038973626486,5.257730959547007,0.4858194597122467,13.65
2022-10-12,1011010504,辣椒类,123.31700000000001,646.4619,177,12,0.41133825830988424,5.242277220496768,3.129347940673224,0.6751979389575276,9.24
2022-10-12,1011010801,食用菌,82.773,548.1518000000001,123,7,0.1156778176458507,6.622350283304944,4.107431408792722,0.6122850570623211,9.45
2022-10-13,1011010101,花叶类,152.506,640.5705,182,15,0.06833173776769438,4.200297037493607,2.042702254337534,1.0562453625214214,12.83
2022-10-13,1011010201,花菜类,30.605,315.7141,72,2,0.0852475085770299,10.315768665250776,6.512092795294887,0.5840942366030346,15.51
2022-10-13,1011010402,水生根茎类,61.838,492.0706,91,4,0.1287396099485753,7.957414534752094,5.215358517416475,0.5257655841259303,13.65
2022-10-13,1011010504,辣椒类,84.845,468.0356,126,10,0.15775826507160115,5.516360421945901,2.975280924037951,0.8540637213037625,9.24
2022-10-13,1011010801,食用菌,70.04599999999999,501.59540000000004,110,8,0.02855266539131428,7.160942809011223,4.217202980898267,0.6980313353297349,9.45
2022-10-14,1011010101,花叶类,135.637,426.5692,149,17,0.5824369456711664,3.1449324299416825,2.0207580527437203,0.5563131992331265,12.83
2022-10-14,1011010201,花菜类,11.594999999999999,115.9248,26,2,0.2090556274256145,9.997826649417854,6.655963777490298,0.5020854956016065,15.51
2022-10-14,1011010402,水生根茎类,13.046,142.60399999999998,25,4,0.47462823854054886,10.930860033726812,6.636754560784915,0.6470188755080377,13.65
2022-10-14,1011010504,辣椒类,49.262,292.4712,78,9,0.08119848970809143,5.937054930778288,3.509586699687386,0.6916678340806133,9.24
2022-10-14,1011010801,食用菌,65.579,407.415,102,8,0.2067430122447735,6.212583296482107,3.9409182817670296,0.5764303779718334,9.45
2022-10-15,1011010101,花叶类,377.256,1539.7934,456,15,0.14494666751489707,4.081561061984435,2.057341327904659,0.9839007784582754,12.83
2022-10-15,1011010201,花菜类,60.965,644.794,125,2,0.06912162716312639,10.57646190437136,6.716652833593044,0.5746625836419073,15.51
2022-10-15,1011010402,水生根茎类,101.798,701.7256,138,3,0.11788050845792648,6.893314210495294,4.8255804632703985,0.42849430508170383,13.65
2022-10-15,1011010501,茄类,12.033,121.371,25,2,0.0,10.086512091747695,5.13033408127649,0.966053658875573,6.68
2022-10-15,1011010504,辣椒类,204.274,1156.8456,310,11,0.08589443590471621,5.663205302681693,3.3017120632092194,0.7152329440796645,9.24
2022-10-15,1011010801,食用菌,223.125,1224.3402,303,10,0.08791932773109244,5.487238991596639,3.3177297030812327,0.6539138153721642,9.45
2022-10-16,1011010101,花叶类,367.681,1506.0988,446,16,0.14713569643250538,4.096210573839823,2.1168446561013488,0.935054876149451,12.83
2022-10-16,1011010201,花菜类,62.739999999999995,621.2737,131,2,0.1524226968441186,9.902354160025503,6.674081606630538,0.4837028888270942,15.51
2022-10-16,1011010402,水生根茎类,86.333,574.4729,114,3,0.02776458596365237,6.654151946532612,4.590570233861907,0.4495262260555104,13.65
2022-10-16,1011010501,茄类,2.55,25.5,7,1,0.0,10.0,5.28,0.8939393939393938,6.68
2022-10-16,1011010504,辣椒类,178.909,997.467,272,10,0.13414640962724067,5.5752756988189525,3.4873439010893805,0.5987169195092406,9.24
2022-10-16,1011010801,食用菌,209.72,1247.3768,323,10,0.12000286095746711,5.947819950410071,3.7539233263398817,0.5844276596371678,9.45
2022-10-17,1011010101,花叶类,247.30200000000002,904.4739999999999,289,15,0.24552975713904454,3.657366297078066,1.9828975503635229,0.8444555022056304,12.83
2022-10-17,1011010201,花菜类,35.260999999999996,343.5816,76,2,0.15819176994413095,9.743955077848048,6.6945163211480105,0.4555129318404745,15.51
2022-10-17,1011010402,水生根茎类,38.614999999999995,301.30240000000003,59,3,0.11891751909879583,7.802729509258063,5.326408131555096,0.464913937599442,13.65
2022-10-17,1011010501,茄类,5.7620000000000005,57.620000000000005,11,1,0.0,10.0,5.37,0.8621973929236499,6.68
2022-10-17,1011010504,辣椒类,111.662,625.6062,170,10,0.1701563647436012,5.602677723845175,3.3585181171750462,0.668199345179582,9.24
2022-10-17,1011010801,食用菌,104.537,652.343,172,8,0.35141624496589724,6.240307259630561,4.1932303394970205,0.48818613679569256,9.45
2022-10-18,1011010101,花叶类,273.91,1070.6236,350,16,0.24973896535358328,3.9086692709284065,2.1582120769595847,0.8110682043975983,12.83
2022-10-18,1011010201,花菜类,56.15899999999999,537.5874,132,2,0.1576595024840186,9.572595665877243,6.491566979469008,0.4746201797120262,15.51
2022-10-18,1011010402,水生根茎类,41.022000000000006,298.442,61,3,0.08029837648091268,7.275169421286138,5.073778460338354,0.4338760507885835,13.65
2022-10-18,1011010501,茄类,7.186999999999999,59.099999999999994,16,2,0.0,8.223180743008209,5.56133435369417,0.4786344823065496,6.68
2022-10-18,1011010504,辣椒类,155.233,788.345,219,8,0.22068761152589975,5.0784626980088,3.0581509086341176,0.6606318163275429,9.24
2022-10-18,1011010801,食用菌,156.31,937.657,227,9,0.29065318917535665,5.998701298701299,3.992026165952274,0.5026708366452664,9.45
2022-10-19,1011010101,花叶类,225.80700000000002,849.1465000000001,286,14,0.274504333346619,3.7604967959363527,2.3242425611252084,0.6179450711529124,12.83
2022-10-19,1011010201,花菜类,33.063,347.93300000000005,54,2,0.1568520702900523,10.523334240692012,7.609707225599611,0.3828829321173812,15.51
2022-10-19,1011010402,水生根茎类,38.515,259.084,48,2,0.05192782032974166,6.726833701155394,4.986218356484486,0.34908526266349105,13.65
2022-10-19,1011010501,茄类,13.004,104.032,24,1,0.0,8.0,5.400000000000001,0.4814814814814812,6.68
2022-10-19,1011010504,辣椒类,96.132,491.1184,144,8,0.2704614488411767,5.108792077560022,3.0054304497981943,0.6998537024548552,9.24
2022-10-19,1011010801,食用菌,105.856,633.408,140,8,0.16059552599758162,5.983675937122128,3.5947853688029023,0.6645433101656217,9.45
2022-10-20,1011010101,花叶类,242.853,868.2706,281,18,0.26901458907240183,3.575292872643121,1.984752916373279,0.8013793269422276,12.83
2022-10-20,1011010201,花菜类,30.363,335.2528,69,2,0.0,11.041491288739584,6.743835589368641,0.6372717191009234,15.51
2022-10-20,1011010402,水生根茎类,52.368,391.86080000000004,63,2,0.1145737855178735,7.482829208677055,5.324983195844791,0.4052305769746056,13.65
2022-10-20,1011010501,茄类,4.7010000000000005,37.608000000000004,9,1,0.0,8.0,5.41,0.478743068391867,6.68
2022-10-20,1011010504,辣椒类,105.947,512.9576,143,10,0.2454057217287889,4.841643463241054,2.584064768233173,0.8736540673287674,9.24
2022-10-20,1011010801,食用菌,88.041,546.431,132,8,0.20891402869117798,6.2065514930543735,3.8004156018218787,0.6331244114667405,9.45
2022-10-21,1011010101,花叶类,613.973,2548.446,667,20,0.0,4.15074604257842,2.0829178970410753,0.9927554746516092,12.83
2022-10-21,1011010201,花菜类,95.213,1025.7456,200,2,0.0,10.773167529644061,6.368681272515309,0.6915852856598053,15.51
2022-10-21,1011010402,水生根茎类,98.057,903.3832,133,3,0.061188900333479505,9.212837431289964,5.660363360086481,0.6276053046794521,13.65
2022-10-21,1011010501,茄类,38.486000000000004,384.056,63,2,0.0,9.979109286493788,5.354535155641012,0.8636742492914213,6.68
2022-10-21,1011010504,辣椒类,399.685,2565.1578,610,11,0.0375295545241878,6.417948634549708,3.8719691006667745,0.6575412839540744,9.24
2022-10-21,1011010801,食用菌,289.383,1958.1246,408,11,0.010366884025668405,6.766550212002779,4.4504369987179615,0.5204237727558039,9.45
2022-10-22,1011010101,花叶类,299.448,1188.7245,345,17,0.051240950014693705,3.9697192834816066,1.9349505089364432,1.0515869864101002,12.83
2022-10-22,1011010201,花菜类,56.495999999999995,586.1904,124,2,0.0,10.375785896346644,5.895180543755311,0.760045484499636,15.51
2022-10-22,1011010402,水生根茎类,77.747,525.8072,89,3,0.1800712567687499,6.763054523004103,5.048521357737276,0.3396109561147369,13.65
2022-10-22,1011010501,茄类,7.952,79.52,13,1,0.0,10.0,4.65,1.150537634408602,6.68
2022-10-22,1011010504,辣椒类,155.90800000000002,804.1622,203,9,0.0,5.157927752264155,2.3598603663699103,1.185691927272126,9.24
2022-10-22,1011010801,食用菌,157.648,1218.3379999999997,191,8,0.1376103724753882,7.728217294225107,4.71434042931087,0.639299793917258,9.45
2022-10-23,1011010101,花叶类,242.892,957.4434,298,14,0.17291635788745616,3.9418482288424483,2.016069817038025,0.9552141476100979,12.83
2022-10-23,1011010201,花菜类,38.944,414.522,87,2,0.007292522596548889,10.644052999178307,6.187303820870994,0.720305533287992,15.51
2022-10-23,1011010402,水生根茎类,61.265,417.48400000000004,74,2,0.06529013302864604,6.814396474332817,4.930856116869338,0.38199053325031174,13.65
2022-10-23,1011010501,茄类,14.581,145.81,23,1,0.0,10.0,4.65,1.150537634408602,6.68
2022-10-23,1011010504,辣椒类,138.434,812.8202,214,11,0.0,5.871535894361212,3.126953999739948,0.8777173872239619,9.24
2022-10-23,1011010801,食用菌,152.18099999999998,832.673,204,9,0.11992298644377421,5.471596322799824,3.578863392933415,0.5288642571839075,9.45
2022-10-24,1011010101,花叶类,199.326,745.5516,228,15,0.18060865115439032,3.7403630233888205,2.116280515336685,0.7674230785013656,12.83
2022-10-24,1011010201,花菜类,30.369,294.623,69,2,0.2416279758964734,9.70143896736804,6.262627679541639,0.5491003878547809,15.51
2022-10-24,1011010402,水生根茎类,37.236000000000004,262.4278,57,3,0.15659576753679233,7.047690407132881,4.735183156085508,0.4883670123879815,13.65
2022-10-24,1011010501,茄类,3.223,32.230000000000004,7,1,0.0,10.000000000000002,4.65,1.1505376344086025,6.68
2022-10-24,1011010504,辣椒类,73.345,375.7242,102,11,0.16361033471947645,5.1226968436839595,2.924649260344945,0.751559379492831,9.24
2022-10-24,1011010801,食用菌,85.05,444.20099999999996,122,9,0.17599059376837156,5.222821869488536,3.625746384479718,0.440481852742161,9.45
2022-10-25,1011010101,花叶类,217.397,812.7172,252,15,0.2506428331577713,3.7384011738892444,2.247026407908113,0.6637103866391756,12.83
2022-10-25,1011010201,花菜类,36.506,375.1738,88,2,0.06908453404919739,10.277044869336548,6.334683065797403,0.6223455479288267,15.51
2022-10-25,1011010402,水生根茎类,36.980999999999995,305.911,55,3,0.18785322192477222,8.272112706524974,5.304398474892514,0.5594817670051828,13.65
2022-10-25,1011010501,茄类,4.156,41.56,9,1,0.0,10.000000000000002,4.65,1.1505376344086025,6.68
2022-10-25,1011010504,辣椒类,125.16,551.6129,160,10,0.2574864173857463,4.407261904761905,2.5657063758389262,0.7177577084676467,9.24
2022-10-25,1011010801,食用菌,89.459,480.687,131,9,0.21784281067304573,5.3732659654143236,3.8071440548184086,0.41136397468695596,9.45
2022-10-26,1011010101,花叶类,226.633,807.9788,269,16,0.2715491565659017,3.5651418813676736,2.116584566237044,0.6843843323047272,12.83
2022-10-26,1011010201,花菜类,38.152,348.533,96,2,0.21694799748374918,9.135379534493605,5.810960893269029,0.5720944783977686,15.51
2022-10-26,1011010402,水生根茎类,35.474999999999994,270.058,47,3,0.19704016913319242,7.61262861169838,5.390966878083158,0.41210821432558475,13.65
2022-10-26,1011010501,茄类,4.56,36.48,10,1,0.0,8.0,4.65,0.7204301075268815,6.68
2022-10-26,1011010504,辣椒类,117.386,571.6953,168,12,0.3364881672431125,4.870217061659823,3.2619804746733,0.4930245902675412,9.24
2022-10-26,1011010801,食用菌,104.795,497.446,146,9,0.3205019323441004,4.74684860918937,3.5259581086883913,0.3462578008208763,9.45
2022-10-27,1011010101,花叶类,209.0,729.427,252,17,0.3014928229665072,3.4900813397129187,2.071696315789474,0.6846491028212947,12.83
2022-10-27,1011010201,花菜类,31.661,274.65459999999996,72,2,0.3305012475916743,8.674855500457975,6.55029026246802,0.32434673164994376,15.51
2022-10-27,1011010402,水生根茎类,35.991,283.948,53,3,0.024228279292045234,7.889416798644105,5.076871995776722,0.5539916714872946,13.65
2022-10-27,1011010501,茄类,2.299,18.392,5,1,0.0,8.0,4.65,0.7204301075268815,6.68
2022-10-27,1011010504,辣椒类,114.668,535.159,158,11,0.2952698224439251,4.6670300345344815,2.9891982942058815,0.5612982395918091,9.24
2022-10-27,1011010801,食用菌,116.582,666.39,180,9,0.20662709509186666,5.716062513938687,4.1122538642329,0.39000720837184044,9.45
2022-10-28,1011010101,花叶类,229.524,842.3097,267,15,0.25949791742911416,3.6698110001568462,2.0879831303044565,0.757586518250144,12.83
2022-10-28,1011010201,花菜类,40.855000000000004,344.5014,86,2,0.08087137437278179,8.432294700771019,6.216277811773344,0.35648614107957655,15.51
2022-10-28,1011010402,水生根茎类,63.12,507.12559999999996,85,3,0.24252217997465148,8.034309252217998,5.53563371356147,0.4513802155180804,13.65
2022-10-28,1011010501,茄类,11.885,95.08,16,1,0.0,8.0,4.65,0.7204301075268815,6.68
2022-10-28,1011010504,辣椒类,136.101,681.5889,187,10,0.23240828502362218,5.007963938545639,2.8847238447917354,0.7360288914959179,9.24
2022-10-28,1011010801,食用菌,164.567,814.638,220,8,0.1541135221520718,4.950190499917967,3.41925495390935,0.4477395124508765,9.45
2022-10-29,1011010101,花叶类,368.131,1368.4805999999999,439,16,0.2145975209911689,3.717373978284904,2.0610156982161243,0.8036611664347881,12.83
2022-10-29,1011010201,花菜类,64.488,572.235,136,2,0.0,8.873511350949014,5.841730399454162,0.5189867974355911,15.51
2022-10-29,1011010402,水生根茎类,98.462,748.094,125,3,0.15101257337856228,7.5977940728402835,5.207234262964392,0.45908436017145604,13.65
2022-10-29,1011010501,茄类,11.396,91.168,19,1,0.0,8.0,4.65,0.7204301075268815,6.68
2022-10-29,1011010504,辣椒类,167.48499999999999,808.4482,262,11,0.1177896528047288,4.826988685553931,2.989661999582052,0.6145600025115658,9.24
2022-10-29,1011010801,食用菌,248.053,1318.111,339,9,0.1122622987829214,5.313828093189763,3.648150838732045,0.45658124570217673,9.45
2022-10-30,1011010101,花叶类,221.196,1061.6493,398,18,0.08272753576014033,4.799586339716813,2.957359445921264,0.6229296531188706,12.83
2022-10-30,1011010201,花菜类,76.791,626.6171999999999,173,2,0.0,8.160034379028792,4.58550064460679,0.7795296547665236,15.51
2022-10-30,1011010402,水生根茎类,67.588,478.598,94,3,0.11290465763153223,7.081109072616441,4.971109664437474,0.42445239606632823,13.65
2022-10-30,1011010501,茄类,10.805,75.635,21,1,0.0,7.000000000000001,4.65,0.5053763440860215,6.68
2022-10-30,1011010504,辣椒类,203.14499999999998,965.0404,293,13,0.134130793275739,4.750500381500899,2.697994437470772,0.7607524743283915,9.24
2022-10-30,1011010801,食用菌,197.429,1053.016,278,8,0.045586008134569894,5.333643993536917,3.462996824174766,0.5401816011794718,9.45
2022-10-31,1011010101,花叶类,85.398,494.39300000000003,173,15,0.0,5.789280779409355,3.434554907609078,0.6855985521103487,12.83
2022-10-31,1011010201,花菜类,47.777,349.751,105,2,0.0,7.320488938192017,4.329807229420014,0.6907193670080802,15.51
2022-10-31,1011010402,水生根茎类,32.212999999999994,214.7248,39,3,0.031043367584515574,6.665780895911589,4.535328283612206,0.46974606446847167,13.65
2022-10-31,1011010501,茄类,3.319,23.233,6,1,0.0,7.0,4.65,0.5053763440860215,6.68
2022-10-31,1011010504,辣椒类,83.714,411.55559999999997,127,11,0.13139976586950808,4.9162099529349925,3.1718462861647994,0.5499521443958024,9.24
2022-10-31,1011010801,食用菌,61.844,362.514,87,8,0.024060539421770905,5.861748916628938,3.8540540715348297,0.5209306376686531,9.45
2022-11-01,1011010101,花叶类,96.786,499.346,182,17,0.012832434442997954,5.159279234600046,2.9750149815055895,0.7342027743299122,12.83
2022-11-01,1011010201,花菜类,39.603,316.9736,97,2,0.044289574022170035,8.00377749160417,4.9197969850768875,0.6268511720873551,15.51
2022-11-01,1011010402,水生根茎类,29.485,232.32440000000003,37,3,0.11663557741224352,7.879409869425133,5.546215024588774,0.42068236346630905,13.65
2022-11-01,1011010501,茄类,3.305,23.135,8,1,0.0,7.0,4.65,0.5053763440860215,6.68
2022-11-01,1011010504,辣椒类,101.963,426.6304,142,10,0.31383933387601387,4.184168767101792,2.7960652393515293,0.4964489054884127,9.24
2022-11-01,1011010801,食用菌,96.65899999999999,457.801,131,10,0.21445493952968686,4.736248047258921,3.3784648092779777,0.4018935565799542,9.45
2022-11-03,1011010101,花叶类,83.973,450.6502,175,18,0.035725768997177665,5.366608314577305,3.096140187917545,0.7333221329964617,12.83
2022-11-03,1011010201,花菜类,63.801,440.0036,146,2,0.0,6.896500054858074,4.254940988385762,0.620821551622615,15.51
2022-11-03,1011010402,水生根茎类,13.926,121.1152,17,2,0.2154243860404998,8.697055866724114,6.340252764612954,0.37172068521704005,13.65
2022-11-03,1011010501,茄类,4.0120000000000005,24.072000000000003,10,1,0.0,6.0,4.11,0.45985401459854014,6.68
2022-11-03,1011010504,辣椒类,129.249,568.2546,175,12,0.2369225293812718,4.396587981338347,2.760466850807356,0.5926972570065361,9.24
2022-11-03,1011010801,食用菌,120.85499999999999,705.783,179,8,0.14686194199660754,5.83991560134045,3.9244381283356087,0.48808960935694845,9.45
2022-11-05,1011010101,花叶类,190.421,923.401,374,16,0.1132753215244117,4.849260323178641,2.8077476223735833,0.7270997879357926,12.83
2022-11-05,1011010201,花菜类,73.537,515.7019,158,2,0.03779050002039789,7.01282211675755,4.054214885023866,0.7297608330191576,15.51
2022-11-05,1011010402,水生根茎类,74.21600000000001,578.5548,103,3,0.008973806187345045,7.79555351945672,5.1121500754554265,0.5249070164987746,13.65
2022-11-05,1011010501,茄类,9.815999999999999,58.896,22,1,0.0,6.000000000000001,4.03,0.4888337468982631,6.68
2022-11-05,1011010504,辣椒类,158.362,702.2452,221,12,0.15343327313370633,4.434429976888395,2.4234884631414104,0.8297714407686232,9.24
2022-11-05,1011010801,食用菌,176.84300000000002,989.375,246,10,0.051983963176376775,5.594651753250058,3.5825133027600744,0.5616555419179525,9.45
2022-11-06,1011010101,花叶类,162.064,726.2628,315,17,0.0,4.481333300424524,2.656674832165071,0.6868203990069941,12.83
2022-11-06,1011010201,花菜类,75.888,519.408,144,2,0.0,6.844402277039848,4.182463235294119,0.6364524664036972,15.51
2022-11-06,1011010402,水生根茎类,60.306,400.99440000000004,77,3,0.024873146950552184,6.649328425032336,4.648203827148211,0.4305156727844839,13.65
2022-11-06,1011010501,茄类,4.647,27.881999999999998,10,1,0.0,5.999999999999999,3.9700000000000006,0.511335012594458,6.68
2022-11-06,1011010504,辣椒类,135.245,584.8703,202,11,0.05377647972198602,4.324524381677696,2.6081946837221337,0.6580527552898014,9.24
2022-11-06,1011010801,食用菌,165.482,951.641,232,8,0.09449970389528771,5.750722132920801,3.770715606531224,0.5251009975294942,9.45
2022-11-07,1011010101,花叶类,102.67699999999999,441.9412,192,15,0.0,4.304188864107833,2.3725099097168796,0.8141921542580481,12.83
2022-11-07,1011010201,花菜类,47.225,298.7728,97,2,0.0,6.326581259925887,4.1620794070937,0.5200529930166846,15.51
2022-11-07,1011010402,水生根茎类,22.799,174.5904,31,3,0.0,7.657809553050572,4.828577130575902,0.5859350168726059,13.65
2022-11-07,1011010501,茄类,3.256,19.536,7,1,0.0,6.000000000000001,3.97,0.5113350125944587,6.68
2022-11-07,1011010504,辣椒类,108.169,444.1212,152,11,0.16640627166748329,4.105808503360482,2.4835398311900825,0.653208236001203,9.24
2022-11-07,1011010801,食用菌,86.0,523.076,130,9,0.1039186046511628,6.082279069767442,4.039118604651162,0.5058431467606626,9.45
2022-11-08,1011010101,花叶类,96.371,400.1634,158,18,0.0,4.152321756545019,2.162269977482853,0.9203530547923668,12.83
2022-11-08,1011010201,花菜类,41.117000000000004,259.1152,86,2,0.0,6.301899457645256,4.113695551718267,0.5319314174849394,15.51
2022-11-08,1011010402,水生根茎类,31.054000000000002,264.90560000000005,38,3,0.006762413859728215,8.530482385521996,5.306153152572937,0.6076585315645464,13.65
2022-11-08,1011010501,茄类,3.86,23.16,7,1,0.0,6.0,3.85,0.5584415584415585,6.68
2022-11-08,1011010504,辣椒类,77.122,357.4596,126,11,0.15559762454293197,4.634988719172221,3.004198023910168,0.5428372837884594,9.24
2022-11-08,1011010801,食用菌,82.087,470.8135,128,8,0.16542205221289608,5.735542777784545,3.7398842691290946,0.5336150439543357,9.45
2022-11-09,1011010101,花叶类,128.56,408.733,163,18,0.26446795270690726,3.1793170504044803,2.0161714374611077,0.5769080899231864,12.83
2022-11-09,1011010201,花菜类,35.22,212.32139999999998,75,2,0.16098807495741058,6.028432708688245,4.035013628620102,0.4940303214663131,15.51
2022-11-09,1011010402,水生根茎类,21.313000000000002,166.51600000000002,36,3,0.04691972035846666,7.812884155210435,4.863880260873645,0.6063068447756346,13.65
2022-11-09,1011010501,茄类,2.871,17.226,5,1,0.0,6.0,3.7800000000000002,0.5873015873015872,6.68
2022-11-09,1011010504,辣椒类,75.307,313.0386,111,11,0.1726267146480407,4.15683269815555,2.515870503406058,0.6522442997475071,9.24
2022-11-09,1011010801,食用菌,68.901,400.7908,97,9,0.08861990392011727,5.8169083177312375,3.6490297673473533,0.5940972501191226,9.45
2022-11-10,1011010101,花叶类,122.883,367.5026,160,22,0.16946200857726454,2.9906708006803218,1.6305695661727009,0.8341264688878454,12.83
2022-11-10,1011010201,花菜类,39.756,242.7966,84,2,0.20178086326592212,6.107168729248416,3.418290824026562,0.7866147275481088,15.51
2022-11-10,1011010402,水生根茎类,17.046,145.102,25,3,0.08084007978411359,8.512378270562008,5.78697876334624,0.470953777207201,13.65
2022-11-10,1011010501,茄类,6.897,41.382,12,1,0.0,5.999999999999999,3.78,0.5873015873015872,6.68
2022-11-10,1011010504,辣椒类,88.303,355.1883,129,11,0.13081095772510562,4.022380893061391,2.3699186890592623,0.6972653583562702,9.24
2022-11-10,1011010801,食用菌,74.627,312.931,87,8,0.09485842925482736,4.193267852117867,2.4625694453749984,0.7028018681841959,9.45
2022-11-11,1011010101,花叶类,173.21,519.0468,214,22,0.15010680676635296,2.996632988857456,1.5122248715432132,0.9816054115016746,12.83
2022-11-11,1011010201,花菜类,45.043000000000006,286.9112,96,2,0.02284483715560686,6.369717825189263,3.3545596430077924,0.8988238406988034,15.51
2022-11-11,1011010402,水生根茎类,40.363,351.49080000000004,62,3,0.09617719198275648,8.708242697520006,5.513464063622624,0.579450341388142,13.65
2022-11-11,1011010501,茄类,7.801,46.806000000000004,13,1,0.0,6.000000000000001,3.76,0.5957446808510642,6.68
2022-11-11,1011010504,辣椒类,130.22899999999998,530.9987,190,11,0.10975282003240447,4.0774228474456535,2.2929453501140302,0.7782468506032556,9.24
2022-11-11,1011010801,食用菌,163.552,725.1080000000001,201,8,0.13694115632948542,4.4335012717667786,2.715693602034827,0.6325484098960299,9.45
2022-11-12,1011010101,花叶类,293.677,883.9066,384,21,0.0646969289389363,3.0097917099398317,1.5119970920432992,0.9906068112025443,12.83
2022-11-12,1011010201,花菜类,56.455,363.3371,128,2,0.07179169249845009,6.435871047737137,3.5869125852448858,0.7942648154325587,15.51
2022-11-12,1011010402,水生根茎类,73.358,550.7916,96,3,0.0272635568036206,7.508269036778538,4.992423048610922,0.5039328525789932,13.65
2022-11-12,1011010501,茄类,10.572,63.432,19,1,0.0,6.000000000000001,3.75,0.6000000000000003,6.68
2022-11-12,1011010504,辣椒类,204.119,788.468,295,11,0.10479181261910944,3.8627859238973343,1.9851270092446072,0.9458633658746225,9.24
2022-11-12,1011010801,食用菌,257.066,1379.687,374,9,0.031439396886402717,5.367053597130698,2.992438362132682,0.7935385620794042,9.45
2022-11-13,1011010101,花叶类,312.032,844.2566,403,20,0.09614398523228387,2.7056731360886066,1.2127769908214543,1.2309733418144453,12.83
2022-11-13,1011010201,花菜类,50.639,326.95,114,2,0.008294002646181796,6.456486107545567,3.6176018483777326,0.7847420413169282,15.51
2022-11-13,1011010402,水生根茎类,54.61600000000001,393.779,76,3,0.04473048191006298,7.209956789219276,4.665730188955616,0.5453008419317025,13.65
2022-11-13,1011010501,茄类,7.366,44.196,16,1,0.0,6.0,3.73,0.6085790884718498,6.68
2022-11-13,1011010504,辣椒类,188.274,776.341,268,10,0.06137862901940789,4.12346367528177,1.9284334533711507,1.138245251903001,9.24
2022-11-13,1011010801,食用菌,206.762,1152.2459999999999,308,8,0.08716785482825665,5.572813186175408,3.065391899865546,0.8179773967628226,9.45
2022-11-14,1011010101,花叶类,180.626,410.3548,218,16,0.2712455571180229,2.2718479067243917,1.0378075692314508,1.1890839632310741,12.83
2022-11-14,1011010201,花菜类,38.303,233.55400000000003,91,2,0.03728167506461635,6.0975380518497255,3.419948306921129,0.7829328120281285,15.51
2022-11-14,1011010402,水生根茎类,27.892999999999997,202.149,37,3,0.05123149177212921,7.24730219051375,5.091411823755064,0.4234366500662785,13.65
2022-11-14,1011010501,茄类,5.605,33.63,11,1,0.0,6.0,3.57,0.680672268907563,6.68
2022-11-14,1011010504,辣椒类,104.647,415.4957,154,11,0.1516431431383604,3.970450180129387,1.6744327118789837,1.37122110190615,9.24
2022-11-14,1011010801,食用菌,99.074,537.862,147,8,0.09833054080788099,5.428891535619839,3.1074495831398754,0.7470569965400045,9.45
2022-11-15,1011010101,花叶类,165.843,414.29359999999997,187,19,0.22913237218333002,2.49810724600978,0.9537769456654789,1.6191734423469164,12.83
2022-11-15,1011010201,花菜类,38.944,235.963,91,2,0.03720727198027937,6.059033483976992,3.9099599424815112,0.5496408078624819,15.51
2022-11-15,1011010402,水生根茎类,31.82,260.6024,42,3,0.0,8.189893148962916,5.314434946574481,0.5410656506844373,13.65
2022-11-15,1011010501,茄类,7.266,43.596,15,1,0.0,5.999999999999999,3.52,0.7045454545454544,6.68
2022-11-15,1011010504,辣椒类,93.884,400.7171,142,10,0.08790635252013122,4.26821503131524,1.8782382514592477,1.2724566641101909,9.24
2022-11-15,1011010801,食用菌,102.92,574.9499999999999,152,9,0.09429654100272056,5.586377769141079,3.297969296541003,0.6938841046823023,9.45
2022-11-16,1011010101,花叶类,205.406,521.6956,235,20,0.272630789752977,2.53982648997595,1.3164347682151445,0.929321946897157,12.83
2022-11-16,1011010201,花菜类,18.714,117.6756,43,2,0.04151971785828792,6.288105161910869,4.06817890349471,0.5456805885574905,15.51
2022-11-16,1011010402,水生根茎类,17.224,136.70520000000002,26,3,0.0,7.936901997213192,5.222804226660474,0.5196629344631103,13.65
2022-11-16,1011010501,茄类,2.568,15.408,7,1,0.0,6.0,3.52,0.7045454545454546,6.68
2022-11-16,1011010504,辣椒类,105.807,431.7127,148,10,0.07170603079191358,4.080190346574423,1.9084690048862551,1.1379390161055318,9.24
2022-11-16,1011010801,食用菌,92.695,546.7850000000001,143,8,0.06266788931441826,5.898753978100222,3.445340741140299,0.7120959641709983,9.45
2022-11-17,1011010101,花叶类,232.975,585.1296,264,21,0.28006438459062133,2.5115553170941087,1.1732746432020604,1.1406371744638228,12.83
2022-11-17,1011010201,花菜类,38.752,212.821,83,2,0.0,5.491871387283236,2.775086705202312,0.9789909183694723,15.51
2022-11-17,1011010402,水生根茎类,40.679,397.0158,48,4,0.0,9.759723690356203,6.1526662405663854,0.586259242539015,13.65
2022-11-17,1011010501,茄类,8.038,48.228,14,1,0.0,6.0,3.44,0.7441860465116279,6.68
2022-11-17,1011010504,辣椒类,104.356,412.8383,153,9,0.16247268963931158,3.9560571505232094,2.0244033884012422,0.9541842170336796,9.24
2022-11-17,1011010801,食用菌,90.18,518.164,145,9,0.1337658017298736,5.745886005766245,3.447292526058993,0.666782253705358,9.45
2022-11-18,1011010101,花叶类,376.605,989.8714,428,21,0.23801861366683924,2.6284074826409634,1.1812831481260206,1.2250444246247403,12.83
2022-11-18,1011010201,花菜类,68.424,404.817,143,2,0.0,5.916301297790248,3.190302525429673,0.8544640361319449,15.51
2022-11-18,1011010402,水生根茎类,59.900999999999996,495.75340000000006,75,4,0.019866112418824394,8.276212417154975,5.376767833592093,0.5392541901192394,13.65
2022-11-18,1011010501,茄类,17.923,107.538,36,1,0.0,6.0,3.41,0.7595307917888563,6.68
2022-11-18,1011010504,辣椒类,212.654,824.9563,313,10,0.048402569432035136,3.879335916559294,1.8092806624845994,1.1441316413739733,9.24
2022-11-18,1011010801,食用菌,153.087,861.4179999999999,238,9,0.07370318838307631,5.626983349337305,3.3553625062872747,0.6770120482640756,9.45
2022-11-19,1011010101,花叶类,1265.473,3715.4856,1434,25,0.04109135477406472,2.936044941298629,1.0951538989769043,1.6809427826002263,12.83
2022-11-19,1011010201,花菜类,122.87899999999999,793.6712,257,2,0.0,6.458965323611032,3.820581222177915,0.6905713942469496,15.51
2022-11-19,1011010402,水生根茎类,183.307,1229.2278000000001,221,4,0.004276977965926015,6.705842111866978,4.542336353767177,0.47629800824976387,13.65
2022-11-19,1011010501,茄类,35.948,216.492,61,2,0.0,6.022365639256704,3.3729848670301545,0.7854706963329119,6.68
2022-11-19,1011010504,辣椒类,436.061,1691.8145,633,12,0.028191009973375283,3.879765674985839,1.8082801718108246,1.1455556143717565,9.24
2022-11-19,1011010801,食用菌,440.92999999999995,2479.598,608,10,0.018551697548363687,5.623563830993582,3.16265892545302,0.7781126462089369,9.45
2022-11-20,1011010101,花叶类,146.034,495.7012,211,18,0.013695440787761755,3.3944232165112234,1.4335068545681144,1.3679155810760961,12.83
2022-11-20,1011010201,花菜类,97.969,581.4634,206,2,0.0,5.935177454092622,3.3693347895762944,0.761527964645802,15.51
2022-11-20,1011010402,水生根茎类,67.057,574.9826,74,3,0.0,8.574535097007024,5.56281044484543,0.5414034294395733,13.65
2022-11-20,1011010501,茄类,0.252,1.512,1,1,0.0,6.0,3.46,0.7341040462427746,6.68
2022-11-20,1011010504,辣椒类,198.915,773.8634,286,8,0.0014478546112661186,3.8904225422919336,1.717780660080939,1.264795868704578,9.24
2022-11-20,1011010801,食用菌,156.828,807.4549999999999,215,8,0.07014053612875251,5.148666054531078,3.0203404366567193,0.7046641471417205,9.45
2022-11-21,1011010101,花叶类,821.168,2810.9292,957,23,0.08524443232079185,3.4230866278276797,1.8864218284200067,0.8145923548259211,12.83
2022-11-21,1011010201,花菜类,132.212,851.587,256,2,0.006829939793664721,6.441071914803498,3.7550733670166103,0.7152985535195819,15.51
2022-11-21,1011010402,水生根茎类,264.65700000000004,2026.83,287,5,0.0,7.658327571158139,4.936428169290817,0.551390460576348,13.65
2022-11-21,1011010501,茄类,55.692,339.94,86,2,0.01547798606622136,6.103928750987574,3.4879135243841124,0.7500229602353434,6.68
2022-11-21,1011010504,辣椒类,352.42199999999997,1511.3627999999999,561,14,0.005675014613162629,4.2885029878951935,1.9131896419633283,1.241546208401119,9.24
2022-11-21,1011010801,食用菌,343.02000000000004,1871.1912,480,13,0.00583056381552096,5.455049851320622,3.1059116961110136,0.7563441543270597,9.45
2022-11-22,1011010101,花叶类,173.192,518.9032,200,19,0.017321816250173216,2.996115294008961,1.4064651946972146,1.130244890030121,12.83
2022-11-22,1011010201,花菜类,36.972,202.5324,72,2,0.0,5.4779941577409925,2.770068159688413,0.977566558635574,15.51
2022-11-22,1011010402,水生根茎类,30.541,206.69359999999998,32,3,0.0,6.767741724239546,4.558157886120297,0.4847536863186521,13.65
2022-11-22,1011010501,茄类,4.816,28.896,8,1,0.0,6.0,3.3899999999999997,0.7699115044247788,6.68
2022-11-22,1011010504,辣椒类,82.219,332.45320000000004,102,7,0.0,4.043508191537237,1.4208339921429356,1.8458695483761067,9.24
2022-11-22,1011010801,食用菌,36.489,219.577,48,8,0.10962207788648634,6.017621749020253,3.233937350982488,0.8607725184262047,9.45
2022-11-23,1011010101,花叶类,247.572,707.5224,251,20,0.012117686975910038,2.857844990548204,1.5261401531675634,0.8725966842669302,12.83
2022-11-23,1011010201,花菜类,31.839999999999996,191.0482,62,2,0.0,6.0002575376884435,3.1283960427135677,0.9179980589937793,15.51
2022-11-23,1011010402,水生根茎类,50.24,405.12800000000004,46,3,0.0,8.063853503184713,5.11399701433121,0.5768201429502153,13.65
2022-11-23,1011010501,茄类,8.243,52.248000000000005,11,2,0.0,6.3384690040033975,3.857698653402887,0.6430700201043997,6.68
2022-11-23,1011010504,辣椒类,98.441,409.3136,127,9,0.0,4.157958574171331,1.425949451955994,1.9159228389672598,9.24
2022-11-23,1011010801,食用菌,68.56200000000001,377.075,86,7,0.13126804935678654,5.49976663457892,2.959720107348093,0.8582049771951941,9.45
2022-11-24,1011010101,花叶类,260.618,831.5844,284,16,0.0,3.1908172113975244,1.1981754138240643,1.6630635002046974,12.83
2022-11-24,1011010201,花菜类,31.131,187.5174,61,2,0.0,6.023494266165558,3.1077768141081235,0.9382004006276088,15.51
2022-11-24,1011010402,水生根茎类,29.738,196.0608,29,3,0.0,6.592938328065102,4.1469100141233435,0.5898435957402488,13.65
2022-11-24,1011010501,茄类,8.455,52.238,10,2,0.0,6.178356002365464,3.748927261975162,0.6480330426870784,6.68
2022-11-24,1011010504,辣椒类,105.612,429.1026,134,9,0.0,4.063009885240314,1.3164354429420901,2.0863722995484903,9.24
2022-11-24,1011010801,食用菌,43.262,341.701,70,7,0.0,7.898409689797051,4.117975359437843,0.9180322853790182,9.45
2022-11-25,1011010101,花叶类,228.796,701.4182,226,18,0.0,3.0656925820381473,1.1150584800433574,1.7493558740694413,12.83
2022-11-25,1011010201,花菜类,46.435,277.921,88,2,0.0,5.985162054484763,3.810936793367072,0.5705225195290371,15.51
2022-11-25,1011010402,水生根茎类,62.003,486.3288,55,3,0.0,7.843633372578746,4.578106543231779,0.7132920124313589,13.65
2022-11-25,1011010501,茄类,16.927,105.782,22,2,0.0,6.249305842736456,3.5805801382406806,0.7453333262936144,6.68
2022-11-25,1011010504,辣椒类,103.304,434.23720000000003,136,9,0.0,4.203488732285294,1.42587702315496,1.948002291939921,9.24
2022-11-25,1011010801,食用菌,32.969,252.108,48,7,0.0,7.646819739755528,4.016482453213625,0.9038598646527727,9.45
2022-11-26,1011010101,花叶类,352.51099999999997,1096.8766,348,16,0.0,3.111609566793661,1.3086212061467586,1.3777771231109806,12.83
2022-11-26,1011010201,花菜类,47.408,265.74379999999996,97,2,0.0,5.605463212959837,1.3728427691528855,3.0831064845238583,15.51
2022-11-26,1011010402,水生根茎类,37.043,331.8968,38,3,0.0,8.959771076856626,5.095881813028103,0.7582376133508679,13.65
2022-11-26,1011010501,茄类,9.863999999999999,60.013999999999996,16,2,0.0,6.084144363341444,2.254791159772912,1.6983183506689818,6.68
2022-11-26,1011010504,辣椒类,89.276,388.2042,119,9,0.0,4.348360141583405,1.419232044446436,2.06388244163375,9.24
2022-11-26,1011010801,食用菌,57.284,294.802,68,7,0.0,5.146323580755534,1.8758138398156554,1.743515092767034,9.45
2022-11-27,1011010101,花叶类,40.471,123.9824,39,10,0.0,3.0634874354476045,1.3797042326604236,1.2203943156283685,12.83
2022-11-27,1011010201,花菜类,3.192,15.3216,7,1,0.0,4.8,1.46,2.287671232876712,15.51
2022-11-27,1011010402,水生根茎类,3.165,17.723999999999997,2,1,0.0,5.599999999999999,4.55,0.23076923076923062,13.65
2022-11-27,1011010501,茄类,4.146,24.875999999999998,5,1,0.0,6.0,4.51,0.33037694013303787,6.68
2022-11-27,1011010504,辣椒类,17.031,62.924,19,4,0.0,3.6946744172391526,1.4462397980153838,1.5546762178092486,9.24
2022-11-27,1011010801,食用菌,8.596,54.778999999999996,12,4,0.0,6.37261516984644,2.9684411354118194,1.1467884587047235,9.45
2022-11-28,1011010101,花叶类,40.862,104.1144,33,10,0.0,2.547951642112476,1.1767539523273456,1.1652373778505014,12.83
2022-11-28,1011010201,花菜类,10.707999999999998,56.013999999999996,22,2,0.0,5.231042211430706,1.8677344041837878,1.800742011130167,15.51
2022-11-28,1011010402,水生根茎类,1.8090000000000002,15.330400000000001,2,2,0.0,8.474516307352127,5.51526810392482,0.5365556393027247,13.65
2022-11-28,1011010501,茄类,1.04,3.12,1,1,0.0,3.0,4.07,-0.2628992628992629,6.68
2022-11-28,1011010504,辣椒类,13.451,52.403999999999996,15,3,0.0,3.895918519069214,1.8946360865363168,1.0562885647298876,9.24
2022-11-28,1011010801,食用菌,3.012,21.750999999999998,5,3,0.0,7.22144754316069,5.922028552456839,0.21942126404722728,9.45
2022-11-29,1011010101,花叶类,31.298,92.7414,35,11,0.0,2.963173365710269,1.2052048054188766,1.4586471547301865,12.83
2022-11-29,1011010201,花菜类,7.6240000000000006,40.2934,15,2,0.0,5.285073452256033,1.9095514165792233,1.767704187679707,15.51
2022-11-29,1011010402,水生根茎类,9.193999999999999,61.8864,7,2,0.0,6.731172503806832,4.691722862736568,0.4346909868160249,13.65
2022-11-29,1011010501,茄类,1.778,5.334,2,1,0.0,2.9999999999999996,3.91,-0.2327365728900257,6.68
2022-11-29,1011010504,辣椒类,6.066,24.064,7,2,0.0,3.9670293438839432,2.079205407187603,0.9079545148210577,9.24
2022-11-29,1011010801,食用菌,8.283,47.893,8,4,0.0,5.78208378606785,3.3676312930097794,0.7169586819286808,9.45
2022-12-04,1011010101,花叶类,99.399,315.7424,121,11,0.13078602400426564,3.1765148542741874,1.5186370084206078,1.0916880312154271,12.83
2022-12-04,1011010201,花菜类,24.721999999999998,125.0522,54,2,0.0,5.05833670415015,1.667049591457002,2.034304876154981,15.51
2022-12-04,1011010402,水生根茎类,18.158,132.8848,16,2,0.0,7.318250908690384,4.924341887873114,0.48613785868779935,13.65
2022-12-04,1011010501,茄类,1.168,9.344,1,1,0.0,8.0,3.61,1.21606648199446,6.68
2022-12-04,1011010504,辣椒类,53.404,199.4992,55,6,0.018725189124410156,3.7356602501685265,1.169082465732904,2.1953778793753624,9.24
2022-12-04,1011010801,食用菌,30.0,127.6,30,3,0.13333333333333333,4.253333333333333,2.1513333333333335,0.9770684846606752,9.45
2022-12-05,1011010101,花叶类,170.093,558.7842,186,11,0.0,3.285168701827824,1.581107041442035,1.0777648923956562,12.83
2022-12-05,1011010201,花菜类,30.282,145.3536,71,1,0.0,4.8,1.47,2.2653061224489797,15.51
2022-12-05,1011010402,水生根茎类,41.811,421.3416,44,2,0.0,10.077290665135969,6.57776422472555,0.5320236969357826,13.65
2022-12-05,1011010504,辣椒类,118.65700000000001,458.3499,162,8,0.0794643383871158,3.8628138247216763,1.3815918993401146,1.7959152240011393,9.24
2022-12-05,1011010801,食用菌,114.0,408.4,114,3,0.0,3.582456140350877,2.1180701754385964,0.6913774538225792,9.45
2022-12-06,1011010101,花叶类,226.171,845.0966,294,14,0.07516436678442417,3.7365382829805767,2.0760933099292127,0.7997930368110377,12.83
2022-12-06,1011010201,花菜类,38.551,237.29860000000002,81,2,0.11820705040076782,6.1554460325283396,3.489520894399626,0.7639802766068227,15.51
2022-12-06,1011010402,水生根茎类,67.863,497.3328,70,2,0.13262013173599752,7.328482383625834,5.2759873568807745,0.38902576672558964,13.65
2022-12-06,1011010501,茄类,7.977,63.816,17,1,0.0,8.0,4.61,0.7353579175704987,6.68
2022-12-06,1011010504,辣椒类,97.963,382.7088,155,8,0.04289374559782776,3.9066668027724756,1.349431009666915,1.8950474494704048,9.24
2022-12-06,1011010801,食用菌,98.62,654.3199999999999,153,3,0.0,6.63475968363415,4.272202393023727,0.5530068740348888,9.45
2022-12-07,1011010101,花叶类,272.787,851.332,305,13,0.135636962171951,3.1208671967505786,1.670954114382284,0.8677156780599546,12.83
2022-12-07,1011010201,花菜类,25.636,172.1104,55,2,0.06225620221563427,6.713621469808083,4.151285691995631,0.6172390839669408,15.51
2022-12-07,1011010402,水生根茎类,64.33099999999999,469.6536,65,2,0.09326763146849887,7.30057981377563,5.140978377454106,0.4200759617648875,13.65
2022-12-07,1011010501,茄类,11.597,92.776,24,1,0.0,8.0,4.87,0.6427104722792607,6.68
2022-12-07,1011010504,辣椒类,82.55000000000001,269.23220000000003,135,5,0.0,3.2614439733494853,1.4063212598425194,1.3191315288191716,9.24
2022-12-07,1011010801,食用菌,124.352,801.232,175,6,0.0,6.443257848687596,3.9164500772002055,0.6451780877272808,9.45
2022-12-08,1011010101,花叶类,173.924,506.35300000000007,197,15,0.13224166877486718,2.911346335180884,1.5709366159931921,0.8532551253445992,12.83
2022-12-08,1011010201,花菜类,46.357,270.54179999999997,97,2,0.023556312962443645,5.836050650387212,3.609494143279333,0.6168610943041968,15.51
2022-12-08,1011010402,水生根茎类,47.48,290.0,47,2,0.16849199663016007,6.1078348778433025,4.865678180286436,0.25528953036588664,13.65
2022-12-08,1011010501,茄类,4.524,36.192,8,1,0.0,8.0,4.9,0.6326530612244896,6.68
2022-12-08,1011010504,辣椒类,131.273,454.17359999999996,169,8,0.0,3.4597640032603807,1.1001397088510203,2.1448405829053647,9.24
2022-12-08,1011010801,食用菌,82.678,554.07,126,6,0.0,6.701540917777402,4.3321340622656574,0.5469375650560018,9.45
2022-12-09,1011010101,花叶类,140.88,497.41179999999997,173,14,0.12067007382169223,3.530748154457694,2.145385292447473,0.6457408218874232,12.83
2022-12-09,1011010201,花菜类,41.33,215.5593,96,2,0.13159932252601017,5.215564964916526,2.8507057827244133,0.8295697144627889,15.51
2022-12-09,1011010402,水生根茎类,30.039,227.5038,31,3,0.09987016878058523,7.57361430140817,5.463447518226306,0.38623355969692263,13.65
2022-12-09,1011010501,茄类,4.422,35.376,11,1,0.0,8.0,4.91,0.6293279022403258,6.68
2022-12-09,1011010504,辣椒类,99.447,353.8304,129,8,0.0,3.5579796273391855,1.3076881152774844,1.7208166731592582,9.24
2022-12-09,1011010801,食用菌,71.484,503.66,103,6,0.09792401096748923,7.04577248055509,4.3786464103855405,0.6091211347514833,9.45
2022-12-10,1011010101,花叶类,231.009,796.966,279,17,0.04328835673069015,3.4499348510231207,1.9502942309606988,0.7689304497012799,12.83
2022-12-10,1011010201,花菜类,55.053,304.71479999999997,114,2,0.0,5.534935425862351,3.387098250776525,0.6341230800120468,15.51
2022-12-10,1011010402,水生根茎类,73.28,522.7422,84,4,0.05458515283842795,7.1334907205240174,5.049234443231441,0.4127865918538496,13.65
2022-12-10,1011010501,茄类,6.572,52.576,13,1,0.0,8.0,5.17,0.5473887814313347,6.68
2022-12-10,1011010504,辣椒类,161.982,600.1038,224,9,0.03704115272067267,3.7047560840093343,1.4009875171315331,1.6443890746397773,9.24
2022-12-10,1011010801,食用菌,149.336,1013.54,206,10,0.020088926983446723,6.78697701826753,4.047255718647881,0.6769330850522446,9.45
2022-12-11,1011010101,花叶类,204.481,679.5326,240,18,0.02677021336945731,3.323206557088434,1.814466967591121,0.8315056798748504,12.83
2022-12-11,1011010201,花菜类,62.536,326.8383,132,2,0.021155814250991428,5.22640239222208,2.799836254317513,0.8666814475891791,15.51
2022-12-11,1011010402,水生根茎类,63.385,498.61740000000003,71,3,0.01577660329731009,7.866488916936184,5.179231679419421,0.5188524869808486,13.65
2022-12-11,1011010501,茄类,3.6290000000000004,29.9488,8,2,0.0,8.252631578947367,5.6763157894736835,0.4538711172925358,6.68
2022-12-11,1011010504,辣椒类,171.695,595.3558,221,9,0.011648562858557325,3.467519729753342,1.2977132706252366,1.6720230179064868,9.24
2022-12-11,1011010801,食用菌,144.333,999.4730000000001,198,11,0.036630569585611054,6.924771188848012,4.302008272536426,0.6096601285160308,9.45
2022-12-12,1011010101,花叶类,173.035,549.5146,199,17,0.10980437483746062,3.175742479845118,1.8251840957031815,0.7399573485882323,12.83
2022-12-12,1011010201,花菜类,27.823,128.5437,68,2,0.21812888617330986,4.6200517557416525,2.452791934730259,0.8835889381093116,15.51
2022-12-12,1011010402,水生根茎类,30.168,202.06780000000003,36,4,0.0,6.69808406258287,3.8823942588172895,0.7252457159318324,13.65
2022-12-12,1011010501,茄类,3.379,27.032,6,1,0.0,8.0,5.43,0.4732965009208103,6.68
2022-12-12,1011010504,辣椒类,96.205,334.243,130,8,0.08315576113507614,3.474278883633907,1.3235387973598047,1.6249920973713792,9.24
2022-12-12,1011010801,食用菌,85.72200000000001,541.43,125,7,0.19831548493968873,6.316114882993863,4.160750332470077,0.5180230435129782,9.45
2022-12-13,1011010101,花叶类,185.802,558.141,219,17,0.032292440339716476,3.0039558239416153,1.7430273624611143,0.72341288991591,12.83
2022-12-13,1011010201,花菜类,37.876000000000005,208.14600000000002,78,2,0.06209737036645897,5.4954588657725205,3.8526013834618222,0.42642809852144103,15.51
2022-12-13,1011010402,水生根茎类,50.434,337.144,66,5,0.0,6.684855454653607,4.3840849426973865,0.5248006236258347,13.65
2022-12-13,1011010501,茄类,5.316,42.528,10,1,0.0,8.0,5.43,0.4732965009208103,6.68
2022-12-13,1011010504,辣椒类,103.872,367.741,144,9,0.09627233518176218,3.54032848120764,1.4206046865372766,1.4921278345471247,9.24
2022-12-13,1011010801,食用菌,91.19500000000001,559.413,123,9,0.14805636273918527,6.134250781292834,3.8784540819123854,0.5816226392625388,9.45
2022-12-14,1011010101,花叶类,226.115,685.8872,232,18,0.030957698516241736,3.0333555933927427,1.717546160139752,0.7660984396168584,12.83
2022-12-14,1011010201,花菜类,40.701,250.3956,88,2,0.0,6.1520748875949,3.7491553033095,0.6409229252691306,15.51
2022-12-14,1011010402,水生根茎类,29.923,182.5888,27,4,0.0,6.101955017879224,4.513841860775991,0.3518318111459524,13.65
2022-12-14,1011010501,茄类,6.973,55.784,14,1,0.0,8.0,5.509999999999999,0.4519056261343015,6.68
2022-12-14,1011010504,辣椒类,96.19800000000001,355.3038,132,10,0.031185679535957085,3.6934634815692635,1.341553254745421,1.7531247593075618,9.24
2022-12-14,1011010801,食用菌,102.181,679.315,141,11,0.09786555230424443,6.648153766355781,4.019984928704945,0.6537757937559014,9.45
2022-12-15,1011010101,花叶类,291.759,879.4830000000001,313,16,0.0,3.014416007732409,1.6649136102056834,0.8105540066790662,12.83
2022-12-15,1011010201,花菜类,44.891000000000005,271.4558,94,2,0.0,6.0469982847341335,3.660774988305005,0.651835555053873,15.51
2022-12-15,1011010402,水生根茎类,60.995999999999995,374.2204,64,3,0.0,6.135162961505673,4.5929921634205515,0.33576604165956514,13.65
2022-12-15,1011010501,茄类,8.607,68.856,16,1,0.0,8.0,5.67,0.4109347442680775,6.68
2022-12-15,1011010504,辣椒类,151.972,524.3136,187,10,0.046061116521464475,3.4500671176269306,1.186555681309715,1.9076318726305046,9.24
2022-12-15,1011010801,食用菌,94.03399999999999,669.01,139,11,0.0,7.1145543101431405,4.07025671565604,0.7479374907183032,9.45
2022-12-16,1011010101,花叶类,306.951,868.2426,323,15,0.0,2.828603262409961,1.4148407726314622,0.999237876887759,12.83
2022-12-16,1011010201,花菜类,28.131,190.6338,53,2,0.0,6.776644982403754,4.685424976005119,0.4463245099661479,15.51
2022-12-16,1011010402,水生根茎类,59.198,337.32720000000006,62,3,0.0,5.698287104294065,4.140108787459035,0.3763616843970303,13.65
2022-12-16,1011010501,茄类,6.839,55.2748,12,2,0.0,8.08229273285568,5.546806550665302,0.4571073750329844,6.68
2022-12-16,1011010504,辣椒类,147.869,532.4316,190,9,0.0,3.6006979150464264,1.200796515834962,1.9985912413667495,9.24
2022-12-16,1011010801,食用菌,146.341,1002.7411999999999,203,12,0.0,6.852086564940788,4.065517934140125,0.6854154073212899,9.45
2022-12-17,1011010101,花叶类,265.09,951.5306,361,21,0.0,3.58946244671621,2.040102040816327,0.7594524072334743,12.83
2022-12-17,1011010201,花菜类,43.945,306.2752,71,2,0.0,6.969511889862328,5.07244419160314,0.3739947896123863,15.51
2022-12-17,1011010402,水生根茎类,97.791,735.7080000000001,113,3,0.0,7.523269012485812,5.03174740006749,0.49516031197927446,13.65
2022-12-17,1011010501,茄类,16.786,139.1096,31,2,0.0,8.287239366138449,5.6876647206005,0.4570548323853181,6.68
2022-12-17,1011010504,辣椒类,153.757,596.0876000000001,223,10,0.0,3.8768160148806237,1.3894224002809628,1.7902357224819978,9.24
2022-12-17,1011010801,食用菌,142.647,972.4026,204,10,0.0,6.81684578014259,4.083925774814753,0.6691894407536834,9.45
2022-12-18,1011010101,花叶类,295.36400000000003,926.2246,352,15,0.0,3.1358750558632735,1.5996623488305952,0.9603356034201214,12.83
2022-12-18,1011010201,花菜类,68.962,404.7022,145,2,0.0,5.86848119254082,3.7804582233693917,0.5523200749221466,15.51
2022-12-18,1011010402,水生根茎类,65.11699999999999,444.076,82,4,0.0,6.819663068016034,4.640234961684354,0.46968054943936965,13.65
2022-12-18,1011010501,茄类,12.025,96.2,22,1,0.0,8.0,5.41,0.478743068391867,6.68
2022-12-18,1011010504,辣椒类,123.469,431.1906,178,8,0.0,3.492298471681151,1.2647330908973102,1.761292874216974,9.24
2022-12-18,1011010801,食用菌,131.36,894.511,183,9,0.0,6.809614799025578,3.891672122411693,0.7497914995998218,9.45
2022-12-19,1011010101,花叶类,201.178,791.6082,267,16,0.004970722444800128,3.9348646472278284,2.221229557903946,0.7714804096794692,12.83
2022-12-19,1011010201,花菜类,47.456,265.2482,103,2,0.0,5.589350134861767,3.6228683412002693,0.5427969245523272,15.51
2022-12-19,1011010402,水生根茎类,67.122,496.088,82,5,0.0,7.390840558982152,4.977332320252674,0.4848999591425627,13.65
2022-12-19,1011010501,茄类,11.56,92.48,24,1,0.0,8.0,5.16,0.5503875968992247,6.68
2022-12-19,1011010504,辣椒类,98.288,327.9576,141,6,0.050870909978837704,3.336700309295133,1.2714266237994465,1.624375049913585,9.24
2022-12-19,1011010801,食用菌,86.26899999999999,654.5388,140,9,0.005424891907869571,7.587184272450128,4.479781845158748,0.6936503907326459,9.45
2022-12-20,1011010101,花叶类,252.22400000000002,785.5078,297,14,0.003964729764019284,3.114326154529307,1.7971318748414107,0.7329424724627585,12.83
2022-12-20,1011010201,花菜类,45.501000000000005,294.8592,96,2,0.0,6.480279554295509,4.160478011472276,0.5575805319548657,15.51
2022-12-20,1011010402,水生根茎类,53.792,348.704,61,4,0.0,6.482450922070196,4.35429506246282,0.48874865600028405,13.65
2022-12-20,1011010501,茄类,6.731,53.848,13,1,0.0,8.0,5.03,0.5904572564612325,6.68
2022-12-20,1011010504,辣椒类,88.82,323.0694,128,8,0.011258725512272012,3.637349696014411,1.3987239360504393,1.6004771937235547,9.24
2022-12-20,1011010801,食用菌,103.84700000000001,734.128,157,9,0.06472984294202046,7.069323138848498,4.04620528277177,0.7471489073846007,9.45
2022-12-21,1011010101,花叶类,285.265,1019.3614,349,18,0.0,3.5733840464129845,2.046029902020928,0.7464964920030936,12.83
2022-12-21,1011010201,花菜类,76.358,451.5748,182,2,0.050603735037586105,5.913916027135335,4.000573875690825,0.47826692142114524,15.51
2022-12-21,1011010402,水生根茎类,61.727000000000004,407.0017,73,5,0.003353475788552821,6.593576554830139,4.34557211592982,0.517309200935747,13.65
2022-12-21,1011010501,茄类,17.740000000000002,141.92000000000002,34,1,0.0,8.0,5.03,0.5904572564612325,6.68
2022-12-21,1011010504,辣椒类,137.998,492.69079999999997,194,11,0.03623240916535023,3.5702749315207467,1.3943033232365687,1.5606156652005523,9.24
2022-12-21,1011010801,食用菌,128.851,856.6968,182,9,0.021389046262737584,6.648740017539639,3.840109506329016,0.7313933382841356,9.45
2022-12-22,1011010101,花叶类,223.75,865.995,273,16,0.026815642458100558,3.870368715083799,2.2126853631284917,0.7491726476698553,12.83
2022-12-22,1011010201,花菜类,33.67100000000001,213.7264,69,2,0.0,6.347491906982269,4.371343292447506,0.45206895966029736,15.51
2022-12-22,1011010402,水生根茎类,45.018,270.32099999999997,51,4,0.0,6.00473144075703,3.82633435514683,0.5693169711319195,13.65
2022-12-22,1011010501,茄类,8.883000000000001,71.06400000000001,17,1,0.0,8.0,5.09,0.5717092337917486,6.68
2022-12-22,1011010504,辣椒类,93.949,323.8186,131,9,0.0,3.4467487679485678,1.401598526860318,1.4591555298431529,9.24
2022-12-22,1011010801,食用菌,99.983,700.9346,149,8,0.06348079173459488,7.010537791424542,4.1201101187201825,0.701541364045436,9.45
2022-12-23,1011010101,花叶类,210.784,783.8848,250,14,0.07192671170487323,3.718900865340823,2.297157753909215,0.6189140075435133,12.83
2022-12-23,1011010201,花菜类,29.486,185.7568,58,2,0.0,6.299830427999728,4.391691650274707,0.43448833153066757,15.51
2022-12-23,1011010402,水生根茎类,54.486999999999995,373.116,61,5,0.0,6.847798557454072,4.66526584322866,0.46782601197169105,13.65
2022-12-23,1011010501,茄类,8.921,71.368,17,1,0.0,8.0,5.34,0.49812734082397014,6.68
2022-12-23,1011010504,辣椒类,91.649,284.3768,127,8,0.1091119379371297,3.1028903752359547,1.1332378967582843,1.7380750185923146,9.24
2022-12-23,1011010801,食用菌,92.544,639.2466000000001,138,10,0.08889825380359613,6.90748832987552,4.197286047717843,0.6457034977712022,9.45
2022-12-24,1011010101,花叶类,285.085,967.0581,323,12,0.03553326200957609,3.392174614588632,2.0144426749916695,0.6839271013768906,12.83
2022-12-24,1011010201,花菜类,47.278999999999996,325.6576,110,2,0.0,6.887996785041985,4.5125973476596375,0.5263929516366663,15.51
2022-12-24,1011010402,水生根茎类,61.874,442.43680000000006,72,4,0.0,7.150609302776611,4.692216763099202,0.5239298744701737,13.65
2022-12-24,1011010501,茄类,11.582,92.656,24,1,0.0,8.0,5.46,0.4652014652014651,6.68
2022-12-24,1011010504,辣椒类,117.56400000000001,369.88,166,9,0.07655404715729304,3.14620121805995,1.159733676975945,1.7128652728821363,9.24
2022-12-24,1011010801,食用菌,139.067,891.8538000000001,184,11,0.11099685762977557,6.413123170845708,3.7803915378918074,0.6964177140291885,9.45
2022-12-25,1011010101,花叶类,362.94,1262.469,426,15,0.03306331625061994,3.4784509836336586,2.0977124042541466,0.6582115720817512,12.83
2022-12-25,1011010201,花菜类,51.941,349.9588,122,2,0.004851658612656668,6.7376215321229855,4.4461427388768024,0.5153857911959576,15.51
2022-12-25,1011010402,水生根茎类,105.12899999999999,714.1749,136,5,0.0054123981013802095,6.793319635875925,4.338912383833196,0.5656733842305413,13.65
2022-12-25,1011010501,茄类,5.742,45.936,13,1,0.0,8.0,5.4,0.4814814814814814,6.68
2022-12-25,1011010504,辣椒类,166.418,551.3066,230,10,0.006008965376341501,3.3127822711485537,1.4430636709971276,1.2956591158999164,9.24
2022-12-25,1011010801,食用菌,160.777,1093.109,228,12,0.0408018559868638,6.798914023772057,4.07389838098733,0.6688963218872201,9.45
2022-12-26,1011010101,花叶类,253.07500000000002,933.2618,297,16,0.08297935394645856,3.68768862985281,2.4268005927096707,0.5195680440045058,12.83
2022-12-26,1011010201,花菜类,27.857,187.4023,71,2,0.011307750296155366,6.727296550238719,4.642761244929461,0.4489861087700471,15.51
2022-12-26,1011010402,水生根茎类,56.004,411.8712,74,5,0.0,7.354317548746518,4.784036318834369,0.5372620646279707,13.65
2022-12-26,1011010501,茄类,12.022,99.688,25,2,0.0,8.292131092996174,5.353989352853103,0.5487761641844424,6.68
2022-12-26,1011010504,辣椒类,114.691,372.85740000000004,167,9,0.10462895955218805,3.2509734852778336,1.3767326119747845,1.3613688358951843,9.24
2022-12-26,1011010801,食用菌,115.93299999999999,725.348,162,11,0.07249877084177932,6.256613733794519,3.843350210897674,0.6279062251610918,9.45
2022-12-27,1011010101,花叶类,253.518,860.5306,292,13,0.0983204348409186,3.394357008180879,2.3140842464834845,0.46682516565202503,12.83
2022-12-27,1011010201,花菜类,39.591,273.06989999999996,87,2,0.014321436690156852,6.897272107297112,4.952423278017731,0.3927065034832464,15.51
2022-12-27,1011010402,水生根茎类,72.51400000000001,560.8802000000001,97,6,0.027580880933337007,7.734785007033125,5.0937617563504975,0.5184818955048318,13.65
2022-12-27,1011010501,茄类,6.541,53.364,15,2,0.0,8.15838556795597,5.3550542730469335,0.523492601936598,6.68
2022-12-27,1011010504,辣椒类,121.716,404.8548,171,9,0.04929508035098097,3.326224982746722,1.3128119557001545,1.5336644508030592,9.24
2022-12-27,1011010801,食用菌,102.06,648.2294,138,12,0.062002743484224965,6.351454046639232,3.862550754458162,0.644367789681048,9.45
2022-12-28,1011010101,花叶类,257.429,957.806,302,16,0.02719196360938356,3.720660842407033,2.385970733678024,0.5593908130933174,12.83
2022-12-28,1011010201,花菜类,36.052,261.5405,76,2,0.037861977144125154,7.2545351159436375,5.371118661932764,0.3506562734052756,15.51
2022-12-28,1011010402,水生根茎类,60.286,428.6739,83,6,0.01086487741764257,7.110670802508045,4.8335804332680885,0.47109806088410666,13.65
2022-12-28,1011010501,茄类,8.167,65.336,19,1,0.0,8.0,5.34,0.49812734082397014,6.68
2022-12-28,1011010504,辣椒类,99.953,352.306,142,10,0.030014106630116152,3.5247166168099002,1.3691068802337099,1.5744641763893719,9.24
2022-12-28,1011010801,食用菌,119.913,706.8052,165,12,0.07000075054414451,5.894316712950222,3.7372861991610584,0.577164926323644,9.45
2022-12-29,1011010101,花叶类,237.735,882.3607999999999,277,16,0.0635160998590868,3.7115309062611725,2.3749254842576817,0.562798888160176,12.83
2022-12-29,1011010201,花菜类,25.895000000000003,187.4054,61,2,0.04193859818497779,7.237126858466884,5.239595674840702,0.38123765793949604,15.51
2022-12-29,1011010402,水生根茎类,66.287,499.3456,88,6,0.025555538793428572,7.533084918611491,5.0182578786187335,0.5011354738678673,13.65
2022-12-29,1011010501,茄类,3.656,29.248,10,1,0.0,8.0,4.84,0.6528925619834711,6.68
2022-12-29,1011010504,辣椒类,129.853,449.75600000000003,171,11,0.04620609458387561,3.46357804594426,1.2241303627948525,1.829419276911366,9.24
2022-12-29,1011010801,食用菌,123.43900000000001,794.3336,171,13,0.02930192240701885,6.43502944774342,3.9477565437179494,0.6300471866694666,9.45
2022-12-30,1011010101,花叶类,244.088,876.406,279,16,0.06447674609157353,3.590532922552522,2.230700894759267,0.6095985485942998,12.83
2022-12-30,1011010201,花菜类,29.769,193.976,77,2,0.013033692767644194,6.516040176022036,4.424393496590413,0.472753312073964,15.51
2022-12-30,1011010402,水生根茎类,62.525000000000006,434.072,81,5,0.02974810075969612,6.942375049980007,4.681066293482607,0.483075567557288,13.65
2022-12-30,1011010501,茄类,6.173,50.855999999999995,16,2,0.0,8.238457800097196,5.043307953993195,0.6335424834753829,6.68
2022-12-30,1011010504,辣椒类,118.87700000000001,434.766,170,10,0.0504723369533215,3.657276007974629,1.499338475903665,1.439259758054535,9.24
2022-12-30,1011010801,食用菌,131.883,781.099,166,11,0.01516495681778546,5.922666302707703,3.612940181827832,0.6392926549122524,9.45
2022-12-31,1011010101,花叶类,329.509,1187.588,371,14,0.0667660063913277,3.6041139999210943,2.363626395637145,0.5248238920388095,12.83
2022-12-31,1011010201,花菜类,39.573,318.02430000000004,86,2,0.0460162231824729,8.036396027594574,5.672511813610289,0.41672618615134827,15.51
2022-12-31,1011010402,水生根茎类,103.271,739.763,125,5,0.004357467246371198,7.163317872393993,4.66148531533538,0.5367028721141887,13.65
2022-12-31,1011010501,茄类,5.574000000000001,46.232000000000006,13,2,0.0,8.294223179045568,5.167635450304988,0.6050325644693171,6.68
2022-12-31,1011010504,辣椒类,198.248,679.8118,249,11,0.06324401759412454,3.4290978975828255,1.4305676223719785,1.3970190880576117,9.24
2022-12-31,1011010801,食用菌,178.021,1074.7548,243,12,0.01846973109913999,6.03723605642031,3.660154026772122,0.6494486331069866,9.45
2023-01-01,1011010101,花叶类,329.635,1295.5808,381,14,0.0758414610099049,3.9303496291352555,2.435794955026014,0.6135798380834072,12.83
2023-01-01,1011010201,花菜类,39.379999999999995,297.21439999999996,93,2,0.0,7.547343829355002,5.1496937531742,0.46559080813357556,15.51
2023-01-01,1011010402,水生根茎类,92.503,662.9435000000001,129,6,0.010151022129012033,7.1667243224544075,4.780038593342919,0.49930260655957603,13.65
2023-01-01,1011010501,茄类,7.926,66.416,18,2,0.0,8.379510471864748,5.439790562705022,0.5404104947191026,6.68
2023-01-01,1011010504,辣椒类,174.426,632.9767999999999,220,10,0.051597812252760486,3.6289131207503464,1.6201569146801509,1.2398528734278567,9.24
2023-01-01,1011010801,食用菌,159.047,1013.9091999999999,222,13,0.032908511320553044,6.374903016089584,4.012285676561016,0.5888457427970577,9.45
2023-01-02,1011010101,花叶类,287.812,1110.4542,323,13,0.04095034258474282,3.8582623379150274,2.149918592692452,0.7946085731009609,12.83
2023-01-02,1011010201,花菜类,36.172,260.1511,84,2,0.031101404401194296,7.192057392458255,5.050205683954441,0.4241117773299661,15.51
2023-01-02,1011010402,水生根茎类,54.334,457.3587,85,5,0.030827842603158243,8.417541502558251,5.173454190746125,0.6270640837247381,13.65
2023-01-02,1011010501,茄类,17.834,147.42,27,2,0.0,8.266233038017269,5.734107323090725,0.44159022010800286,6.68
2023-01-02,1011010504,辣椒类,154.451,583.331,210,12,0.05179636260043639,3.7768029990093948,1.9230950916471892,0.9639190050526563,9.24
2023-01-02,1011010801,食用菌,132.934,856.8914000000001,188,10,0.030112687499059685,6.445991243775107,3.998144267079905,0.6122457853385612,9.45
2023-01-03,1011010101,花叶类,215.984,837.3276,257,14,0.15741906807911696,3.8768038373212828,2.3746476590858583,0.6325806578032267,12.83
2023-01-03,1011010201,花菜类,30.654,324.9664,61,2,0.013179356690807073,10.60110915378091,5.5221246819338425,0.9197518644342548,15.51
2023-01-03,1011010402,水生根茎类,50.818,397.9422,70,4,0.04451178716202921,7.830733204769964,4.733655988035736,0.6542674889265416,13.65
2023-01-03,1011010501,茄类,3.617,30.64,9,2,0.0,8.471108653580316,5.856911805363562,0.4463438984727004,6.68
2023-01-03,1011010504,辣椒类,128.13400000000001,506.584,175,12,0.14828226700173255,3.9535486287792465,1.7564490299218003,1.2508758076260627,9.24
2023-01-03,1011010801,食用菌,86.599,532.1046,120,11,0.11792283975565537,6.144465871430386,4.132925322463308,0.4867110804141408,9.45
2023-01-04,1011010101,花叶类,171.91,722.2416,210,14,0.12215694258623698,4.201277412599616,2.5642855563957885,0.6383812645673863,12.83
2023-01-04,1011010201,花菜类,27.843,288.66639999999995,58,2,0.04625938296878929,10.367647164457852,5.637389289947204,0.8390866110569684,15.51
2023-01-04,1011010402,水生根茎类,48.908,421.39320000000004,70,5,0.17027889097898094,8.616038275946677,5.80165964668357,0.4850988856045535,13.65
2023-01-04,1011010501,茄类,3.9290000000000003,36.1468,10,1,0.0,9.2,5.99,0.5358931552587645,6.68
2023-01-04,1011010504,辣椒类,123.447,473.742,157,11,0.25111991380916504,3.8376145228316605,2.066324819558191,0.8572174551202438,9.24
2023-01-04,1011010801,食用菌,88.495,494.9686,118,10,0.13624498559240636,5.593181535679982,3.841792756652918,0.4558779949788141,9.45
2023-01-05,1011010101,花叶类,186.069,819.328,232,14,0.11286135788336586,4.403355744374399,2.469052072080787,0.7834195536684176,12.83
2023-01-05,1011010201,花菜类,25.709,266.5671,51,2,0.04500369520401416,10.368629662764013,5.7993924306663045,0.7878820560471607,15.51
2023-01-05,1011010402,水生根茎类,32.701,271.0648,53,4,0.1515244182135103,8.28918993302957,5.631591082841503,0.4719090592861612,13.65
2023-01-05,1011010501,茄类,5.835,54.9476,12,2,0.0,9.416898029134533,5.935775492716368,0.5864646566720317,6.68
2023-01-05,1011010504,辣椒类,108.643,511.55580000000003,142,11,0.10124904503741612,4.708594203031949,1.940746481595685,1.4261768591024495,9.24
2023-01-05,1011010801,食用菌,101.31700000000001,553.6942,134,9,0.2009435731417235,5.464968366611723,3.8892454375869794,0.40514875039678033,9.45
2023-01-06,1011010101,花叶类,202.912,838.3876,235,14,0.20205803501025074,4.131779293486832,2.4796613310203437,0.666267583318189,12.83
2023-01-06,1011010201,花菜类,27.047,291.3,62,2,0.0,10.7701408659001,6.433977890339039,0.6739474473594385,15.51
2023-01-06,1011010402,水生根茎类,60.705,437.35660000000007,73,6,0.015567086730911789,7.204622354007085,4.943880569969525,0.45728082465622655,13.65
2023-01-06,1011010501,茄类,6.648,62.28439999999999,14,2,0.0,9.368892900120336,5.985364019253911,0.5653004345236448,6.68
2023-01-06,1011010504,辣椒类,106.774,531.5871999999999,158,12,0.1614999906344241,4.978620263359994,2.3245450203232996,1.141761170393492,9.24
2023-01-06,1011010801,食用菌,115.083,676.0552,147,13,0.1683393724529253,5.8745010123128525,4.0323005135424,0.45686091415643726,9.45
2023-01-07,1011010101,花叶类,187.324,897.7194000000001,242,20,0.14947363925604834,4.79233520531272,3.9496379534923443,0.21336063247904713,12.83
2023-01-07,1011010201,花菜类,24.606,262.2632,54,2,0.06876371616678859,10.658506055433632,6.8052840770543765,0.5662103058079977,15.51
2023-01-07,1011010402,水生根茎类,53.524,383.1018,70,5,0.05266796203572229,7.1575704356924,4.552770906509229,0.5721349882681366,13.65
2023-01-07,1011010501,茄类,11.498999999999999,106.97999999999999,27,2,0.0705278719888686,9.303417688494651,6.012710670493086,0.5472917621249358,6.68
2023-01-07,1011010504,辣椒类,112.31,554.8998,157,13,0.06417059923426231,4.940787107114238,2.5739324191968658,0.9195481086701929,9.24
2023-01-07,1011010801,食用菌,108.037,681.4932,149,10,0.15609467127002785,6.307961161453946,4.313042013384304,0.4625318144082473,9.45
2023-01-08,1011010101,花叶类,219.37199999999999,940.967,270,18,0.10523676677059972,4.289366920117426,2.5906970807578,0.6556806088895393,12.83
2023-01-08,1011010201,花菜类,34.433,378.66179999999997,70,2,0.03014549995643714,10.997060958963784,7.198560683065664,0.5276749676965209,15.51
2023-01-08,1011010402,水生根茎类,56.788,412.06100000000004,76,5,0.0,7.256128055222935,4.805793653588787,0.5098709137884707,13.65
2023-01-08,1011010501,茄类,15.154,139.4168,32,1,0.0,9.2,6.66,0.38138138138138133,6.68
2023-01-08,1011010504,辣椒类,124.983,720.5418,183,14,0.016002176295976254,5.765118456110031,2.8663651856652503,1.011299357437602,9.24
2023-01-08,1011010801,食用菌,115.9,739.2962,160,9,0.04869715271786022,6.378742018981881,4.2969941328731664,0.48446607599083746,9.45
2023-01-09,1011010101,花叶类,185.585,815.8495,204,17,0.14936013147614302,4.396096128458658,2.629095293261847,0.6720946326006088,12.83
2023-01-09,1011010201,花菜类,31.341,339.9208,65,2,0.029609776331323185,10.845882390478925,6.9832104910500625,0.5531369710793343,15.51
2023-01-09,1011010402,水生根茎类,39.958999999999996,256.1364,55,5,0.029029755499386873,6.409980229735479,4.230255511899697,0.5152702269884695,13.65
2023-01-09,1011010501,茄类,11.607,106.78439999999999,23,1,0.0,9.2,6.86,0.34110787172011636,6.68
2023-01-09,1011010504,辣椒类,90.474,531.856,140,12,0.0,5.878550743860115,3.2103797776156684,0.8311075794982992,9.24
2023-01-09,1011010801,食用菌,100.363,620.1946,132,10,0.07270607694070524,6.179514362862808,4.250341360860078,0.45388660303095096,9.45
2023-01-10,1011010101,花叶类,200.196,880.1237,236,19,0.12684069611780455,4.3963101160862355,2.505996923015445,0.7543158476013578,12.83
2023-01-10,1011010201,花菜类,15.292,166.1978,35,2,0.024980381899032175,10.868284070102014,6.97617054669108,0.5579154777483231,15.51
2023-01-10,1011010402,水生根茎类,45.848,361.4746,58,5,0.04362240446693422,7.88419560286163,5.060539827255278,0.5579752105493929,13.65
2023-01-10,1011010501,茄类,9.913,98.5976,20,2,0.0860486230202764,9.946292746898012,5.637511348733985,0.7643055830178771,6.68
2023-01-10,1011010504,辣椒类,119.602,608.3964,169,11,0.16984665808264077,5.08684135716794,3.0382385746057756,0.6742731790994982,9.24
2023-01-10,1011010801,食用菌,101.017,589.8936,135,9,0.2934555569854579,5.839547798885336,4.169613728382352,0.4005009047087089,9.45
2023-01-11,1011010101,花叶类,185.254,841.5398,210,20,0.1534271864575124,4.542626879851447,3.401556565580231,0.33545534001036814,12.83
2023-01-11,1011010201,花菜类,31.198999999999998,327.5489,65,2,0.0315074201096189,10.498698676239623,6.787714349818904,0.546720756821437,15.51
2023-01-11,1011010402,水生根茎类,44.885,247.29160000000002,64,5,0.18300100256210317,5.509448590843267,3.9904725409379527,0.3806506708973072,13.65
2023-01-11,1011010501,茄类,9.782,97.82000000000001,21,1,0.0,10.0,6.870000000000001,0.4556040756914117,6.68
2023-01-11,1011010504,辣椒类,126.451,658.3926,180,14,0.1628773200686432,5.206701410032345,3.108373124767697,0.6750567583232034,9.24
2023-01-11,1011010801,食用菌,88.976,621.5388,124,9,0.186061409818378,6.985465743571301,4.4702263531738895,0.562664883538073,9.45
2023-01-12,1011010101,花叶类,202.709,887.0167,234,16,0.17438791568208614,4.375813111406005,3.2128836410815507,0.36195816600845787,12.83
2023-01-12,1011010201,花菜类,27.908,309.1988,53,2,0.013687831446180306,11.079217428694282,7.287326931345851,0.5203403844882981,15.51
2023-01-12,1011010402,水生根茎类,43.65,254.916,61,5,0.13745704467353953,5.84,3.879643528064147,0.5052929367750512,13.65
2023-01-12,1011010501,茄类,9.159,91.59,19,1,0.0,10.0,6.87,0.4556040756914119,6.68
2023-01-12,1011010504,辣椒类,113.15,669.7049999999999,172,16,0.09262925320371188,5.918736190897039,3.560412284577994,0.6623738257881475,9.24
2023-01-12,1011010801,食用菌,87.742,620.8452,124,9,0.25173805019261014,7.075804061908777,4.740550933418431,0.49261217974223626,9.45
2023-01-13,1011010101,花叶类,215.635,986.3282,261,16,0.08650265494933568,4.574063579660074,2.550856076239943,0.7931484344669164,12.83
2023-01-13,1011010201,花菜类,29.708,300.9008,61,2,0.027198061128315607,10.128611821731521,6.092539383331089,0.6624614441464167,15.51
2023-01-13,1011010402,水生根茎类,31.758999999999997,188.76709999999997,48,4,0.12522434585471837,5.943735633993513,4.280853616297742,0.38844636297886304,13.65
2023-01-13,1011010501,茄类,15.213000000000001,154.62199999999999,28,2,0.0,10.16380727009794,7.066303161769539,0.4383486014422182,6.68
2023-01-13,1011010504,辣椒类,137.769,815.3245999999999,194,14,0.04752157597137237,5.918055585799417,3.274716082718173,0.8071965435510806,9.24
2023-01-13,1011010801,食用菌,123.264,764.9090000000001,158,9,0.2763905114226376,6.205453335929389,4.380009086188992,0.41676722897593343,9.45
2023-01-14,1011010101,花叶类,447.993,2151.747,513,15,0.044643554698399306,4.8030817445808305,2.6482657987959635,0.8136705714224592,12.83
2023-01-14,1011010201,花菜类,55.134,573.5492999999999,113,2,0.0419886095694127,10.402824028730002,6.3219733739616215,0.6455026640220003,15.51
2023-01-14,1011010402,水生根茎类,112.72399999999999,933.1014,135,4,0.012091480075227992,8.277752741208616,5.494112433909372,0.5066587807921008,13.65
2023-01-14,1011010501,茄类,31.542,378.50399999999996,68,2,0.0,11.999999999999998,7.679206771923149,0.5626613993354899,6.68
2023-01-14,1011010504,辣椒类,197.217,1420.3638,322,18,0.008483041522789617,7.202035321498654,3.8914969804834265,0.8507107567134669,9.24
2023-01-14,1011010801,食用菌,204.679,1579.7132000000001,296,9,0.024970807948055247,7.718003312503971,4.91214829073818,0.5712073120952414,9.45
2023-01-15,1011010101,花叶类,278.968,1373.092,335,14,0.03867110206188523,4.922041237704683,2.758412721172321,0.784374470116576,12.83
2023-01-15,1011010201,花菜类,61.584,626.2273,126,2,0.026256819953234607,10.16866881008054,6.068002727981294,0.675785141491434,15.51
2023-01-15,1011010402,水生根茎类,92.61,866.9470000000001,81,3,0.0,9.361267681675846,5.993071482561278,0.5620150216655002,13.65
2023-01-15,1011010501,茄类,21.246,264.668,38,2,0.0,12.457309611220937,8.184877153346513,0.5219910302658086,6.68
2023-01-15,1011010504,辣椒类,154.044,1050.345,244,17,0.025966606943470694,6.818473942509932,3.7017977331152134,0.8419358468761904,9.24
2023-01-15,1011010801,食用菌,179.046,1177.5844,229,10,0.05585156887056958,6.576993621750835,4.157573361035712,0.5819308646215711,9.45
2023-01-16,1011010101,花叶类,216.173,1016.6856,256,13,0.04163332146012684,4.703110934297993,2.6418871922025415,0.7802088401726985,12.83
2023-01-16,1011010201,花菜类,46.516,447.3712,100,2,0.09011952876429616,9.617576747785709,6.16939461690601,0.5589174213999271,15.51
2023-01-16,1011010402,水生根茎类,61.379000000000005,504.96360000000004,68,4,0.016292217207839813,8.226976653252741,5.30985972400984,0.5493773999438136,13.65
2023-01-16,1011010501,茄类,21.066,261.404,34,2,0.0,12.408810405392575,8.321920630399696,0.49109934551209355,6.68
2023-01-16,1011010504,辣椒类,121.081,1134.9328,229,16,0.0247768023058944,9.373335205358396,5.4463281604876075,0.7210375374294753,9.24
2023-01-16,1011010801,食用菌,144.546,1052.4412,193,11,0.1245278319704454,7.2810122729096625,4.624188701174712,0.5745491249221772,9.45
2023-01-17,1011010101,花叶类,180.232,990.5854,224,14,0.0484597629721692,5.496168272004971,3.0987432309467797,0.7736765722036576,12.83
2023-01-17,1011010201,花菜类,39.869,407.76379999999995,80,2,0.023000326067872282,10.227590358423837,6.695303368531942,0.5275768393847118,15.51
2023-01-17,1011010402,水生根茎类,86.319,721.0308,84,4,0.0,8.35309491537205,5.398702718984233,0.5472411336891851,13.65
2023-01-17,1011010501,茄类,22.71,286.23,41,2,0.0,12.603698811096434,8.478256274768825,0.48659092183906627,6.68
2023-01-17,1011010504,辣椒类,117.137,1234.2638,231,15,0.008537012216464482,10.536925138939873,6.124774921672912,0.7203775279405424,9.24
2023-01-17,1011010801,食用菌,166.406,1114.4494,205,11,0.17561265819742075,6.697170775092244,4.420411763998894,0.515055866432157,9.45
2023-01-18,1011010101,花叶类,281.893,1466.7079,349,13,0.07218696455747395,5.203066056979067,2.95886705239222,0.7584656440621185,12.83
2023-01-18,1011010201,花菜类,58.399,641.0414000000001,106,3,0.02469220363362386,10.976924262401754,7.025856778369491,0.5623609488022041,15.51
2023-01-18,1011010402,水生根茎类,84.28,727.4232,84,4,0.011865211200759373,8.631029900332225,5.624467726625533,0.5345505245721296,13.65
2023-01-18,1011010501,茄类,41.458999999999996,509.27200000000005,65,2,0.0,12.283750211051885,8.285787645625799,0.48250845138864684,6.68
2023-01-18,1011010504,辣椒类,218.267,2625.645,459,16,0.0,12.029509728910005,7.3261898500460445,0.6419871686555325,9.24
2023-01-18,1011010801,食用菌,212.899,1765.2814000000003,282,12,0.055632013302082214,8.29163781887186,5.369368620801413,0.5442481983355205,9.45
2023-01-19,1011010101,花叶类,371.074,2154.6867,447,14,0.020602359637161317,5.80662266825485,3.190497663538809,0.819973960367772,12.83
2023-01-19,1011010201,花菜类,104.101,1145.8716,171,3,0.0,11.007306365933085,6.222561646862181,0.7689348841539692,15.51
2023-01-19,1011010402,水生根茎类,157.124,1355.2014000000001,163,4,0.006364400091647362,8.625043914360633,5.633510603090553,0.531024705914092,13.65
2023-01-19,1011010501,茄类,61.759,877.4699999999999,96,2,0.0,14.207969688628376,8.416064541200473,0.6881963795636175,6.68
2023-01-19,1011010504,辣椒类,350.275,4398.7012,744,17,0.0,12.557850831489546,7.904537320676612,0.5886889165088565,9.24
2023-01-19,1011010801,食用菌,385.35900000000004,3179.0694000000003,506,11,0.028544811461520294,8.249630604189859,5.230977633842728,0.5770724292180922,9.45
2023-01-20,1011010101,花叶类,594.071,3911.2804,777,15,0.02594807691336557,6.583860178328853,3.470706110885736,0.8969800288416323,12.83
2023-01-20,1011010201,花菜类,138.786,1563.1508000000001,239,3,0.0,11.26302941218855,6.413469081895868,0.7561524454810526,15.51
2023-01-20,1011010402,水生根茎类,252.07399999999998,2054.9944,287,4,0.0,8.152345739743092,5.22278394439728,0.5609195836041594,13.65
2023-01-20,1011010501,茄类,75.97,1078.53,126,2,0.0,14.196788205870739,7.937670132947217,0.7885334069179244,6.68
2023-01-20,1011010504,辣椒类,604.231,6036.3912,1140,15,0.0,9.990204408578839,5.6537349457409505,0.7670096855362172,9.24
2023-01-20,1011010801,食用菌,455.941,3738.4468,606,12,0.013269260715750504,8.199409134076559,5.008258787869483,0.6371776063042847,9.45
2023-01-22,1011010101,花叶类,219.378,1536.4592,300,13,0.036466737776805334,7.003706843895013,3.924610763157655,0.7845608817165821,12.83
2023-01-22,1011010201,花菜类,34.134,373.1716,56,2,0.0,10.932548192418118,6.227153571219312,0.7556252736316349,15.51
2023-01-22,1011010402,水生根茎类,39.08,291.06,41,2,0.0767656090071648,7.447799385875128,5.004759467758444,0.48814332314173825,13.65
2023-01-22,1011010501,茄类,17.629,246.806,29,1,0.0,14.0,8.47,0.6528925619834709,6.68
2023-01-22,1011010504,辣椒类,91.232,753.4644,172,10,0.0,8.25877323746054,4.360375306909856,0.8940510061996085,9.24
2023-01-22,1011010801,食用菌,91.901,804.4158,124,7,0.01088127441485947,8.753069063448711,5.154410289333087,0.6981708036636027,9.45
2023-01-23,1011010101,花叶类,291.352,2027.2952,387,14,0.025288997501304266,6.9582333397402465,3.9766554202476736,0.7497702477090344,12.83
2023-01-23,1011010201,花菜类,66.018,725.884,110,2,0.0,10.995243721409313,6.361262080038777,0.7284689080664772,15.51
2023-01-23,1011010402,水生根茎类,46.756,383.29200000000003,56,2,0.042775258790315684,8.19770724612884,5.025297288048593,0.6312880166562536,13.65
2023-01-23,1011010501,茄类,31.043,434.602,51,1,0.0,14.0,8.96,0.5624999999999998,6.68
2023-01-23,1011010504,辣椒类,124.14,998.1356000000001,246,10,0.0,8.040402771064928,4.242108023199613,0.8953790726433337,9.24
2023-01-23,1011010801,食用菌,146.538,1196.0968,191,5,0.061417516275641806,8.162366075693676,4.830460358405328,0.6897698086872002,9.45
2023-01-24,1011010101,花叶类,205.447,1126.55,289,9,0.009734870793927387,5.483409346449449,3.3331937677357177,0.6450916833960123,12.83
2023-01-24,1011010201,花菜类,89.42099999999999,1008.12,161,2,0.0,11.273861844533164,5.472869460193914,1.0599544583571539,15.51
2023-01-24,1011010402,水生根茎类,84.834,690.6168,92,3,0.0,8.14080203691916,5.178720560152769,0.5719716756987969,13.65
2023-01-24,1011010501,茄类,31.050000000000004,452.4212,57,3,0.008083735909822864,14.57073107890499,9.048093397745571,0.6103647960282375,6.68
2023-01-24,1011010504,辣椒类,181.951,1615.442,369,8,0.0,8.878445295711483,4.18706387983578,1.1204465827399086,9.24
2023-01-24,1011010801,食用菌,48.516999999999996,774.4204000000001,131,3,0.08244532844157719,15.961836057464398,8.692196961889648,0.8363408154978531,9.45
2023-01-25,1011010101,花叶类,245.072,1957.5438,352,10,0.0,7.987627309525363,4.951301495070836,0.613237916834044,12.83
2023-01-25,1011010201,花菜类,114.33699999999999,1308.594,190,3,0.0,11.445061528639025,6.293550381766184,0.818538159605096,15.51
2023-01-25,1011010402,水生根茎类,97.229,765.29,109,3,0.10284997274475723,7.871005564183525,5.355996770510855,0.4695687658961729,13.65
2023-01-25,1011010501,茄类,38.245999999999995,557.6659999999999,76,2,0.0,14.581028081367986,9.2935771061026,0.5689360420535381,6.68
2023-01-25,1011010504,辣椒类,140.698,1486.757,328,9,0.0,10.567008770558218,6.63171096959445,0.5934061087714175,9.24
2023-01-25,1011010801,食用菌,165.671,2140.7524000000003,325,7,0.0,12.921708687700324,7.998751139306216,0.6154657724257075,9.45
2023-01-26,1011010101,花叶类,272.125,2322.2886,416,10,0.0,8.533903904455672,5.65395729903537,0.5093682978312648,12.83
2023-01-26,1011010201,花菜类,60.15,665.7484,114,3,0.0,11.068136325852036,6.4728967581047385,0.7099201083338122,15.51
2023-01-26,1011010402,水生根茎类,72.92699999999999,550.8716,86,3,0.08227405487679461,7.553740041411274,5.002644973740864,0.5099492530573799,13.65
2023-01-26,1011010501,茄类,32.835,467.18600000000004,65,2,0.0,14.228292980051775,9.506302421196892,0.4967221059921172,6.68
2023-01-26,1011010504,辣椒类,226.70499999999998,2139.901,422,12,0.008822037449548974,9.43914338016365,4.934760503738339,0.9127865218611937,9.24
2023-01-26,1011010801,食用菌,204.906,1922.9354,332,9,0.0048802865704274155,9.38447580841947,6.1280161635091215,0.5314051983579597,9.45
2023-01-27,1011010101,花叶类,283.135,2021.0304,456,10,0.0,7.138045102159747,4.177361082169283,0.7087450574066716,12.83
2023-01-27,1011010201,花菜类,69.283,738.0592,124,3,0.0,10.65281815163893,6.352275594301633,0.6770081828935661,15.51
2023-01-27,1011010402,水生根茎类,88.434,662.7912,103,3,0.011307868014564534,7.494755410814845,5.151425922156637,0.45488948575954224,13.65
2023-01-27,1011010501,茄类,31.75,444.5,60,2,0.0,14.0,9.147853858267718,0.5304136048639401,6.68
2023-01-27,1011010504,辣椒类,284.492,2056.3072,456,18,0.007030074659392882,7.227996569323566,3.354461250228477,1.1547414115549128,9.24
2023-01-27,1011010801,食用菌,215.811,1751.7204,320,12,0.023168420516099734,8.116918970766086,5.278286370944946,0.5377943522440889,9.45
2023-01-28,1011010101,花叶类,235.44299999999998,1705.154,332,10,0.0,7.242321920804612,4.179040829415188,0.7330105678383854,12.83
2023-01-28,1011010201,花菜类,43.626000000000005,484.664,80,2,0.0,11.109521844771464,6.2975817173245305,0.7640933208074736,15.51
2023-01-28,1011010402,水生根茎类,63.873,456.6448,76,3,0.0626242700358524,7.149261816416952,4.988783680115229,0.43306711111030194,13.65
2023-01-28,1011010501,茄类,30.24,423.36,62,2,0.0,14.000000000000002,8.652526785714286,0.6180244623009588,6.68
2023-01-28,1011010504,辣椒类,246.34300000000002,1553.0586,349,14,0.0,6.3044559821062505,3.2206328168448057,0.9575208788571585,9.24
2023-01-28,1011010801,食用菌,163.23700000000002,1295.633,233,10,0.03063031053008815,7.9371282246059405,5.0984219876621095,0.5567813421119983,9.45
2023-01-29,1011010101,花叶类,229.694,1388.4644,312,13,0.0,6.044844009856592,3.9530076536609577,0.5291758932615129,12.83
2023-01-29,1011010201,花菜类,40.248999999999995,436.3428,87,2,0.0,10.841084250540387,6.581267609133146,0.6472638546859402,15.51
2023-01-29,1011010402,水生根茎类,48.473,375.85200000000003,57,4,0.0,7.753842345223115,5.191526416768098,0.49355733222872544,13.65
2023-01-29,1011010501,茄类,15.298,214.172,35,2,0.0,14.0,8.546315204601909,0.6381328870788034,6.68
2023-01-29,1011010504,辣椒类,194.121,1256.2296000000001,271,13,0.005151426172335811,6.471374039902948,3.3235502598894504,0.9471268775451591,9.24
2023-01-29,1011010801,食用菌,122.262,905.3756000000001,172,11,0.024537468714727388,7.405208486692513,4.7439711439367915,0.5609724979370954,9.45
2023-01-30,1011010101,花叶类,217.18,1192.4548,254,11,0.027626853301408967,5.490628971360162,3.5919336034625653,0.528599795404705,12.83
2023-01-30,1011010201,花菜类,42.686,406.0313,91,2,0.029681862905870774,9.512048446797545,6.533159349669681,0.45596455523137935,15.51
2023-01-30,1011010402,水生根茎类,52.382999999999996,397.5072,63,4,0.07636065135635607,7.588477177710327,5.249152396769945,0.4456576231964382,13.65
2023-01-30,1011010501,茄类,15.248,213.472,35,2,0.0,14.000000000000002,8.478618835257084,0.6512123344645557,6.68
2023-01-30,1011010504,辣椒类,153.832,1039.4452,239,13,0.013001196110042124,6.75701544542098,3.68391179988559,0.8341957713620696,9.24
2023-01-30,1011010801,食用菌,113.826,844.9528,166,11,0.06638202168221673,7.423196809164867,4.770457276896316,0.5560765725994379,9.45
2023-01-31,1011010101,花叶类,202.836,1262.7896,257,15,0.06409118696878266,6.225668027371867,4.019098976513045,0.5490208287364031,12.83
2023-01-31,1011010201,花菜类,37.501999999999995,358.2106,81,2,0.026798570742893713,9.551773238760601,6.584427497200149,0.4506611611749445,15.51
2023-01-31,1011010402,水生根茎类,40.683,295.0536,57,4,0.0,7.2525035026915425,5.0936848315021015,0.4238225847500692,13.65
2023-01-31,1011010501,茄类,13.52,189.28,32,2,0.0,14.0,8.45389053254438,0.6560422619745467,6.68
2023-01-31,1011010504,辣椒类,157.934,995.2484,214,12,0.025327035343877823,6.301672850684463,3.367983841351451,0.8710519846662412,9.24
2023-01-31,1011010801,食用菌,104.426,710.6556,145,11,0.10784670484362133,6.805351157757647,4.490057265431981,0.5156490787212524,9.45
2023-02-01,1011010101,花叶类,156.42,1026.3592,221,15,0.038358266206367474,6.561559902825727,4.387360759493672,0.49555969123974464,12.83
2023-02-01,1011010201,花菜类,33.307,317.3828,59,2,0.045876242231362774,9.529011919416337,6.435611433032095,0.4806692446512122,15.51
2023-02-01,1011010402,水生根茎类,33.281,225.5728,42,4,0.0600943481265587,6.7778251855413005,4.7848066464349035,0.4165306325578211,13.65
2023-02-01,1011010501,茄类,12.689,177.64600000000002,30,2,0.0,14.000000000000002,8.47059815588305,0.6527758420787131,6.68
2023-02-01,1011010504,辣椒类,136.909,802.7760000000001,180,10,0.09495358230649556,5.863573614590714,3.427027806791373,0.7109792931854289,9.24
2023-02-01,1011010801,食用菌,92.321,656.5018,135,10,0.12055761960983957,7.111077652971697,4.802952199391254,0.48056390273319494,9.45
2023-02-02,1011010101,花叶类,204.688,1144.1902,261,15,0.09282420073477683,5.589923200187603,3.991105194246854,0.4005953058429612,12.83
2023-02-02,1011010201,花菜类,41.747,404.3669,89,2,0.008886866122116558,9.686130739933407,6.741987448199872,0.4366877444305579,15.51
2023-02-02,1011010402,水生根茎类,32.251999999999995,236.20560000000003,40,4,0.0,7.323750465087438,4.899763735582289,0.49471502307387927,13.65
2023-02-02,1011010501,茄类,15.700999999999999,193.772,34,2,0.0,12.341379529966245,8.479517228202026,0.45543421846234966,6.68
2023-02-02,1011010504,辣椒类,142.663,930.3378,200,12,0.08750692190687143,6.521226947421545,4.059912451020938,0.6062481706426122,9.24
2023-02-02,1011010801,食用菌,125.853,855.031,170,10,0.11652483452917292,6.793886518398449,4.735150850595536,0.43477720832145983,9.45
2023-02-03,1011010101,花叶类,189.282,1177.8684,263,14,0.05283122536744117,6.222823089358735,4.5837746325588276,0.35757614372173685,12.83
2023-02-03,1011010201,花菜类,53.285,514.7936,107,2,0.009421037815520316,9.661135403959838,6.4180947733883835,0.5052964696031306,15.51
2023-02-03,1011010402,水生根茎类,54.970000000000006,338.7464,67,4,0.018191740949608876,6.162386756412588,4.124041477169365,0.4942591607110338,13.65
2023-02-03,1011010501,茄类,14.786,177.43200000000002,35,2,0.0,12.000000000000002,8.598395779791694,0.3956091702830078,6.68
2023-02-03,1011010504,辣椒类,187.654,1212.2277,267,10,0.05679601820371535,6.459908661685868,3.83975588050348,0.6823748339018954,9.24
2023-02-03,1011010801,食用菌,125.441,729.289,152,11,0.1958689742588149,5.81380091038815,4.235030492422732,0.37278844173380477,9.45
2023-02-04,1011010101,花叶类,252.725,1719.3176,353,18,0.03165496092590761,6.803116430903156,4.684818557720844,0.4521622016057034,12.83
2023-02-04,1011010201,花菜类,39.93,402.7608,87,2,0.025845229151014275,10.086671675432006,6.31527422990233,0.5971866475207688,15.51
2023-02-04,1011010402,水生根茎类,85.60499999999999,543.6184,108,4,0.05840780328251855,6.350311313591496,3.944624028970271,0.6098647848193584,13.65
2023-02-04,1011010501,茄类,20.698,248.376,49,2,0.0,12.0,8.740436274036139,0.37292917925007285,6.68
2023-02-04,1011010504,辣椒类,232.871,1562.6496000000002,355,13,0.047597167530521185,6.710365824855822,3.8925694053789432,0.7238911181861292,9.24
2023-02-04,1011010801,食用菌,126.55,762.7550000000001,131,11,0.0,6.027301461872779,3.8620964045831685,0.5606294691971312,9.45
2023-02-05,1011010101,花叶类,281.351,1788.4028,372,17,0.0319885125697083,6.3564828275001695,4.027000010662837,0.5784660567840187,12.83
2023-02-05,1011010201,花菜类,39.589999999999996,391.1804,83,3,0.05632735539277596,9.880788077797424,6.273944177822684,0.5748925712033452,15.51
2023-02-05,1011010402,水生根茎类,83.51299999999999,483.5876,97,5,0.047896734640115915,5.79056673811263,4.523267874462658,0.2801732947997293,13.65
2023-02-05,1011010501,茄类,15.281,183.372,36,2,0.0,12.0,8.377987042732805,0.4323249652682364,6.68
2023-02-05,1011010504,辣椒类,140.199,1154.9584,253,13,0.04992902945099465,8.237993138324809,4.994477350052425,0.6494204620305941,9.24
2023-02-05,1011010801,食用菌,112.777,972.5326,195,12,0.0,8.6235012458214,5.5850726655257725,0.5440266872534223,9.45
2023-02-06,1011010101,花叶类,179.66199999999998,912.0412,227,19,0.06467700459752201,5.076427959167772,3.128460442386259,0.6226601079525507,12.83
2023-02-06,1011010201,花菜类,34.646,350.61879999999996,71,2,0.03567511401027536,10.120036945101887,6.656444033943312,0.5203368185019841,15.51
2023-02-06,1011010402,水生根茎类,11.684,69.692,23,3,0.26626155426223896,5.96473810338925,4.637045532351934,0.28632295321972046,13.65
2023-02-06,1011010501,茄类,12.377,148.524,28,2,0.0,12.0,7.833001535105438,0.531979784022661,6.68
2023-02-06,1011010504,辣椒类,91.363,550.9554,131,11,0.10945349868108534,6.030399614723685,3.258155927454221,0.8508628036828101,9.24
2023-02-06,1011010801,食用菌,79.476,616.9757000000001,129,14,0.1502466153304142,7.763044189440839,5.30537269112688,0.46324200794118764,9.45
2023-02-07,1011010101,花叶类,154.543,784.7646,188,17,0.07249115133005053,5.077969238334961,3.1324352445597667,0.6210931246397147,12.83
2023-02-07,1011010201,花菜类,33.83,372.68420000000003,74,2,0.113449600945906,11.01638190954774,6.805159917233226,0.6188277782642719,15.51
2023-02-07,1011010402,水生根茎类,25.653,150.2208,47,4,0.1268467625618836,5.855876505671851,3.8694737457607298,0.5133521740746685,13.65
2023-02-07,1011010501,茄类,12.441,149.292,27,2,0.0,12.0,7.594726308174583,0.5800437715686739,6.68
2023-02-07,1011010504,辣椒类,99.937,643.4482,161,10,0.06999409628065682,6.438538279115844,3.8749799373605374,0.6615668682665456,9.24
2023-02-07,1011010801,食用菌,63.807,471.55100000000004,103,10,0.18728352688576486,7.390270659958939,5.159669001833655,0.4323148747201744,9.45
2023-02-08,1011010101,花叶类,161.297,903.4744000000001,208,17,0.12226513822327756,5.601309385791429,3.481577090708445,0.6088425560761179,12.83
2023-02-08,1011010201,花菜类,35.924,389.9992,79,2,0.12916156330030062,10.856229818505733,6.814068589243959,0.5932081804463116,15.51
2023-02-08,1011010402,水生根茎类,40.347,251.2956,58,5,0.04141571864079114,6.2283589857982005,3.94659503804496,0.5781601420356437,13.65
2023-02-08,1011010501,茄类,8.429,101.14800000000001,19,2,0.0,12.0,7.546293747775536,0.5901845861138533,6.68
2023-02-08,1011010504,辣椒类,93.975,579.297,135,12,0.08512902367650972,6.164373503591381,3.332795637137537,0.8496104096217021,9.24
2023-02-08,1011010801,食用菌,75.372,481.16220000000004,106,9,0.28384545985246507,6.3838321923260635,4.546962665180703,0.4039772618349309,9.45
2023-02-09,1011010101,花叶类,203.645,1068.3908000000001,254,17,0.12276265069115372,5.246339463281691,3.2328949397235385,0.6227992437423076,12.83
2023-02-09,1011010201,花菜类,30.833,319.5675,73,2,0.23244575617033697,10.36446339960432,6.95169818052087,0.4909254013136315,15.51
2023-02-09,1011010402,水生根茎类,42.757,286.5624,62,5,0.0901840634282106,6.702116612484506,4.498356526416727,0.4899033842973839,13.65
2023-02-09,1011010501,茄类,13.362000000000002,160.344,30,2,0.0,11.999999999999998,7.227759317467445,0.6602655778810178,6.68
2023-02-09,1011010504,辣椒类,138.13,864.0664,212,12,0.04656483023238978,6.255457901976399,3.210334612321726,0.9485376626994122,9.24
2023-02-09,1011010801,食用菌,88.67,606.5442,130,11,0.2459005300552611,6.840466899740612,4.844558136912147,0.41198984642604164,9.45
2023-02-10,1011010101,花叶类,175.847,960.4128000000001,206,18,0.05118085608511945,5.461638811011846,3.2172377691970864,0.6976173981616802,12.83
2023-02-10,1011010201,花菜类,31.996000000000002,358.9261,72,2,0.08566695836979622,11.217842855356919,6.986207025878235,0.6057129160077712,15.51
2023-02-10,1011010402,水生根茎类,49.257,335.394,72,4,0.08752055545404715,6.809062671295451,4.611831820857949,0.47643342944555744,13.65
2023-02-10,1011010501,茄类,12.793999999999999,153.528,27,2,0.0,12.0,6.886707831796154,0.7424871641273367,6.68
2023-02-10,1011010504,辣椒类,125.468,785.3334,192,12,0.08394172219211272,6.259232633021965,3.294467433927376,0.8999224483334036,9.24
2023-02-10,1011010801,食用菌,103.7,770.8558,153,10,0.12026036644165863,7.433517839922855,5.082259402121505,0.46264038329485047,9.45
2023-02-11,1011010101,花叶类,243.90800000000002,1427.4924,327,19,0.012299719566393886,5.852585401052856,3.6832304393459827,0.5889816011870486,12.83
2023-02-11,1011010201,花菜类,53.417,534.17,109,2,0.0,9.999999999999998,6.8960398375049135,0.4501076321534334,15.51
2023-02-11,1011010402,水生根茎类,77.149,482.5978,101,4,0.06465411087635614,6.255399292278578,4.28936136566903,0.45835213193861946,13.65
2023-02-11,1011010501,茄类,16.919,176.416,39,2,0.0,10.427093799869969,6.6176109699154795,0.5756583225083636,6.68
2023-02-11,1011010504,辣椒类,164.9,1042.9868000000001,260,12,0.0,6.32496543359612,3.228634990903578,0.9590215219175307,9.24
2023-02-11,1011010801,食用菌,143.531,1021.1110000000001,211,12,0.12199455169963282,7.1142192279019865,4.802407075823341,0.48138612899288646,9.45
2023-02-12,1011010101,花叶类,309.307,1602.2993999999999,377,18,0.006466067693262681,5.180288192637088,3.0299735214527956,0.7096810107281963,12.83
2023-02-12,1011010201,花菜类,48.809,482.39,107,2,0.029195435268085802,9.883218258927657,6.792877133315577,0.45493846936455573,15.51
2023-02-12,1011010402,水生根茎类,74.087,422.04999999999995,92,4,0.03170596730870463,5.696680929177858,3.83072387868317,0.4871029887792695,13.65
2023-02-12,1011010501,茄类,28.032,286.478,55,2,0.0,10.219677511415526,6.152904894406391,0.6609516458975726,6.68
2023-02-12,1011010504,辣椒类,158.80599999999998,1143.26,294,13,0.031484956487790136,7.19909827084619,4.135712315655581,0.7407154369984292,9.24
2023-02-12,1011010801,食用菌,109.179,793.2570000000001,165,10,0.036637082222771775,7.265655483197318,4.647409300323322,0.5633775752636729,9.45
2023-02-13,1011010101,花叶类,226.189,1089.286,276,19,0.057474059304387044,4.81582216641835,2.685865227752013,0.7930245034852497,12.83
2023-02-13,1011010201,花菜类,33.601,322.3692,73,2,0.0,9.594035891788934,6.340138983958811,0.5132217000388808,15.51
2023-02-13,1011010402,水生根茎类,30.456,260.6152,33,3,0.044785920672445495,8.557105332282639,5.935299448384555,0.4417310207679035,13.65
2023-02-13,1011010501,茄类,14.142999999999999,143.554,32,2,0.0,10.15018030120908,6.138606377713356,0.6534991293887202,6.68
2023-02-13,1011010504,辣椒类,107.056,650.2090000000001,170,13,0.028022717082648335,6.073540950530564,3.349292986848005,0.8133800101633775,9.24
2023-02-13,1011010801,食用菌,103.14699999999999,714.7214,152,12,0.15946173907142236,6.929153538154285,4.513586240995861,0.5351769453784632,9.45
2023-02-14,1011010101,花叶类,160.285,806.7142,199,15,0.04523816951055932,5.032998721028169,2.844008672052906,0.7696847307414054,12.83
2023-02-14,1011010201,花菜类,37.56,351.0848,86,2,0.042784877529286475,9.347305644302448,6.253788072417464,0.49466300041874534,15.51
2023-02-14,1011010402,水生根茎类,39.561,237.6,60,3,0.05055483936199793,6.005914916205354,4.417539748742448,0.3595610357360277,13.65
2023-02-14,1011010501,茄类,14.301,149.062,34,3,0.0,10.423187189707015,6.781853017271519,0.536923192402138,6.68
2023-02-14,1011010504,辣椒类,108.672,632.6418,150,10,0.0,5.821571333922262,3.0699907979976446,0.8962829913755097,9.24
2023-02-14,1011010801,食用菌,75.069,530.242,122,9,0.2264583250076596,7.063395009924203,4.71725479225779,0.49735287174163734,9.45
2023-02-15,1011010101,花叶类,184.475,902.4196,217,19,0.1119121832226589,4.891825992681935,2.860869386095677,0.7099088886955345,12.83
2023-02-15,1011010201,花菜类,31.354999999999997,286.94919999999996,70,2,0.08419709775155479,9.151624940200925,5.736608834316696,0.595302242930601,15.51
2023-02-15,1011010402,水生根茎类,41.209,221.06,55,3,0.05751170860734305,5.36436215389842,3.8684411172316717,0.3866986704290998,13.65
2023-02-15,1011010501,茄类,6.735,75.498,16,2,0.0,11.209799554565702,7.603002227171492,0.4743911970069261,6.68
2023-02-15,1011010504,辣椒类,105.64699999999999,627.5458,157,9,0.0,5.940024799568374,3.0699322271337572,0.9349042128901586,9.24
2023-02-15,1011010801,食用菌,72.525,549.644,119,10,0.06894174422612892,7.578683212685281,4.768665701482248,0.5892670375970355,9.45
2023-02-16,1011010101,花叶类,155.351,772.8698,197,19,0.06833557556758565,4.974990827223514,2.8965079722692484,0.7175823007750581,12.83
2023-02-16,1011010201,花菜类,34.159,315.6092,74,2,0.048508445797593606,9.239415673760941,5.7199303258292105,0.6153021361185051,15.51
2023-02-16,1011010402,水生根茎类,32.783,226.03279999999998,43,3,0.12201445871335753,6.894817435866149,4.746157764695116,0.45271560232449604,13.65
2023-02-16,1011010501,茄类,7.394,87.924,18,3,0.0,11.891263186367325,8.002213957262645,0.485996656659631,6.68
2023-02-16,1011010504,辣椒类,105.95,619.7962,150,12,0.08713544124587068,5.849893345917885,3.1943628126474755,0.831317758507687,9.24
2023-02-16,1011010801,食用菌,74.701,527.0584,115,10,0.23490984056438338,7.05557355323222,4.5964704622428085,0.5349981276262816,9.45
2023-02-17,1011010101,花叶类,160.60899999999998,858.3024,205,21,0.155657528532025,5.344049212684221,3.2047736428220093,0.6675278220206662,12.83
2023-02-17,1011010201,花菜类,38.594,359.78959999999995,86,3,0.037207856143441985,9.322423174586723,5.569077058610147,0.6739619646982014,15.51
2023-02-17,1011010402,水生根茎类,28.470999999999997,190.9744,33,3,0.24586421270766748,6.707681500474168,5.170332619156335,0.29734042170166775,13.65
2023-02-17,1011010501,茄类,8.283,100.256,19,3,0.0,12.103827115779307,8.479112640347703,0.4274874776616915,6.68
2023-02-17,1011010504,辣椒类,136.319,746.06,190,12,0.10569326359495008,5.472898128654113,2.9505387363463647,0.8548809616480995,9.24
2023-02-17,1011010801,食用菌,104.876,608.1616,110,11,0.21293718295892292,5.798863419657501,3.170693008886685,0.8288946307336251,9.45
2023-02-18,1011010101,花叶类,285.815,1782.7636,379,21,0.010496300054230884,6.237473890453615,3.6768554484544196,0.6964153140900771,12.83
2023-02-18,1011010201,花菜类,48.488,445.80959999999993,115,2,0.052384095033822804,9.194225375350602,5.560869905956112,0.6533789732255544,15.51
2023-02-18,1011010402,水生根茎类,65.745,425.94640000000004,88,3,0.12168225720587116,6.478764925089361,4.680469997718457,0.3842124676042151,13.65
2023-02-18,1011010501,茄类,21.073999999999998,252.888,46,2,0.0,12.000000000000002,7.703441681693081,0.5577452904612128,6.68
2023-02-18,1011010504,辣椒类,181.095,1069.3938,250,10,0.027609818051299043,5.905153648637456,3.0497398602943213,0.9362810990926838,9.24
2023-02-18,1011010801,食用菌,134.317,1023.206,222,12,0.1116761095021479,7.617844353283649,4.802823172048214,0.5861180144250324,9.45
2023-02-19,1011010101,花叶类,230.404,1225.1448,274,21,0.21266991892501866,5.317376434436903,3.36996250065103,0.5778740663760085,12.83
2023-02-19,1011010201,花菜类,45.805,385.0444,109,2,0.2346032092566314,8.406165265800677,5.4344257177164055,0.5468359864403525,15.51
2023-02-19,1011010402,水生根茎类,48.268,332.6368,60,3,0.041435319466313084,6.891456037126046,4.571699676804508,0.5074166118328629,13.65
2023-02-19,1011010501,茄类,17.567,212.152,38,3,0.0,12.07673478681619,8.582517219787102,0.40713201937691723,6.68
2023-02-19,1011010504,辣椒类,162.066,956.3342,216,10,0.02636580158700776,5.900893463156986,3.2877254945516023,0.7948254721800554,9.24
2023-02-19,1011010801,食用菌,105.09700000000001,776.8798,167,10,0.12422809404645233,7.3920264136940155,4.764044168720325,0.5516284383399399,9.45
2023-02-20,1011010101,花叶类,139.164,662.304,164,20,0.2227587594492829,4.759161852203156,2.931236957833923,0.623601885710394,12.83
2023-02-20,1011010201,花菜类,29.447000000000003,250.55719999999997,63,2,0.20049580602438277,8.508751315923522,5.516760960369476,0.5423454771826224,15.51
2023-02-20,1011010402,水生根茎类,24.15,156.9848,31,3,0.12422360248447206,6.50040579710145,4.555764803312629,0.42685280688213245,13.65
2023-02-20,1011010501,茄类,7.390999999999999,91.786,15,2,0.0,12.418617237180356,9.071869841699366,0.36891483827264326,6.68
2023-02-20,1011010504,辣椒类,61.627,450.39,107,8,0.24437340775958588,7.308322650786181,4.678190241290345,0.562211512110373,9.24
2023-02-20,1011010801,食用菌,65.776,410.53340000000003,103,9,0.34812089515932865,6.241385915835564,4.239521405983946,0.4721911551209652,9.45
2023-02-21,1011010101,花叶类,150.154,763.9846,174,17,0.1738681620203258,5.088006979501046,3.1782462005674175,0.6008850977601028,12.83
2023-02-21,1011010201,花菜类,29.466,253.495,72,3,0.025181565193782663,8.60296613045544,5.357124143080161,0.6058926208697177,15.51
2023-02-21,1011010402,水生根茎类,24.144,161.428,38,3,0.1242544731610338,6.686050364479788,4.804681908548708,0.3915698253787965,13.65
2023-02-21,1011010501,茄类,12.593,151.11599999999999,26,2,0.0,11.999999999999998,8.69767172238545,0.37967957207619696,6.68
2023-02-21,1011010504,辣椒类,101.221,655.904,159,11,0.1147587951116863,6.479920174667312,3.9261785597850247,0.6504394988653077,9.24
2023-02-21,1011010801,食用菌,55.615,394.94,97,8,0.23374988762024632,7.101321585903084,4.885164074440349,0.4536505791193146,9.45
2023-02-22,1011010101,花叶类,138.874,722.1778,169,18,0.21602315768250357,5.200237625473451,3.2472416723072715,0.6014322770680978,12.83
2023-02-22,1011010201,花菜类,29.54,239.25719999999995,66,2,0.16533513879485445,8.099431279620852,5.139592078537576,0.5758899064078002,15.51
2023-02-22,1011010402,水生根茎类,31.124,202.9924,37,3,0.09638863899241742,6.522053720601465,4.475581544788588,0.4572527961636206,13.65
2023-02-22,1011010501,茄类,9.991,119.892,26,2,0.0,12.0,8.832251025923332,0.3586570359899286,6.68
2023-02-22,1011010504,辣椒类,82.293,618.3119999999999,146,11,0.1407896175859429,7.513543071707191,4.758780819753806,0.5788798342042367,9.24
2023-02-22,1011010801,食用菌,74.474,457.1504,107,9,0.21763299943604475,6.1383892365120705,4.158084700700916,0.47625401557532987,9.45
2023-02-23,1011010101,花叶类,154.46699999999998,781.4976,194,19,0.18126849100455114,5.059317524131369,3.218842989117417,0.571781395127507,12.83
2023-02-23,1011010201,花菜类,33.284,250.2246,64,3,0.22178824660497537,7.5178644393702685,5.1060380362937146,0.47234791161626566,15.51
2023-02-23,1011010402,水生根茎类,22.517,127.3514,29,3,0.16956077630234934,5.655788959452858,4.130405915530488,0.36930584429653,13.65
2023-02-23,1011010501,茄类,11.309999999999999,139.09,27,3,0.0,12.297966401414678,9.095616268788683,0.3520762131989623,6.68
2023-02-23,1011010504,辣椒类,104.048,658.6238,155,11,0.11997347378133169,6.3299996155620475,4.143879651699216,0.5275539223168328,9.24
2023-02-23,1011010801,食用菌,77.90599999999999,494.1822,114,9,0.29527892588504095,6.343313737067749,4.419484121890484,0.4353063756125286,9.45
2023-02-24,1011010101,花叶类,134.956,704.118,163,16,0.11114733690980765,5.217389371350663,3.061048267583509,0.7044453126083632,12.83
2023-02-24,1011010201,花菜类,31.169999999999998,267.2292,63,2,0.07054860442733397,8.573282001924929,5.5187006737247355,0.5534964675187874,15.51
2023-02-24,1011010402,水生根茎类,35.391,209.10160000000002,47,3,0.16953462744765618,5.908326975784805,4.408344776920686,0.3402597289388707,13.65
2023-02-24,1011010501,茄类,11.328,151.48199999999997,28,3,0.0,13.372351694915253,9.015799788135594,0.4832130270364583,6.68
2023-02-24,1011010504,辣椒类,134.183,864.0634,197,11,0.0796673200032791,6.4394401675324,4.015335325637375,0.6037116816663957,9.24
2023-02-24,1011010801,食用菌,83.785,615.6348,144,9,0.17128364265680013,7.3477925643014865,4.843225398340992,0.5171279385052809,9.45
2023-02-25,1011010101,花叶类,219.47,1136.8502,266,17,0.17770082471408394,5.179979951701828,3.4670270196382194,0.49406968055367306,12.83
2023-02-25,1011010201,花菜类,44.994,381.9428,98,2,0.06311952704805085,8.488749611059252,5.422520336044807,0.5654620148923142,15.51
2023-02-25,1011010402,水生根茎类,41.824,263.336,53,3,0.119548584544759,6.296289211935731,4.475726855394033,0.4067635079981706,13.65
2023-02-25,1011010501,茄类,10.979000000000001,146.848,29,2,0.0,13.375352946534292,8.89871117588123,0.5030663072632813,6.68
2023-02-25,1011010504,辣椒类,170.605,1135.4308,258,13,0.08489786348582985,6.6553195979015864,4.078367515606225,0.6318587210285564,9.24
2023-02-25,1011010801,食用菌,115.867,828.0384000000001,189,9,0.12245074093572804,7.146455850242089,4.548219941829856,0.5712643499309096,9.45
2023-02-26,1011010101,花叶类,243.01000000000002,1119.8628,296,20,0.19340767869634992,4.60829924694457,2.8852617176247892,0.5971858701047832,12.83
2023-02-26,1011010201,花菜类,47.396,399.69719999999995,97,2,0.1012532703181703,8.433142037302725,5.507511815343068,0.5312072529393959,15.51
2023-02-26,1011010402,水生根茎类,34.64,208.272,48,2,0.0,6.012471131639723,3.7630831408775984,0.5977513402049199,13.65
2023-02-26,1011010501,茄类,14.041,187.376,32,3,0.0,13.34491845310163,9.73567552168649,0.3707234206168284,6.68
2023-02-26,1011010504,辣椒类,149.738,1029.0994,226,12,0.18174411305079538,6.872666924895484,4.456120824373238,0.542298154777286,9.24
2023-02-26,1011010801,食用菌,92.628,565.7202000000001,130,9,0.16673144189661873,6.1074426739214935,3.8260752688172044,0.596268302324735,9.45
2023-02-27,1011010101,花叶类,136.926,716.2076,164,15,0.058425719001504464,5.230617998042739,3.101176474884244,0.6866560288988324,12.83
2023-02-27,1011010201,花菜类,13.221,121.63319999999999,33,1,0.0,9.2,6.31,0.45800316957210785,15.51
2023-02-27,1011010402,水生根茎类,13.331,102.8589,16,3,0.09714199984997374,7.715767759357888,5.398076663416098,0.42935497964474467,13.65
2023-02-27,1011010501,茄类,8.846,122.39,21,3,0.0,13.83563192403346,9.96752995704273,0.388070262508482,6.68
2023-02-27,1011010504,辣椒类,88.884,630.237,136,13,0.12742450834795915,7.090556230592682,4.671003217676972,0.517994293765232,9.24
2023-02-27,1011010801,食用菌,65.006,484.6718,111,9,0.21007291634618344,7.45580100298434,4.78886795065071,0.5569026082607369,9.45
2023-02-28,1011010101,花叶类,115.968,595.5288,149,20,0.06898454746136864,5.13528559602649,2.9402632622792493,0.7465393871043,12.83
2023-02-28,1011010201,花菜类,27.118000000000002,232.05519999999999,56,2,0.01113651449221919,8.557238734419942,5.701213216313887,0.5009504836503229,15.51
2023-02-28,1011010402,水生根茎类,21.011000000000003,147.9436,30,3,0.0,7.041245062110322,4.533273047451335,0.5532364780164747,13.65
2023-02-28,1011010501,茄类,7.007,95.17200000000001,15,3,0.0,13.582417582417584,9.43489653203939,0.4395936973228991,6.68
2023-02-28,1011010504,辣椒类,96.706,640.2149000000001,144,13,0.07869211837941803,6.6202190143321,4.4941162906127845,0.47308582738730487,9.24
2023-02-28,1011010801,食用菌,61.482,467.255,101,9,0.23104323216551187,7.599866627630852,4.928432061416349,0.5420455294755095,9.45
2023-03-01,1011010101,花叶类,139.125,646.8802,168,17,0.15813117699910154,4.649633063791554,2.6673816352201256,0.7431450387142833,12.83
2023-03-01,1011010201,花菜类,23.979999999999997,201.82079999999996,55,2,0.0932443703085905,8.416213511259382,5.96605504587156,0.4106831811891014,15.51
2023-03-01,1011010402,水生根茎类,15.748000000000001,103.2176,23,3,0.063500127000254,6.554330708661417,4.413190246380492,0.4851684026169041,13.65
2023-03-01,1011010501,茄类,9.504,127.974,22,2,0.0,13.465277777777779,8.958506944444444,0.5030716458983355,6.68
2023-03-01,1011010504,辣椒类,105.906,692.6093,151,14,0.1254980832058618,6.53984948916964,4.385698260721772,0.49117634191581416,9.24
2023-03-01,1011010801,食用菌,73.717,451.175,105,9,0.2846019235725816,6.120365722967565,4.022344235386682,0.521591729798629,9.45
2023-03-02,1011010101,花叶类,131.001,596.3764,153,17,0.27480706254150733,4.552456851474416,2.6808519782291738,0.6981380876095677,12.83
2023-03-02,1011010201,花菜类,28.182000000000002,229.3188,61,2,0.18149882903981265,8.137066212476048,6.059559648002271,0.34284777857722615,15.51
2023-03-02,1011010402,水生根茎类,21.735,125.4508,30,3,0.09201748332183116,5.771833448355188,3.8961458477110646,0.48142130042335696,13.65
2023-03-02,1011010501,茄类,7.568,101.838,17,3,0.0,13.456395348837209,8.488130285412263,0.5853191334684658,6.68
2023-03-02,1011010504,辣椒类,114.103,691.0814,162,11,0.23827594366493432,6.056645311692068,3.8779850661244666,0.5618021236334685,9.24
2023-03-02,1011010801,食用菌,62.87,420.9732,101,9,0.29440114522029587,6.695931286782249,4.409486241450613,0.5185286720793696,9.45
2023-03-03,1011010101,花叶类,152.142,653.421,166,16,0.22347543742030473,4.294810111606263,2.3641482299430794,0.8166416374449021,12.83
2023-03-03,1011010201,花菜类,34.915,296.80899999999997,78,2,0.15792639266790778,8.50090219103537,6.380204783044538,0.33238704400626906,15.51
2023-03-03,1011010402,水生根茎类,29.054000000000002,202.7784,40,3,0.0,6.979362566255937,4.513439801748468,0.5463510920323325,13.65
2023-03-03,1011010501,茄类,13.904,191.194,27,3,0.0,13.751006904487916,8.708898878020712,0.5789604514977598,6.68
2023-03-03,1011010504,辣椒类,128.818,806.4022,178,11,0.21646819543852566,6.260011799593224,4.305169386265894,0.45406864119297063,9.24
2023-03-03,1011010801,食用菌,90.386,571.3522,134,10,0.26197641227623747,6.32124665324276,4.022004182063594,0.5716658578906497,9.45
2023-03-04,1011010101,花叶类,163.918,806.0904,192,19,0.128112836906258,4.917644187947633,2.6355248355885257,0.8659069804779504,12.83
2023-03-04,1011010201,花菜类,33.769,300.7808,67,2,0.04228730492463502,8.907009387307886,6.516405282951819,0.36685933433427653,15.51
2023-03-04,1011010402,水生根茎类,34.038000000000004,215.8544,48,3,0.0,6.341571185146012,4.026620247958164,0.5749116615508314,13.65
2023-03-04,1011010501,茄类,12.627,174.536,28,3,0.0,13.822443969272195,8.787981309891501,0.5728804468113793,6.68
2023-03-04,1011010504,辣椒类,142.301,1150.7004,233,12,0.07383644528148081,8.086383089366906,5.345364403623306,0.5127842516939773,9.24
2023-03-04,1011010801,食用菌,105.25,766.8696,174,10,0.22032304038004752,7.286171971496437,4.680370736342043,0.5567510314772552,9.45
2023-03-05,1011010101,花叶类,178.491,905.5032,207,17,0.1456656077897485,5.073102845521623,2.601814265145021,0.9498328199222383,12.83
2023-03-05,1011010201,花菜类,47.699,418.282,100,2,0.08662655401580746,8.769198515692153,6.490119918656576,0.35116124595542697,15.51
2023-03-05,1011010402,水生根茎类,31.386000000000003,224.152,37,3,0.0,7.141782960555661,4.645890524437647,0.5372258392636415,13.65
2023-03-05,1011010501,茄类,16.192999999999998,195.19,33,3,0.0,12.053973939356514,8.95207744086951,0.3465001860155621,6.68
2023-03-05,1011010504,辣椒类,132.344,909.4033999999999,199,10,0.049764250740494474,6.871512119929879,4.592184912047392,0.49634917834052694,9.24
2023-03-05,1011010801,食用菌,85.307,626.9672,145,9,0.12360064238573623,7.349539897077614,4.569406730983389,0.6084232220439496,9.45
2023-03-06,1011010101,花叶类,107.018,564.683,124,15,0.1588517819432245,5.276523575473285,2.9586700368162364,0.7834106236298126,12.83
2023-03-06,1011010201,花菜类,23.166,193.05349999999999,52,2,0.19610636277302945,8.333484416817749,6.215066476733143,0.34085201630829864,15.51
2023-03-06,1011010402,水生根茎类,18.411,171.57920000000001,29,4,0.14360979849003314,9.319385150181956,6.770191733202977,0.37653193844968946,13.65
2023-03-06,1011010501,茄类,10.569,126.828,24,2,0.0,12.0,8.646376194531175,0.3878646649205466,6.68
2023-03-06,1011010504,辣椒类,96.609,623.4412,139,11,0.07511722510325125,6.453241416431181,4.239293647589769,0.5222444946931528,9.24
2023-03-06,1011010801,食用菌,54.979,385.4932,88,9,0.17541243020062205,7.011644446061224,4.423691955110133,0.5850209547166945,9.45
2023-03-07,1011010101,花叶类,125.449,656.1414,152,20,0.15179873892976428,5.230343805052252,2.869863450485855,0.8225061558823568,12.83
2023-03-07,1011010201,花菜类,31.21,262.69219999999996,74,2,0.18141621275232298,8.416924062800383,6.394249919897469,0.3163270388617134,15.51
2023-03-07,1011010402,水生根茎类,19.542,117.2768,28,3,0.0,6.001269061508545,3.8126947088322583,0.5740229732022255,13.65
2023-03-07,1011010501,茄类,8.469,102.358,18,3,0.0,12.086196717440076,7.665487070492384,0.5767030335182253,6.68
2023-03-07,1011010504,辣椒类,100.437,612.61,139,10,0.05871342234435517,6.099445423499309,3.9121742983163577,0.5590934754937336,9.24
2023-03-07,1011010801,食用菌,71.957,435.3456,104,8,0.34120377447642347,6.0500799088344435,3.8991590811178907,0.5516371050703279,9.45
2023-03-08,1011010101,花叶类,119.807,643.408,153,15,0.12520136552956004,5.370370679509545,2.8385625213885666,0.8919332017680801,12.83
2023-03-08,1011010201,花菜类,22.18,182.4823,49,2,0.20018034265103699,8.227335437330929,5.789006311992788,0.42119994242997794,15.51
2023-03-08,1011010402,水生根茎类,17.906,165.754,28,4,0.11169440411035408,9.256897129453815,6.518585948843962,0.420077483383567,13.65
2023-03-08,1011010501,茄类,11.717,143.67,22,2,0.0,12.261671076214046,7.472604762311173,0.6408831279364602,6.68
2023-03-08,1011010504,辣椒类,105.092,650.0384,149,11,0.07739885053096335,6.185422296654361,4.305268336314848,0.43671005230509174,9.24
2023-03-08,1011010801,食用菌,65.41,514.4908,115,10,0.16774193548387098,7.865629108698976,4.9210921877388785,0.5983502866084369,9.45
2023-03-09,1011010101,花叶类,121.336,654.349,152,19,0.18131469638029934,5.392867739170568,2.748770439111228,0.9619200142861939,12.83
2023-03-09,1011010201,花菜类,22.245,192.2475,52,2,0.1103618790739492,8.642279163857046,5.945587772533154,0.45356178303881145,15.51
2023-03-09,1011010402,水生根茎类,22.284,193.61960000000002,23,3,0.0,8.68872733800036,5.752044067492371,0.5105460312977486,13.65
2023-03-09,1011010501,茄类,7.751000000000001,94.816,16,3,0.0,12.232744162043605,7.847765449619403,0.5587550673595709,6.68
2023-03-09,1011010504,辣椒类,105.856,572.2188,141,11,0.2456544740024184,5.405634068923821,4.081156004383313,0.3245350246640828,9.24
2023-03-09,1011010801,食用菌,44.888,306.0208,75,9,0.23928444127606488,6.817430048119765,4.470707538763144,0.5249107639024537,9.45
2023-03-10,1011010101,花叶类,131.927,648.4096,175,16,0.2589689752666247,4.914912034685849,2.6726186451598233,0.8389874079442172,12.83
2023-03-10,1011010201,花菜类,12.423,89.0407,28,2,0.46872736054093217,7.167407228527731,5.164308943089431,0.3878734420253316,15.51
2023-03-10,1011010402,水生根茎类,21.612000000000002,199.6761,35,4,0.07241347399592818,9.239131038312047,6.435694058856191,0.4356075590010424,13.65
2023-03-10,1011010501,茄类,14.024000000000001,168.288,28,2,0.0,12.0,7.472059326868226,0.6059829660144811,6.68
2023-03-10,1011010504,辣椒类,150.26,873.9848,201,12,0.1383601756954612,5.816483428723546,4.05341780913084,0.4349577819540773,9.24
2023-03-10,1011010801,食用菌,71.433,392.6698,113,8,0.03527781277560791,5.4970363837442076,3.945184158582168,0.39335355785260706,9.45
2023-03-11,1011010101,花叶类,222.762,1083.1219,272,17,0.18688555498693674,4.862238173476626,2.4591438396135787,0.9772077156091288,12.83
2023-03-11,1011010201,花菜类,15.802,134.5872,35,1,0.06429565877736995,8.517099101379571,4.999999999999999,0.7034198202759145,15.51
2023-03-11,1011010402,水生根茎类,38.49,282.375,58,4,0.008703559366069109,7.336321122369446,4.557155105222136,0.6098467032562942,13.65
2023-03-11,1011010501,茄类,20.211,243.46400000000003,43,3,0.0,12.046113502548119,6.7235455939834745,0.7916311169701167,6.68
2023-03-11,1011010504,辣椒类,179.657,979.7096,234,10,0.08895840406997778,5.453222529598067,4.133674668952504,0.31921908866135884,9.24
2023-03-11,1011010801,食用菌,116.774,800.9232000000001,189,10,0.08173908575539075,6.8587459537225755,4.488366759723911,0.5281161992529484,9.45
2023-03-12,1011010101,花叶类,195.971,1100.2228,259,16,0.04592516239647703,5.614212306922963,2.776976032168025,1.0216999505537205,12.83
2023-03-12,1011010201,花菜类,19.536,148.20520000000002,48,1,0.27584971334971337,7.586261261261262,5.03,0.5082030340479644,15.51
2023-03-12,1011010402,水生根茎类,33.314,245.4164,51,4,0.0,7.366764723539653,4.3639716035300475,0.6880872271443346,13.65
2023-03-12,1011010501,茄类,18.27,222.06199999999998,43,3,0.0,12.154460864805692,7.053904214559387,0.723082777296389,6.68
2023-03-12,1011010504,辣椒类,157.361,1132.8704,244,9,0.018746703439861213,7.199181499863372,5.117728916313445,0.40671411432423055,9.24
2023-03-12,1011010801,食用菌,109.272,754.2053999999999,185,10,0.0510469287649169,6.902092027234789,4.994993136393585,0.3818021043804958,9.45
2023-03-13,1011010101,花叶类,135.094,808.0492,175,14,0.015826017439708646,5.981384813537241,2.721338253364324,1.1979571286820376,12.83
2023-03-13,1011010201,花菜类,10.596,82.5348,24,1,0.2887882219705549,7.789241223103058,4.95,0.5735840854753653,15.51
2023-03-13,1011010402,水生根茎类,18.418,168.4948,30,4,0.0542947116950809,9.148376588120318,5.851503963513954,0.5634231208187579,13.65
2023-03-13,1011010501,茄类,12.187999999999999,147.89000000000001,26,3,0.0,12.134066294716117,6.936026419428947,0.7494261931769188,6.68
2023-03-13,1011010504,辣椒类,93.967,645.86,133,11,0.010748454244575224,6.873264018219162,4.674271286728319,0.47044610733965175,9.24
2023-03-13,1011010801,食用菌,55.527,368.9812,102,8,0.08622832135717759,6.645077169665208,4.2030084463414195,0.5810287451241096,9.45
2023-03-14,1011010101,花叶类,140.076,775.7157,197,17,0.07373854193437848,5.53782018332905,2.9013802507210373,0.9086847309837505,12.83
2023-03-14,1011010201,花菜类,9.076,75.3118,20,1,0.14345526663728514,8.297906566769502,4.04,1.0539372690023519,15.51
2023-03-14,1011010402,水生根茎类,9.612,73.21600000000001,13,3,0.0,7.617145235122764,4.7916354556803995,0.5896754470527954,13.65
2023-03-14,1011010501,茄类,11.759,141.882,24,3,0.0,12.065821923632962,7.061206735266604,0.70874786364365,6.68
2023-03-14,1011010504,辣椒类,104.067,674.1788,144,12,0.12491952299960603,6.478314931726676,4.3035171572160245,0.5053535736145511,9.24
2023-03-14,1011010801,食用菌,46.835,318.1024,77,8,0.04159282587808263,6.7919803565709405,4.301996370235934,0.5787973238569812,9.45
2023-03-15,1011010101,花叶类,171.809,783.2144,243,18,0.2502546432375487,4.558634297388378,2.413508896507168,0.8887994587406072,12.83
2023-03-15,1011010201,花菜类,9.683,74.5004,21,1,0.3160177630899515,7.69393782918517,4.55,0.6909753470736639,15.51
2023-03-15,1011010402,水生根茎类,17.683,170.4624,29,4,0.0781541593620992,9.639902731436974,6.329333257931347,0.5230518505811212,13.65
2023-03-15,1011010501,茄类,8.036999999999999,97.33200000000001,19,3,0.0,12.110488988428521,7.213612044295136,0.6788384118890989,6.68
2023-03-15,1011010504,辣椒类,105.561,789.2112,156,9,0.14209793389604114,7.47635206184102,4.286442720322846,0.7441856918778367,9.24
2023-03-15,1011010801,食用菌,81.886,569.4752000000001,131,9,0.23386171018244878,6.95448794665755,4.468327675060451,0.5563961402099868,9.45
2023-03-16,1011010101,花叶类,190.911,941.0738,244,14,0.14142715715699986,4.929384896627224,2.4564887827312205,1.00667918016973,12.83
2023-03-16,1011010201,花菜类,31.584,270.4886,72,2,0.12180217831813576,8.564102077001014,6.485614551671733,0.32047657300163324,15.51
2023-03-16,1011010402,水生根茎类,25.921,218.994,38,4,0.06396358165194244,8.448516646734308,5.422328999652791,0.5580973871698478,13.65
2023-03-16,1011010501,茄类,11.892,142.704,27,2,0.0,12.000000000000002,6.726521190716448,0.783983081263715,6.68
2023-03-16,1011010504,辣椒类,102.213,770.1924,143,10,0.0830520579574027,7.53517067300637,4.414126285306175,0.7070582457256798,9.24
2023-03-16,1011010801,食用菌,89.875,550.5578,136,10,0.15887621696801113,6.125816968011127,4.120272267037553,0.4867505278760489,9.45
2023-03-17,1011010101,花叶类,238.57999999999998,1216.5276000000001,310,14,0.15508424847011484,5.099034286193311,2.7242540028501976,0.8717176448519655,12.83
2023-03-17,1011010201,花菜类,48.607,434.48210000000006,120,2,0.1487028617277347,8.93867344209682,6.822777377743947,0.3101223955005439,15.51
2023-03-17,1011010402,水生根茎类,46.065,387.4644,64,4,0.12708129816563551,8.411253663301856,5.757752957777054,0.46085699143112646,13.65
2023-03-17,1011010501,茄类,16.576,199.714,42,3,0.0,12.048383204633204,7.2566934121621625,0.6603131096099784,6.68
2023-03-17,1011010504,辣椒类,158.45600000000002,1162.8716,251,10,0.08835260261523703,7.33876659766749,4.75897233301358,0.5420906204386939,9.24
2023-03-17,1011010801,食用菌,136.726,771.3922,197,9,0.1873966911926042,5.64188376753507,3.785000658250808,0.4905899039241908,9.45
2023-03-18,1011010101,花叶类,292.075,1636.733,409,13,0.034237781391765816,5.603810665068903,2.8426530172044853,0.9713312286632114,12.83
2023-03-18,1011010201,花菜类,59.217,568.8216,137,2,0.0,9.605714575206445,6.973857676005202,0.37738896052562354,15.51
2023-03-18,1011010402,水生根茎类,53.93599999999999,421.13,89,4,0.0,7.8079575793533085,4.825122181845151,0.6181885732824088,13.65
2023-03-18,1011010501,茄类,29.936,362.628,66,3,0.0,12.113442009620524,6.9448797434527,0.7442263159474427,6.68
2023-03-18,1011010504,辣椒类,189.58,1365.1498000000001,264,9,0.05274818018778352,7.200916763371664,4.125575113408587,0.745433440290026,9.24
2023-03-18,1011010801,食用菌,147.687,967.3797000000001,235,9,0.025560814425101736,6.550202116638567,4.114131237007997,0.5921227931956305,9.45
2023-03-19,1011010101,花叶类,251.51,1191.7716,331,10,0.03180788040236969,4.738466064967596,2.478012007474852,0.9122046425417427,12.83
2023-03-19,1011010201,花菜类,49.399,478.3444,104,2,0.0,9.683281038077693,7.36157776473208,0.3153812059784864,15.51
2023-03-19,1011010402,水生根茎类,41.768,349.794,64,4,0.0,8.374688756943113,5.087081018961884,0.6462660464275696,13.65
2023-03-19,1011010501,茄类,26.327999999999996,317.498,56,3,0.0,12.059328471589184,6.668770130659374,0.8083287075898684,6.68
2023-03-19,1011010504,辣椒类,173.558,1226.3552,244,8,0.04117931757683311,7.065967572799871,4.098055635580037,0.7242244130245337,9.24
2023-03-19,1011010801,食用菌,126.374,992.3509,210,9,0.060336778134742905,7.852492601326222,4.841490179942077,0.6219164574284377,9.45
2023-03-20,1011010101,花叶类,197.663,925.2564,251,13,0.08915679717498975,4.680979242448005,2.4636138275752164,0.9000458554233739,12.83
2023-03-20,1011010201,花菜类,37.566,341.82710000000003,91,2,0.12793483469094394,9.099374434328915,7.060397167651599,0.2887907320595553,15.51
2023-03-20,1011010402,水生根茎类,22.990000000000002,253.93,32,4,0.020878642888212263,11.045237059591125,7.002659417137885,0.5772917689756096,13.65
2023-03-20,1011010501,茄类,10.568999999999999,127.72999999999999,22,3,0.0,12.08534393036238,6.86831204465891,0.7595799159650085,6.68
2023-03-20,1011010504,辣椒类,119.843,874.9172,183,8,0.07745133215957545,7.300528191049956,3.969074121976252,0.8393529489983249,9.24
2023-03-20,1011010801,食用菌,74.725,593.1306000000001,129,9,0.04273001003680161,7.937512211441955,4.97688430913349,0.5948757733578767,9.45
2023-03-21,1011010101,花叶类,194.386,884.3768,243,16,0.17582541952609754,4.5495910199294185,2.638548763799862,0.7242777857087623,12.83
2023-03-21,1011010201,花菜类,36.716,331.4956,82,2,0.08364200893343501,9.028641464211788,7.647545484257544,0.1805933659103076,15.51
2023-03-21,1011010402,水生根茎类,12.402000000000001,159.7684,25,4,0.0,12.882470569263022,7.759226737622964,0.660277628800104,13.65
2023-03-21,1011010501,茄类,10.702,118.3222,23,3,0.0,11.056082975144832,6.815980190618576,0.6220826155513595,6.68
2023-03-21,1011010504,辣椒类,116.7,808.4141999999999,177,9,0.11065981148243359,6.927285347043701,4.1031634104541554,0.6882791773279533,9.24
2023-03-21,1011010801,食用菌,80.883,601.1272,139,8,0.13718581160441626,7.432058652621689,4.623626720077149,0.6074088810737037,9.45
2023-03-22,1011010101,花叶类,170.72299999999998,744.1032,225,17,0.27310321397819864,4.3585410284495945,2.6254480064197563,0.6601132522114594,12.83
2023-03-22,1011010201,花菜类,27.368000000000002,277.3474,60,2,0.06927798889213681,10.134003215434083,7.953554516223327,0.27414770273632616,15.51
2023-03-22,1011010402,水生根茎类,17.709,174.8676,27,4,0.02100626799932238,9.874504489242758,6.188897170930036,0.5955192365490325,13.65
2023-03-22,1011010501,茄类,12.133000000000001,129.6864,25,2,0.0,10.688733206956234,6.444719360421989,0.6585257804393136,6.68
2023-03-22,1011010504,辣椒类,125.241,830.3290999999999,204,10,0.0836307598949226,6.629850448335608,4.224899274199344,0.5692327835654789,9.24
2023-03-22,1011010801,食用菌,89.191,601.9092,135,8,0.16631722931685933,6.74854189324035,4.295944770212241,0.5709098357209414,9.45
2023-03-23,1011010101,花叶类,179.648,850.4426,228,18,0.22474505700035627,4.733938591022444,3.1597505121125753,0.4982001182926885,12.83
2023-03-23,1011010201,花菜类,29.488,310.89910000000003,65,2,0.13775094953879546,10.543241318502442,8.138977550189908,0.29540120408077963,15.51
2023-03-23,1011010402,水生根茎类,25.455,229.62120000000002,38,4,0.01948536633274406,9.020671773718327,5.746300530347673,0.5698224842362261,13.65
2023-03-23,1011010501,茄类,10.903,118.2402,23,2,0.0,10.844739979822068,6.596902687333761,0.6439138932038933,6.68
2023-03-23,1011010504,辣椒类,108.06700000000001,674.7666,164,10,0.29611259681493884,6.243965317812098,4.938721441328065,0.26428781051742045,9.24
2023-03-23,1011010801,食用菌,70.785,481.24060000000003,112,8,0.13330507875962422,6.798624002260366,4.311787101787102,0.5767531749057246,9.45
2023-03-24,1011010101,花叶类,202.72,954.9208,251,13,0.3616120757695343,4.710540647198106,3.200554705998422,0.4717888240965529,12.83
2023-03-24,1011010201,花菜类,33.301,336.9051,72,2,0.24332602624545807,10.11696645746374,8.707709378096752,0.16184016004390456,15.51
2023-03-24,1011010402,水生根茎类,22.479,246.0747,44,4,0.03216335246229814,10.946870412384893,6.550925308065307,0.6710418601334727,13.65
2023-03-24,1011010501,茄类,18.402,194.046,37,3,0.0,10.544832083469187,6.77479567438322,0.5564797213502963,6.68
2023-03-24,1011010504,辣椒类,153.262,1025.1014,246,10,0.16934399916482887,6.688555545405906,4.4709094230794335,0.49601678595381204,9.24
2023-03-24,1011010801,食用菌,105.586,680.8918,166,9,0.17940825488227605,6.448693955638058,4.364084537722804,0.4776739313585825,9.45
2023-03-25,1011010101,花叶类,253.903,1374.2118,358,15,0.19226239942025106,5.412349598074855,3.574289315210927,0.514244964737965,12.83
2023-03-25,1011010201,花菜类,28.459,300.94460000000004,65,2,0.1397800344355037,10.574672335640749,7.830475772163464,0.35045080826794983,15.51
2023-03-25,1011010402,水生根茎类,40.775999999999996,421.2706,65,4,0.0,10.331337061016285,6.398284284873455,0.6147042864977386,13.65
2023-03-25,1011010501,茄类,22.364,234.502,48,3,0.0,10.485691289572527,6.313079055625112,0.6609472489069359,6.68
2023-03-25,1011010504,辣椒类,187.221,1255.7712000000001,274,10,0.1140737417276908,6.707427051452562,4.216493075028977,0.5907596507570376,9.24
2023-03-25,1011010801,食用菌,113.197,776.2463,185,8,0.11650485436893203,6.857481205332297,4.572920572099967,0.4995845865267716,9.45
2023-03-26,1011010101,花叶类,264.043,1321.4752,342,14,0.2831925103108206,5.004772707475676,3.416017050253178,0.46509008410972297,12.83
2023-03-26,1011010201,花菜类,48.675,499.69720000000007,102,2,0.15985618900873141,10.265992809450438,7.544474576271187,0.3607299893009044,15.51
2023-03-26,1011010402,水生根茎类,30.047,239.4442,44,4,0.0,7.96898858455087,4.760987120178387,0.6738101539439334,13.65
2023-03-26,1011010501,茄类,20.143,210.77200000000002,44,3,0.0,10.463783944794718,6.013623094871668,0.7400132631720941,6.68
2023-03-26,1011010504,辣椒类,179.458,1182.332,281,10,0.16717003421413368,6.588349363082171,4.308907933889824,0.5290067609160087,9.24
2023-03-26,1011010801,食用菌,120.223,778.5114,196,9,0.11247431855801303,6.475561248679537,4.214658093709191,0.5364380940757629,9.45
2023-03-27,1011010101,花叶类,150.898,859.5914,201,13,0.23917480682315206,5.696506249254464,3.6980079258837093,0.5404256463006836,12.83
2023-03-27,1011010201,花菜类,20.459000000000003,219.77370000000002,49,2,0.11447284813529497,10.742152597878684,7.582212229336721,0.4167570456964629,15.51
2023-03-27,1011010402,水生根茎类,15.436,174.6189,29,4,0.018204197978750974,11.312444933920705,6.863287121015807,0.6482546532668441,13.65
2023-03-27,1011010501,茄类,12.216000000000001,129.188,22,3,0.0,10.57531106745252,6.033650949574328,0.7527217195417317,6.68
2023-03-27,1011010504,辣椒类,105.211,694.1376,158,8,0.25808137932345476,6.597576299056183,4.453028105426239,0.48159323113561836,9.24
2023-03-27,1011010801,食用菌,74.574,443.7746,113,8,0.21787754445249016,5.950795183307855,3.9954563252608146,0.48939062246398124,9.45
2023-03-28,1011010101,花叶类,145.975,663.203,185,15,0.33196780270594284,4.543264257578352,3.1014126391505394,0.46490157427833534,12.83
2023-03-28,1011010201,花菜类,18.519,190.70850000000002,44,2,0.1375344241049733,10.297991252227444,7.577877855175767,0.35895450534265505,15.51
2023-03-28,1011010402,水生根茎类,14.815999999999999,167.2837,33,4,0.10340172786177107,11.290746490280778,7.273988930885529,0.5522083684152999,13.65
2023-03-28,1011010501,茄类,15.485000000000001,148.3248,34,3,0.0,9.578611559573782,6.028286083306426,0.5889444242035795,6.68
2023-03-28,1011010504,辣椒类,92.394,629.5912000000001,139,9,0.24661774574106543,6.814200056280711,4.881438513323376,0.3959409788082069,9.24
2023-03-28,1011010801,食用菌,79.756,484.9176,122,8,0.3660790410752796,6.0800140428306335,4.224499724158684,0.43922699487013883,9.45
2023-03-29,1011010101,花叶类,130.475,669.0892,164,15,0.26058631921824105,5.128102701666986,3.3641689212492816,0.5243297294841749,12.83
2023-03-29,1011010201,花菜类,26.46,281.6009,60,2,0.11243386243386241,10.642513227513229,7.582293272864701,0.4036008427160629,15.51
2023-03-29,1011010402,水生根茎类,23.049,187.7318,31,4,0.2026985986376849,8.144899995661417,5.019803028330948,0.6225537037395557,13.65
2023-03-29,1011010501,茄类,8.567,76.4642,22,2,0.0,8.925434807984125,5.5717065483833315,0.6019211942477303,6.68
2023-03-29,1011010504,辣椒类,101.237,718.0232,162,9,0.17925264478402164,7.092497802186948,4.952140126633544,0.4322086251239452,9.24
2023-03-29,1011010801,食用菌,86.112,551.6066000000001,127,9,0.18182134894091417,6.405687941285769,4.2100342577108885,0.5215286976711486,9.45
2023-03-30,1011010101,花叶类,179.79500000000002,778.7428,211,15,0.3237798603965627,4.331281737534414,2.7896656191773963,0.5526168110469103,12.83
2023-03-30,1011010201,花菜类,26.709,276.2299,62,2,0.12662398442472575,10.34220300273316,7.659918005166798,0.35017150258750784,15.51
2023-03-30,1011010402,水生根茎类,13.154,136.453,28,4,0.12254827428918962,10.37349855557245,6.637033601946176,0.5629721314851608,13.65
2023-03-30,1011010501,茄类,14.654,137.1094,33,3,0.0,9.356448751194213,5.9739722942541285,0.5662022336784873,6.68
2023-03-30,1011010504,辣椒类,86.212,551.4024000000001,127,11,0.2675729596807869,6.395889203359162,4.442174755254489,0.4398103532045188,9.24
2023-03-30,1011010801,食用菌,63.699999999999996,393.8684,96,9,0.18018838304552592,6.183177394034537,4.175233908948195,0.4809176033905542,9.45
2023-03-31,1011010101,花叶类,208.892,872.301,247,15,0.2999684047258871,4.175846849089482,2.839829624877927,0.4704568233627695,12.83
2023-03-31,1011010201,花菜类,34.604,354.3944,81,2,0.20497630331753555,10.241428736562249,7.68385591261126,0.3328501800448038,15.51
2023-03-31,1011010402,水生根茎类,22.161,286.6594,46,4,0.10098822255313387,12.935309778439601,7.940807725283154,0.6289665013867785,13.65
2023-03-31,1011010501,茄类,21.134,189.8748,41,3,0.0,8.984328570076654,5.566123308412983,0.6141087921097945,6.68
2023-03-31,1011010504,辣椒类,138.204,850.969,203,12,0.18992214407687186,6.157339874388585,4.254230123585424,0.4473452764701966,9.24
2023-03-31,1011010801,食用菌,104.745,618.2814000000001,159,7,0.10294524798319728,5.902729485894315,4.02875774499976,0.46514877773934415,9.45
2023-04-01,1011010101,花叶类,208.377,964.649,282,14,0.1498965816764806,4.6293448893112,3.167141239196264,0.46167933151159524,12.83
2023-04-01,1011010201,花菜类,35.079,376.3456,76,2,0.04663758944097608,10.72851563613558,7.639018501097521,0.40443639907328155,15.51
2023-04-01,1011010402,水生根茎类,26.836000000000002,237.257,41,4,0.0,8.840997167983305,5.297463854523773,0.6689112773149983,13.65
2023-04-01,1011010501,茄类,23.387999999999998,200.75599999999997,53,3,0.0,8.583718146057807,5.55024157687703,0.5465485649883426,6.68
2023-04-01,1011010504,辣椒类,154.887,909.6719999999999,231,12,0.14537695222969002,5.873133316546902,4.302847688960339,0.36494102071411616,9.24
2023-04-01,1011010801,食用菌,101.324,674.1888,172,8,0.07224349611148395,6.653791796612846,4.399327503849039,0.512456572235493,9.45
2023-04-02,1011010101,花叶类,185.985,990.3634000000001,321,16,0.09221711428340995,5.3249638411699864,3.542173723687394,0.5033039756239601,12.83
2023-04-02,1011010201,花菜类,39.361999999999995,422.0366,83,2,0.04390020832274784,10.721929779990855,8.20153193435293,0.3073081792294179,15.51
2023-04-02,1011010402,水生根茎类,27.876,231.8548,42,4,0.0,8.3173626058258,5.058753049217965,0.6441527239823626,13.65
2023-04-02,1011010501,茄类,20.488,182.94400000000002,44,3,0.0,8.929324482623976,5.846109918000781,0.5273959278681462,6.68
2023-04-02,1011010504,辣椒类,165.351,1014.9422,259,11,0.08510380947197174,6.138107419973268,4.35369789115276,0.4098606686620687,9.24
2023-04-02,1011010801,食用菌,109.447,670.462,175,9,0.12843659488154083,6.125905689511819,4.104138258700559,0.4926167939214081,9.45
2023-04-03,1011010101,花叶类,170.821,904.2344,247,17,0.10345332248376957,5.293461576738223,3.146287634424339,0.6824468045518484,12.83
2023-04-03,1011010201,花菜类,16.457,176.8345,37,2,0.044661846022968944,10.745245184420003,8.020069271434647,0.3397945604649213,15.51
2023-04-03,1011010402,水生根茎类,29.721,351.3286,55,4,0.06954678510144342,11.820887587900812,7.18339490595875,0.6455850948825299,13.65
2023-04-03,1011010501,茄类,19.201,163.756,43,3,0.0,8.528514139888546,5.424310712983699,0.5722761086444748,6.68
2023-04-03,1011010504,辣椒类,114.41,621.8568,165,10,0.17291320688750986,5.435336072021677,3.8464457652303117,0.4130801274137368,9.24
2023-04-03,1011010801,食用菌,93.459,554.6454,141,9,0.2360928321509967,5.934638718582479,4.053420751345509,0.46410626545801126,9.45
2023-04-04,1011010101,花叶类,170.641,856.105,220,14,0.08204358858656478,5.016994743350074,2.981848617858545,0.6825115511575155,12.83
2023-04-04,1011010201,花菜类,20.022,211.9288,45,2,0.09374687843372291,10.584796723604036,8.45757366896414,0.2515169406618285,15.51
2023-04-04,1011010402,水生根茎类,14.977,124.5466,29,4,0.0,8.315857648394203,5.033684983641583,0.6520417299491308,13.65
2023-04-04,1011010501,茄类,20.162,174.99599999999998,47,3,0.0,8.679496081737922,5.43828191647654,0.595999658539468,6.68
2023-04-04,1011010504,辣椒类,121.55199999999999,675.9494,178,9,0.164538633671186,5.560989535342898,3.934591286033961,0.4133588805225903,9.24
2023-04-04,1011010801,食用菌,90.50699999999999,599.5222,152,9,0.10480957274023006,6.624042339266577,4.480846343376756,0.47830160457470927,9.45
2023-04-05,1011010101,花叶类,217.27100000000002,1005.0602,286,15,0.06443565869352098,4.625836858117282,2.6678222588380405,0.7339374251011934,12.83
2023-04-05,1011010201,花菜类,45.417,468.6689,101,2,0.2163066693088491,10.319239491820243,9.057117378955018,0.13935141392755623,15.51
2023-04-05,1011010402,水生根茎类,24.198999999999998,181.184,44,4,0.0,7.487251539319807,4.404973346006034,0.699726865795558,13.65
2023-04-05,1011010501,茄类,22.224999999999998,191.004,45,3,0.0,8.594105736782902,5.5016350956130475,0.5621002824479875,6.68
2023-04-05,1011010504,辣椒类,139.304,800.5732,202,9,0.06460690288864641,5.746950554183656,3.990836300465169,0.4400366543508176,9.24
2023-04-05,1011010801,食用菌,115.412,696.686,175,8,0.1167209648909992,6.036512667660209,4.043945690222854,0.492728421713188,9.45
2023-04-06,1011010101,花叶类,136.403,633.1124,178,13,0.10263703877480701,4.641484424829366,2.819607486638857,0.6461455882862248,12.83
2023-04-06,1011010201,花菜类,23.05,284.23760000000004,51,2,0.04759219088937093,12.331349240780913,8.586479826464208,0.4361355864104779,15.51
2023-04-06,1011010402,水生根茎类,9.889,141.0192,23,3,0.0,14.260208312266156,8.197664071190212,0.7395453373580028,13.65
2023-04-06,1011010501,茄类,12.387,104.602,25,3,0.0,8.444498264309356,5.4564930976023245,0.5476054149175065,6.68
2023-04-06,1011010504,辣椒类,109.473,653.6626,163,10,0.20096279447900395,5.970993761018699,4.0255477606350425,0.48327485253255476,9.24
2023-04-06,1011010801,食用菌,73.004,460.1498,116,9,0.2945318064763574,6.303076543751027,4.367203440907348,0.44327522842431955,9.45
2023-04-07,1011010101,花叶类,131.267,541.1458,170,14,0.25901407055848,4.122481659518386,2.6592740749769552,0.5502281988569044,12.83
2023-04-07,1011010201,花菜类,31.899,377.83500000000004,66,2,0.10041067118091475,11.844728674880091,7.961951471832973,0.48766652456790704,15.51
2023-04-07,1011010402,水生根茎类,16.629,194.48760000000001,31,4,0.0,11.695688255457334,7.139592278549522,0.6381451207790017,13.65
2023-04-07,1011010501,茄类,9.745999999999999,80.512,20,2,0.0,8.26103016622204,5.32446747383542,0.5515223272218246,6.68
2023-04-07,1011010504,辣椒类,97.645,572.8382,150,10,0.23554713502995547,5.8665389932920275,4.0378181166470375,0.452898279173491,9.24
2023-04-07,1011010801,食用菌,88.025,543.142,140,9,0.25388241976711157,6.170315251349049,4.336229480261289,0.42296787553255677,9.45
2023-04-08,1011010101,花叶类,183.926,864.6234000000001,250,16,0.1549644965910203,4.700930809129759,2.9934072942379,0.5704280597494109,12.83
2023-04-08,1011010201,花菜类,35.691,408.7952,76,2,0.09655095122019555,11.453733434199098,7.844129892690033,0.4601662123000876,15.51
2023-04-08,1011010402,水生根茎类,20.73,202.1526,34,4,0.017945007235890015,9.751693198263386,5.760003859141341,0.693001157071637,13.65
2023-04-08,1011010501,茄类,19.815000000000005,166.73200000000003,45,3,0.0,8.414433509967196,5.433879888972999,0.5485129745032917,6.68
2023-04-08,1011010504,辣椒类,137.92000000000002,788.443,207,10,0.16676334106728535,5.716669083526681,4.027971722737819,0.419242605715477,9.24
2023-04-08,1011010801,食用菌,128.855,803.4252,197,8,0.22827984944317256,6.23511078343875,4.268562337511156,0.4607051017261743,9.45
2023-04-09,1011010101,花叶类,197.616,856.8702,259,14,0.13156829406525786,4.3360365557444736,2.874651394623917,0.5083695239894455,12.83
2023-04-09,1011010201,花菜类,30.536,321.2385,64,2,0.10282944720985067,10.519992795389047,7.710400838354728,0.3643898697274266,15.51
2023-04-09,1011010402,水生根茎类,31.302999999999997,355.388,43,4,0.0,11.353161038878063,6.860489090502508,0.6548617582666372,13.65
2023-04-09,1011010501,茄类,15.846,144.424,35,2,0.0,9.114224409945727,6.31639025621608,0.44294827270627324,6.68
2023-04-09,1011010504,辣椒类,136.063,851.2884,211,10,0.244320645583296,6.256575262929673,4.27611856272462,0.4631435427139239,9.24
2023-04-09,1011010801,食用菌,83.908,526.8012,129,7,0.24817657434332838,6.278319111407732,4.376002526576727,0.43471560477346327,9.45
2023-04-10,1011010101,花叶类,123.411,508.0788,157,12,0.1620601080940921,4.11696526241583,2.779028773772192,0.4814403151456228,12.83
2023-04-10,1011010201,花菜类,18.365000000000002,185.7665,42,2,0.04274435066702967,10.115246392594608,7.579285597604137,0.3345910062806059,15.51
2023-04-10,1011010402,水生根茎类,17.868,191.16320000000002,29,4,0.0,10.6986344302664,6.1617433400492505,0.7362999138131721,13.65
2023-04-10,1011010501,茄类,12.818,116.624,26,2,0.0,9.098455297238258,6.269589639569355,0.4512042765630213,6.68
2023-04-10,1011010504,辣椒类,73.788,445.889,116,10,0.3252561392096276,6.042838944001735,4.330091071718979,0.3955454617269336,9.24
2023-04-10,1011010801,食用菌,51.772999999999996,304.2354,80,7,0.44424700133274103,5.876333223881175,4.258875861935758,0.37978504525141155,9.45
2023-04-11,1011010101,花叶类,158.881,632.6655999999999,190,14,0.3726436767140187,3.982009176679401,2.7163578401445108,0.46593689455420106,12.83
2023-04-11,1011010201,花菜类,15.788,155.89010000000002,34,2,0.13459589561692425,9.873961236382064,7.5379940461109705,0.30989241646804877,15.51
2023-04-11,1011010402,水生根茎类,7.577,67.3862,12,4,0.13197835554968984,8.89351986274251,5.912361092780785,0.5042247459482527,13.65
2023-04-11,1011010501,茄类,13.366,111.53999999999999,26,3,0.0,8.345054616190334,5.846986383360766,0.4272403027888896,6.68
2023-04-11,1011010504,辣椒类,85.563,554.8014,134,11,0.2220586000958358,6.484127485011044,4.4608389140165725,0.4535668312605996,9.24
2023-04-11,1011010801,食用菌,62.405,366.02970000000005,88,7,0.19445557247015463,5.865390593702428,4.111353897924846,0.42663237933929987,9.45
2023-04-12,1011010101,花叶类,118.761,533.045,160,13,0.17406387618831098,4.488384233881493,3.092951979185086,0.45116518590892163,12.83
2023-04-12,1011010201,花菜类,17.265,172.9556,33,2,0.05073848827106863,10.017700550246163,7.510860121633361,0.3337620975515714,15.51
2023-04-12,1011010402,水生根茎类,19.088,196.649,35,4,0.0,10.302231768650461,6.1343917644593455,0.6794218830851682,13.65
2023-04-12,1011010501,茄类,8.998,79.34,20,3,0.0,8.817515003334075,5.914293176261391,0.4908822982813139,6.68
2023-04-12,1011010504,辣椒类,84.989,527.99,130,11,0.20002588570285565,6.212451023073574,4.002965913235831,0.5519620096019473,9.24
2023-04-12,1011010801,食用菌,63.480000000000004,345.8908,93,8,0.3358538122243226,5.448815374921235,3.8541808443604286,0.4137414913714106,9.45
2023-04-13,1011010101,花叶类,92.251,482.1886,141,14,0.11307194501956619,5.226920033387172,3.521411041614725,0.484325451251608,12.83
2023-04-13,1011010201,花菜类,19.775,198.0155,42,2,0.15130214917825538,10.013426042983566,7.2581628318584075,0.37960890034478467,15.51
2023-04-13,1011010402,水生根茎类,15.052000000000001,141.9922,23,4,0.0,9.433444060589954,5.4215685623173,0.7399842780108434,13.65
2023-04-13,1011010501,茄类,9.198,83.3806,21,3,0.0,9.065079365079365,5.63865296803653,0.6076675433771148,6.68
2023-04-13,1011010504,辣椒类,76.901,521.4986,120,12,0.11984239476729822,6.781428069856049,4.168215887959844,0.6269378199542479,9.24
2023-04-13,1011010801,食用菌,51.532,342.8034,76,8,0.469630520841419,6.6522432663199575,4.597345338818599,0.4469748900850279,9.45
2023-04-14,1011010101,花叶类,131.72899999999998,513.8882,168,10,0.29334466973863005,3.9011015038450156,2.672531257354114,0.45970285403031097,12.83
2023-04-14,1011010201,花菜类,18.183,198.6295,35,2,0.15613485123466975,10.92391244569103,7.415297805642633,0.4731589656963655,15.51
2023-04-14,1011010402,水生根茎类,26.338,289.35339999999997,35,4,0.0,10.986156883590247,6.658402308451667,0.6499689226716234,13.65
2023-04-14,1011010501,茄类,19.025,164.1136,40,3,0.041629434954007886,8.626207621550591,5.399809198423128,0.5975023013905099,6.68
2023-04-14,1011010504,辣椒类,89.822,608.9578,145,10,0.2579657544922179,6.779606332524326,4.416205717975552,0.535165426041835,9.24
2023-04-14,1011010801,食用菌,83.023,419.8508,119,7,0.4080074196307047,5.057042024499236,3.6800019271768067,0.37419548265803626,9.45
2023-04-15,1011010101,花叶类,208.169,878.7444,267,13,0.09789161690741656,4.221302883714674,2.880043282140953,0.46570814053067355,12.83
2023-04-15,1011010201,花菜类,20.852,227.964,45,2,0.0,10.932476501055055,7.380997026664108,0.481165276393027,15.51
2023-04-15,1011010402,水生根茎类,28.541,287.7264,45,4,0.03503731474019831,10.081160435864195,5.935986125223362,0.6983126683916998,13.65
2023-04-15,1011010501,茄类,16.674,153.079,34,3,0.0,9.180700491783616,5.846514333693175,0.5702861513356241,6.68
2023-04-15,1011010504,辣椒类,138.985,869.606,196,10,0.1007302946361118,6.256833471237902,3.9708923984602653,0.5756743934094066,9.24
2023-04-15,1011010801,食用菌,106.142,615.7620000000001,153,8,0.3252623843530365,5.801303913625144,4.024885530704151,0.4413587341477039,9.45
2023-04-16,1011010101,花叶类,204.874,935.1982,308,17,0.14476702753887755,4.564748089069379,3.299905502894462,0.3832966080590732,12.83
2023-04-16,1011010201,花菜类,23.472,243.264,50,2,0.0,10.3640081799591,7.002453987730061,0.48005373517901995,15.51
2023-04-16,1011010402,水生根茎类,16.458000000000002,192.3828,35,3,0.0,11.689318264673714,7.635466034755134,0.5309240079736122,13.65
2023-04-16,1011010501,茄类,20.902,189.94099999999997,42,3,0.0,9.087216534302936,5.4913046598411634,0.6548374379515458,6.68
2023-04-16,1011010504,辣椒类,133.274,888.8754,200,10,0.12005342377357925,6.66953344238186,4.207454867416001,0.5851705253057033,9.24
2023-04-16,1011010801,食用菌,85.949,493.6934,116,8,0.24703021559296792,5.744027271986876,3.837286530384298,0.4968981926433367,9.45
2023-04-17,1011010101,花叶类,106.884,437.62440000000004,161,15,0.1590509337225403,4.0943864376333226,3.044246472811646,0.34495891650053356,12.83
2023-04-17,1011010201,花菜类,14.475000000000001,155.816,33,2,0.06597582037996545,10.764490500863557,7.042880829015544,0.5284215028196384,15.51
2023-04-17,1011010402,水生根茎类,7.066000000000001,89.60740000000001,15,3,0.10656665723181431,12.681488819699972,8.722570053778657,0.4538706759031752,13.65
2023-04-17,1011010501,茄类,9.19,81.884,20,3,0.0,8.910119695321002,5.134075081610446,0.7354868313546548,6.68
2023-04-17,1011010504,辣椒类,68.456,490.2658,95,9,0.08764754002570994,7.161765221456117,4.188282838611663,0.7099526219748111,9.24
2023-04-17,1011010801,食用菌,39.145,260.3386,57,9,0.051092093498531096,6.650622046238344,4.208838165793843,0.5801562769244535,9.45
2023-04-18,1011010101,花叶类,182.607,722.3488,234,16,0.16892561621405533,3.955756351070879,2.882759587529504,0.37221167113034315,12.83
2023-04-18,1011010201,花菜类,16.779,178.784,38,2,0.0,10.655223791644318,6.841846951546576,0.5573607341853417,15.51
2023-04-18,1011010402,水生根茎类,15.097,139.608,20,3,0.0,9.247400145724317,5.992385242101079,0.5431918630254733,13.65
2023-04-18,1011010501,茄类,16.152,135.032,33,3,0.0,8.360079247152056,4.564474987617633,0.831553304559894,6.68
2023-04-18,1011010504,辣椒类,78.486,575.4948,130,11,0.18166297174018295,7.332451647427567,4.753656830517544,0.5424865338100695,9.24
2023-04-18,1011010801,食用菌,66.338,384.99260000000004,95,9,0.1634206638728934,5.80350025626338,3.7070018692152313,0.5655509387406852,9.45
2023-04-19,1011010101,花叶类,156.553,641.0214,208,15,0.18895837192516274,4.094596718044368,2.917316116586715,0.40354920564285,12.83
2023-04-19,1011010201,花菜类,19.103,206.372,41,2,0.0,10.803119928806993,6.987222949274983,0.5461249780111797,15.51
2023-04-19,1011010402,水生根茎类,12.216,123.28120000000001,15,4,0.0,10.091781270464965,6.584076620825147,0.5327557456644871,13.65
2023-04-19,1011010501,茄类,13.945,123.932,28,2,0.0,8.887199713158838,4.6184919325923275,0.92426442286119,6.68
2023-04-19,1011010504,辣椒类,76.651,514.4062,114,11,0.1006510025961827,6.711017468787101,4.170233917365723,0.6092664348733596,9.24
2023-04-19,1011010801,食用菌,58.407000000000004,321.53110000000004,91,9,0.3043984453918194,5.50500967349804,3.7760992689232453,0.4578561847680962,9.45
2023-04-20,1011010101,花叶类,122.087,540.9514,194,16,0.15244866365788332,4.430868151400231,3.3686622654336658,0.31531979233003415,12.83
2023-04-20,1011010201,花菜类,19.807,197.78,44,2,0.134497904781138,9.985358711566619,6.745583884485282,0.48028085967958356,15.51
2023-04-20,1011010402,水生根茎类,12.171,132.9264,21,4,0.0,10.921567660833128,7.235625667570454,0.5094157938245476,13.65
2023-04-20,1011010501,茄类,10.306999999999999,86.816,25,3,0.0,8.423013485980404,4.330406519840885,0.9450860900444737,6.68
2023-04-20,1011010504,辣椒类,70.384,420.6166,108,9,0.21814616958399635,5.976025801318482,4.007766395771767,0.491111310185955,9.24
2023-04-20,1011010801,食用菌,55.919,342.255,87,7,0.43346626370285596,6.120549366047319,4.3731019868023395,0.39958989854767424,9.45
2023-04-21,1011010101,花叶类,215.684,912.5602,283,17,0.10725413104356372,4.231005545149385,3.042782821164296,0.3905052689663948,12.83
2023-04-21,1011010201,花菜类,26.17,271.5984,58,2,0.03362628964463126,10.378234619793657,7.004188765762322,0.4817182927056807,15.51
2023-04-21,1011010402,水生根茎类,28.933999999999997,254.1484,45,4,0.10762424828920993,8.783728485518768,6.288575032833345,0.39677565102713275,13.65
2023-04-21,1011010501,茄类,30.950000000000003,255.632,57,3,0.0,8.25951534733441,4.302522132471728,0.9196915420838183,6.68
2023-04-21,1011010504,辣椒类,125.533,737.4068,171,9,0.22376586236288465,5.874206782280356,3.6867908836720225,0.5933116272734407,9.24
2023-04-21,1011010801,食用菌,89.492,460.9556,133,8,0.23426675010056763,5.150802306351405,3.538786036740714,0.45552804065413,9.45
2023-04-22,1011010101,花叶类,330.85,1502.8518000000001,468,15,0.08606921565664197,4.542396252077981,3.2586031434184677,0.39397037692437076,12.83
2023-04-22,1011010201,花菜类,40.025999999999996,409.3104000000001,88,2,0.04864338180182882,10.226113026532756,6.845582371458551,0.49382659818231556,15.51
2023-04-22,1011010402,水生根茎类,27.103,223.03660000000002,47,4,0.06294506143231376,8.229221857358965,5.300702136294876,0.5524776993243932,13.65
2023-04-22,1011010501,茄类,39.651,326.30400000000003,76,3,0.0,8.229401528334721,4.161852664497743,0.9773409084215754,6.68
2023-04-22,1011010504,辣椒类,185.589,1211.1192,264,9,0.05927075419340586,6.525813491101305,3.6249300335688,0.800259158292371,9.24
2023-04-22,1011010801,食用菌,158.56799999999998,856.4276,223,9,0.15766106654558298,5.401011553402957,3.517263256142475,0.5355721650833907,9.45
2023-04-23,1011010101,花叶类,279.352,1107.6842,354,14,0.1283899882585412,3.965191586242447,2.8073611071336524,0.4124266294659018,12.83
2023-04-23,1011010201,花菜类,22.853,260.3618,49,2,0.04769614492626788,11.392893711985296,7.92361615542817,0.43784018414123405,15.51
2023-04-23,1011010402,水生根茎类,10.291,109.7128,23,3,0.0,10.661043630356621,6.806082013409776,0.5663995246239399,13.65
2023-04-23,1011010501,茄类,21.875999999999998,166.11399999999998,46,3,0.0,7.593435728652405,3.544514993600292,1.1423059973966923,6.68
2023-04-23,1011010504,辣椒类,154.222,997.8494,190,9,0.03890495519445993,6.470214366303121,3.453482447381048,0.8735333000490026,9.24
2023-04-23,1011010801,食用菌,81.715,409.083,115,9,0.12237655265251178,5.0062167288747474,3.3225913235024165,0.5067205808500048,9.45
2023-04-24,1011010101,花叶类,189.222,779.8858,239,12,0.10248279798332117,4.12153872171312,2.9303052499180855,0.4065219730361995,12.83
2023-04-24,1011010201,花菜类,17.855999999999998,180.26690000000002,41,2,0.05785170250896057,10.09559251792115,6.9410198252688176,0.454482593633877,15.51
2023-04-24,1011010402,水生根茎类,13.28,111.2124,23,3,0.05745481927710844,8.374427710843374,5.427974397590361,0.5428274154279413,13.65
2023-04-24,1011010501,茄类,25.564999999999998,175.724,49,3,0.0,6.873616272247213,4.1073420692352824,0.6734949649633064,6.68
2023-04-24,1011010504,辣椒类,74.395,519.7543000000001,137,7,0.038080516163720685,6.9864144095705365,3.747781168089254,0.8641468368155678,9.24
2023-04-24,1011010801,食用菌,60.294000000000004,387.53640000000007,92,8,0.06634159286164461,6.427445516966863,4.169490164858858,0.5415423140072184,9.45
2023-04-25,1011010101,花叶类,163.704,665.733,217,12,0.10810365049113033,4.066687435859844,2.8883017519425302,0.4079856556278407,12.83
2023-04-25,1011010201,花菜类,15.89,158.16000000000003,36,2,0.0,9.953429830081813,6.613908118313405,0.5049241162757505,15.51
2023-04-25,1011010402,水生根茎类,9.992999999999999,80.5844,17,3,0.06724707295106575,8.064084859401582,5.458481937356149,0.477349371482481,13.65
2023-04-25,1011010501,茄类,19.3,117.912,37,3,0.0,6.109430051813471,4.144791191709845,0.4740018903806724,6.68
2023-04-25,1011010504,辣椒类,70.19200000000001,441.5806,82,8,0.018378162753590152,6.2910388648279,3.3755526270800087,0.8637063496977402,9.24
2023-04-25,1011010801,食用菌,68.882,343.6434,92,8,0.26818326993989716,4.988870822566127,3.4189637350831856,0.4591762911590942,9.45
2023-04-26,1011010101,花叶类,148.39,617.9542,214,13,0.14779971696205946,4.16439247927758,3.066510276972842,0.3580233239552455,12.83
2023-04-26,1011010201,花菜类,21.236,203.6784,48,2,0.0,9.591184780561312,6.6944904878508185,0.4326982461125941,15.51
2023-04-26,1011010402,水生根茎类,4.702,84.04920000000001,14,4,0.0,17.875202041684393,12.492203317737134,0.43090867055487103,13.65
2023-04-26,1011010501,茄类,18.526,111.156,35,2,0.0,6.0,4.172436575623448,0.4380086770051086,6.68
2023-04-26,1011010504,辣椒类,47.263,276.2925,52,9,0.05587880583119988,5.845851934917378,3.511035693883165,0.6649935929452011,9.24
2023-04-26,1011010801,食用菌,45.674,241.7646,59,9,0.0875771773875728,5.293265315058895,3.415742435521303,0.5496675803224165,9.45
2023-04-27,1011010101,花叶类,142.945,567.5628,199,13,0.25181713246353493,3.9704977438875098,2.908537899191997,0.3651181045261709,12.83
2023-04-27,1011010201,花菜类,14.240000000000002,145.2768,35,2,0.0,10.202022471910112,7.177400280898875,0.42140915549333724,15.51
2023-04-27,1011010402,水生根茎类,11.675,163.7852,23,4,0.1140899357601713,14.028710920770877,10.438413704496789,0.34395046200625434,13.65
2023-04-27,1011010501,茄类,18.479999999999997,114.274,38,3,0.0,6.18365800865801,4.26004329004329,0.4515481622242321,6.68
2023-04-27,1011010504,辣椒类,66.698,392.4996,75,9,0.090842304117065,5.884728177756455,3.266951782662149,0.8012901840140267,9.24
2023-04-27,1011010801,食用菌,62.808,333.966,90,9,0.34748758119984713,5.317252579289263,3.689622341103044,0.44113735437205337,9.45
2023-04-28,1011010101,花叶类,164.327,682.6212,219,13,0.182489791695826,4.1540416364930906,2.934934551230169,0.4153779459074942,12.83
2023-04-28,1011010201,花菜类,22.805999999999997,229.644,53,2,0.0,10.069455406471983,7.340907655880033,0.3716907879104563,15.51
2023-04-28,1011010402,水生根茎类,14.48,145.4296,21,4,0.03943370165745856,10.043480662983425,7.292435082872927,0.37724649569683866,13.65
2023-04-28,1011010501,茄类,22.141000000000002,163.365,44,3,0.0,7.378393026511901,4.194002529244388,0.7592724313023311,6.68
2023-04-28,1011010504,辣椒类,84.338,491.0937,95,9,0.2148260570561313,5.822923237449312,3.208234722189286,0.8149928984858605,9.24
2023-04-28,1011010801,食用菌,81.77799999999999,449.7696,117,8,0.3371444642813471,5.4998850546601785,3.8031255349849595,0.44614870165781406,9.45
2023-04-29,1011010101,花叶类,169.132,812.491,228,13,0.09801811602771798,4.803886904902679,3.295574344299127,0.45767820811347115,12.83
2023-04-29,1011010201,花菜类,27.577,266.744,66,2,0.0,9.672698263045291,7.490172970228814,0.2913851658020927,15.51
2023-04-29,1011010402,水生根茎类,24.692999999999998,198.0476,44,4,0.06831895678937351,8.02039444376949,5.4103875592273125,0.48240664018437296,13.65
2023-04-29,1011010501,茄类,37.233999999999995,270.51300000000003,69,3,0.0,7.265214588816675,4.176917065048075,0.739372478714287,6.68
2023-04-29,1011010504,辣椒类,161.482,925.179,239,10,0.13572410547305583,5.729301098574454,3.3656919037415935,0.7022654664870747,9.24
2023-04-29,1011010801,食用菌,127.524,601.6332,156,9,0.19952322700040775,4.717803707537405,3.233988112041655,0.4588191248974627,9.45
2023-04-30,1011010101,花叶类,132.248,648.9182000000001,196,13,0.11026253705160004,4.906828080575889,3.527376141794205,0.3910702696083961,12.83
2023-04-30,1011010201,花菜类,25.487000000000002,257.3088,52,2,0.02499313375446306,10.095687997802802,7.722224663553968,0.30735486697903247,15.51
2023-04-30,1011010402,水生根茎类,16.983,224.7064,37,4,0.034976152623211444,13.23125478419596,9.583581817111229,0.3806168754746695,13.65
2023-04-30,1011010501,茄类,43.783,315.075,83,3,0.0,7.196286229815224,4.4778411712308435,0.6070883165865282,6.68
2023-04-30,1011010504,辣椒类,117.501,764.0254,188,10,0.19154730598037462,6.502288491161777,3.896615177743168,0.6687017307487255,9.24
2023-04-30,1011010801,食用菌,97.254,440.4814,124,8,0.23008822259238693,4.529185431961667,3.1632444937997413,0.4318164279869292,9.45
2023-05-01,1011010101,花叶类,179.89,864.4678,254,14,0.10581466451720496,4.805535605092001,3.5833872366446164,0.3410595304770272,12.83
2023-05-01,1011010201,花菜类,29.388999999999996,293.397,66,2,0.0,9.98322501616251,7.756309503555752,0.287110192235865,15.51
2023-05-01,1011010402,水生根茎类,22.754,265.0604,44,5,0.021974158389733673,11.648958424892326,8.746409422519118,0.33185606368941545,13.65
2023-05-01,1011010501,茄类,31.862,254.896,68,3,0.0,8.0,4.954051220890089,0.6148399851551491,6.68
2023-05-01,1011010504,辣椒类,138.857,906.1024,208,10,0.1892162440496338,6.525435519995391,3.8542543047883795,0.69304747532835,9.24
2023-05-01,1011010801,食用菌,83.717,404.846,105,8,0.2007955373460588,4.835887573611094,3.262754995998423,0.48214854610353086,9.45
2023-05-02,1011010101,花叶类,199.057,982.9721999999999,282,14,0.10532661498967634,4.938144350613141,3.6983625795626383,0.3352245066239874,12.83
2023-05-02,1011010201,花菜类,22.365,231.51600000000002,47,2,0.032416722557567626,10.351710261569417,7.450414486921529,0.38941400907839796,15.51
2023-05-02,1011010402,水生根茎类,20.191,203.09,45,4,0.0,10.058441880045565,7.00785746124511,0.4353091420124928,13.65
2023-05-02,1011010501,茄类,35.967,287.736,75,3,0.0,8.0,5.372183946395307,0.48915228514614384,6.68
2023-05-02,1011010504,辣椒类,103.643,722.945,157,10,0.19121407137963975,6.975338421311618,4.497996873884392,0.5507655111569336,9.24
2023-05-02,1011010801,食用菌,66.312,376.2025,104,7,0.2731783086017614,5.673219025214139,4.044664163349017,0.4026427896343967,9.45
2023-05-03,1011010101,花叶类,252.366,1246.6628,351,14,0.051512485834066396,4.939899986527504,3.5598388055443286,0.38767518878489016,12.83
2023-05-03,1011010201,花菜类,32.370999999999995,336.015,70,2,0.0,10.380124185227519,6.684919217818418,0.5527673330082525,15.51
2023-05-03,1011010402,水生根茎类,11.586,108.9844,19,3,0.0,9.406559640945968,6.3331986880718105,0.48527783577398953,13.65
2023-05-03,1011010501,茄类,22.717,181.736,44,1,0.0,8.0,5.31,0.5065913370998119,6.68
2023-05-03,1011010504,辣椒类,95.795,712.0877,177,8,0.03637976929902396,7.433453729317814,4.218261809071454,0.7622077684538278,9.24
2023-05-03,1011010801,食用菌,72.027,401.5384,106,8,0.055534730031793635,5.5748316603495915,3.7000013883682508,0.506710694183865,9.45
2023-05-04,1011010101,花叶类,121.428,645.0344,179,11,0.107059327338011,5.312072997990579,3.806454359785223,0.3955435940890435,12.83
2023-05-04,1011010201,花菜类,32.652,332.925,72,2,0.016415533504838906,10.196159500183755,6.8909690064927105,0.4796408880343064,15.51
2023-05-04,1011010402,水生根茎类,9.037,92.9884,24,4,0.0,10.28974217107447,7.200161558039171,0.4290987900939114,13.65
2023-05-04,1011010501,茄类,25.655,205.24,56,1,0.0,8.0,5.809999999999999,0.3769363166953532,6.68
2023-05-04,1011010504,辣椒类,76.542,558.0575,149,8,0.029852891223119335,7.290866452405215,4.72337866792088,0.5435701782543052,9.24
2023-05-04,1011010801,食用菌,55.952000000000005,242.3238,70,8,0.25421790105804976,4.33092293394338,3.0090229124964254,0.43931204908979726,9.45
2023-05-05,1011010101,花叶类,115.371,677.5214,192,13,0.06067382617815569,5.872545093654384,4.152846295862912,0.4141012393125758,12.83
2023-05-05,1011010201,花菜类,28.674999999999997,296.607,57,2,0.0,10.343748910200524,7.1543734960767225,0.4457938093213578,15.51
2023-05-05,1011010402,水生根茎类,13.454,107.6232,28,4,0.0,7.999345919429166,5.349033001337892,0.49547514801804016,13.65
2023-05-05,1011010501,茄类,22.324,178.592,46,1,0.0,8.0,5.84,0.36986301369863006,6.68
2023-05-05,1011010504,辣椒类,66.977,533.9982,135,7,0.014930498529345894,7.972859339773355,5.20080669483554,0.5330043602063683,9.24
2023-05-05,1011010801,食用菌,63.126,292.5426,85,6,0.2445901847099452,4.634264803725881,3.2809880239520957,0.41246014002321885,9.45
2023-05-06,1011010101,花叶类,163.827,908.4752,231,15,0.018824735849402113,5.545332576437339,3.8280296898557626,0.44861273963794224,12.83
2023-05-06,1011010201,花菜类,34.087,334.0515,72,2,0.05371549270983072,9.799967729632996,6.032738580690585,0.6244641796679953,15.51
2023-05-06,1011010402,水生根茎类,17.781,146.7472,36,3,0.0,8.253034137562567,5.592841797424218,0.47564233648867016,13.65
2023-05-06,1011010501,茄类,23.097,184.776,46,1,0.0,8.0,6.47,0.2364760432766615,6.68
2023-05-06,1011010504,辣椒类,94.505,689.4476,182,9,0.03174435215067986,7.295355801280356,4.59070641764986,0.5891575582424409,9.24
2023-05-06,1011010801,食用菌,99.697,456.2262,130,8,0.20060784176053442,4.576127666830496,2.997764225603579,0.5265135355697044,9.45
2023-05-07,1011010101,花叶类,238.132,1246.103,335,15,0.016797406480439418,5.2328246518737505,3.5468557774679588,0.47534181827076627,12.83
2023-05-07,1011010201,花菜类,54.158,570.003,113,2,0.0,10.524816278296836,6.47556999889213,0.6253111741665165,15.51
2023-05-07,1011010402,水生根茎类,18.818,161.2712,42,4,0.0,8.57004995217345,5.696840790732277,0.5043513180349646,13.65
2023-05-07,1011010501,茄类,39.966,319.728,83,1,0.0,8.0,6.22,0.2861736334405145,6.68
2023-05-07,1011010504,辣椒类,134.833,946.5740000000001,242,10,0.04449949196413341,7.020343684409603,4.131968731690313,0.6990311738244226,9.24
2023-05-07,1011010801,食用菌,115.423,553.0402,155,8,0.20629337307122497,4.791421120573889,3.2293345347114526,0.4837177966766495,9.45
2023-05-08,1011010101,花叶类,142.341,824.9606,213,13,0.004580549525435398,5.795663933792793,3.9308539352681238,0.47440327960124784,12.83
2023-05-08,1011010201,花菜类,17.863,202.356,40,2,0.0,11.328220343727258,7.53761070368919,0.5028927320673116,15.51
2023-05-08,1011010402,水生根茎类,9.628,137.184,22,5,0.051308683007893645,14.248442044038221,9.706794765267968,0.4678833114944174,13.65
2023-05-08,1011010501,茄类,21.757,174.056,43,1,0.0,8.0,6.04,0.32450331125827825,6.68
2023-05-08,1011010504,辣椒类,85.984,645.836,150,9,0.04652028284331969,7.511118347599554,4.361671473762561,0.722073382367826,9.24
2023-05-08,1011010801,食用菌,58.128,327.79380000000003,84,8,0.15921758876961187,5.639172171758878,3.7784501445086702,0.4924564189246874,9.45
2023-05-09,1011010101,花叶类,145.033,707.6812,209,12,0.07225252183985714,4.879449504595506,3.260321030386188,0.4966162715631506,12.83
2023-05-09,1011010201,花菜类,25.810000000000002,257.95680000000004,60,2,0.0,9.994451762882605,6.504531576908175,0.5365367428400292,15.51
2023-05-09,1011010402,水生根茎类,7.406,106.79,16,5,0.0,14.419389684039968,9.185598163651095,0.5697823295928444,13.65
2023-05-09,1011010501,茄类,17.224,137.792,31,1,0.0,8.0,6.04,0.32450331125827825,6.68
2023-05-09,1011010504,辣椒类,81.721,630.7936,135,9,0.0,7.71886785526364,4.463694032133723,0.7292555895848194,9.24
2023-05-09,1011010801,食用菌,49.033,293.8002,80,8,0.03206004119674505,5.991887096445251,3.91681541002998,0.5297854172809713,9.45
2023-05-10,1011010101,花叶类,159.328,820.7446,235,13,0.07841685077324764,5.151289164490861,3.394518854187588,0.5175314634461567,12.83
2023-05-10,1011010201,花菜类,26.422,264.22080000000005,55,2,0.0,10.000030277798805,6.509191961244418,0.5362936501702147,15.51
2023-05-10,1011010402,水生根茎类,10.336,81.3416,19,5,0.0,7.8697368421052625,4.937999226006192,0.5937096143431826,13.65
2023-05-10,1011010501,茄类,28.106,224.848,55,1,0.0,8.0,5.72,0.39860139860139876,6.68
2023-05-10,1011010504,辣椒类,99.28999999999999,681.2656,146,9,0.12085809245644073,6.861371739349381,3.5529026085204958,0.9312017511807344,9.24
2023-05-10,1011010801,食用菌,78.595,348.3464,98,7,0.16540492397735226,4.432169985368026,2.94993421973408,0.5024640060508065,9.45
2023-05-11,1011010101,花叶类,158.484,802.3572,245,14,0.06268771611014361,5.062701597637616,3.473803980212513,0.4573941496053848,12.83
2023-05-11,1011010201,花菜类,23.274,227.2545,48,2,0.07562086448397352,9.76430781129157,6.447453381455701,0.5144441120545165,15.51
2023-05-11,1011010402,水生根茎类,9.518,145.5552,16,4,0.0,15.292624500945577,10.248638369405336,0.4921615876893226,13.65
2023-05-11,1011010501,茄类,13.908,111.264,31,1,0.0,8.0,4.59,0.7429193899782136,6.68
2023-05-11,1011010504,辣椒类,76.077,538.174,127,9,0.01930938391366642,7.074069692548339,3.6670662618136887,0.9290815020750638,9.24
2023-05-11,1011010801,食用菌,42.217,279.7074,63,8,0.09474856100622972,6.625468413198475,3.900147570883768,0.6987737752951624,9.45
2023-05-12,1011010101,花叶类,142.706,756.074,229,12,0.06306672459462112,5.298123414572618,3.54003097276919,0.49663193777882686,12.83
2023-05-12,1011010201,花菜类,21.507,200.63600000000002,48,2,0.018831078253591853,9.32886967033989,7.215623750406844,0.2928708581588517,15.51
2023-05-12,1011010402,水生根茎类,16.347,284.1632,39,5,0.0,17.383201810729798,12.014763565180155,0.4468201322835723,13.65
2023-05-12,1011010501,茄类,24.496,171.472,46,1,0.0,7.000000000000001,4.51,0.552106430155211,6.68
2023-05-12,1011010504,辣椒类,88.881,673.0775,163,8,0.08896164534602446,7.572793960463991,3.9096623575342306,0.9369432109324258,9.24
2023-05-12,1011010801,食用菌,67.92099999999999,382.12,96,6,0.09098805965754334,5.6259477922881,3.3086058803610077,0.7003982933362385,9.45
2023-05-13,1011010101,花叶类,179.071,963.18,280,16,0.04516085798370479,5.378760379961021,3.6305823388488365,0.48151450041661525,12.83
2023-05-13,1011010201,花菜类,45.087,393.5408,93,2,0.011777230687337813,8.728476057400137,6.386054516823031,0.3668026219328968,15.51
2023-05-13,1011010402,水生根茎类,20.655,362.9852,42,5,0.0,17.57372064875333,11.779603969983054,0.49187703538547844,13.65
2023-05-13,1011010501,茄类,33.208,232.45600000000002,64,1,0.0,7.000000000000001,4.58,0.5283842794759828,6.68
2023-05-13,1011010504,辣椒类,135.703,968.972,224,8,0.08842840615166946,7.1403874637996205,3.5981455089423227,0.9844632314212725,9.24
2023-05-13,1011010801,食用菌,95.606,611.7762,141,8,0.14029454218354498,6.3989310294332995,3.758884379641445,0.7023484585188771,9.45
2023-05-14,1011010101,花叶类,199.50900000000001,1060.6856,318,14,0.0637966207038279,5.31647995829762,3.5208640211719766,0.5099929807933745,12.83
2023-05-14,1011010201,花菜类,43.641999999999996,374.47,81,2,0.0,8.580495852619038,6.016092067274644,0.42625740375447685,15.51
2023-05-14,1011010402,水生根茎类,15.86,178.3172,29,4,0.0,11.243203026481716,7.15484552332913,0.5714110094791094,13.65
2023-05-14,1011010501,茄类,32.974000000000004,230.818,60,1,0.0,7.0,4.6,0.5217391304347827,6.68
2023-05-14,1011010504,辣椒类,110.866,797.4962,199,8,0.16357584832139702,7.1933342954557755,3.7700248047192106,0.9080336783066687,9.24
2023-05-14,1011010801,食用菌,97.67699999999999,583.2121999999999,139,8,0.18500772955762362,5.970824247263941,3.471151857653286,0.7201276383513191,9.45
2023-05-15,1011010101,花叶类,171.35,822.9846,245,16,0.14598190837467173,4.80294484972279,3.2827766559673184,0.46307390147671557,12.83
2023-05-15,1011010201,花菜类,27.764000000000003,278.72249999999997,59,2,0.04426595591413341,10.038989338712,6.476465927099841,0.5500721306515783,15.51
2023-05-15,1011010402,水生根茎类,7.475,73.4192,16,4,0.0,9.821966555183947,6.198366555183946,0.5846056324257616,13.65
2023-05-15,1011010501,茄类,21.584,150.601,45,2,0.0,6.977436990363232,4.645785303928836,0.5018853722023209,6.68
2023-05-15,1011010504,辣椒类,78.687,548.8491,132,8,0.17811074256230383,6.9750924549163145,3.593511507618793,0.9410241041744414,9.24
2023-05-15,1011010801,食用菌,61.585,360.1954,89,7,0.30624340342615897,5.848752131200779,3.376190468458229,0.7323525393019874,9.45
2023-05-16,1011010101,花叶类,194.936,965.6315999999999,276,15,0.12138342840727212,4.953582714326753,3.3148085525505806,0.4943797313770104,12.83
2023-05-16,1011010201,花菜类,26.009,274.18050000000005,48,2,0.02364566111730555,10.541754777192512,6.944302356876466,0.5180437480164926,15.51
2023-05-16,1011010402,水生根茎类,9.603,97.964,20,4,0.0,10.201395397271686,6.404671456836406,0.5928054180488247,13.65
2023-05-16,1011010501,茄类,14.181000000000001,99.267,32,1,0.0,6.999999999999999,4.67,0.4989293361884366,6.68
2023-05-16,1011010504,辣椒类,80.294,601.9476,132,7,0.1369965377238648,7.496794281017261,3.948119660248586,0.8988265113892824,9.24
2023-05-16,1011010801,食用菌,57.535,316.2348,77,7,0.11264447727470236,5.496390023463979,3.200226992265578,0.7175000513238121,9.45
2023-05-17,1011010101,花叶类,150.478,777.1946,238,14,0.06650806097901353,5.164838713964832,3.450768683794309,0.49672121988942175,12.83
2023-05-17,1011010201,花菜类,19.914,203.108,45,2,0.16691774630912923,10.19925680425831,6.786818318770714,0.5028038655535552,15.51
2023-05-17,1011010402,水生根茎类,12.893,175.1852,29,5,0.0,13.58762118979291,8.524086713720623,0.5940266266791812,13.65
2023-05-17,1011010501,茄类,14.296,100.072,27,1,0.0,7.000000000000001,4.33,0.6166281755196306,6.68
2023-05-17,1011010504,辣椒类,67.717,529.9516,126,8,0.05906936219856166,7.825975752026817,4.246093004710782,0.843100408621378,9.24
2023-05-17,1011010801,食用菌,54.7,328.5598,77,7,0.13221206581352835,6.006577696526508,3.5590736745886655,0.6876800667018248,9.45
2023-05-18,1011010101,花叶类,112.688,590.9668,184,15,0.07722206446116711,5.244274456907568,3.352157283827914,0.5644476117537649,12.83
2023-05-18,1011010201,花菜类,22.684,233.8863,48,2,0.10037912184799859,10.310628636924704,7.195815552812554,0.4328644976030127,15.51
2023-05-18,1011010402,水生根茎类,8.812,108.29560000000001,18,5,0.0,12.289559691330005,7.966158647299138,0.5427209318128106,13.65
2023-05-18,1011010501,茄类,11.595,81.165,24,1,0.0,7.0,4.02,0.7412935323383087,6.68
2023-05-18,1011010504,辣椒类,53.891999999999996,385.6616,106,8,0.0,7.156193869219922,4.112350812736585,0.7401710591071378,9.24
2023-05-18,1011010801,食用菌,49.756,298.34159999999997,64,6,0.22107886486051934,5.9960929335155555,3.479733097515878,0.7231473694910864,9.45
2023-05-19,1011010101,花叶类,141.327,678.326,198,13,0.14151577547107064,4.799691495609474,3.2575955054589714,0.4733847365537891,12.83
2023-05-19,1011010201,花菜类,20.153,200.5884,42,2,0.09775219570287302,9.953277427678263,6.907762119783656,0.4408830609803902,15.51
2023-05-19,1011010402,水生根茎类,9.66,103.8612,16,5,0.0,10.75167701863354,7.0758685300207045,0.5194851307676966,13.65
2023-05-19,1011010501,茄类,15.232,106.624,26,1,0.0,7.0,4.01,0.745635910224439,6.68
2023-05-19,1011010504,辣椒类,71.713,569.158,125,8,0.06256885083597118,7.936608425250653,4.271616722212151,0.857987020226034,9.24
2023-05-19,1011010801,食用菌,60.947,349.9492,78,6,0.16407698492132508,5.741860961162978,3.2818055031420745,0.7496042820531534,9.45
2023-05-20,1011010101,花叶类,177.822,821.4680000000001,270,12,0.1687080338765732,4.619608372417361,3.12173122560763,0.47982258514846254,12.83
2023-05-20,1011010201,花菜类,27.242,274.2789,57,2,0.10256222010131415,10.068236546509068,7.330847955363042,0.3734068156663144,15.51
2023-05-20,1011010402,水生根茎类,11.094,182.85320000000002,25,6,0.0,16.48217054263566,10.755407427438255,0.5324543169408709,13.65
2023-05-20,1011010501,茄类,33.825,236.775,65,1,0.0,7.0,3.96,0.7676767676767677,6.68
2023-05-20,1011010504,辣椒类,92.262,638.8076,154,8,0.06081593722225835,6.92384296893629,3.612327718887516,0.9167261410790872,9.24
2023-05-20,1011010801,食用菌,82.754,479.896,105,7,0.16917611233293858,5.799067114580564,3.441385310679846,0.6850967244452371,9.45
2023-05-21,1011010101,花叶类,197.446,1081.8488,314,13,0.015194027734165292,5.4792135571244795,3.3883492195334424,0.6170746290073779,12.83
2023-05-21,1011010201,花菜类,29.13,298.572,62,2,0.0,10.249639546858909,7.593427394438722,0.34980411538082845,15.51
2023-05-21,1011010402,水生根茎类,13.614999999999998,232.0232,29,6,0.0,17.041733382298936,11.206100624311421,0.520754984595375,13.65
2023-05-21,1011010501,茄类,38.276,267.932,71,1,0.0,7.0,3.79,0.8469656992084433,6.68
2023-05-21,1011010504,辣椒类,117.485,826.6532,197,8,0.0,7.036244626973656,3.698629186704686,0.9023925545892957,9.24
2023-05-21,1011010801,食用菌,94.76,648.2868,136,8,0.03378007598142676,6.841355002110594,3.876520894892359,0.7648182965103201,9.45
2023-05-22,1011010101,花叶类,154.18,749.1462,231,12,0.1260799066026722,4.858906472953691,3.0070867816837463,0.6158185066521633,12.83
2023-05-22,1011010201,花菜类,14.808,155.788,35,2,0.05247163695299838,10.520529443544032,8.10259319286872,0.2984151114489362,15.51
2023-05-22,1011010402,水生根茎类,8.411000000000001,81.5396,14,5,0.0,9.694400190227082,6.338091784567827,0.5295455666690239,13.65
2023-05-22,1011010501,茄类,25.981,180.55180000000001,52,2,0.0,6.949378391901774,3.7615253454447477,0.8474894500757664,6.68
2023-05-22,1011010504,辣椒类,90.848,627.6112,151,8,0.03302219091229306,6.908365621697782,3.636639661852765,0.8996563487343601,9.24
2023-05-22,1011010801,食用菌,70.154,396.93399999999997,103,8,0.23918807195598257,5.6580380306183535,3.4301233001682014,0.6495144738210732,9.45
2023-05-23,1011010101,花叶类,150.721,697.8402,189,10,0.18662960038747087,4.63001307050776,2.9116650632625842,0.5901599153440158,12.83
2023-05-23,1011010201,花菜类,20.181,216.45520000000002,40,2,0.025469501015806948,10.725692483028592,8.1290976661216,0.319419808145303,15.51
2023-05-23,1011010402,水生根茎类,14.637,159.8172,27,5,0.0,10.918712850994057,7.171309694609551,0.5225549189712599,13.65
2023-05-23,1011010501,茄类,23.022,161.154,48,1,0.0,7.0,3.47,1.0172910662824206,6.68
2023-05-23,1011010504,辣椒类,69.361,512.4632,117,8,0.14477876616542437,7.388347918859301,3.79604676979859,0.9463268939785248,9.24
2023-05-23,1011010801,食用菌,49.994,324.5468,72,7,0.03282393887266472,6.491715005800696,3.784014081689803,0.7155631204474093,9.45
2023-05-24,1011010101,花叶类,135.51,656.304,200,12,0.11069293779056896,4.8432145229134385,3.0497620101837506,0.5880631035277506,12.83
2023-05-24,1011010201,花菜类,15.923,178.796,35,2,0.0,11.228788544872197,8.494110406330465,0.32194991679218576,15.51
2023-05-24,1011010402,水生根茎类,9.414,137.686,23,6,0.0,14.625663904822606,9.469327597195667,0.5445303538927075,13.65
2023-05-24,1011010501,茄类,15.749,110.243,30,1,0.0,6.999999999999999,3.27,1.1406727828746175,6.68
2023-05-24,1011010504,辣椒类,62.956,467.04040000000003,125,7,0.2368161890844399,7.418520871719932,4.506934366859394,0.6460237198638072,9.24
2023-05-24,1011010801,食用菌,47.818000000000005,296.83320000000003,65,7,0.19902547157973982,6.207562005939186,3.749580492701493,0.6555350706624703,9.45
2023-05-25,1011010101,花叶类,114.768,597.0716,189,11,0.05239265300432176,5.202422277986895,3.3300385996096473,0.5622708633457678,12.83
2023-05-25,1011010201,花菜类,14.565000000000001,131.4464,32,2,0.0334363199450738,9.024812907655338,7.974479917610711,0.13171178570844355,15.51
2023-05-25,1011010402,水生根茎类,13.962,212.8628,29,6,0.0,15.245867354247242,9.972905027932962,0.5287288218974631,13.65
2023-05-25,1011010501,茄类,21.865000000000002,165.283,44,2,0.0,7.559249942831007,3.8550016007317627,0.9608941125721189,6.68
2023-05-25,1011010504,辣椒类,76.118,521.1328,150,8,0.14925510391760163,6.846380619564361,4.10660684726346,0.6671624224575132,9.24
2023-05-25,1011010801,食用菌,50.69,274.86,64,6,0.2959163543105149,5.422371276385875,3.3444466364174397,0.621305963546275,9.45
2023-05-26,1011010101,花叶类,154.12,783.0974,256,16,0.03441474175966779,5.081088762003633,3.2864714508175448,0.5460620419324373,12.83
2023-05-26,1011010201,花菜类,24.236,252.93039999999996,55,2,0.03845519062551576,10.436144578313252,8.436506024096385,0.23702212130300038,15.51
2023-05-26,1011010402,水生根茎类,20.081,296.9576,37,6,0.0,14.787988645983766,9.50942034759225,0.5550883340358417,13.65
2023-05-26,1011010501,茄类,18.213,152.022,42,3,0.0,8.346895074946467,4.192757920166913,0.9907886965756847,6.68
2023-05-26,1011010504,辣椒类,90.26,660.8418,152,9,0.0775537336583204,7.321535563926434,3.8039957899401724,0.9246960218222493,9.24
2023-05-26,1011010801,食用菌,53.736,405.5428,74,7,0.049091856483549204,7.54694804228078,4.704672100640167,0.6041390092316665,9.45
2023-05-27,1011010101,花叶类,273.537,1365.2152,407,15,0.03655812559178466,4.990970874141341,3.341866438543963,0.49346808615005155,12.83
2023-05-27,1011010201,花菜类,41.278999999999996,429.4078,86,2,0.0,10.402572736742655,8.496037936965527,0.22440281151311248,15.51
2023-05-27,1011010402,水生根茎类,24.97,340.204,52,6,0.03972767320784942,13.624509411293554,9.49482579094914,0.4349404308482414,13.65
2023-05-27,1011010501,茄类,24.313,170.191,48,1,0.0,7.0,3.32,1.108433734939759,6.68
2023-05-27,1011010504,辣椒类,127.658,862.666,216,8,0.0029140359397765905,6.757633677482023,3.7892886462266366,0.7833515227749293,9.24
2023-05-27,1011010801,食用菌,91.754,537.696,118,6,0.0,5.860191381302178,3.43974104671186,0.7036722537308704,9.45
2023-05-28,1011010101,花叶类,262.277,1353.1002,388,15,0.040308528769202025,5.159050164520718,3.442032431360737,0.49883833676755707,12.83
2023-05-28,1011010201,花菜类,36.971000000000004,399.0036,78,2,0.10440615617646262,10.792339942116794,8.598935381785724,0.25507861879938565,15.51
2023-05-28,1011010402,水生根茎类,22.807000000000002,296.5116,53,6,0.0,13.000903231464022,8.544582803525234,0.5215375086657532,13.65
2023-05-28,1011010501,茄类,38.881,233.286,76,2,0.0,6.0,3.776294591188498,0.5888590932498314,6.68
2023-05-28,1011010504,辣椒类,131.518,889.4558,235,9,0.053224653659575114,6.762996700071473,3.8483872169588955,0.7573586852873355,9.24
2023-05-28,1011010801,食用菌,109.635,593.1400000000001,139,6,0.22802937018287955,5.4101336252109276,3.1758562502850367,0.7035196806295505,9.45
2023-05-29,1011010101,花叶类,146.434,746.1758,229,16,0.09444527910184794,5.095645819959845,3.398179247988855,0.4995223759828449,12.83
2023-05-29,1011010201,花菜类,16.312,214.2842,39,2,0.0,13.136598822952427,8.9775404610103,0.4632736972899236,15.51
2023-05-29,1011010402,水生根茎类,12.75,169.808,24,6,0.0,13.31827450980392,9.431654901960785,0.4120824657224398,13.65
2023-05-29,1011010501,茄类,28.535999999999998,215.76600000000002,69,3,0.0,7.561185870479395,4.839761354079058,0.5623055182476426,6.68
2023-05-29,1011010504,辣椒类,61.995,431.804,130,9,0.03226066618275668,6.965142350189531,4.233217033631744,0.6453544183663138,9.24
2023-05-29,1011010801,食用菌,53.849000000000004,263.87600000000003,68,6,0.24141581087856784,4.900295270107152,2.9145388029489867,0.6813278537067127,9.45
2023-05-30,1011010101,花叶类,156.287,771.4639999999999,245,14,0.14076666645338384,4.936200707672422,3.3404122543781627,0.47772200907319595,12.83
2023-05-30,1011010201,花菜类,14.652,201.923,33,2,0.0,13.781258531258532,9.818139503139504,0.40365275181227145,15.51
2023-05-30,1011010402,水生根茎类,8.852,125.03320000000001,23,5,0.0,14.124853140533213,10.058111161319475,0.4043246205960844,13.65
2023-05-30,1011010501,茄类,23.886000000000003,210.0594,53,3,0.0,8.7942476764632,5.407316001004771,0.6263609662962326,6.68
2023-05-30,1011010504,辣椒类,59.897000000000006,399.4408,116,8,0.01669532697797886,6.66879476434546,3.741247474831794,0.7825056506440511,9.24
2023-05-30,1011010801,食用菌,46.299,270.876,66,6,0.17278990906931035,5.850579926132314,3.4472666796259097,0.6971648757870994,9.45
2023-05-31,1011010101,花叶类,136.132,722.856,200,13,0.022037434254987807,5.309963858607822,3.4959543678194693,0.5188882061752438,12.83
2023-05-31,1011010201,花菜类,16.723,228.404,43,2,0.0,13.658075704120074,9.847629013932908,0.3869405198749831,15.51
2023-05-31,1011010402,水生根茎类,7.859999999999999,121.5896,18,4,0.0,15.469414758269721,11.30300763358779,0.3686104849032501,13.65
2023-05-31,1011010501,茄类,17.471,116.20559999999999,29,2,0.0,6.65134222425734,3.8719798523267133,0.7178142650356196,6.68
2023-05-31,1011010504,辣椒类,61.96,446.141,119,7,0.0,7.20046804389929,3.8439410910264686,0.8731993736086392,9.24
2023-05-31,1011010801,食用菌,46.711,251.964,63,6,0.08563293442658046,5.39410417246473,3.1548243454432576,0.7097954059647813,9.45
2023-06-01,1011010101,花叶类,136.982,706.9904,209,13,0.09490297995357054,5.1611919814282174,3.5237847308405486,0.4646728945320926,12.83
2023-06-01,1011010201,花菜类,19.364,265.101,47,2,0.0,13.69040487502582,9.921799215038215,0.3798308732427911,15.51
2023-06-01,1011010402,水生根茎类,9.741,150.5268,23,6,0.0,15.452910378811211,11.135804332204087,0.3876779725845496,13.65
2023-06-01,1011010501,茄类,18.475,166.3782,45,3,0.0,9.00558592692828,5.759975101488498,0.5634765373553521,6.68
2023-06-01,1011010504,辣椒类,67.854,493.165,109,7,0.0,7.268031361452531,3.6845618533911044,0.9725632654974601,9.24
2023-06-01,1011010801,食用菌,44.867,241.508,59,6,0.15601667149575413,5.3827534713709415,3.087681369380614,0.7432995271952938,9.45
2023-06-02,1011010101,花叶类,161.142,853.7860000000001,241,13,0.10549701505504462,5.298345558575667,3.4422916433952664,0.5391913607150678,12.83
2023-06-02,1011010201,花菜类,16.172,223.03300000000002,49,2,0.0,13.79130596092011,10.18113282216176,0.3545944446279996,15.51
2023-06-02,1011010402,水生根茎类,11.988,193.01800000000003,25,5,0.0,16.100934267600937,11.475534701368035,0.4030661478180615,13.65
2023-06-02,1011010501,茄类,22.501,200.38459999999998,55,4,0.0,8.905586418381404,5.78135371761255,0.5403981235832473,6.68
2023-06-02,1011010504,辣椒类,72.847,508.8586,118,9,0.0,6.9853061896852315,3.8948459099207935,0.7934743379430089,9.24
2023-06-02,1011010801,食用菌,68.385,351.7756,90,8,0.2632156174599693,5.144046208963954,3.016125758572786,0.7055144979757368,9.45
2023-06-03,1011010101,花叶类,222.081,1197.6974,337,15,0.09005723137053598,5.393065593184469,3.420812226169731,0.5765453455546905,12.83
2023-06-03,1011010201,花菜类,33.243,457.148,81,2,0.0,13.751707126312306,9.884804620521612,0.39119665529480563,15.51
2023-06-03,1011010402,水生根茎类,29.040999999999997,414.3926,62,7,0.02954443717502841,14.269226266313146,9.894005716056611,0.44220921998823526,13.65
2023-06-03,1011010501,茄类,39.399,334.3932,77,4,0.0,8.487352470874894,5.166982156907535,0.642613079189462,6.68
2023-06-03,1011010504,辣椒类,123.664,808.3244,203,8,0.024259283219045153,6.536456850821581,3.746055764005693,0.7448904294558831,9.24
2023-06-03,1011010801,食用菌,94.541,504.484,128,6,0.17981616441543882,5.336139875821073,3.190803249383866,0.6723500193412002,9.45
2023-06-04,1011010101,花叶类,215.285,1140.6152,321,15,0.06503007641033978,5.298163829342499,3.4907307058085792,0.5177807387222251,12.83
2023-06-04,1011010201,花菜类,25.116999999999997,346.953,63,2,0.0,13.813472946609867,9.644302265397938,0.43229365551618804,15.51
2023-06-04,1011010402,水生根茎类,21.047,250.0524,47,6,0.0,11.880667078443484,7.9206784814938,0.4999557305857023,13.65
2023-06-04,1011010501,茄类,34.741,305.3196,76,3,0.0,8.788451685328575,5.400621743760975,0.62730368878016,6.68
2023-06-04,1011010504,辣椒类,123.698,782.4572,199,9,0.004211870846739641,6.325544471212146,3.67040970751346,0.7233892059144049,9.24
2023-06-04,1011010801,食用菌,95.926,480.624,119,6,0.18764464274544962,5.010362154160499,2.9955966057169063,0.6725757215102128,9.45
2023-06-05,1011010101,花叶类,145.142,787.4456,243,16,0.13448209339818934,5.4253462126744845,3.550058907828196,0.5282411795227151,12.83
2023-06-05,1011010201,花菜类,22.57,308.69599999999997,56,2,0.0,13.677270713336286,9.321360212671687,0.46730417034448113,15.51
2023-06-05,1011010402,水生根茎类,12.58,159.032,24,5,0.0,12.641653418124006,9.172693958664548,0.37818327691862774,13.65
2023-06-05,1011010501,茄类,19.989,160.0238,42,3,0.0,8.005593076191905,5.024786632647956,0.5932205009813776,6.68
2023-06-05,1011010504,辣椒类,74.896,439.0545,137,8,0.044341486861781666,5.862188901944029,3.7017426831873532,0.5836294966068367,9.24
2023-06-05,1011010801,食用菌,49.192,273.608,66,7,0.20328508700601725,5.562042608554236,3.283566433566434,0.6939028708833046,9.45
2023-06-06,1011010101,花叶类,152.439,835.3906000000001,215,14,0.1052617768418843,5.480163212826115,3.5885707069713133,0.5271158520522146,12.83
2023-06-06,1011010201,花菜类,21.351,297.789,53,2,0.0,13.94730925951946,9.890941407896586,0.4101093803249518,15.51
2023-06-06,1011010402,水生根茎类,14.408,185.6728,30,5,0.0,12.886785119378123,9.247508328706273,0.393541336899881,13.65
2023-06-06,1011010501,茄类,19.081,157.2814,40,3,0.0,8.242827944028091,5.076067816152193,0.6238608786508284,6.68
2023-06-06,1011010504,辣椒类,84.745,489.583,148,8,0.08917340256062305,5.777131394182548,3.6505632190689714,0.5825315293830002,9.24
2023-06-06,1011010801,食用菌,56.608,270.092,70,6,0.2826455624646693,4.771269078575466,2.885521481062747,0.6535205542182247,9.45
2023-06-07,1011010101,花叶类,135.735,719.88,209,15,0.08709618005672817,5.303569455188418,3.4920898073451943,0.518737990080608,12.83
2023-06-07,1011010201,花菜类,11.835,179.892,32,1,0.0,15.2,9.94,0.5291750503018109,15.51
2023-06-07,1011010402,水生根茎类,14.142,214.79160000000002,30,6,0.0,15.188205345778535,11.321374628765382,0.3415513437024067,13.65
2023-06-07,1011010501,茄类,17.873,170.6024,38,3,0.0,9.545258210708889,5.255888211268394,0.8161075401573943,6.68
2023-06-07,1011010504,辣椒类,66.121,478.548,122,8,0.09537060842999956,7.237458598629785,4.041708080640039,0.7906930570511839,9.24
2023-06-07,1011010801,食用菌,44.446,239.904,63,6,0.3149889753858615,5.397651082212123,3.254961076362328,0.6582843713278494,9.45
2023-06-08,1011010101,花叶类,119.287,625.0968,179,14,0.11727178988489945,5.240275973073344,3.55384702440333,0.47453616801447884,12.83
2023-06-08,1011010201,花菜类,15.446,232.016,35,2,0.0,15.021105787906254,10.070950407872589,0.4915281259020068,15.51
2023-06-08,1011010402,水生根茎类,9.254,136.19320000000002,24,6,0.0,14.717224983790796,10.787518910741301,0.36428265902149426,13.65
2023-06-08,1011010501,茄类,24.509,228.762,53,4,0.0,9.33379574850055,5.639657676771798,0.6550287771798442,6.68
2023-06-08,1011010504,辣椒类,77.363,526.9816,140,8,0.0499980610886341,6.811804092395589,3.8507440249214744,0.7689579074356929,9.24
2023-06-08,1011010801,食用菌,49.993,246.632,64,6,0.28003920548876843,4.933330666293281,3.051127157802092,0.6168879273609336,9.45
2023-06-09,1011010101,花叶类,140.024,721.6428000000001,217,15,0.19425955550477061,5.153707935782438,3.5252056790264525,0.4619595010994437,12.83
2023-06-09,1011010201,花菜类,13.684,203.456,26,2,0.0,14.868167202572348,10.552408652440807,0.4089832655536223,15.51
2023-06-09,1011010402,水生根茎类,15.815999999999999,187.27439999999999,41,6,0.07511380880121396,11.84081942336874,9.128421219018716,0.29713771300330083,13.65
2023-06-09,1011010501,茄类,21.798000000000002,189.91,43,3,0.0,8.712267180475273,5.580197724561885,0.561282881093482,6.68
2023-06-09,1011010504,辣椒类,74.29599999999999,456.8817,130,8,0.11582050177667709,6.149479110584689,3.763961451491333,0.6337784511975226,9.24
2023-06-09,1011010801,食用菌,55.465,232.63,66,6,0.23438204272964933,4.194176507707563,2.883710448030289,0.45443746287786424,9.45
2023-06-10,1011010101,花叶类,240.235,1288.7028,367,16,0.11686889920286386,5.364342414718921,3.6207210439777717,0.48156744183351496,12.83
2023-06-10,1011010201,花菜类,26.766,390.0342,60,2,0.016999178061720095,14.572001793319885,10.451711126055443,0.3942216367799165,15.51
2023-06-10,1011010402,水生根茎类,19.118,222.5999,45,6,0.05047599121246993,11.643472120514698,8.772532691704152,0.32726460301772176,13.65
2023-06-10,1011010501,茄类,38.116,307.58399999999995,78,4,0.0,8.069682023297302,5.401542659250708,0.49395876925587645,6.68
2023-06-10,1011010504,辣椒类,146.968,824.6053999999999,229,8,0.048554787436720925,5.61078193892548,3.5308602552936694,0.5890693862815646,9.24
2023-06-10,1011010801,食用菌,98.844,422.56800000000004,124,7,0.2630407510825139,4.275100157824451,3.1183201812957795,0.3709625404944743,9.45
2023-06-11,1011010101,花叶类,213.908,1148.2452,340,14,0.10186154795519571,5.36793948800419,3.6789203769844985,0.45910727548937325,12.83
2023-06-11,1011010201,花菜类,25.472,365.76419999999996,56,2,0.018451633165829144,14.35946136934673,10.011396435301506,0.43431153307578274,15.51
2023-06-11,1011010402,水生根茎类,21.247,304.3095,51,6,0.06193815597496116,14.322469054454748,11.154659010683861,0.2839898593705803,13.65
2023-06-11,1011010501,茄类,43.303,360.97,79,4,0.0,8.335912061519988,5.500076899983836,0.515599183994043,6.68
2023-06-11,1011010504,辣椒类,119.69,715.1913,202,9,0.046227755033837414,5.9753638566296265,3.727349151975938,0.6031135300168953,9.24
2023-06-11,1011010801,食用菌,79.626,380.072,99,7,0.27629166352698864,4.773214779092256,3.400592771205385,0.40364198251245686,9.45
2023-06-12,1011010101,花叶类,127.399,645.9176,182,14,0.1740045055298707,5.07003665648867,3.506248400693883,0.44600041899065523,12.83
2023-06-12,1011010201,花菜类,17.143,231.93519999999998,36,2,0.08271597736685526,13.529440587995099,9.228395263372805,0.4660664397084291,15.51
2023-06-12,1011010402,水生根茎类,10.350999999999999,142.9268,18,5,0.0,13.80801854893247,9.7990493672109,0.40911817376246584,13.65
2023-06-12,1011010501,茄类,23.087000000000003,175.24040000000002,44,4,0.0,7.590436176203058,5.36983627149478,0.41353214370726765,6.68
2023-06-12,1011010504,辣椒类,67.12,415.306,110,9,0.09988081048867699,6.187514898688915,3.700045887961859,0.6722805840922308,9.24
2023-06-12,1011010801,食用菌,36.153999999999996,185.588,53,7,0.35957293798749795,5.133263262709521,3.824816064612491,0.34209414936391047,9.45
2023-06-13,1011010101,花叶类,140.865,775.7411999999999,204,15,0.13105455578035707,5.506983281865615,3.6996455471550775,0.4885164569617566,12.83
2023-06-13,1011010201,花菜类,10.189,154.87279999999998,27,1,0.0,15.199999999999998,10.36,0.4671814671814669,15.51
2023-06-13,1011010402,水生根茎类,12.054,178.6952,31,6,0.0939936950389912,14.824556163928985,10.99167911066866,0.34870714607562436,13.65
2023-06-13,1011010501,茄类,17.659,130.94400000000002,40,2,0.0,7.415142420295601,5.300025482756668,0.39907674867231213,6.68
2023-06-13,1011010504,辣椒类,84.891,455.6876,132,8,0.10395683876971644,5.367914148731902,3.1869603373738085,0.684336665813448,9.24
2023-06-13,1011010801,食用菌,54.24,268.28,76,7,0.23967551622418878,4.946165191740413,3.642588495575221,0.3578709749258506,9.45
2023-06-14,1011010101,花叶类,115.605,635.9628,174,15,0.15498464599282039,5.501170364603607,3.533207214220838,0.5569905842096938,12.83
2023-06-14,1011010201,花菜类,9.174999999999999,138.8506,21,2,0.0,15.13358038147139,10.333734059945506,0.4644832442640967,15.51
2023-06-14,1011010402,水生根茎类,7.284,107.2968,15,3,0.0,14.730477759472818,10.711120263591434,0.37525089784900745,13.65
2023-06-14,1011010501,茄类,28.361,193.9656,56,4,0.0,6.8391664609851555,4.542230527837524,0.5056845792107258,6.68
2023-06-14,1011010504,辣椒类,82.127,462.9276,132,9,0.10039329331401366,5.636728481498167,3.4595433901153094,0.6293272972391568,9.24
2023-06-14,1011010801,食用菌,43.778,225.916,61,7,0.20558271277810772,5.160491571108776,3.738105897939604,0.3805097319348745,9.45
2023-06-15,1011010101,花叶类,118.42,593.5972,176,14,0.14355683161628102,5.012643134605641,3.298428390474582,0.5197065211667111,12.83
2023-06-15,1011010201,花菜类,9.804,143.0932,20,2,0.03498572011423909,14.595389636882905,10.280496736026112,0.41971638254949717,15.51
2023-06-15,1011010402,水生根茎类,16.733,197.4948,35,6,0.14940536664076973,11.802713201458197,8.972440088447977,0.3154407368686918,13.65
2023-06-15,1011010501,茄类,15.908,134.462,35,3,0.0,8.452476741262258,5.3692833794317325,0.5742280941328972,6.68
2023-06-15,1011010504,辣椒类,63.623999999999995,392.04049999999995,103,8,0.1338488620646297,6.161833584810763,3.9643698918647052,0.5543033957188201,9.24
2023-06-15,1011010801,食用菌,34.886,206.092,49,6,0.2866479390013186,5.907584704465974,4.286292495556957,0.3782504835098399,9.45
2023-06-16,1011010101,花叶类,172.11,900.0056000000001,210,15,0.16849689152286326,5.2292464121782585,3.312597118122131,0.578594144023965,12.83
2023-06-16,1011010201,花菜类,22.692,310.35,43,3,0.0,13.676626123744052,9.13961572360303,0.4964115054010647,15.51
2023-06-16,1011010402,水生根茎类,15.49,255.28459999999998,39,5,0.1368624919302776,16.480606843124594,9.60534086507424,0.7157753248559195,13.65
2023-06-16,1011010501,茄类,24.133,195.8532,52,4,0.0,8.115576181991464,4.938321385654499,0.6433876105282827,6.68
2023-06-16,1011010504,辣椒类,86.159,495.78000000000003,136,10,0.10660522986571339,5.754245058554533,3.6093400573358556,0.5942651474081069,9.24
2023-06-16,1011010801,食用菌,58.503,270.466,74,6,0.29058338888604,4.623113344614806,3.3437054510025126,0.3826317575995517,9.45
2023-06-17,1011010101,花叶类,244.334,1294.141,403,17,0.0567338151874074,5.296606284839605,3.2534293221573747,0.6280071765405322,12.83
2023-06-17,1011010201,花菜类,26.791,407.22319999999996,56,1,0.0,15.2,9.87,0.5400202634245188,15.51
2023-06-17,1011010402,水生根茎类,22.626,312.8232,58,5,0.19495270927251832,13.825828692654467,10.198069035622735,0.35573005481328424,13.65
2023-06-17,1011010501,茄类,46.628,334.5324,92,4,0.0,7.174496010980526,4.581804066226302,0.5658670487168247,6.68
2023-06-17,1011010504,辣椒类,169.193,882.9504,254,10,0.053193690046278504,5.218598878204181,3.288447394395749,0.5869491745855024,9.24
2023-06-17,1011010801,食用菌,93.35,530.2,130,5,0.06427423674343867,5.679700053561865,3.783395822174612,0.5012175094852485,9.45
2023-06-18,1011010101,花叶类,253.447,1301.476,374,16,0.045496691615998605,5.135101224319089,3.270183391399385,0.5702792809187571,12.83
2023-06-18,1011010201,花菜类,23.098000000000003,348.2312,51,2,0.0,15.076249025889686,9.780406095765867,0.5414747484172968,15.51
2023-06-18,1011010402,水生根茎类,23.373,358.4731,56,4,0.07701193685021178,15.337059855388695,10.712936294014462,0.43163922891596274,13.65
2023-06-18,1011010501,茄类,54.553,376.11400000000003,111,4,0.0,6.894469598372226,4.445943027881143,0.5507327815799761,6.68
2023-06-18,1011010504,辣椒类,149.877,785.4831999999999,228,9,0.06288489895047272,5.240852165442329,3.283056239449682,0.5963333501471846,9.24
2023-06-18,1011010801,食用菌,72.039,456.236,112,5,0.06940684906786601,6.333180638265384,4.2014519912825,0.5073790326310905,9.45
2023-06-19,1011010101,花叶类,128.701,630.4718,206,15,0.09286641129439555,4.898732721579475,3.220687407246253,0.5210208573976391,12.83
2023-06-19,1011010201,花菜类,12.363,187.9176,25,1,0.0,15.2,9.56,0.5899581589958158,15.51
2023-06-19,1011010402,水生根茎类,11.51,199.95919999999998,22,4,0.28792354474370113,17.37264986967854,13.544913987836665,0.28259580572303244,13.65
2023-06-19,1011010501,茄类,21.207,162.26000000000002,45,4,0.0,7.651247229688311,4.820419201207148,0.5872576450969773,6.68
2023-06-19,1011010504,辣椒类,77.04899999999999,416.4558,131,9,0.08215551142779272,5.405077288478761,3.4112453114251973,0.5844880080525645,9.24
2023-06-19,1011010801,食用菌,43.293,257.032,67,6,0.230984223777516,5.937033700598249,4.007825745501583,0.4813602380946891,9.45
2023-06-20,1011010101,花叶类,126.228,620.0676,191,14,0.20409100991856008,4.912282536362772,3.4118252685616506,0.4397813925663552,12.83
2023-06-20,1011010201,花菜类,13.919,209.51799999999997,28,2,0.0,15.05266182915439,9.434378906530643,0.5955116895649244,15.51
2023-06-20,1011010402,水生根茎类,11.657,221.8696,29,5,0.0,19.033164622115468,13.21748992021961,0.4399984215610606,13.65
2023-06-20,1011010501,茄类,21.592,153.984,44,4,0.0,7.1315301963690265,4.376985920711375,0.6293244542148231,6.68
2023-06-20,1011010504,辣椒类,66.666,393.05719999999997,110,10,0.0988809888098881,5.8959169591695915,3.4713332133321333,0.6984589484309689,9.24
2023-06-20,1011010801,食用菌,39.223,205.352,53,6,0.3314381867781659,5.235499579328455,3.6975448078933275,0.4159394547841533,9.45
2023-06-21,1011010101,花叶类,126.263,566.102,208,16,0.15939744818355336,4.483514568796876,3.014856371225141,0.4871403532152079,12.83
2023-06-21,1011010201,花菜类,16.697,220.4004,36,1,0.0,13.2,9.37,0.4087513340448239,15.51
2023-06-21,1011010402,水生根茎类,27.177999999999997,456.2164,71,6,0.29038192655824563,16.786238869674005,12.816657958643022,0.309720437561811,13.65
2023-06-21,1011010501,茄类,24.123,175.453,44,5,0.0,7.273266177506943,4.412439995025494,0.6483546939350322,6.68
2023-06-21,1011010504,辣椒类,91.36500000000001,436.4906,124,10,0.08756088217588791,4.777437749685327,2.6637566901986536,0.7934962931351821,9.24
2023-06-21,1011010801,食用菌,63.364,282.236,77,6,0.26829114323590686,4.454201123666436,3.0949498137743827,0.43918363517320036,9.45
2023-06-22,1011010101,花叶类,171.919,859.332,278,15,0.046533541958713114,4.998470209808107,2.951643739202764,0.6934530896869648,12.83
2023-06-22,1011010201,花菜类,17.912,250.768,38,1,0.0,14.0,9.2,0.5217391304347827,15.51
2023-06-22,1011010402,水生根茎类,38.769999999999996,640.2370000000001,88,6,0.2518184163012639,16.513721949961315,12.717124580861492,0.2985421228642733,13.65
2023-06-22,1011010501,茄类,33.866,269.683,63,5,0.0,7.963237465304435,5.217174156971594,0.526350707434855,6.68
2023-06-22,1011010504,辣椒类,114.288,623.7628,178,10,0.06443371132577348,5.457815343693126,3.130318318633628,0.7435336563712285,9.24
2023-06-22,1011010801,食用菌,77.476,491.12399999999997,114,6,0.16779389746502144,6.339046930662398,4.2433218028808914,0.49388786076952007,9.45
2023-06-23,1011010101,花叶类,178.718,855.5916,260,13,0.17189650734676978,4.7873834756431926,3.1318105059367274,0.528631271454044,12.83
2023-06-23,1011010201,花菜类,9.279,129.906,22,1,0.0,14.0,9.27,0.5102481121898599,15.51
2023-06-23,1011010402,水生根茎类,18.677,294.7358,50,5,0.3453445414145741,15.78068212239653,12.558743374203566,0.25654945341195723,13.65
2023-06-23,1011010501,茄类,25.398,187.924,51,5,0.0,7.399165288605403,4.635321678872352,0.5962571319118068,6.68
2023-06-23,1011010504,辣椒类,88.349,467.087,137,8,0.056593736205276794,5.2868396925828245,3.0707988771802737,0.7216496110736517,9.24
2023-06-23,1011010801,食用菌,55.417,292.50800000000004,73,5,0.3067650720897919,5.278308100402404,3.3959831820560478,0.5542798115998708,9.45
2023-06-24,1011010101,花叶类,161.495,810.902,252,14,0.09188519768413883,5.021220471222019,3.408872720517663,0.4729856122230076,12.83
2023-06-24,1011010201,花菜类,11.548,161.672,27,2,0.0,14.0,8.695083997228958,0.6101052047871729,15.51
2023-06-24,1011010402,水生根茎类,16.054,258.3204,39,5,0.20954279307337736,16.090718823969105,11.727351438893734,0.37206758983995925,13.65
2023-06-24,1011010501,茄类,28.369,212.934,57,4,0.0,7.505869082449152,4.6844358278402485,0.6022994781657027,6.68
2023-06-24,1011010504,辣椒类,94.187,544.6812,164,10,0.05570832492806863,5.782976419251065,3.3397953008376957,0.7315361866041803,9.24
2023-06-24,1011010801,食用菌,54.18,295.62,80,6,0.2768549280177187,5.456256921373201,3.7437799926172013,0.4574192212504564,9.45
2023-06-25,1011010101,花叶类,108.895,522.7804,174,13,0.1928463198493962,4.800775058542633,3.4420952293493734,0.39472464840842814,12.83
2023-06-25,1011010201,花菜类,10.681,149.534,26,1,0.0,14.0,8.15,0.7177914110429446,15.51
2023-06-25,1011010402,水生根茎类,16.5,256.7524,43,6,0.4018181818181818,15.560751515151516,12.986256363636365,0.19824767657630393,13.65
2023-06-25,1011010501,茄类,23.315,156.08,45,4,0.0,6.69440274501394,4.204238473085996,0.5922985310821611,6.68
2023-06-25,1011010504,辣椒类,69.658,385.57,109,9,0.05031726434867495,5.535186195411869,3.1150119153578912,0.7769390120538009,9.24
2023-06-25,1011010801,食用菌,35.271,199.204,52,5,0.19846332681239545,5.647812650619489,3.7999376258115736,0.4862908833702908,9.45
2023-06-26,1011010101,花叶类,80.524,430.5642,168,14,0.19779196264467735,5.347029457056282,3.464859793353534,0.5432166886848406,12.83
2023-06-26,1011010201,花菜类,8.083,113.162,20,1,0.0,14.0,7.940000000000001,0.7632241813602012,15.51
2023-06-26,1011010402,水生根茎类,10.384,186.5424,23,5,0.09543528505392912,17.964406779661015,12.99875096302003,0.3820102278109423,13.65
2023-06-26,1011010501,茄类,21.224,134.97,37,3,0.0,6.359310214851112,4.040007538635507,0.5740837496058084,6.68
2023-06-26,1011010504,辣椒类,72.185,425.565,115,10,0.08845327976726466,5.895476899632888,3.1933745237930315,0.8461589317842833,9.24
2023-06-26,1011010801,食用菌,39.582,216.668,57,8,0.3031681067151736,5.473902278813602,3.6390076297306853,0.5042294042177409,9.45
2023-06-27,1011010101,花叶类,127.27799999999999,642.0896,196,16,0.15096874558054024,5.044780716227471,3.43880607803391,0.46701517961482586,12.83
2023-06-27,1011010201,花菜类,14.272,171.264,28,1,0.0,12.0,7.8,0.5384615384615385,15.51
2023-06-27,1011010402,水生根茎类,16.454,263.0436,47,7,0.4699769053117783,15.98660508083141,13.445782180624773,0.1889680247734442,13.65
2023-06-27,1011010501,茄类,8.415,67.124,21,5,0.0,7.9767082590612,4.776711824123589,0.6699161583867861,6.68
2023-06-27,1011010504,辣椒类,67.12,422.8367,108,9,0.049046483909415975,6.299712455303933,3.445469159713945,0.8284048305998934,9.24
2023-06-27,1011010801,食用菌,38.708,193.892,57,6,0.3358478867417588,5.009093727394854,3.529110261444663,0.41936447328351556,9.45
2023-06-28,1011010101,花叶类,130.182,630.4388,194,12,0.17327280269161635,4.842749381634943,3.51224024826781,0.3788206498753386,12.83
2023-06-28,1011010201,花菜类,16.069,198.16400000000002,36,2,0.0,12.332067956935717,7.8634246063849655,0.568282087542658,15.51
2023-06-28,1011010402,水生根茎类,14.946,209.4314,37,5,0.599491502743209,14.012538471831927,12.31501271243142,0.1378419818996155,13.65
2023-06-28,1011010501,茄类,15.651,121.6408,29,4,0.0,7.772078461440164,4.81406491597981,0.6144523593027424,6.68
2023-06-28,1011010504,辣椒类,68.534,415.4488,106,9,0.12285872705518427,6.061937140689293,3.364799953307847,0.8015743059940192,9.24
2023-06-28,1011010801,食用菌,53.742,247.908,72,6,0.03721484127870195,4.612928435860221,3.097860146626475,0.4890692986523726,9.45
2023-06-29,1011010101,花叶类,135.09,646.1398,200,13,0.14064697609001406,4.783032052705604,3.336701754385965,0.4334610656821496,12.83
2023-06-29,1011010201,花菜类,24.366999999999997,292.502,52,2,0.04493782574793779,12.004021832806666,8.091106824804038,0.4836068899754511,15.51
2023-06-29,1011010402,水生根茎类,22.945,391.5526,54,7,0.1911963390716932,17.064833297014598,12.382692961429507,0.3781197151677227,13.65
2023-06-29,1011010501,茄类,11.511,86.3524,23,5,0.0,7.501728781165842,4.555986447745634,0.6465652097972772,6.68
2023-06-29,1011010504,辣椒类,89.113,556.428,134,9,0.03602168033844669,6.244072133134335,3.6316481321468252,0.7193494264663773,9.24
2023-06-29,1011010801,食用菌,48.314,225.936,66,6,0.10348967173076128,4.6764084944322555,3.1845510618040316,0.46846711001804264,9.45
2023-06-30,1011010101,花叶类,130.464,667.7684,194,12,0.07940887907775325,5.118411209222468,3.127410166789306,0.6366293310599498,12.83
2023-06-30,1011010201,花菜类,28.086999999999996,323.3425,61,2,0.1426638658454089,11.51217645173924,7.90863851603945,0.45564580153606493,15.51
2023-06-30,1011010402,水生根茎类,19.419,280.9766,51,7,0.46753179875379786,14.469159071012927,12.086224316391165,0.19716122192023677,13.65
2023-06-30,1011010501,茄类,24.53,198.8132,47,3,0.0,8.104900122299226,4.696214838972686,0.7258367430379742,6.68
2023-06-30,1011010504,辣椒类,82.286,501.6192,132,8,0.039617917993340294,6.096045499842014,3.7039202294436477,0.6458360661718892,9.24
2023-06-30,1011010801,食用菌,39.572,258.828,69,7,0.22743353886586473,6.540685333063782,4.510593348832508,0.4500720475625961,9.45
