日期,分类编码,分类名称,销量,销售额,交易笔数,打折笔数,打折销量,在售单品数,平均零售单价(元/千克),打折销量占比
2020-07-01,1011010101,花叶类,205.40200000000002,1503.7896,445,32,13.685,16,7.3212023251964435,0.06662544668503714
2020-07-01,1011010201,花菜类,47.076,598.634,102,0,0.0,2,12.716331039170703,0.0
2020-07-01,1011010402,水生根茎类,4.85,70.2838,15,0,0.0,2,14.491505154639176,0.0
2020-07-01,1011010501,茄类,35.374,176.81799999999998,60,0,0.0,2,4.998529993780742,0.0
2020-07-01,1011010504,辣椒类,76.715,759.9902,259,0,0.0,9,9.9066701427361,0.0
2020-07-01,1011010801,食用菌,35.364999999999995,368.602,120,1,0.195,5,10.422790894952637,0.005513926198218578
2020-07-02,1011010101,花叶类,198.362,1409.6647,423,34,19.362,16,7.106525947510108,0.09760942115929462
2020-07-02,1011010201,花菜类,43.943,546.032,95,0,0.0,2,12.4259153903921,0.0
2020-07-02,1011010402,水生根茎类,4.6,53.1208,14,0,0.0,2,11.548000000000002,0.0
2020-07-02,1011010501,茄类,32.199,172.09199999999998,56,0,0.0,2,5.344638032237026,0.0
2020-07-02,1011010504,辣椒类,66.06400000000001,669.7044,226,0,0.0,10,10.137206345362072,0.0
2020-07-02,1011010801,食用菌,48.510000000000005,605.929,160,0,0.0,5,12.490806019377446,0.0
2020-07-03,1011010101,花叶类,191.779,1406.4065,405,13,6.832,16,7.333474989440972,0.0356243384312151
2020-07-03,1011010201,花菜类,42.076,495.368,96,0,0.0,2,11.773172354786576,0.0
2020-07-03,1011010402,水生根茎类,9.572000000000001,76.693,30,15,5.162,1,8.012223150856665,0.5392812369410781
2020-07-03,1011010501,茄类,35.896,196.243,57,0,0.0,2,5.466987965232895,0.0
2020-07-03,1011010504,辣椒类,64.253,670.6646,227,0,0.0,10,10.43787216161113,0.0
2020-07-03,1011010801,食用菌,42.44199999999999,546.2950000000001,149,0,0.0,5,12.87156590170115,0.0
2020-07-04,1011010101,花叶类,236.587,1841.4,526,3,2.0140000000000002,13,7.783183353269623,0.008512724705922136
2020-07-04,1011010201,花菜类,55.662,702.1859999999999,126,0,0.0,2,12.615177320254391,0.0
2020-07-04,1011010402,水生根茎类,5.439,118.75319999999999,16,0,0.0,2,21.833645890788745,0.0
2020-07-04,1011010501,茄类,57.067,327.403,99,0,0.0,2,5.7371685913049575,0.0
2020-07-04,1011010504,辣椒类,81.28200000000001,826.4166,293,1,0.444,10,10.167276887871852,0.005462464014172879
2020-07-04,1011010801,食用菌,47.262,578.7036,171,3,0.438,5,12.244585502094708,0.009267487622191189
2020-07-05,1011010101,花叶类,223.899,1573.1793,508,6,4.253,13,7.026289978963729,0.01899517193020067
2020-07-05,1011010201,花菜类,55.474000000000004,697.982,106,0,0.0,2,12.582146591195874,0.0
2020-07-05,1011010402,水生根茎类,4.019,40.19,12,0,0.0,1,10.0,0.0
2020-07-05,1011010501,茄类,61.816,411.3631,111,2,0.874,3,6.654637957810275,0.014138734308269703
2020-07-05,1011010504,辣椒类,98.496,1016.2366,352,1,0.465,10,10.317541829109812,0.004721003898635478
2020-07-05,1011010801,食用菌,73.213,732.6238000000001,207,0,0.0,5,10.006744703809435,0.0
2020-07-06,1011010101,花叶类,195.74,1511.5968,419,15,12.301,14,7.722472667824666,0.06284356799836517
2020-07-06,1011010201,花菜类,42.721000000000004,506.3038,86,1,0.444,2,11.851403291121462,0.010393015144776573
2020-07-06,1011010402,水生根茎类,3.089,30.7757,11,1,0.381,1,9.962997733894465,0.12334088701845258
2020-07-06,1011010501,茄类,30.727000000000004,201.412,57,0,0.0,3,6.554886581833566,0.0
2020-07-06,1011010504,辣椒类,58.682,645.2908,223,0,0.0,10,10.996400940663236,0.0
2020-07-06,1011010801,食用菌,40.578,487.60300000000007,137,1,1.0,6,12.016437478436591,0.024643895707033365
2020-07-07,1011010101,花叶类,175.052,1348.709,379,24,15.177,15,7.704619198866623,0.08669995201425862
2020-07-07,1011010201,花菜类,45.749,526.991,97,0,0.0,2,11.519180747120155,0.0
2020-07-07,1011010402,水生根茎类,3.117,31.17,11,0,0.0,1,10.0,0.0
2020-07-07,1011010501,茄类,32.112,186.848,56,0,0.0,2,5.818634778276034,0.0
2020-07-07,1011010504,辣椒类,42.213,531.0704,191,0,0.0,10,12.580731054414516,0.0
2020-07-07,1011010801,食用菌,52.56,622.3339,175,2,1.441,7,11.84044710806697,0.02741628614916286
2020-07-08,1011010101,花叶类,158.57,1251.845,331,26,15.216,16,7.894589140442707,0.095957621239831
2020-07-08,1011010201,花菜类,45.43300000000001,532.102,95,0,0.0,2,11.71179539101534,0.0
2020-07-08,1011010402,水生根茎类,10.605,155.484,26,0,0.0,2,14.661386138613862,0.0
2020-07-08,1011010501,茄类,39.67,232.2832,64,1,0.576,2,5.855386942273758,0.014519788253087975
2020-07-08,1011010504,辣椒类,65.88,768.061,242,8,2.6470000000000002,10,11.658485124468733,0.04017911353976929
2020-07-08,1011010801,食用菌,43.968,565.4192,153,0,0.0,5,12.859788937409025,0.0
2020-07-09,1011010101,花叶类,187.439,1395.7574,391,1,0.288,15,7.446462048986604,0.0015364998746258782
2020-07-09,1011010201,花菜类,41.131,496.204,89,0,0.0,2,12.063990663976076,0.0
2020-07-09,1011010402,水生根茎类,2.106,21.060000000000002,7,0,0.0,1,10.000000000000002,0.0
2020-07-09,1011010501,茄类,25.921,205.52,48,0,0.0,3,7.928706454226304,0.0
2020-07-09,1011010504,辣椒类,58.86,615.355,219,0,0.0,10,10.454553177030242,0.0
2020-07-09,1011010801,食用菌,37.837,464.1238,133,0,0.0,5,12.266400613156433,0.0
2020-07-10,1011010101,花叶类,179.833,1305.5266,383,49,24.869,16,7.259660907619847,0.13828941295535302
2020-07-10,1011010201,花菜类,62.343999999999994,659.9567999999999,136,10,5.177,2,10.585730784036956,0.08303926600795586
2020-07-10,1011010402,水生根茎类,9.025,128.7304,28,1,0.244,2,14.26375623268698,0.02703601108033241
2020-07-10,1011010501,茄类,37.86,268.35069999999996,62,6,3.698,3,7.087974115161119,0.097675647120972
2020-07-10,1011010504,辣椒类,58.936,714.7903,243,11,2.27,8,12.128245893850957,0.038516356725940004
2020-07-10,1011010801,食用菌,41.429,470.8101,135,21,4.399,6,11.364264162784522,0.10618166018972217
2020-07-11,1011010101,花叶类,271.12,2106.3287,571,71,32.209,15,7.76899048391856,0.1187997934493951
2020-07-11,1011010201,花菜类,76.564,784.2707,139,14,7.188,2,10.24333498772269,0.0938822423070895
2020-07-11,1011010402,水生根茎类,8.928,132.1233,23,4,1.522,2,14.798756720430106,0.1704749103942652
2020-07-11,1011010501,茄类,68.277,405.20640000000003,116,13,7.954,2,5.93474229974955,0.11649603819734317
2020-07-11,1011010504,辣椒类,85.93599999999999,1060.3598,306,33,8.483,9,12.33894758890337,0.09871299571774345
2020-07-11,1011010801,食用菌,52.238,700.3148000000001,184,16,3.681,5,13.406233010452164,0.07046594433171255
2020-07-12,1011010101,花叶类,300.189,2195.9922,653,67,28.834,15,7.315365319848495,0.0960528200566976
2020-07-12,1011010201,花菜类,71.615,777.0745000000001,148,17,7.611,2,10.85072261397752,0.10627661802694967
2020-07-12,1011010402,水生根茎类,13.994,247.96040000000002,36,4,1.369,3,17.719051021866516,0.09782764041732171
2020-07-12,1011010501,茄类,81.706,582.6195,135,17,8.576,3,7.130681957261401,0.10496169191981006
2020-07-12,1011010504,辣椒类,72.459,855.2597000000001,297,26,6.2860000000000005,10,11.80336052112229,0.08675250831504713
2020-07-12,1011010801,食用菌,55.96,678.7291,185,14,5.186,6,12.128825947105074,0.09267333809864188
2020-07-13,1011010101,花叶类,190.832,1422.2043999999999,396,39,19.911,13,7.452651546910371,0.1043378469019871
2020-07-13,1011010201,花菜类,32.028,315.37620000000004,73,7,2.807,2,9.846890221056578,0.08764206319470463
2020-07-13,1011010402,水生根茎类,11.605,164.1054,31,3,1.263,2,14.140922016372253,0.10883239982766048
2020-07-13,1011010501,茄类,44.379,306.6984,79,2,1.117,3,6.9108902859460555,0.02516956218031051
2020-07-13,1011010504,辣椒类,61.24,662.7452,220,15,3.297,10,10.822096668843892,0.05383736120182887
2020-07-13,1011010801,食用菌,42.113,544.001,145,8,2.313,5,12.917650131788283,0.05492365777788332
2020-07-14,1011010101,花叶类,190.59900000000002,1375.1632,413,17,7.468,13,7.2149549577909635,0.039181737574698706
2020-07-14,1011010201,花菜类,57.575,558.9169,115,10,4.54,2,9.707631784628745,0.07885366912722536
2020-07-14,1011010402,水生根茎类,9.007,135.8165,22,1,0.325,2,15.078994115687799,0.03608304651937382
2020-07-14,1011010501,茄类,34.747,225.4722,64,4,2.987,3,6.488968831841597,0.08596425590698478
2020-07-14,1011010504,辣椒类,66.745,710.1373,225,11,3.472,10,10.63955801932729,0.05201887781856319
2020-07-14,1011010801,食用菌,44.836,537.0122,148,10,3.988,7,11.97725488446784,0.08894638237130877
2020-07-15,1011010101,花叶类,218.094,1481.9327,456,19,8.450000000000001,12,6.79492649958275,0.03874476143314351
2020-07-15,1011010201,花菜类,37.962,375.1279,77,7,3.0680000000000005,2,9.881668510615878,0.0808176597650282
2020-07-15,1011010402,水生根茎类,10.238000000000001,151.4427,24,2,0.623,2,14.792215276421175,0.06085172885329165
2020-07-15,1011010501,茄类,38.17,274.55,70,1,0.414,3,7.192821587634268,0.01084621430442756
2020-07-15,1011010504,辣椒类,73.35400000000001,749.7708,242,13,4.27,10,10.221266733920439,0.0582108678463342
2020-07-15,1011010801,食用菌,42.196,494.03610000000003,139,12,4.417,7,11.708126362688407,0.10467816854678169
2020-07-16,1011010101,花叶类,215.526,1535.9922,463,41,19.977,13,7.126714178335791,0.09268951309818768
2020-07-16,1011010201,花菜类,39.45,417.22800000000007,83,9,4.15,2,10.576121673003803,0.10519645120405577
2020-07-16,1011010402,水生根茎类,11.354000000000001,162.7251,30,3,1.171,2,14.33196230403382,0.10313545886912101
2020-07-16,1011010501,茄类,26.586,192.9674,54,5,2.5549999999999997,3,7.258233656811856,0.0961032122169563
2020-07-16,1011010504,辣椒类,72.656,764.0534,237,27,8.331,10,10.516039969169785,0.11466362034794096
2020-07-16,1011010801,食用菌,53.685,641.0918,169,13,3.595,7,11.941730464748067,0.06696470149948776
2020-07-17,1011010101,花叶类,201.67000000000002,1377.6054000000001,431,53,28.238,14,6.83098824812813,0.14002082610204789
2020-07-17,1011010201,花菜类,44.198,455.7297,92,10,4.343,2,10.311093262138558,0.09826236481288746
2020-07-17,1011010402,水生根茎类,10.727,154.124,29,0,0.0,2,14.367856809918896,0.0
2020-07-17,1011010501,茄类,37.251000000000005,294.065,69,8,4.752,3,7.894150492604225,0.12756704517999515
2020-07-17,1011010504,辣椒类,61.025000000000006,690.4716,218,20,5.205,10,11.314569438754607,0.08529291274068004
2020-07-17,1011010801,食用菌,51.908,656.7742000000001,169,17,5.922,7,12.652658549741853,0.11408646066116976
2020-07-18,1011010101,花叶类,275.265,2023.5223,603,95,43.975,13,7.351179045646923,0.1597551450420504
2020-07-18,1011010201,花菜类,61.087999999999994,634.3341,128,24,9.717,2,10.38393956259822,0.1590656102671556
2020-07-18,1011010402,水生根茎类,10.418,151.25990000000002,24,8,3.176,2,14.519091956229605,0.30485697830677677
2020-07-18,1011010501,茄类,56.585,393.6409,95,14,8.432,3,6.956629848899885,0.14901475656092605
2020-07-18,1011010504,辣椒类,85.051,987.4653,318,45,13.839,10,11.61027265993345,0.16271413622414788
2020-07-18,1011010801,食用菌,71.884,884.5590000000001,227,44,15.003,7,12.305366980134663,0.2087112570252073
2020-07-19,1011010101,花叶类,321.164,2307.3773,678,109,51.964999999999996,12,7.184420732087034,0.16180206997048235
2020-07-19,1011010201,花菜类,76.351,809.2379000000001,165,18,8.423,2,10.598916844573091,0.1103194457178033
2020-07-19,1011010402,水生根茎类,11.123999999999999,159.4384,25,8,2.92,2,14.332829917295939,0.2624955052139518
2020-07-19,1011010501,茄类,71.772,556.3027999999999,125,20,11.955,3,7.750972524104106,0.16656913559605416
2020-07-19,1011010504,辣椒类,103.77600000000001,1116.3662,345,34,10.843,10,10.757460299105764,0.10448465926611161
2020-07-19,1011010801,食用菌,80.322,1123.2615,286,43,9.954,7,13.984481213117204,0.1239261970568462
2020-07-20,1011010101,花叶类,204.99699999999999,1412.958,432,44,22.66,12,6.892578915789012,0.11053820299809267
2020-07-20,1011010201,花菜类,47.431,411.38919999999996,99,11,4.921,2,8.673424553562016,0.10375071155995025
2020-07-20,1011010402,水生根茎类,9.548,134.2522,23,2,0.5449999999999999,2,14.060766652702135,0.057080016757436104
2020-07-20,1011010501,茄类,33.947,280.5997,63,7,3.8689999999999998,3,8.265817303443603,0.11397177953869266
2020-07-20,1011010504,辣椒类,67.35,677.3548999999999,246,29,8.161999999999999,9,10.05723682256867,0.12118782479584261
2020-07-20,1011010801,食用菌,52.617000000000004,627.6752,181,14,3.75,7,11.929133169888058,0.071269741718456
2020-07-21,1011010101,花叶类,214.99,1592.4823000000001,428,29,14.48,13,7.407238941346109,0.06735196985906321
2020-07-21,1011010201,花菜类,49.004999999999995,461.4358,114,10,4.1080000000000005,2,9.416096316702378,0.08382818079787778
2020-07-21,1011010402,水生根茎类,12.744,213.18280000000001,29,3,1.299,3,16.72809165097301,0.10193032015065913
2020-07-21,1011010501,茄类,27.094,206.34199999999998,51,2,1.504,3,7.615782091976082,0.055510445117000075
2020-07-21,1011010504,辣椒类,56.992999999999995,571.6611,203,11,3.207,10,10.030373905567352,0.05627006825399611
2020-07-21,1011010801,食用菌,45.905,570.2716,158,15,3.878,7,12.422864611698072,0.0844788149439059
2020-07-22,1011010101,花叶类,232.78300000000002,1648.3367,499,58,27.328,13,7.081001189949438,0.1173968889480761
2020-07-22,1011010201,花菜类,53.675,531.4384,116,11,4.836,2,9.9010414531905,0.09009781089892875
2020-07-22,1011010402,水生根茎类,11.049999999999999,180.9364,29,2,1.051,3,16.37433484162896,0.0951131221719457
2020-07-22,1011010501,茄类,48.247,372.4259,90,6,1.749,3,7.719151449831078,0.03625095860882542
2020-07-22,1011010504,辣椒类,81.36,801.0997,288,26,7.174,9,9.846358161258603,0.08817600786627336
2020-07-22,1011010801,食用菌,66.794,745.5677,205,15,3.9640000000000004,7,11.162195706201155,0.059346647902506225
2020-07-23,1011010101,花叶类,200.441,1426.5588,433,66,28.065,13,7.117100792751982,0.14001626413757665
2020-07-23,1011010201,花菜类,39.425,420.2273,88,6,3.081,2,10.658904248573242,0.07814838300570705
2020-07-23,1011010402,水生根茎类,30.417,207.4809,39,4,4.444,3,6.821215109971397,0.14610250846566064
2020-07-23,1011010501,茄类,44.141999999999996,338.846,72,7,3.428,3,7.676272031172127,0.07765846586017852
2020-07-23,1011010504,辣椒类,57.638999999999996,640.9893,212,15,3.778,10,11.12075677926404,0.06554589774284773
2020-07-23,1011010801,食用菌,56.759,623.9236,169,15,4.032,7,10.992505153367746,0.07103719233954087
2020-07-24,1011010101,花叶类,176.325,1340.1698999999999,371,35,16.396,11,7.600566567418119,0.09298738125620304
2020-07-24,1011010201,花菜类,38.284000000000006,409.21709999999996,79,8,3.8600000000000003,2,10.6889849545502,0.10082541009298923
2020-07-24,1011010402,水生根茎类,11.739999999999998,197.4297,29,2,0.757,3,16.816839863713803,0.06448040885860308
2020-07-24,1011010501,茄类,34.97,289.3317,56,6,2.554,3,8.273711752931085,0.07303402916785816
2020-07-24,1011010504,辣椒类,58.738,600.5783,197,18,5.346,9,10.224697810616638,0.09101433484286152
2020-07-24,1011010801,食用菌,49.201,573.4826,147,14,4.937,7,11.655913497693136,0.10034348895347656
2020-07-25,1011010101,花叶类,227.137,1805.9512,514,58,22.624000000000002,13,7.950933577532502,0.09960508415625813
2020-07-25,1011010201,花菜类,57.421,620.8881,120,17,7.785,2,10.812909911008168,0.13557757614809912
2020-07-25,1011010402,水生根茎类,10.424,150.716,23,6,2.9080000000000004,2,14.458557175748275,0.2789716039907905
2020-07-25,1011010501,茄类,61.874,435.2305,108,19,12.454999999999998,3,7.034141965930762,0.20129618256456666
2020-07-25,1011010504,辣椒类,94.20600000000002,951.9404999999999,313,41,12.509,10,10.104881854658936,0.1327834745133006
2020-07-25,1011010801,食用菌,67.013,809.1514999999999,208,26,8.315999999999999,7,12.07454523749123,0.12409532478772772
2020-07-26,1011010101,花叶类,250.825,2045.4513,548,68,35.095,13,8.154894049636201,0.13991826970995713
2020-07-26,1011010201,花菜类,64.119,711.6964,139,20,9.189,2,11.09961789797096,0.14331165489168576
2020-07-26,1011010402,水生根茎类,12.988,234.4727,36,4,1.957,3,18.053025870033878,0.15067754850631354
2020-07-26,1011010501,茄类,69.521,515.1741,112,13,7.637,3,7.41033788351721,0.10985169948648608
2020-07-26,1011010504,辣椒类,102.061,1058.5517,348,43,13.593,9,10.371755126835911,0.133185055995924
2020-07-26,1011010801,食用菌,71.295,882.8239000000001,209,33,9.619,7,12.38269023073147,0.13491829721579351
2020-07-27,1011010101,花叶类,198.00900000000001,1568.9211,408,44,18.404,12,7.923483781040256,0.09294527016448746
2020-07-27,1011010201,花菜类,42.876000000000005,463.1993,88,10,5.213,2,10.803230245358707,0.12158317007183504
2020-07-27,1011010402,水生根茎类,17.265,246.9673,39,3,0.829,3,14.304506226469735,0.04801621778163915
2020-07-27,1011010501,茄类,36.121,265.8719,59,10,5.545,3,7.3605907920600195,0.1535118075357825
2020-07-27,1011010504,辣椒类,71.402,776.7883999999999,255,12,3.0989999999999998,10,10.879084619478444,0.043402145598162516
2020-07-27,1011010801,食用菌,52.777,654.2723000000001,172,30,11.798,8,12.39692100725695,0.22354434696932377
2020-07-28,1011010101,花叶类,165.443,1326.3971000000001,360,50,22.838,13,8.017245214363859,0.13804150069812562
2020-07-28,1011010201,花菜类,34.937,379.23389999999995,71,6,2.202,2,10.854792912957608,0.0630277356384349
2020-07-28,1011010402,水生根茎类,13.959,166.78640000000001,34,1,0.451,2,11.948305752561073,0.032308904649330186
2020-07-28,1011010501,茄类,40.34,313.6707,60,9,6.663,3,7.775674268715914,0.1651710461080813
2020-07-28,1011010504,辣椒类,66.001,667.8376000000001,225,24,8.601,10,10.11859820305753,0.13031620733019197
2020-07-28,1011010801,食用菌,47.728,550.9985,138,15,5.336,8,11.544554559168622,0.11180020113979215
2020-07-29,1011010101,花叶类,193.72899999999998,1516.066,413,43,18.623,12,7.8257049796365035,0.09612912883460918
2020-07-29,1011010201,花菜类,42.22,486.9335,94,8,4.189,2,11.533242539081003,0.09921837991473235
2020-07-29,1011010402,水生根茎类,18.597,226.9722,34,1,0.543,2,12.204774963703821,0.02919825778351347
2020-07-29,1011010501,茄类,40.777,324.2181,69,10,5.242,3,7.951004242587733,0.1285528606812664
2020-07-29,1011010504,辣椒类,82.494,815.1328,282,28,7.978999999999999,10,9.881116202390476,0.09672218585594103
2020-07-29,1011010801,食用菌,54.315,660.9125,174,19,4.373,7,12.168139556292001,0.08051182914480347
2020-07-30,1011010101,花叶类,201.743,1575.9332,413,52,25.931,11,7.811588010488592,0.12853481905196215
2020-07-30,1011010201,花菜类,38.198,392.41679999999997,82,12,5.804,2,10.27322896486727,0.1519451280171737
2020-07-30,1011010402,水生根茎类,10.645000000000001,126.79490000000001,26,5,2.3289999999999997,2,11.911216533583842,0.218788163457022
2020-07-30,1011010501,茄类,46.311,355.9828,81,10,5.8020000000000005,3,7.686787156399127,0.12528340998898752
2020-07-30,1011010504,辣椒类,68.219,647.6431,235,22,5.854,10,9.493588296515634,0.0858118705932365
2020-07-30,1011010801,食用菌,50.774,578.2916,155,15,3.0629999999999997,7,11.389522196399732,0.06032615117973766
2020-07-31,1011010101,花叶类,197.166,1534.2384000000002,437,2,2.0,13,7.781455220474119,0.010143736749743872
2020-07-31,1011010201,花菜类,37.549,393.0233,74,1,0.627,2,10.466944525819596,0.016698181043436577
2020-07-31,1011010402,水生根茎类,19.062,213.33,37,0,0.0,2,11.191375511488825,0.0
2020-07-31,1011010501,茄类,34.092,265.107,53,0,0.0,3,7.776223160858853,0.0
2020-07-31,1011010504,辣椒类,41.104,440.091,152,0,0.0,10,10.706768197742313,0.0
2020-07-31,1011010801,食用菌,45.587,522.947,127,0,0.0,7,11.471406321977756,0.0
2020-08-01,1011010101,花叶类,229.89,1835.8272,527,57,27.403,14,7.9856766279524996,0.11920048718952543
2020-08-01,1011010201,花菜类,54.361999999999995,607.9993000000001,121,10,3.7590000000000003,2,11.184270262315591,0.06914756631470514
2020-08-01,1011010402,水生根茎类,21.432000000000002,237.8084,44,5,2.332,2,11.095949981336318,0.10880925718551697
2020-08-01,1011010501,茄类,48.80499999999999,353.9742,90,5,3.151,3,7.252826554656286,0.06456305706382544
2020-08-01,1011010504,辣椒类,66.15599999999999,693.1243000000001,265,13,3.624,11,10.47711923332729,0.054779611826591704
2020-08-01,1011010801,食用菌,53.797,669.5794000000001,175,7,1.582,7,12.446407792256077,0.029406844247820512
2020-08-02,1011010101,花叶类,243.138,2089.567,547,16,9.036,17,8.594160517895187,0.03716407965846556
2020-08-02,1011010201,花菜类,49.219,556.502,99,0,0.0,2,11.306649870984781,0.0
2020-08-02,1011010402,水生根茎类,56.153999999999996,627.7452000000001,107,11,5.88,3,11.17899348220964,0.10471204188481675
2020-08-02,1011010501,茄类,50.893,352.942,93,0,0.0,3,6.934981235140393,0.0
2020-08-02,1011010504,辣椒类,67.963,661.0504,252,0,0.0,11,9.726621838353221,0.0
2020-08-02,1011010801,食用菌,54.961,617.6406000000001,163,0,0.0,8,11.237797711104239,0.0
2020-08-03,1011010101,花叶类,207.843,1680.6198,470,3,1.338,16,8.08600626434376,0.006437551421024524
2020-08-03,1011010201,花菜类,44.426,492.02799999999996,89,0,0.0,2,11.075226218880834,0.0
2020-08-03,1011010402,水生根茎类,15.555000000000001,195.6176,41,0,0.0,3,12.575866280938605,0.0
2020-08-03,1011010501,茄类,45.191,302.953,82,0,0.0,3,6.703834834369674,0.0
2020-08-03,1011010504,辣椒类,86.474,854.4544000000001,295,0,0.0,11,9.881055577398987,0.0
2020-08-03,1011010801,食用菌,48.575,600.7601999999999,151,9,1.905,8,12.367682964487903,0.03921770458054555
2020-08-04,1011010101,花叶类,180.012,1328.5652,387,2,2.0,17,7.380425749394485,0.011110370419749794
2020-08-04,1011010201,花菜类,44.534000000000006,484.39,99,0,0.0,2,10.876858130866303,0.0
2020-08-04,1011010402,水生根茎类,26.208,319.5464,51,0,0.0,3,12.192704517704518,0.0
2020-08-04,1011010501,茄类,30.591,228.63600000000002,56,0,0.0,3,7.47396293027361,0.0
2020-08-04,1011010504,辣椒类,73.36500000000001,706.3548000000001,225,0,0.0,8,9.627953383766101,0.0
2020-08-04,1011010801,食用菌,45.301,570.8358000000001,140,0,0.0,7,12.600953621332863,0.0
2020-08-05,1011010101,花叶类,244.39499999999998,1891.6622,544,8,3.589,18,7.740183718979521,0.014685243151455637
2020-08-05,1011010201,花菜类,43.631,446.40999999999997,101,0,0.0,2,10.231486786917557,0.0
2020-08-05,1011010402,水生根茎类,21.451999999999998,258.012,38,0,0.0,3,12.027410031698677,0.0
2020-08-05,1011010501,茄类,49.472,368.65,85,0,0.0,3,7.451689844760672,0.0
2020-08-05,1011010504,辣椒类,82.229,808.7543999999999,272,0,0.0,7,9.835391406924563,0.0
2020-08-05,1011010801,食用菌,62.84,757.8292,179,0,0.0,7,12.059662635264162,0.0
2020-08-06,1011010101,花叶类,234.77700000000002,1788.7844,495,33,16.740000000000002,17,7.619078529838953,0.07130170331846816
2020-08-06,1011010201,花菜类,40.827,394.476,84,0,0.0,2,9.662135351605556,0.0
2020-08-06,1011010402,水生根茎类,19.115,220.89579999999998,36,0,0.0,3,11.556149620716715,0.0
2020-08-06,1011010501,茄类,31.596,252.768,57,0,0.0,2,8.0,0.0
2020-08-06,1011010504,辣椒类,74.047,731.4874,249,0,0.0,11,9.878690561400193,0.0
2020-08-06,1011010801,食用菌,48.611000000000004,596.5882,155,0,0.0,8,12.27269959474193,0.0
2020-08-07,1011010101,花叶类,204.941,1683.3442,426,11,6.229,17,8.213799093397611,0.030394113427767017
2020-08-07,1011010201,花菜类,40.272000000000006,438.672,89,0,0.0,2,10.892729439809296,0.0
2020-08-07,1011010402,水生根茎类,25.415,312.622,50,0,0.0,4,12.30068856974228,0.0
2020-08-07,1011010501,茄类,51.799,266.15999999999997,90,0,0.0,3,5.1383231336512285,0.0
2020-08-07,1011010504,辣椒类,78.61099999999999,789.528,262,0,0.0,10,10.043479920112963,0.0
2020-08-07,1011010801,食用菌,68.177,735.9746,179,0,0.0,11,10.79505698402687,0.0
2020-08-08,1011010101,花叶类,311.161,2505.7686000000003,648,1,1.0,16,8.05296486384862,0.003213770363252464
2020-08-08,1011010201,花菜类,58.156000000000006,619.8679999999999,132,0,0.0,2,10.65871105302978,0.0
2020-08-08,1011010402,水生根茎类,27.461,335.90999999999997,55,0,0.0,4,12.232256654892392,0.0
2020-08-08,1011010501,茄类,63.763999999999996,323.176,111,0,0.0,3,5.068314409384606,0.0
2020-08-08,1011010504,辣椒类,100.292,980.1271999999999,340,0,0.0,8,9.772735612012921,0.0
2020-08-08,1011010801,食用菌,92.144,863.66,222,0,0.0,12,9.372938010071191,0.0
2020-08-09,1011010101,花叶类,250.58999999999997,2007.366,504,7,5.538,16,8.010559080569855,0.022099844367293193
2020-08-09,1011010201,花菜类,54.876,655.23,117,0,0.0,2,11.940192433850864,0.0
2020-08-09,1011010402,水生根茎类,25.900000000000002,289.34799999999996,57,0,0.0,3,11.17173745173745,0.0
2020-08-09,1011010501,茄类,51.834999999999994,259.75,95,0,0.0,3,5.01109289090383,0.0
2020-08-09,1011010504,辣椒类,73.684,729.5186,255,0,0.0,10,9.900637858965311,0.0
2020-08-09,1011010801,食用菌,73.07300000000001,930.362,232,0,0.0,10,12.73195297852832,0.0
2020-08-10,1011010101,花叶类,210.292,1730.7,464,11,5.341,15,8.229984973275256,0.025398017994027352
2020-08-10,1011010201,花菜类,50.7,589.83,116,0,0.0,2,11.633727810650887,0.0
2020-08-10,1011010402,水生根茎类,30.683,342.8468,64,0,0.0,4,11.173835674477724,0.0
2020-08-10,1011010501,茄类,47.664,237.186,85,0,0.0,3,4.976208459214502,0.0
2020-08-10,1011010504,辣椒类,78.905,783.0778,262,0,0.0,9,9.924311513845764,0.0
2020-08-10,1011010801,食用菌,36.094,497.3138,123,0,0.0,5,13.778295561589184,0.0
2020-08-11,1011010101,花叶类,216.71300000000002,1614.1096,455,31,16.645,15,7.448143858467189,0.07680665211593213
2020-08-11,1011010201,花菜类,56.278999999999996,643.296,133,0,0.0,2,11.430480285719364,0.0
2020-08-11,1011010402,水生根茎类,20.458,248.3272,47,2,0.777,4,12.138390849545411,0.037980252224068825
2020-08-11,1011010501,茄类,33.572,167.394,60,0,0.0,3,4.986119385201953,0.0
2020-08-11,1011010504,辣椒类,73.292,747.7902,256,0,0.0,10,10.202889810620531,0.0
2020-08-11,1011010801,食用菌,40.016999999999996,529.7576,131,0,0.0,5,13.238313716670417,0.0
2020-08-12,1011010101,花叶类,206.877,1561.0814,438,30,12.354,14,7.545939857983246,0.05971664322278455
2020-08-12,1011010201,花菜类,50.065,581.3,111,0,0.0,2,11.610905822430839,0.0
2020-08-12,1011010402,水生根茎类,27.354999999999997,311.9464,57,0,0.0,4,11.403633704989948,0.0
2020-08-12,1011010501,茄类,36.009,244.553,66,0,0.0,3,6.791441028631731,0.0
2020-08-12,1011010504,辣椒类,85.166,860.6532,276,0,0.0,10,10.105596129910998,0.0
2020-08-12,1011010801,食用菌,34.195,459.80460000000005,123,0,0.0,6,13.44654481649364,0.0
2020-08-13,1011010101,花叶类,188.208,1360.5064,386,10,8.253,15,7.228738417070475,0.0438504208110176
2020-08-13,1011010201,花菜类,47.468,494.769,113,0,0.0,2,10.423211426645318,0.0
2020-08-13,1011010402,水生根茎类,19.324,234.16140000000001,44,0,0.0,3,12.11764645001035,0.0
2020-08-13,1011010501,茄类,31.109,212.742,58,0,0.0,3,6.838599762126715,0.0
2020-08-13,1011010504,辣椒类,61.767999999999994,613.2288,222,0,0.0,9,9.927936795751846,0.0
2020-08-13,1011010801,食用菌,35.65,480.52570000000003,129,1,0.263,5,13.478981767180928,0.0073772791023842925
2020-08-14,1011010101,花叶类,217.758,1606.1536,483,16,6.702,15,7.375864951000652,0.030777284875871377
2020-08-14,1011010201,花菜类,58.581999999999994,598.5409999999999,137,0,0.0,2,10.2171486122017,0.0
2020-08-14,1011010402,水生根茎类,29.991,253.29940000000002,50,0,0.0,4,8.445847087459573,0.0
2020-08-14,1011010501,茄类,37.826,276.063,67,0,0.0,3,7.298234018928778,0.0
2020-08-14,1011010504,辣椒类,76.489,776.5717999999999,261,0,0.0,10,10.152725228464222,0.0
2020-08-14,1011010801,食用菌,53.795,583.87,158,0,0.0,10,10.853610930383864,0.0
2020-08-15,1011010101,花叶类,245.136,1933.717,507,0,0.0,14,7.888343613341166,0.0
2020-08-15,1011010201,花菜类,79.38,680.84,169,0,0.0,2,8.576971529352482,0.0
2020-08-15,1011010402,水生根茎类,25.642,272.6662,47,0,0.0,3,10.633577724046486,0.0
2020-08-15,1011010501,茄类,43.278999999999996,318.823,82,0,0.0,3,7.366690542757458,0.0
2020-08-15,1011010504,辣椒类,94.285,956.6032,327,0,0.0,10,10.145868377790741,0.0
2020-08-15,1011010801,食用菌,58.015,658.7176000000001,166,0,0.0,10,11.354263552529519,0.0
2020-08-16,1011010101,花叶类,241.48000000000002,1826.1872,483,0,0.0,13,7.5624780520125885,0.0
2020-08-16,1011010201,花菜类,60.230999999999995,634.4398,137,0,0.0,2,10.533442911457556,0.0
2020-08-16,1011010402,水生根茎类,24.454,244.59820000000002,52,0,0.0,3,10.002379978735586,0.0
2020-08-16,1011010501,茄类,48.366,341.816,84,0,0.0,3,7.067278666832071,0.0
2020-08-16,1011010504,辣椒类,95.285,943.0663999999999,329,0,0.0,9,9.897322768536496,0.0
2020-08-16,1011010801,食用菌,55.092999999999996,685.6208,176,0,0.0,9,12.444789719202078,0.0
2020-08-17,1011010101,花叶类,215.63299999999998,1440.412,465,5,2.287,13,6.679923759350379,0.010605983314242255
2020-08-17,1011010201,花菜类,51.749,535.1469999999999,121,0,0.0,2,10.34120466095963,0.0
2020-08-17,1011010402,水生根茎类,15.916,172.623,32,0,0.0,3,10.845878361397336,0.0
2020-08-17,1011010501,茄类,35.013999999999996,259.046,64,0,0.0,3,7.398354943736791,0.0
2020-08-17,1011010504,辣椒类,72.953,690.9762,251,0,0.0,9,9.47152550272093,0.0
2020-08-17,1011010801,食用菌,47.418,538.4362,140,0,0.0,9,11.355101438272387,0.0
2020-08-18,1011010101,花叶类,225.113,1601.7918,470,0,0.0,13,7.115501103890046,0.0
2020-08-18,1011010201,花菜类,55.92,551.62,129,0,0.0,2,9.86444921316166,0.0
2020-08-18,1011010402,水生根茎类,21.753,208.04060000000004,38,0,0.0,3,9.563765917344735,0.0
2020-08-18,1011010501,茄类,34.019000000000005,259.425,66,0,0.0,3,7.625885534554219,0.0
2020-08-18,1011010504,辣椒类,76.92,725.141,258,0,0.0,10,9.427210088403536,0.0
2020-08-18,1011010801,食用菌,45.716,523.6236,135,0,0.0,8,11.453836731122584,0.0
2020-08-19,1011010101,花叶类,214.173,1519.7384,437,0,0.0,13,7.095844947775864,0.0
2020-08-19,1011010201,花菜类,64.061,591.306,140,0,0.0,2,9.230358564493217,0.0
2020-08-19,1011010402,水生根茎类,17.95,188.24040000000002,35,0,0.0,3,10.486930362116993,0.0
2020-08-19,1011010501,茄类,30.347,232.61599999999999,57,0,0.0,3,7.665205786403927,0.0
2020-08-19,1011010504,辣椒类,80.919,658.47,277,0,0.0,9,8.137396655915175,0.0
2020-08-19,1011010801,食用菌,50.126,621.4786,154,0,0.0,10,12.398328212903484,0.0
2020-08-20,1011010101,花叶类,233.53199999999998,1683.267,470,0,0.0,13,7.207864446842404,0.0
2020-08-20,1011010201,花菜类,69.58699999999999,630.3,150,0,0.0,2,9.057726299452485,0.0
2020-08-20,1011010402,水生根茎类,22.966,223.08760000000004,48,0,0.0,3,9.713820430201167,0.0
2020-08-20,1011010501,茄类,37.957,329.806,67,0,0.0,3,8.688937481887399,0.0
2020-08-20,1011010504,辣椒类,75.953,633.024,270,0,0.0,10,8.334417337037378,0.0
2020-08-20,1011010801,食用菌,54.411,608.8122,150,0,0.0,11,11.189138225726415,0.0
2020-08-21,1011010101,花叶类,207.076,1551.367,422,10,5.381,13,7.491775966311885,0.025985628464911436
2020-08-21,1011010201,花菜类,50.062,507.66,108,0,0.0,2,10.140625624225962,0.0
2020-08-21,1011010402,水生根茎类,34.598,251.56880000000004,54,0,0.0,4,7.271194866755305,0.0
2020-08-21,1011010501,茄类,29.694,247.648,54,0,0.0,3,8.340001347073484,0.0
2020-08-21,1011010504,辣椒类,85.19800000000001,694.994,282,0,0.0,10,8.157398060987347,0.0
2020-08-21,1011010801,食用菌,50.0,608.3198,157,0,0.0,9,12.166395999999999,0.0
2020-08-22,1011010101,花叶类,273.081,2003.071,557,17,8.571,14,7.335080067818705,0.031386291979302844
2020-08-22,1011010201,花菜类,55.886,563.7560000000001,132,0,0.0,2,10.087606914075083,0.0
2020-08-22,1011010402,水生根茎类,42.772,282.6736,54,0,0.0,3,6.6088469091929305,0.0
2020-08-22,1011010501,茄类,30.422,295.327,58,0,0.0,3,9.707678653605942,0.0
2020-08-22,1011010504,辣椒类,116.801,959.5360000000001,374,0,0.0,9,8.215135144390887,0.0
2020-08-22,1011010801,食用菌,49.895,627.0160000000001,165,0,0.0,9,12.566710091191503,0.0
2020-08-23,1011010101,花叶类,261.552,1988.1942,524,12,5.666,13,7.601525509267755,0.021662996268428457
2020-08-23,1011010201,花菜类,71.556,775.273,158,0,0.0,2,10.834493264016995,0.0
2020-08-23,1011010402,水生根茎类,46.056999999999995,309.383,58,0,0.0,4,6.717393664372408,0.0
2020-08-23,1011010501,茄类,47.316,454.528,90,0,0.0,3,9.606221996787555,0.0
2020-08-23,1011010504,辣椒类,93.71400000000001,770.576,336,0,0.0,9,8.222634825106173,0.0
2020-08-23,1011010801,食用菌,55.226,665.1796,179,0,0.0,8,12.044681852750518,0.0
2020-08-24,1011010101,花叶类,260.694,1777.826,485,0,0.0,15,6.819589250232072,0.0
2020-08-24,1011010201,花菜类,41.784,439.187,89,0,0.0,2,10.510889335630864,0.0
2020-08-24,1011010402,水生根茎类,20.305,201.19940000000003,37,0,0.0,3,9.908859886727408,0.0
2020-08-24,1011010501,茄类,26.874000000000002,233.149,55,0,0.0,3,8.675634442211802,0.0
2020-08-24,1011010504,辣椒类,97.07900000000001,760.6728,281,0,0.0,10,7.835606052802357,0.0
2020-08-24,1011010801,食用菌,39.576,472.21580000000006,111,0,0.0,9,11.931872852233678,0.0
2020-08-25,1011010101,花叶类,343.427,1911.8020000000001,568,1,1.106,14,5.566836620300675,0.003220480626159271
2020-08-25,1011010201,花菜类,47.760999999999996,527.521,106,0,0.0,2,11.04501580787672,0.0
2020-08-25,1011010402,水生根茎类,20.062,213.29840000000002,42,0,0.0,3,10.631960921144453,0.0
2020-08-25,1011010501,茄类,23.272,230.43099999999998,52,0,0.0,3,9.901641457545548,0.0
2020-08-25,1011010504,辣椒类,107.213,839.8614000000001,341,1,0.464,9,7.833578017591152,0.004327833378414932
2020-08-25,1011010801,食用菌,54.488,627.6222,157,0,0.0,9,11.51853986198796,0.0
2020-08-26,1011010101,花叶类,241.686,1632.57,498,13,4.7589999999999995,14,6.754921675231499,0.019690838526021364
2020-08-26,1011010201,花菜类,82.544,915.261,179,46,19.438,2,11.088159042450087,0.23548652839697615
2020-08-26,1011010402,水生根茎类,18.95,196.0036,39,0,0.0,3,10.34319788918206,0.0
2020-08-26,1011010501,茄类,30.722,304.66499999999996,55,0,0.0,3,9.916834841481673,0.0
2020-08-26,1011010504,辣椒类,82.32,644.126,281,0,0.0,10,7.824659863945579,0.0
2020-08-26,1011010801,食用菌,42.811,605.6674,143,0,0.0,9,14.147471444254982,0.0
2020-08-27,1011010101,花叶类,199.007,1573.879,406,0,0.0,14,7.908661504369192,0.0
2020-08-27,1011010201,花菜类,92.506,935.528,193,52,26.574,2,10.113160227444707,0.2872678528960284
2020-08-27,1011010402,水生根茎类,19.487000000000002,240.0828,42,0,0.0,4,12.320151896135885,0.0
2020-08-27,1011010501,茄类,19.129,191.572,32,0,0.0,4,10.014742014742014,0.0
2020-08-27,1011010504,辣椒类,89.92,709.0151999999999,285,0,0.0,10,7.884955516014234,0.0
2020-08-27,1011010801,食用菌,50.458,600.5288,139,1,1.0,9,11.90155773118237,0.019818462880019025
2020-08-28,1011010101,花叶类,195.032,1479.211,417,0,0.0,13,7.58445280774437,0.0
2020-08-28,1011010201,花菜类,39.93,387.05600000000004,84,0,0.0,2,9.69336338592537,0.0
2020-08-28,1011010402,水生根茎类,20.997,258.92040000000003,47,0,0.0,4,12.33130447206744,0.0
2020-08-28,1011010501,茄类,24.597,259.176,43,0,0.0,3,10.536894743261373,0.0
2020-08-28,1011010504,辣椒类,156.11,993.381,374,0,0.0,9,6.363339952597527,0.0
2020-08-28,1011010801,食用菌,55.659,652.1884,150,0,0.0,11,11.717573078927039,0.0
2020-08-29,1011010101,花叶类,267.031,2101.76,543,0,0.0,13,7.87084645602945,0.0
2020-08-29,1011010201,花菜类,56.803,583.74,116,0,0.0,2,10.27656989947714,0.0
2020-08-29,1011010402,水生根茎类,65.814,544.4688,110,0,0.0,2,8.27284164463488,0.0
2020-08-29,1011010501,茄类,30.675,324.78000000000003,52,0,0.0,3,10.587775061124695,0.0
2020-08-29,1011010504,辣椒类,145.627,945.657,396,0,0.0,10,6.493692790485281,0.0
2020-08-29,1011010801,食用菌,62.431,728.2266000000001,172,0,0.0,11,11.664503211545547,0.0
2020-08-30,1011010101,花叶类,266.387,2080.0218,539,14,5.263,12,7.80827067386922,0.01975697012241588
2020-08-30,1011010201,花菜类,80.779,815.7,170,0,0.0,2,10.097921489496033,0.0
2020-08-30,1011010402,水生根茎类,30.005000000000003,286.332,62,0,0.0,3,9.542809531744709,0.0
2020-08-30,1011010501,茄类,21.641,219.287,39,0,0.0,3,10.1329421006423,0.0
2020-08-30,1011010504,辣椒类,155.81099999999998,1023.8159999999999,440,0,0.0,10,6.570883955561546,0.0
2020-08-30,1011010801,食用菌,73.195,761.0296,186,0,0.0,11,10.397289432338274,0.0
2020-08-31,1011010101,花叶类,224.882,1721.1057999999998,464,0,0.0,14,7.653372879999288,0.0
2020-08-31,1011010201,花菜类,54.722,546.932,113,0,0.0,2,9.994737034465114,0.0
2020-08-31,1011010402,水生根茎类,52.949,449.968,88,0,0.0,3,8.498139719352585,0.0
2020-08-31,1011010501,茄类,15.943,157.332,30,0,0.0,3,9.868406197077087,0.0
2020-08-31,1011010504,辣椒类,117.96499999999999,790.7804,330,0,0.0,9,6.703517144915866,0.0
2020-08-31,1011010801,食用菌,44.775999999999996,605.2586,148,0,0.0,9,13.51747811327497,0.0
2020-09-01,1011010101,花叶类,191.655,1444.873,397,15,7.336,12,7.538926717278443,0.03827711251989252
2020-09-01,1011010201,花菜类,55.858000000000004,566.672,118,0,0.0,2,10.144867342189123,0.0
2020-09-01,1011010402,水生根茎类,47.658,411.3492,77,0,0.0,3,8.631272818834193,0.0
2020-09-01,1011010501,茄类,26.328999999999997,263.517,43,0,0.0,3,10.008621671920697,0.0
2020-09-01,1011010504,辣椒类,102.504,684.0116,291,0,0.0,10,6.673023491766175,0.0
2020-09-01,1011010801,食用菌,47.282,585.404,133,0,0.0,9,12.381117550019036,0.0
2020-09-02,1011010101,花叶类,179.819,1354.1118000000001,365,0,0.0,14,7.530415584560031,0.0
2020-09-02,1011010201,花菜类,38.715999999999994,393.956,90,0,0.0,2,10.175534662671765,0.0
2020-09-02,1011010402,水生根茎类,17.941,154.654,34,0,0.0,3,8.62014380469316,0.0
2020-09-02,1011010501,茄类,13.873000000000001,138.294,25,0,0.0,3,9.968572046421105,0.0
2020-09-02,1011010504,辣椒类,83.96900000000001,559.7978,232,0,0.0,10,6.666719860901047,0.0
2020-09-02,1011010801,食用菌,51.011,550.8762,135,0,0.0,10,10.799164886004979,0.0
2020-09-03,1011010101,花叶类,193.463,1344.2868,386,18,8.573,13,6.948547267436151,0.04431338292076521
2020-09-03,1011010201,花菜类,38.893,386.36,86,0,0.0,2,9.933921271179903,0.0
2020-09-03,1011010402,水生根茎类,15.996,133.144,31,0,0.0,2,8.323580895223806,0.0
2020-09-03,1011010501,茄类,14.172,141.414,28,0,0.0,3,9.978408128704487,0.0
2020-09-03,1011010504,辣椒类,87.119,591.0916,263,0,0.0,9,6.784875859456605,0.0
2020-09-03,1011010801,食用菌,48.163,514.7058,129,0,0.0,9,10.68674708801362,0.0
2020-09-04,1011010101,花叶类,176.316,1276.8378,347,0,0.0,14,7.241757979990472,0.0
2020-09-04,1011010201,花菜类,46.612,460.088,101,0,0.0,2,9.870591264052175,0.0
2020-09-04,1011010402,水生根茎类,16.634999999999998,146.93599999999998,37,0,0.0,2,8.832942590922753,0.0
2020-09-04,1011010501,茄类,20.233,186.4,39,0,0.0,3,9.21267236692532,0.0
2020-09-04,1011010504,辣椒类,91.579,616.0522,273,0,0.0,10,6.727002915515566,0.0
2020-09-04,1011010801,食用菌,54.43,638.4452,143,0,0.0,10,11.72965643946353,0.0
2020-09-05,1011010101,花叶类,249.559,1875.2993999999999,499,21,9.718,15,7.514453095260039,0.038940691379593606
2020-09-05,1011010201,花菜类,57.828,582.46,125,0,0.0,2,10.072283322957738,0.0
2020-09-05,1011010402,水生根茎类,42.553999999999995,331.0884,79,0,0.0,2,7.780429571838136,0.0
2020-09-05,1011010501,茄类,33.731,325.696,62,0,0.0,4,9.655687646378702,0.0
2020-09-05,1011010504,辣椒类,110.439,789.6522,344,0,0.0,9,7.150120881210443,0.0
2020-09-05,1011010801,食用菌,62.594,733.1446,176,0,0.0,11,11.712697702655205,0.0
2020-09-06,1011010101,花叶类,276.111,2156.9974,565,8,3.9610000000000003,15,7.812066161797249,0.014345679817174979
2020-09-06,1011010201,花菜类,53.202,592.318,131,0,0.0,2,11.133378444419384,0.0
2020-09-06,1011010402,水生根茎类,46.963,357.95799999999997,81,6,4.384,2,7.622128058258628,0.09335008410876648
2020-09-06,1011010501,茄类,33.397,331.62800000000004,62,0,0.0,4,9.929873940773126,0.0
2020-09-06,1011010504,辣椒类,126.5,1095.6204,388,0,0.0,9,8.661030830039525,0.0
2020-09-06,1011010801,食用菌,78.472,845.633,200,0,0.0,11,10.776238658374963,0.0
2020-09-07,1011010101,花叶类,148.221,1164.2198,315,9,5.68,15,7.854621140054379,0.03832115557174759
2020-09-07,1011010201,花菜类,26.256999999999998,293.35400000000004,64,0,0.0,2,11.172411166546066,0.0
2020-09-07,1011010402,水生根茎类,38.925999999999995,299.60720000000003,64,3,1.237,2,7.696840158248987,0.03177824590248164
2020-09-07,1011010501,茄类,17.365000000000002,166.346,32,0,0.0,4,9.57938381802476,0.0
2020-09-07,1011010504,辣椒类,56.473000000000006,496.26680000000005,177,0,0.0,10,8.787682609388558,0.0
2020-09-07,1011010801,食用菌,41.804,490.5716,125,0,0.0,10,11.735039709118745,0.0
2020-09-08,1011010101,花叶类,158.329,1168.783,299,16,14.475999999999999,16,7.381989401815207,0.09142987071225106
2020-09-08,1011010201,花菜类,33.239,371.65,83,0,0.0,2,11.18114263365324,0.0
2020-09-08,1011010402,水生根茎类,19.127,153.016,38,0,0.0,1,8.0,0.0
2020-09-08,1011010501,茄类,20.623,199.116,37,0,0.0,4,9.65504533772972,0.0
2020-09-08,1011010504,辣椒类,50.259,444.6856,165,0,0.0,10,8.84787998169482,0.0
2020-09-08,1011010801,食用菌,32.388999999999996,446.3426,114,0,0.0,7,13.780684800395198,0.0
2020-09-09,1011010101,花叶类,131.492,980.7452,288,2,0.869,15,7.458592157697807,0.006608767073282025
2020-09-09,1011010201,花菜类,32.730000000000004,363.64,75,0,0.0,2,11.110296364191871,0.0
2020-09-09,1011010402,水生根茎类,12.161000000000001,102.436,24,0,0.0,2,8.423320450620837,0.0
2020-09-09,1011010501,茄类,12.041,105.454,25,0,0.0,4,8.757910472552112,0.0
2020-09-09,1011010504,辣椒类,39.795,359.266,133,0,0.0,9,9.027918080160825,0.0
2020-09-09,1011010801,食用菌,33.45,416.389,98,0,0.0,9,12.448101644245142,0.0
2020-09-10,1011010101,花叶类,119.91900000000001,852.5874,244,0,0.0,13,7.109694043479348,0.0
2020-09-10,1011010201,花菜类,57.319,660.568,132,11,5.252,2,11.524415987717859,0.09162755805230377
2020-09-10,1011010402,水生根茎类,14.491999999999999,120.616,28,0,0.0,2,8.322936792713222,0.0
2020-09-10,1011010501,茄类,16.916,154.97,32,0,0.0,4,9.161149207850555,0.0
2020-09-10,1011010504,辣椒类,49.321,504.62100000000004,174,0,0.0,10,10.231361894527687,0.0
2020-09-10,1011010801,食用菌,35.789,442.84540000000004,107,0,0.0,10,12.373785241275252,0.0
2020-09-11,1011010101,花叶类,151.957,1064.8528000000001,309,0,0.0,14,7.007592937475734,0.0
2020-09-11,1011010201,花菜类,31.537999999999997,290.536,66,2,1.132,2,9.212251886612975,0.035893208193290636
2020-09-11,1011010402,水生根茎类,13.364,110.77600000000001,26,0,0.0,2,8.289134989524095,0.0
2020-09-11,1011010501,茄类,22.019000000000002,166.36700000000002,33,2,1.603,3,7.555611063172715,0.07280076297742857
2020-09-11,1011010504,辣椒类,50.22,518.5636,176,0,0.0,9,10.325838311429708,0.0
2020-09-11,1011010801,食用菌,48.467,584.8806,147,0,0.0,11,12.067604762003011,0.0
2020-09-12,1011010101,花叶类,231.88400000000001,1696.1298000000002,452,3,1.04,15,7.314561591140398,0.00448500112125028
2020-09-12,1011010201,花菜类,43.337,451.515,89,0,0.0,2,10.418695341163438,0.0
2020-09-12,1011010402,水生根茎类,16.957,135.656,29,0,0.0,1,8.0,0.0
2020-09-12,1011010501,茄类,21.411,191.94,41,0,0.0,4,8.964550931764046,0.0
2020-09-12,1011010504,辣椒类,74.51,801.8314,268,0,0.0,11,10.7613931015971,0.0
2020-09-12,1011010801,食用菌,73.173,794.115,205,0,0.0,11,10.852568570374318,0.0
2020-09-13,1011010101,花叶类,263.345,1810.301,483,2,0.868,14,6.874256203839069,0.0032960565038257796
2020-09-13,1011010201,花菜类,41.704,419.798,95,0,0.0,2,10.066132745060425,0.0
2020-09-13,1011010402,水生根茎类,18.739,159.268,42,0,0.0,3,8.499279577352047,0.0
2020-09-13,1011010501,茄类,28.737,281.08000000000004,57,0,0.0,3,9.781118418763269,0.0
2020-09-13,1011010504,辣椒类,83.723,890.1392,283,0,0.0,11,10.631955376658743,0.0
2020-09-13,1011010801,食用菌,74.834,936.6564000000001,228,0,0.0,10,12.516455087259802,0.0
2020-09-14,1011010101,花叶类,175.844,1181.2894,350,1,0.72,16,6.717826027615386,0.004094538340802075
2020-09-14,1011010201,花菜类,64.257,677.2249999999999,148,0,0.0,2,10.539318673451918,0.0
2020-09-14,1011010402,水生根茎类,17.360999999999997,145.75199999999998,26,0,0.0,2,8.395368930361155,0.0
2020-09-14,1011010501,茄类,16.134,135.657,31,0,0.0,3,8.4081442915582,0.0
2020-09-14,1011010504,辣椒类,48.550000000000004,512.871,163,0,0.0,9,10.5637693099897,0.0
2020-09-14,1011010801,食用菌,31.147000000000002,444.7546,117,0,0.0,7,14.27921148104151,0.0
2020-09-15,1011010101,花叶类,156.048,1083.0754,333,3,1.58,16,6.9406554393519935,0.010125089715984826
2020-09-15,1011010201,花菜类,29.878,305.848,67,0,0.0,2,10.236562018876766,0.0
2020-09-15,1011010402,水生根茎类,19.219,182.978,45,0,0.0,2,9.520682657786566,0.0
2020-09-15,1011010501,茄类,13.243,102.405,27,0,0.0,3,7.73276447934758,0.0
2020-09-15,1011010504,辣椒类,49.991,518.87,172,0,0.0,8,10.379268268288293,0.0
2020-09-15,1011010801,食用菌,41.578,525.619,135,0,0.0,10,12.64175766030112,0.0
2020-09-16,1011010101,花叶类,176.949,1141.97,354,0,0.0,17,6.45366744090105,0.0
2020-09-16,1011010201,花菜类,59.448,614.392,131,14,6.281,2,10.334948190014803,0.10565536266989638
2020-09-16,1011010402,水生根茎类,18.817999999999998,138.923,36,7,3.317,2,7.382452970560103,0.17626740354979278
2020-09-16,1011010501,茄类,15.193999999999999,129.216,30,0,0.0,3,8.50440963538239,0.0
2020-09-16,1011010504,辣椒类,46.894999999999996,542.3644,162,0,0.0,10,11.565505917475212,0.0
2020-09-16,1011010801,食用菌,35.413,448.1618,118,0,0.0,9,12.655290430068057,0.0
2020-09-17,1011010101,花叶类,143.534,1054.4646,296,1,0.738,17,7.346444744799142,0.005141638914821576
2020-09-17,1011010201,花菜类,32.647999999999996,331.394,70,0,0.0,2,10.150514579759864,0.0
2020-09-17,1011010402,水生根茎类,17.437,122.059,31,0,0.0,1,6.999999999999999,0.0
2020-09-17,1011010501,茄类,22.924,176.784,39,0,0.0,3,7.711743151282499,0.0
2020-09-17,1011010504,辣椒类,46.145,546.804,177,0,0.0,9,11.849691190811571,0.0
2020-09-17,1011010801,食用菌,39.259,387.14820000000003,108,0,0.0,9,9.861387197839987,0.0
2020-09-18,1011010101,花叶类,154.388,1117.1474,313,0,0.0,17,7.235973003083141,0.0
2020-09-18,1011010201,花菜类,27.705,279.765,60,0,0.0,2,10.097996751488902,0.0
2020-09-18,1011010402,水生根茎类,11.389,88.536,24,0,0.0,2,7.7738168408113095,0.0
2020-09-18,1011010501,茄类,13.805,108.193,27,0,0.0,3,7.837232886635277,0.0
2020-09-18,1011010504,辣椒类,48.075,513.4474,152,0,0.0,10,10.680133125325012,0.0
2020-09-18,1011010801,食用菌,38.541,494.7814,120,1,0.575,13,12.837793518590594,0.01491917698035858
2020-09-19,1011010101,花叶类,235.87400000000002,1639.4566,464,2,0.772,15,6.95056089267999,0.003272933854515546
2020-09-19,1011010201,花菜类,82.76,769.5468000000001,159,1,10.014,2,9.298535524407926,0.1210004833252779
2020-09-19,1011010402,水生根茎类,39.431,322.018,68,0,0.0,2,8.166620171945931,0.0
2020-09-19,1011010501,茄类,30.406,241.87,57,0,0.0,3,7.954679997368941,0.0
2020-09-19,1011010504,辣椒类,84.269,863.851,261,1,10.014,9,10.251112508751735,0.11883373482538061
2020-09-19,1011010801,食用菌,60.52,587.0486,159,1,2.107,9,9.700076007931262,0.03481493721083939
2020-09-20,1011010101,花叶类,317.998,2192.5508,639,0,0.0,16,6.894857200359751,0.0
2020-09-20,1011010201,花菜类,53.497,480.424,97,0,0.0,2,8.980391423818158,0.0
2020-09-20,1011010402,水生根茎类,39.551,323.61400000000003,64,0,0.0,2,8.182195140451569,0.0
2020-09-20,1011010501,茄类,41.474000000000004,305.707,79,0,0.0,3,7.371051743260837,0.0
2020-09-20,1011010504,辣椒类,99.148,1115.9916,344,0,0.0,10,11.255815548472992,0.0
2020-09-20,1011010801,食用菌,50.42,661.0378000000001,170,0,0.0,9,13.110626735422452,0.0
2020-09-21,1011010101,花叶类,212.997,1403.691,408,0,0.0,15,6.590191411146636,0.0
2020-09-21,1011010201,花菜类,39.191,366.707,82,0,0.0,2,9.356918680309255,0.0
2020-09-21,1011010402,水生根茎类,16.289,130.312,34,0,0.0,1,8.0,0.0
2020-09-21,1011010501,茄类,20.868000000000002,154.166,42,0,0.0,3,7.387674908951504,0.0
2020-09-21,1011010504,辣椒类,56.561,640.6618,224,0,0.0,9,11.326917840915117,0.0
2020-09-21,1011010801,食用菌,63.528999999999996,625.1466,167,0,0.0,10,9.840334335500323,0.0
2020-09-22,1011010101,花叶类,232.243,1687.4828,428,0,0.0,16,7.266022226719428,0.0
2020-09-22,1011010201,花菜类,40.905,433.26,78,0,0.0,2,10.591859185918592,0.0
2020-09-22,1011010402,水生根茎类,37.808,310.666,66,0,0.0,2,8.216938214134574,0.0
2020-09-22,1011010501,茄类,25.819000000000003,177.746,48,0,0.0,3,6.884310004260428,0.0
2020-09-22,1011010504,辣椒类,77.009,866.3646,229,0,0.0,10,11.250173356360945,0.0
2020-09-22,1011010801,食用菌,49.058,743.7362,157,5,1.4220000000000002,12,15.160344897875985,0.0289860980879775
2020-09-23,1011010101,花叶类,179.262,1292.233,357,0,0.0,15,7.208627595363211,0.0
2020-09-23,1011010201,花菜类,31.971999999999998,356.026,68,0,0.0,2,11.13555611159765,0.0
2020-09-23,1011010402,水生根茎类,18.629,157.108,36,0,0.0,2,8.433517633796768,0.0
2020-09-23,1011010501,茄类,22.515,153.852,43,0,0.0,3,6.833311125916056,0.0
2020-09-23,1011010504,辣椒类,54.327,656.8228,192,0,0.0,9,12.090172474092073,0.0
2020-09-23,1011010801,食用菌,56.265,629.0034,166,7,1.7750000000000001,13,11.179301519594775,0.031547142984093134
2020-09-24,1011010101,花叶类,162.861,1263.2616,324,0,0.0,17,7.7566857627056205,0.0
2020-09-24,1011010201,花菜类,38.952,480.076,88,0,0.0,2,12.32481002259191,0.0
2020-09-24,1011010402,水生根茎类,51.886,409.3,95,9,5.234,2,7.888447750838377,0.10087499518174459
2020-09-24,1011010501,茄类,18.9,130.59,36,0,0.0,3,6.90952380952381,0.0
2020-09-24,1011010504,辣椒类,50.486000000000004,608.2412,183,0,0.0,10,12.047720160044369,0.0
2020-09-24,1011010801,食用菌,61.336,770.85,180,0,0.0,12,12.567660101734708,0.0
2020-09-25,1011010101,花叶类,173.781,1331.6094,368,0,0.0,20,7.662571857682946,0.0
2020-09-25,1011010201,花菜类,41.561,545.658,92,0,0.0,2,13.129087365559059,0.0
2020-09-25,1011010402,水生根茎类,22.732,196.19,42,0,0.0,2,8.630564842512758,0.0
2020-09-25,1011010501,茄类,26.529,168.44799999999998,45,0,0.0,3,6.34957970522824,0.0
2020-09-25,1011010504,辣椒类,53.937999999999995,663.8968,195,0,0.0,10,12.3085171863992,0.0
2020-09-25,1011010801,食用菌,64.509,768.5568,172,4,1.071,15,11.91394689113147,0.016602334557968654
2020-09-26,1011010101,花叶类,227.77100000000002,1782.8668,454,0,0.0,18,7.827453012016455,0.0
2020-09-26,1011010201,花菜类,86.643,1074.982,178,0,0.0,2,12.407026534168946,0.0
2020-09-26,1011010402,水生根茎类,65.744,543.382,113,0,0.0,2,8.265119250425894,0.0
2020-09-26,1011010501,茄类,33.516999999999996,223.189,58,0,0.0,3,6.658979025569114,0.0
2020-09-26,1011010504,辣椒类,68.09400000000001,770.6292000000001,241,0,0.0,9,11.317138073839105,0.0
2020-09-26,1011010801,食用菌,94.495,1114.7232,247,2,0.519,15,11.796636859093072,0.005492354092809143
2020-09-27,1011010101,花叶类,199.81300000000002,1507.6782,371,0,0.0,17,7.545445992002522,0.0
2020-09-27,1011010201,花菜类,35.964,420.324,82,0,0.0,2,11.687354020687355,0.0
2020-09-27,1011010402,水生根茎类,28.289,233.35,49,0,0.0,2,8.248789282053094,0.0
2020-09-27,1011010501,茄类,20.532,146.238,36,0,0.0,3,7.122443015780245,0.0
2020-09-27,1011010504,辣椒类,54.459,626.7256000000001,193,0,0.0,10,11.508209845939149,0.0
2020-09-27,1011010801,食用菌,72.522,827.3038,188,1,0.319,15,11.407625272331154,0.004398665232619067
2020-09-28,1011010101,花叶类,114.933,942.4538,239,1,0.508,15,8.200027842308128,0.004419966415215821
2020-09-28,1011010201,花菜类,24.576,296.928,53,0,0.0,2,12.08203125,0.0
2020-09-28,1011010402,水生根茎类,11.860999999999999,100.258,24,0,0.0,2,8.452744288002698,0.0
2020-09-28,1011010501,茄类,18.401,112.09700000000001,30,0,0.0,3,6.091897179501115,0.0
2020-09-28,1011010504,辣椒类,37.410000000000004,404.08820000000003,133,0,0.0,10,10.801609195402298,0.0
2020-09-28,1011010801,食用菌,46.913000000000004,559.5806,138,0,0.0,13,11.928049794300087,0.0
2020-09-29,1011010101,花叶类,157.957,1291.7204000000002,316,3,1.22,16,8.17767113834778,0.007723620985458068
2020-09-29,1011010201,花菜类,28.105,341.57,58,0,0.0,2,12.153353495819248,0.0
2020-09-29,1011010402,水生根茎类,24.134999999999998,197.886,36,0,0.0,2,8.199129894344313,0.0
2020-09-29,1011010501,茄类,24.719,147.128,47,0,0.0,3,5.952020712812006,0.0
2020-09-29,1011010504,辣椒类,57.017,570.487,213,0,0.0,9,10.005559745339108,0.0
2020-09-29,1011010801,食用菌,45.485,561.5908,135,0,0.0,13,12.346725294052984,0.0
2020-09-30,1011010101,花叶类,177.12900000000002,1375.818,354,17,7.1819999999999995,16,7.767322121165929,0.04054672018698236
2020-09-30,1011010201,花菜类,60.771,742.159,113,6,2.47,2,12.212387487452897,0.04064438630267727
2020-09-30,1011010402,水生根茎类,36.839,301.972,53,0,0.0,2,8.197073753359211,0.0
2020-09-30,1011010501,茄类,25.865000000000002,154.139,44,0,0.0,3,5.959365938526967,0.0
2020-09-30,1011010504,辣椒类,53.628,542.9572000000001,213,0,0.0,10,10.124509584545388,0.0
2020-09-30,1011010801,食用菌,110.358,1347.0066000000002,254,0,0.0,13,12.20579024628935,0.0
2020-10-01,1011010101,花叶类,248.415,2004.5306,447,7,22.725,15,8.069281645633316,0.09147998309280841
2020-10-01,1011010201,花菜类,93.92800000000001,1137.434,182,11,5.1690000000000005,2,12.109637168895322,0.055031513499701895
2020-10-01,1011010402,水生根茎类,55.356,450.028,88,0,0.0,2,8.129705903605752,0.0
2020-10-01,1011010501,茄类,32.482,187.86499999999998,53,0,0.0,3,5.783664798965581,0.0
2020-10-01,1011010504,辣椒类,64.092,678.0898,257,0,0.0,10,10.579944454846158,0.0
2020-10-01,1011010801,食用菌,103.929,1363.191,284,0,0.0,12,13.116560344081055,0.0
2020-10-02,1011010101,花叶类,244.124,1975.4443999999999,486,0,0.0,16,8.091971293277187,0.0
2020-10-02,1011010201,花菜类,67.14500000000001,807.854,131,8,3.94,2,12.031484101571225,0.058678978330478804
2020-10-02,1011010402,水生根茎类,21.930999999999997,189.63199999999998,37,0,0.0,2,8.646755733892663,0.0
2020-10-02,1011010501,茄类,38.762,206.5024,66,0,0.0,3,5.3274444043135025,0.0
2020-10-02,1011010504,辣椒类,69.054,736.9588,284,0,0.0,10,10.67221015437194,0.0
2020-10-02,1011010801,食用菌,89.316,957.4802,206,0,0.0,13,10.720141967844507,0.0
2020-10-03,1011010101,花叶类,298.341,2252.0622,497,0,0.0,14,7.548617856747815,0.0
2020-10-03,1011010201,花菜类,44.493,531.162,92,0,0.0,2,11.938102622884498,0.0
2020-10-03,1011010402,水生根茎类,18.497,153.088,27,0,0.0,2,8.276369140941775,0.0
2020-10-03,1011010501,茄类,63.535,340.6044,109,0,0.0,4,5.360893995435587,0.0
2020-10-03,1011010504,辣椒类,84.72800000000001,895.931,298,0,0.0,9,10.574202152771221,0.0
2020-10-03,1011010801,食用菌,60.052,777.5976,171,0,0.0,12,12.948737760607475,0.0
2020-10-04,1011010101,花叶类,232.776,1732.616,416,0,0.0,13,7.443275939100251,0.0
2020-10-04,1011010201,花菜类,34.491,397.086,69,0,0.0,2,11.512742454553361,0.0
2020-10-04,1011010402,水生根茎类,19.254,157.40800000000002,29,0,0.0,2,8.175340189051626,0.0
2020-10-04,1011010501,茄类,43.849000000000004,228.37279999999998,83,0,0.0,3,5.208164382312025,0.0
2020-10-04,1011010504,辣椒类,75.21,804.531,273,0,0.0,9,10.697128041483845,0.0
2020-10-04,1011010801,食用菌,122.501,1049.7052,295,0,0.0,14,8.56895209018702,0.0
2020-10-05,1011010101,花叶类,294.623,1926.411,470,0,0.0,14,6.538562841326034,0.0
2020-10-05,1011010201,花菜类,92.279,852.924,172,18,9.631,2,9.242882996131298,0.10436827447198171
2020-10-05,1011010402,水生根茎类,79.752,650.336,118,0,0.0,2,8.154478884542081,0.0
2020-10-05,1011010501,茄类,31.128,184.84,54,0,0.0,3,5.938062194808532,0.0
2020-10-05,1011010504,辣椒类,87.93299999999999,969.3614,279,0,0.0,9,11.023863623440574,0.0
2020-10-05,1011010801,食用菌,126.518,1250.1502,319,0,0.0,14,9.881204255520954,0.0
2020-10-06,1011010101,花叶类,287.297,2227.083,516,0,0.0,15,7.751849131734755,0.0
2020-10-06,1011010201,花菜类,108.157,806.134,189,0,0.0,2,7.453368713999095,0.0
2020-10-06,1011010402,水生根茎类,25.784,208.444,41,0,0.0,2,8.08423828730996,0.0
2020-10-06,1011010501,茄类,42.318,262.756,82,0,0.0,4,6.209083605085306,0.0
2020-10-06,1011010504,辣椒类,81.727,920.1356000000001,266,0,0.0,9,11.258648916514739,0.0
2020-10-06,1011010801,食用菌,124.059,1159.6624000000002,320,0,0.0,14,9.347668448077126,0.0
2020-10-07,1011010101,花叶类,255.378,1871.2559999999999,451,2,1.3820000000000001,14,7.327397034983436,0.005411585962768916
2020-10-07,1011010201,花菜类,56.266000000000005,555.216,114,13,5.334,2,9.867699854263675,0.09479970141826323
2020-10-07,1011010402,水生根茎类,52.907,424.588,85,1,0.836,2,8.02517625266978,0.01580131173568715
2020-10-07,1011010501,茄类,29.085,192.1696,55,0,0.0,4,6.6071720818291215,0.0
2020-10-07,1011010504,辣椒类,63.150999999999996,757.9943999999999,226,0,0.0,9,12.002888315307754,0.0
2020-10-07,1011010801,食用菌,80.421,1044.4744,231,0,0.0,13,12.98758284527673,0.0
2020-10-08,1011010101,花叶类,252.73,1907.876,449,0,0.0,14,7.549068175523286,0.0
2020-10-08,1011010201,花菜类,49.58,455.944,91,0,0.0,2,9.196127470754337,0.0
2020-10-08,1011010402,水生根茎类,31.951999999999998,261.15999999999997,53,0,0.0,2,8.173510265398097,0.0
2020-10-08,1011010501,茄类,33.49,208.265,61,0,0.0,4,6.218722006569124,0.0
2020-10-08,1011010504,辣椒类,72.023,851.7548,236,0,0.0,9,11.826149979867544,0.0
2020-10-08,1011010801,食用菌,328.488,1355.1604,296,0,0.0,13,4.125448722632181,0.0
2020-10-09,1011010101,花叶类,162.518,1305.6100000000001,328,0,0.0,14,8.033633197553502,0.0
2020-10-09,1011010201,花菜类,55.845,650.552,112,0,0.0,2,11.649243441668906,0.0
2020-10-09,1011010402,水生根茎类,51.476000000000006,395.632,78,4,6.26,2,7.6857564690341125,0.12161007071256506
2020-10-09,1011010501,茄类,24.289,171.199,40,0,0.0,4,7.048416978879328,0.0
2020-10-09,1011010504,辣椒类,51.243,570.2036,194,0,0.0,9,11.127443748414418,0.0
2020-10-09,1011010801,食用菌,57.257999999999996,567.0858000000001,142,0,0.0,13,9.904044849628,0.0
2020-10-10,1011010101,花叶类,175.163,1443.301,351,0,0.0,15,8.23975953825865,0.0
2020-10-10,1011010201,花菜类,37.393,380.184,63,0,0.0,2,10.167250554916697,0.0
2020-10-10,1011010402,水生根茎类,22.07,177.62800000000001,37,0,0.0,2,8.048391481649299,0.0
2020-10-10,1011010501,茄类,26.814,178.062,48,0,0.0,4,6.640635488923697,0.0
2020-10-10,1011010504,辣椒类,52.510999999999996,557.3166,178,0,0.0,9,10.613330540267754,0.0
2020-10-10,1011010801,食用菌,75.63000000000001,805.1394,185,0,0.0,13,10.645767552558507,0.0
2020-10-11,1011010101,花叶类,238.081,1864.7259999999999,495,4,2.348,14,7.832317572590841,0.009862189758947586
2020-10-11,1011010201,花菜类,60.47,676.9000000000001,127,0,0.0,2,11.193980486191501,0.0
2020-10-11,1011010402,水生根茎类,57.223000000000006,460.38800000000003,95,0,0.0,2,8.045506177585935,0.0
2020-10-11,1011010501,茄类,34.726,246.40699999999998,60,0,0.0,4,7.095749582445429,0.0
2020-10-11,1011010504,辣椒类,70.214,790.5902,234,0,0.0,9,11.25972313213889,0.0
2020-10-11,1011010801,食用菌,163.664,1149.3134,261,0,0.0,11,7.022395884250661,0.0
2020-10-12,1011010101,花叶类,170.21200000000002,1234.194,365,0,0.0,13,7.250922379150706,0.0
2020-10-12,1011010201,花菜类,34.815,336.77,69,0,0.0,2,9.673129398247882,0.0
2020-10-12,1011010402,水生根茎类,38.333000000000006,297.284,60,11,8.364,2,7.755302220019304,0.2181932016800146
2020-10-12,1011010501,茄类,17.875999999999998,132.674,32,0,0.0,4,7.421906466771091,0.0
2020-10-12,1011010504,辣椒类,48.979,535.7464,160,0,0.0,9,10.938287837644705,0.0
2020-10-12,1011010801,食用菌,102.38499999999999,712.306,169,0,0.0,11,6.9571323924402995,0.0
2020-10-13,1011010101,花叶类,178.246,1191.9366,372,9,3.058,15,6.6870314060343565,0.017156065213244615
2020-10-13,1011010201,花菜类,47.321,423.006,99,0,0.0,2,8.939075674647619,0.0
2020-10-13,1011010402,水生根茎类,50.519,400.032,88,6,3.6959999999999997,2,7.9184465250697755,0.0731605930442012
2020-10-13,1011010501,茄类,23.119,169.69799999999998,47,0,0.0,4,7.340196375275746,0.0
2020-10-13,1011010504,辣椒类,49.116,546.9048,182,0,0.0,8,11.13496213046665,0.0
2020-10-13,1011010801,食用菌,48.021,532.1818,138,0,0.0,12,11.08227233918494,0.0
2020-10-14,1011010101,花叶类,182.96,1332.636,353,0,0.0,13,7.283756012243113,0.0
2020-10-14,1011010201,花菜类,48.259,434.52,94,0,0.0,2,9.00391636793137,0.0
2020-10-14,1011010402,水生根茎类,46.207,369.656,65,0,0.0,1,8.0,0.0
2020-10-14,1011010501,茄类,13.742,100.995,29,0,0.0,4,7.34936690438073,0.0
2020-10-14,1011010504,辣椒类,46.36,524.5342,165,0,0.0,9,11.314370146678172,0.0
2020-10-14,1011010801,食用菌,73.831,723.5074,169,1,1.0,13,9.799506982161963,0.013544446099876746
2020-10-15,1011010101,花叶类,190.238,1356.509,359,0,0.0,14,7.1305890516090376,0.0
2020-10-15,1011010201,花菜类,59.623999999999995,473.1296,142,0,0.0,2,7.935220716490004,0.0
2020-10-15,1011010402,水生根茎类,42.162,323.682,65,7,6.8069999999999995,1,7.677102604240786,0.16144869787960722
2020-10-15,1011010501,茄类,19.447,133.0996,40,0,0.0,4,6.844222759294493,0.0
2020-10-15,1011010504,辣椒类,45.236,501.1804,170,0,0.0,8,11.079237775223275,0.0
2020-10-15,1011010801,食用菌,72.91,692.3814,167,0,0.0,12,9.49638458373337,0.0
2020-10-16,1011010101,花叶类,170.77,1224.072,353,0,0.0,15,7.167956901095039,0.0
2020-10-16,1011010201,花菜类,88.36099999999999,701.106,180,17,8.332,2,7.934563891309515,0.09429499439798103
2020-10-16,1011010402,水生根茎类,58.973,459.408,81,8,6.188000000000001,1,7.790141251081003,0.10492937445949843
2020-10-16,1011010501,茄类,20.139,132.2908,40,0,0.0,4,6.568886240627638,0.0
2020-10-16,1011010504,辣椒类,44.67,467.9844,164,0,0.0,9,10.47648085963734,0.0
2020-10-16,1011010801,食用菌,69.80499999999999,804.4312,187,0,0.0,12,11.523976792493375,0.0
2020-10-17,1011010101,花叶类,249.493,1758.571,504,0,0.0,17,7.048578517232948,0.0
2020-10-17,1011010201,花菜类,109.31099999999999,988.018,207,0,0.0,2,9.038596298634173,0.0
2020-10-17,1011010402,水生根茎类,87.12,692.176,134,4,2.3920000000000003,1,7.945087235996327,0.02745638200183655
2020-10-17,1011010501,茄类,30.556,198.0428,61,0,0.0,4,6.48130645372431,0.0
2020-10-17,1011010504,辣椒类,97.15499999999999,899.0152,297,0,0.0,8,9.253411558849264,0.0
2020-10-17,1011010801,食用菌,115.896,1257.7274,309,0,0.0,13,10.852207151239043,0.0
2020-10-18,1011010101,花叶类,226.73499999999999,1616.49,468,0,0.0,17,7.129424217699077,0.0
2020-10-18,1011010201,花菜类,91.597,818.306,173,0,0.0,2,8.933764206251297,0.0
2020-10-18,1011010402,水生根茎类,79.338,626.04,122,6,4.332,1,7.89079633971111,0.054601830144445286
2020-10-18,1011010501,茄类,36.361,233.739,72,0,0.0,4,6.428288550919942,0.0
2020-10-18,1011010504,辣椒类,88.24700000000001,829.5527999999999,280,0,0.0,9,9.400351286729292,0.0
2020-10-18,1011010801,食用菌,113.125,1339.16,298,0,0.0,13,11.837878453038675,0.0
2020-10-19,1011010101,花叶类,152.709,980.456,293,0,0.0,16,6.420420538409655,0.0
2020-10-19,1011010201,花菜类,57.412,490.304,114,0,0.0,2,8.540096147146938,0.0
2020-10-19,1011010402,水生根茎类,40.6,322.36,62,2,1.22,1,7.939901477832512,0.03004926108374384
2020-10-19,1011010501,茄类,20.03,128.309,35,0,0.0,4,6.405841238142785,0.0
2020-10-19,1011010504,辣椒类,56.69,546.0218,190,0,0.0,10,9.63171282413124,0.0
2020-10-19,1011010801,食用菌,58.338,562.8824,140,0,0.0,11,9.648640680174157,0.0
2020-10-20,1011010101,花叶类,186.078,1231.602,314,0,0.0,16,6.618740528165608,0.0
2020-10-20,1011010201,花菜类,30.899,259.082,63,0,0.0,2,8.384802097155248,0.0
2020-10-20,1011010402,水生根茎类,49.434,389.45,75,5,3.011,1,7.87818100902213,0.06090949548893475
2020-10-20,1011010501,茄类,13.777,87.99080000000001,30,0,0.0,4,6.386789576830951,0.0
2020-10-20,1011010504,辣椒类,49.296,484.3752,165,0,0.0,9,9.825851996105161,0.0
2020-10-20,1011010801,食用菌,45.419,508.957,113,2,0.613,12,11.205816948854004,0.013496554305466877
2020-10-21,1011010101,花叶类,168.76500000000001,1078.5602000000001,303,0,0.0,15,6.39089977187213,0.0
2020-10-21,1011010201,花菜类,40.555,356.971,80,0,0.0,2,8.80214523486623,0.0
2020-10-21,1011010402,水生根茎类,21.201,162.752,30,4,3.428,1,7.676619027404368,0.16169048629781613
2020-10-21,1011010501,茄类,15.327,104.6112,31,0,0.0,4,6.825288706204737,0.0
2020-10-21,1011010504,辣椒类,48.047,489.3048,157,0,0.0,9,10.183878285845111,0.0
2020-10-21,1011010801,食用菌,56.114000000000004,545.6308,127,0,0.0,10,9.723612645685568,0.0
2020-10-22,1011010101,花叶类,117.235,794.8454,235,0,0.0,16,6.779932613980467,0.0
2020-10-22,1011010201,花菜类,26.166,223.062,48,0,0.0,2,8.524879614767256,0.0
2020-10-22,1011010402,水生根茎类,35.917,272.92,54,9,7.208,1,7.598630175125985,0.20068491243700753
2020-10-22,1011010501,茄类,14.725,104.8152,28,0,0.0,4,7.118179966044143,0.0
2020-10-22,1011010504,辣椒类,50.037,491.2958,166,0,0.0,9,9.818650198852849,0.0
2020-10-22,1011010801,食用菌,94.688,906.6723999999999,222,0,0.0,10,9.57536752281176,0.0
2020-10-23,1011010101,花叶类,211.914,1155.419,357,42,21.66,15,5.452301405287051,0.102211274384892
2020-10-23,1011010201,花菜类,23.854,221.51800000000003,50,0,0.0,2,9.286408988010399,0.0
2020-10-23,1011010402,水生根茎类,30.801000000000002,245.63799999999998,43,1,0.853,2,7.975000811661958,0.02769390604201162
2020-10-23,1011010501,茄类,14.427,96.299,30,0,0.0,4,6.674915089762252,0.0
2020-10-23,1011010504,辣椒类,43.758,464.33000000000004,160,0,0.0,10,10.611316787787377,0.0
2020-10-23,1011010801,食用菌,115.306,1058.9732000000001,264,0,0.0,10,9.184025115778885,0.0
2020-10-24,1011010101,花叶类,282.107,1656.383,510,0,0.0,15,5.871470754004686,0.0
2020-10-24,1011010201,花菜类,31.113,278.339,64,0,0.0,2,8.946067560183845,0.0
2020-10-24,1011010402,水生根茎类,67.932,529.104,98,11,7.176,1,7.7887299063769655,0.1056350468115174
2020-10-24,1011010501,茄类,22.221,146.6556,39,0,0.0,4,6.599864992574592,0.0
2020-10-24,1011010504,辣椒类,77.097,755.7422,263,0,0.0,9,9.802485181005746,0.0
2020-10-24,1011010801,食用菌,115.39,963.0699999999999,247,0,0.0,11,8.346217176531761,0.0
2020-10-25,1011010101,花叶类,223.397,1410.5256,457,0,0.0,17,6.313986311364969,0.0
2020-10-25,1011010201,花菜类,43.114,383.49,79,0,0.0,2,8.89479055527207,0.0
2020-10-25,1011010402,水生根茎类,71.16,553.124,108,15,8.078,1,7.772962338392356,0.11351883080382237
2020-10-25,1011010501,茄类,30.136,200.056,53,0,0.0,4,6.638439076187948,0.0
2020-10-25,1011010504,辣椒类,72.537,756.3009999999999,243,0,0.0,10,10.426416863118131,0.0
2020-10-25,1011010801,食用菌,104.16,914.669,227,0,0.0,11,8.78138440860215,0.0
2020-10-26,1011010101,花叶类,157.832,940.033,315,0,0.0,17,5.9559088144356025,0.0
2020-10-26,1011010201,花菜类,22.371,213.357,44,0,0.0,2,9.537213356577713,0.0
2020-10-26,1011010402,水生根茎类,20.666,165.328,33,0,0.0,1,8.0,0.0
2020-10-26,1011010501,茄类,10.797,70.918,21,0,0.0,3,6.568306010928962,0.0
2020-10-26,1011010504,辣椒类,45.43900000000001,461.73820000000006,139,0,0.0,10,10.161715706771716,0.0
2020-10-26,1011010801,食用菌,62.363,545.738,133,0,0.0,11,8.750990170453635,0.0
2020-10-27,1011010101,花叶类,154.566,842.1276,282,0,0.0,17,5.448336632894686,0.0
2020-10-27,1011010201,花菜类,23.305,228.922,49,0,0.0,2,9.822870628620468,0.0
2020-10-27,1011010402,水生根茎类,21.273,169.148,34,1,0.518,1,7.951299769661072,0.02435011516946364
2020-10-27,1011010501,茄类,13.444,85.262,24,0,0.0,4,6.342011306158881,0.0
2020-10-27,1011010504,辣椒类,45.479,462.3914,157,0,0.0,9,10.167140878207524,0.0
2020-10-27,1011010801,食用菌,56.508,501.14,122,0,0.0,10,8.868478799462022,0.0
2020-10-28,1011010101,花叶类,167.542,954.701,318,0,0.0,17,5.698278640579676,0.0
2020-10-28,1011010201,花菜类,30.296999999999997,274.37199999999996,58,0,0.0,2,9.056078159553751,0.0
2020-10-28,1011010402,水生根茎类,32.418,223.758,53,26,17.793,1,6.902276513048307,0.5488617434758467
2020-10-28,1011010501,茄类,12.238,75.568,25,0,0.0,4,6.174865174048047,0.0
2020-10-28,1011010504,辣椒类,49.395,502.58480000000003,162,0,0.0,8,10.174811215710092,0.0
2020-10-28,1011010801,食用菌,75.211,607.948,155,0,0.0,11,8.083232505883448,0.0
2020-10-29,1011010101,花叶类,120.551,702.4834,241,0,0.0,18,5.82727144528042,0.0
2020-10-29,1011010201,花菜类,24.902,215.89600000000002,44,0,0.0,2,8.669825716809894,0.0
2020-10-29,1011010402,水生根茎类,15.828,126.624,25,0,0.0,1,8.0,0.0
2020-10-29,1011010501,茄类,14.436,93.9092,27,0,0.0,4,6.505209199224161,0.0
2020-10-29,1011010504,辣椒类,52.654,532.7496,166,0,0.0,10,10.117932160899455,0.0
2020-10-29,1011010801,食用菌,81.051,661.98,160,0,0.0,11,8.167450123996003,0.0
2020-10-30,1011010101,花叶类,148.243,823.8969999999999,284,0,0.0,19,5.557746402865565,0.0
2020-10-30,1011010201,花菜类,28.939,243.1674,58,0,0.0,2,8.402757524447976,0.0
2020-10-30,1011010402,水生根茎类,18.769000000000002,146.672,34,2,1.7400000000000002,1,7.814587884277265,0.09270605786136715
2020-10-30,1011010501,茄类,12.192,83.9566,31,0,0.0,4,6.88620406824147,0.0
2020-10-30,1011010504,辣椒类,46.452,504.0126,158,0,0.0,10,10.850180831826401,0.0
2020-10-30,1011010801,食用菌,74.23,657.792,167,0,0.0,12,8.861538461538462,0.0
2020-10-31,1011010101,花叶类,248.102,1393.8188,494,0,0.0,17,5.617926497972608,0.0
2020-10-31,1011010201,花菜类,82.701,712.5239999999999,166,0,0.0,2,8.615663655820365,0.0
2020-10-31,1011010402,水生根茎类,79.265,622.716,111,9,5.702,1,7.856128177631994,0.07193591118400303
2020-10-31,1011010501,茄类,16.499000000000002,102.1192,32,0,0.0,4,6.189417540456997,0.0
2020-10-31,1011010504,辣椒类,81.292,885.327,257,0,0.0,10,10.890702652167494,0.0
2020-10-31,1011010801,食用菌,135.284,1339.896,319,0,0.0,12,9.904319801306881,0.0
2020-11-01,1011010101,花叶类,206.956,1063.2486,400,0,0.0,18,5.137558708131197,0.0
2020-11-01,1011010201,花菜类,69.062,608.448,122,0,0.0,2,8.810170571370653,0.0
2020-11-01,1011010402,水生根茎类,71.332,537.742,105,20,16.457,1,7.53858016037683,0.23070991981158528
2020-11-01,1011010501,茄类,15.407,100.832,28,0,0.0,4,6.544557668592198,0.0
2020-11-01,1011010504,辣椒类,73.72200000000001,731.8592,233,0,0.0,10,9.927283578850274,0.0
2020-11-01,1011010801,食用菌,127.967,1165.722,263,0,0.0,10,9.109551681292833,0.0
2020-11-02,1011010101,花叶类,144.442,674.3918,267,2,0.786,16,4.668945320613118,0.005441630550670857
2020-11-02,1011010201,花菜类,32.726,271.2468,62,0,0.0,2,8.288418994071993,0.0
2020-11-02,1011010402,水生根茎类,15.053,120.424,25,0,0.0,1,8.0,0.0
2020-11-02,1011010501,茄类,11.378,72.4372,22,0,0.0,4,6.366426436983653,0.0
2020-11-02,1011010504,辣椒类,54.351,590.4854,176,0,0.0,8,10.864296885061913,0.0
2020-11-02,1011010801,食用菌,78.321,676.3304,151,0,0.0,11,8.635364716997996,0.0
2020-11-03,1011010101,花叶类,135.067,642.322,265,6,3.388,16,4.755580563720227,0.025083847275796455
2020-11-03,1011010201,花菜类,52.370000000000005,444.17839999999995,105,0,0.0,2,8.481542868054229,0.0
2020-11-03,1011010402,水生根茎类,15.727,122.83800000000001,29,4,1.4889999999999999,1,7.810644115215871,0.09467794239206459
2020-11-03,1011010501,茄类,10.846,70.61959999999999,23,0,0.0,4,6.511119306656831,0.0
2020-11-03,1011010504,辣椒类,66.83399999999999,551.5728,187,0,0.0,9,8.252877278032141,0.0
2020-11-03,1011010801,食用菌,65.34100000000001,539.933,143,0,0.0,11,8.263310938002173,0.0
2020-11-04,1011010101,花叶类,122.11399999999999,571.8402,223,0,0.0,15,4.6828389865207924,0.0
2020-11-04,1011010201,花菜类,67.527,474.668,130,0,0.0,2,7.029306795800198,0.0
2020-11-04,1011010402,水生根茎类,18.183,145.464,32,0,0.0,1,8.0,0.0
2020-11-04,1011010501,茄类,10.702,70.6324,22,0,0.0,4,6.599925247617268,0.0
2020-11-04,1011010504,辣椒类,59.731,500.4148,172,0,0.0,8,8.377807168806818,0.0
2020-11-04,1011010801,食用菌,195.33999999999997,789.968,257,0,0.0,10,4.04406675540084,0.0
2020-11-05,1011010101,花叶类,146.327,698.3254000000001,287,0,0.0,16,4.772361901767958,0.0
2020-11-05,1011010201,花菜类,57.354,400.5954,105,0,0.0,2,6.984611361021027,0.0
2020-11-05,1011010402,水生根茎类,8.347,66.776,14,0,0.0,1,8.0,0.0
2020-11-05,1011010501,茄类,9.067,59.2802,21,0,0.0,3,6.538016984669682,0.0
2020-11-05,1011010504,辣椒类,45.282,482.5766,138,0,0.0,10,10.65713970230997,0.0
2020-11-05,1011010801,食用菌,129.089,664.178,206,0,0.0,10,5.145116934827909,0.0
2020-11-06,1011010101,花叶类,142.586,689.5884,271,0,0.0,16,4.8362980937819975,0.0
2020-11-06,1011010201,花菜类,95.136,458.1672,169,0,0.0,2,4.815918264379415,0.0
2020-11-06,1011010402,水生根茎类,13.443,103.798,26,3,1.8730000000000002,1,7.721341962359593,0.13932901882020385
2020-11-06,1011010501,茄类,7.22,45.1492,17,0,0.0,4,6.253351800554017,0.0
2020-11-06,1011010504,辣椒类,49.287,485.6466,162,0,0.0,10,9.853442084119544,0.0
2020-11-06,1011010801,食用菌,80.588,554.748,158,0,0.0,9,6.883754405122352,0.0
2020-11-07,1011010101,花叶类,224.29999999999998,1053.7168,379,0,0.0,16,4.697801159161837,0.0
2020-11-07,1011010201,花菜类,121.453,703.7704,238,0,0.0,2,5.794590500028818,0.0
2020-11-07,1011010402,水生根茎类,71.413,549.494,98,13,10.905,1,7.694593421365859,0.1527032893170711
2020-11-07,1011010501,茄类,10.878,68.2188,26,0,0.0,4,6.2712630998345285,0.0
2020-11-07,1011010504,辣椒类,69.738,743.7168,238,0,0.0,10,10.664441194183945,0.0
2020-11-07,1011010801,食用菌,122.896,1174.584,259,0,0.0,10,9.557544590548106,0.0
2020-11-08,1011010101,花叶类,209.80800000000002,1000.6624,378,0,0.0,16,4.769419659879508,0.0
2020-11-08,1011010201,花菜类,125.591,705.308,233,0,0.0,2,5.6159119682142835,0.0
2020-11-08,1011010402,水生根茎类,58.207,460.406,90,5,2.625,1,7.909804662669439,0.04509766866528081
2020-11-08,1011010501,茄类,16.906,104.15,31,0,0.0,4,6.160534721400687,0.0
2020-11-08,1011010504,辣椒类,78.907,720.006,254,0,0.0,10,9.124741784632542,0.0
2020-11-08,1011010801,食用菌,124.492,1146.977,281,0,0.0,11,9.213258683288887,0.0
2020-11-09,1011010101,花叶类,144.911,691.2118,269,0,0.0,17,4.769905666236518,0.0
2020-11-09,1011010201,花菜类,57.592,349.243,114,0,0.0,2,6.064088762328101,0.0
2020-11-09,1011010402,水生根茎类,14.579,114.28999999999999,22,2,1.171,1,7.839357980657109,0.08032100967144523
2020-11-09,1011010501,茄类,10.062999999999999,61.8228,21,0,0.0,4,6.143575474510584,0.0
2020-11-09,1011010504,辣椒类,64.616,538.0967999999999,186,0,0.0,10,8.32760926086418,0.0
2020-11-09,1011010801,食用菌,63.22,469.443,137,0,0.0,11,7.425545713381841,0.0
2020-11-10,1011010101,花叶类,157.962,656.1002,294,0,0.0,16,4.153531862093415,0.0
2020-11-10,1011010201,花菜类,25.698,160.224,50,0,0.0,2,6.234882091991595,0.0
2020-11-10,1011010402,水生根茎类,12.103,92.444,20,4,2.19,1,7.638106254647608,0.180946872676196
2020-11-10,1011010501,茄类,9.574,60.8912,20,0,0.0,4,6.360058491748485,0.0
2020-11-10,1011010504,辣椒类,54.663,456.89,160,0,0.0,10,8.35830452042515,0.0
2020-11-10,1011010801,食用菌,64.18,450.616,124,0,0.0,11,7.021128077282642,0.0
2020-11-11,1011010101,花叶类,150.867,587.6944,266,4,1.001,18,3.895446983104324,0.006634983130837094
2020-11-11,1011010201,花菜类,63.25,364.27200000000005,127,0,0.0,2,5.759241106719369,0.0
2020-11-11,1011010402,水生根茎类,17.155,153.452,30,2,1.606,2,8.945030603322646,0.09361702127659574
2020-11-11,1011010501,茄类,15.585,94.9084,30,0,0.0,4,6.089727301892846,0.0
2020-11-11,1011010504,辣椒类,65.834,590.5645999999999,196,0,0.0,10,8.970510678372875,0.0
2020-11-11,1011010801,食用菌,64.52199999999999,395.881,120,5,1.9100000000000001,10,6.135597160658381,0.029602306190136703
2020-11-12,1011010101,花叶类,151.144,583.2938,253,0,0.0,18,3.859192558090298,0.0
2020-11-12,1011010201,花菜类,13.405999999999999,77.774,35,0,0.0,2,5.801432194539759,0.0
2020-11-12,1011010402,水生根茎类,15.951,138.518,22,1,1.505,2,8.683969657074792,0.09435145131966646
2020-11-12,1011010501,茄类,15.508000000000001,99.9248,32,0,0.0,4,6.443435646118132,0.0
2020-11-12,1011010504,辣椒类,58.851,515.6316,179,0,0.0,10,8.761645511546108,0.0
2020-11-12,1011010801,食用菌,68.656,397.194,113,0,0.0,13,5.785277324632952,0.0
2020-11-13,1011010101,花叶类,141.977,523.3356,219,2,0.9770000000000001,16,3.6860590095578862,0.006881396282496461
2020-11-13,1011010201,花菜类,60.306,332.536,104,0,0.0,2,5.514144529565881,0.0
2020-11-13,1011010402,水生根茎类,13.766,114.394,25,2,0.7190000000000001,2,8.309893941595234,0.052230132209792245
2020-11-13,1011010501,茄类,8.044,48.0704,18,0,0.0,3,5.975932371954251,0.0
2020-11-13,1011010504,辣椒类,70.24600000000001,566.3542,200,0,0.0,9,8.062440566010874,0.0
2020-11-13,1011010801,食用菌,67.676,405.834,119,0,0.0,11,5.996719664282759,0.0
2020-11-14,1011010101,花叶类,207.145,933.8278,373,0,0.0,19,4.508087571507881,0.0
2020-11-14,1011010201,花菜类,84.001,457.3816,160,0,0.0,2,5.444954226735396,0.0
2020-11-14,1011010402,水生根茎类,58.127,400.467,90,9,6.422,1,6.8895177800333744,0.1104822199666248
2020-11-14,1011010501,茄类,18.146,93.6662,36,0,0.0,4,5.161809765237518,0.0
2020-11-14,1011010504,辣椒类,71.84,738.8982,247,0,0.0,10,10.285331291759464,0.0
2020-11-14,1011010801,食用菌,92.793,677.133,195,0,0.0,11,7.297242248876532,0.0
2020-11-15,1011010101,花叶类,227.231,1019.4928,364,0,0.0,17,4.4865920583019046,0.0
2020-11-15,1011010201,花菜类,77.798,423.2864,154,0,0.0,2,5.440839096120723,0.0
2020-11-15,1011010402,水生根茎类,45.353,311.349,64,8,6.122,1,6.865014442264017,0.13498555773598217
2020-11-15,1011010501,茄类,18.317999999999998,100.4406,35,0,0.0,4,5.483164100884377,0.0
2020-11-15,1011010504,辣椒类,74.078,710.5856,236,0,0.0,10,9.592397202948243,0.0
2020-11-15,1011010801,食用菌,73.108,433.123,133,0,0.0,11,5.924426875307764,0.0
2020-11-16,1011010101,花叶类,140.087,646.0148,256,0,0.0,16,4.611525694746836,0.0
2020-11-16,1011010201,花菜类,48.64,260.72159999999997,96,0,0.0,2,5.360230263157894,0.0
2020-11-16,1011010402,水生根茎类,14.450000000000001,114.696,23,1,0.452,1,7.937439446366781,0.031280276816609
2020-11-16,1011010501,茄类,15.672,86.9058,34,0,0.0,4,5.545290964777948,0.0
2020-11-16,1011010504,辣椒类,45.345,430.45259999999996,149,0,0.0,10,9.492834932186568,0.0
2020-11-16,1011010801,食用菌,54.363,327.347,99,0,0.0,11,6.0215035961959416,0.0
2020-11-17,1011010101,花叶类,222.517,850.9528,349,0,0.0,16,3.82421477909553,0.0
2020-11-17,1011010201,花菜类,43.621,238.60879999999997,85,0,0.0,2,5.470044244744503,0.0
2020-11-17,1011010402,水生根茎类,24.762,189.802,40,6,4.147,1,7.665051288264276,0.16747435586786205
2020-11-17,1011010501,茄类,12.224,68.9412,28,0,0.0,4,5.639823298429319,0.0
2020-11-17,1011010504,辣椒类,43.486000000000004,383.019,125,0,0.0,8,8.807869199282527,0.0
2020-11-17,1011010801,食用菌,131.979,495.592,151,0,0.0,11,3.755082247933383,0.0
2020-11-18,1011010101,花叶类,203.322,827.3134,372,0,0.0,18,4.068981221904171,0.0
2020-11-18,1011010201,花菜类,50.438,240.732,98,0,0.0,2,4.772830009120107,0.0
2020-11-18,1011010402,水生根茎类,19.171,148.318,36,5,2.525,1,7.736581294663816,0.13170935266809244
2020-11-18,1011010501,茄类,15.946,96.8378,37,0,0.0,4,6.0728583970901795,0.0
2020-11-18,1011010504,辣椒类,45.407,462.781,158,0,0.0,9,10.191842667430134,0.0
2020-11-18,1011010801,食用菌,99.089,461.105,151,0,0.0,11,4.653442864495554,0.0
2020-11-19,1011010101,花叶类,207.79999999999998,681.16,305,3,1.45,17,3.277959576515881,0.006977863330125121
2020-11-19,1011010201,花菜类,77.165,362.2798,135,0,0.0,2,4.694872027473595,0.0
2020-11-19,1011010402,水生根茎类,22.976999999999997,199.492,36,8,4.5840000000000005,2,8.682247464856161,0.19950385167776477
2020-11-19,1011010501,茄类,12.808,86.4716,28,0,0.0,4,6.751374141161774,0.0
2020-11-19,1011010504,辣椒类,59.111000000000004,543.5856,178,0,0.0,10,9.196014278222327,0.0
2020-11-19,1011010801,食用菌,90.297,524.004,133,0,0.0,10,5.803116382604074,0.0
2020-11-20,1011010101,花叶类,244.555,756.6246,346,0,0.0,16,3.093883175563779,0.0
2020-11-20,1011010201,花菜类,52.70099999999999,256.383,101,0,0.0,2,4.864860249331133,0.0
2020-11-20,1011010402,水生根茎类,22.48,183.078,41,3,1.839,2,8.144039145907474,0.08180604982206405
2020-11-20,1011010501,茄类,9.804,65.911,19,0,0.0,4,6.7228682170542635,0.0
2020-11-20,1011010504,辣椒类,53.492,545.285,174,0,0.0,10,10.193767292305392,0.0
2020-11-20,1011010801,食用菌,70.888,358.984,112,0,0.0,11,5.0641011172553885,0.0
2020-11-21,1011010101,花叶类,460.646,1463.7466,707,0,0.0,18,3.1775953769271847,0.0
2020-11-21,1011010201,花菜类,114.066,487.836,208,0,0.0,2,4.276787123244437,0.0
2020-11-21,1011010402,水生根茎类,95.789,783.184,147,6,4.098,2,8.176137134744073,0.04278153023833634
2020-11-21,1011010501,茄类,25.451,169.4252,53,0,0.0,4,6.656917213469018,0.0
2020-11-21,1011010504,辣椒类,79.774,773.5536,275,0,0.0,9,9.696813498132222,0.0
2020-11-21,1011010801,食用菌,169.382,869.03,278,0,0.0,11,5.130592388801643,0.0
2020-11-22,1011010101,花叶类,371.968,1141.9126,534,0,0.0,17,3.06992160615967,0.0
2020-11-22,1011010201,花菜类,119.596,508.1144,216,0,0.0,2,4.248590253854644,0.0
2020-11-22,1011010402,水生根茎类,67.538,540.304,98,0,0.0,1,8.0,0.0
2020-11-22,1011010501,茄类,26.933,183.6438,58,0,0.0,4,6.8185423086919394,0.0
2020-11-22,1011010504,辣椒类,99.221,834.0508,286,0,0.0,10,8.405990667298253,0.0
2020-11-22,1011010801,食用菌,160.154,1537.6912,332,0,0.0,10,9.601328721105936,0.0
2020-11-23,1011010101,花叶类,294.311,1016.226,420,0,0.0,17,3.4528984645494054,0.0
2020-11-23,1011010201,花菜类,74.623,304.9214,124,0,0.0,2,4.086158423006312,0.0
2020-11-23,1011010402,水生根茎类,34.987,279.896,52,0,0.0,1,8.0,0.0
2020-11-23,1011010501,茄类,15.902,103.20599999999999,30,0,0.0,3,6.490127028046786,0.0
2020-11-23,1011010504,辣椒类,59.056,499.0114,181,0,0.0,9,8.449800189650501,0.0
2020-11-23,1011010801,食用菌,195.788,1147.439,319,0,0.0,12,5.860619649825321,0.0
2020-11-24,1011010101,花叶类,220.189,871.6004,377,0,0.0,14,3.958419357915246,0.0
2020-11-24,1011010201,花菜类,60.92700000000001,268.04519999999997,94,0,0.0,2,4.39944852036043,0.0
2020-11-24,1011010402,水生根茎类,44.692,349.208,76,4,4.164,1,7.813657925355769,0.0931710373221158
2020-11-24,1011010501,茄类,13.897,85.793,30,0,0.0,4,6.173490681442038,0.0
2020-11-24,1011010504,辣椒类,52.157,479.5806,168,0,0.0,9,9.194942193761145,0.0
2020-11-24,1011010801,食用菌,117.661,827.3984,233,0,0.0,12,7.032053101707448,0.0
2020-11-25,1011010101,花叶类,237.713,822.822,381,0,0.0,16,3.4614093465649756,0.0
2020-11-25,1011010201,花菜类,37.137,152.5724,71,0,0.0,2,4.1083663193041975,0.0
2020-11-25,1011010402,水生根茎类,38.697,295.796,57,9,6.89,1,7.643900043931053,0.17804997803447292
2020-11-25,1011010501,茄类,13.199,85.3798,23,0,0.0,4,6.468656716417911,0.0
2020-11-25,1011010504,辣椒类,39.054,386.1988,133,0,0.0,9,9.88884109182158,0.0
2020-11-25,1011010801,食用菌,95.581,803.3278,222,0,0.0,13,8.404680846611774,0.0
2020-11-26,1011010101,花叶类,282.923,696.0344,328,34,14.290000000000001,16,2.460154883130746,0.050508442226330136
2020-11-26,1011010201,花菜类,34.766000000000005,162.3144,66,0,0.0,2,4.66876833688086,0.0
2020-11-26,1011010402,水生根茎类,24.099,192.792,35,0,0.0,1,8.0,0.0
2020-11-26,1011010501,茄类,12.868,91.0904,27,0,0.0,4,7.078831209201119,0.0
2020-11-26,1011010504,辣椒类,48.086,447.85499999999996,151,0,0.0,9,9.313625587489081,0.0
2020-11-26,1011010801,食用菌,110.276,839.589,200,0,0.0,12,7.613524248249846,0.0
2020-11-27,1011010101,花叶类,225.596,670.4739999999999,305,0,0.0,17,2.9720119151048774,0.0
2020-11-27,1011010201,花菜类,28.934,135.982,52,0,0.0,2,4.699730420958042,0.0
2020-11-27,1011010402,水生根茎类,23.178,179.268,34,3,3.0780000000000003,1,7.7344033134869274,0.1327983432565364
2020-11-27,1011010501,茄类,13.175,103.37440000000001,26,0,0.0,4,7.846254269449716,0.0
2020-11-27,1011010504,辣椒类,53.11600000000001,470.1752,146,0,0.0,9,8.85185631448151,0.0
2020-11-27,1011010801,食用菌,112.979,901.7318,218,0,0.0,14,7.981410704644226,0.0
2020-11-28,1011010101,花叶类,400.295,1043.2144,493,0,0.0,18,2.606113990931688,0.0
2020-11-28,1011010201,花菜类,79.441,429.05600000000004,143,0,0.0,2,5.400939061693585,0.0
2020-11-28,1011010402,水生根茎类,30.289,242.312,45,0,0.0,1,8.0,0.0
2020-11-28,1011010501,茄类,18.759,138.701,39,0,0.0,4,7.393837624606855,0.0
2020-11-28,1011010504,辣椒类,82.485,668.034,232,0,0.0,10,8.09885433715221,0.0
2020-11-28,1011010801,食用菌,187.133,1306.8872000000001,339,0,0.0,13,6.98373456311821,0.0
2020-11-29,1011010101,花叶类,287.707,814.801,424,0,0.0,17,2.8320513578049895,0.0
2020-11-29,1011010201,花菜类,77.33500000000001,423.094,150,0,0.0,2,5.4709251955776805,0.0
2020-11-29,1011010402,水生根茎类,31.494,251.952,46,0,0.0,1,8.0,0.0
2020-11-29,1011010501,茄类,20.701999999999998,156.622,43,0,0.0,4,7.5655492222973635,0.0
2020-11-29,1011010504,辣椒类,66.151,612.9718,204,0,0.0,9,9.266251455004461,0.0
2020-11-29,1011010801,食用菌,168.218,1362.4976000000001,324,0,0.0,13,8.099594573707927,0.0
2020-11-30,1011010101,花叶类,207.35299999999998,629.2276,310,0,0.0,17,3.0345719618235574,0.0
2020-11-30,1011010201,花菜类,41.156000000000006,217.5304,79,0,0.0,2,5.2855087958013405,0.0
2020-11-30,1011010402,水生根茎类,18.480999999999998,143.096,33,5,2.376,1,7.742871056760999,0.1285644716195011
2020-11-30,1011010501,茄类,18.29,137.4694,34,0,0.0,5,7.516096227446693,0.0
2020-11-30,1011010504,辣椒类,54.214,498.776,165,0,0.0,10,9.200132807024016,0.0
2020-11-30,1011010801,食用菌,100.48599999999999,609.4374,152,0,0.0,13,6.064898592838804,0.0
2020-12-01,1011010101,花叶类,287.79699999999997,738.5806,368,0,0.0,16,2.566324874824964,0.0
2020-12-01,1011010201,花菜类,25.82,140.336,51,0,0.0,2,5.435166537567778,0.0
2020-12-01,1011010402,水生根茎类,25.029,200.232,45,0,0.0,1,8.0,0.0
2020-12-01,1011010501,茄类,9.271,77.7902,23,0,0.0,5,8.390702189623557,0.0
2020-12-01,1011010504,辣椒类,47.882,421.15639999999996,145,0,0.0,9,8.795714464725783,0.0
2020-12-01,1011010801,食用菌,99.477,641.6120000000001,185,2,2.0,12,6.449852729776733,0.020105149934155634
2020-12-02,1011010101,花叶类,213.66500000000002,617.9328,297,0,0.0,16,2.892063744646994,0.0
2020-12-02,1011010201,花菜类,24.46,134.512,51,0,0.0,2,5.4992641046606705,0.0
2020-12-02,1011010402,水生根茎类,22.979,182.662,40,1,0.585,2,7.9490839462117595,0.025458026894120717
2020-12-02,1011010501,茄类,9.603,78.403,24,0,0.0,5,8.164427782984484,0.0
2020-12-02,1011010504,辣椒类,48.74,461.395,152,0,0.0,10,9.466454657365613,0.0
2020-12-02,1011010801,食用菌,185.141,1065.2649999999999,279,49,50.0,12,5.753803857600423,0.2700644373747576
2020-12-03,1011010101,花叶类,274.09700000000004,688.7304,309,2,0.8,18,2.5127250571877835,0.002918674775718085
2020-12-03,1011010201,花菜类,27.342,162.4644,52,0,0.0,2,5.941935483870968,0.0
2020-12-03,1011010402,水生根茎类,35.348,273.116,55,6,4.834,2,7.726490890573724,0.13675455471313794
2020-12-03,1011010501,茄类,12.913,115.8798,29,0,0.0,5,8.973886780763571,0.0
2020-12-03,1011010504,辣椒类,48.794999999999995,516.5614,144,0,0.0,8,10.58635925812071,0.0
2020-12-03,1011010801,食用菌,97.39500000000001,786.5790000000001,199,0,0.0,11,8.076174341598644,0.0
2020-12-04,1011010101,花叶类,242.529,719.1002,355,1,0.739,18,2.965007071319306,0.003047058289936461
2020-12-04,1011010201,花菜类,27.457,169.067,53,0,0.0,2,6.157519029755618,0.0
2020-12-04,1011010402,水生根茎类,87.25,551.384,135,33,19.964,2,6.319587392550144,0.22881375358166187
2020-12-04,1011010501,茄类,11.517,92.636,24,0,0.0,5,8.043414083528697,0.0
2020-12-04,1011010504,辣椒类,42.929,438.33979999999997,153,0,0.0,9,10.210808544340654,0.0
2020-12-04,1011010801,食用菌,110.875,910.5812,221,0,0.0,13,8.212682750845547,0.0
2020-12-05,1011010101,花叶类,306.959,842.0552,398,0,0.0,18,2.743217172325946,0.0
2020-12-05,1011010201,花菜类,72.116,422.49120000000005,141,0,0.0,2,5.858494647512342,0.0
2020-12-05,1011010402,水生根茎类,43.518,314.501,72,6,3.7460000000000004,2,7.226917597316053,0.08607932349832254
2020-12-05,1011010501,茄类,18.692999999999998,149.888,37,0,0.0,5,8.0184026106029,0.0
2020-12-05,1011010504,辣椒类,50.32,590.9724,171,0,0.0,10,11.744284578696343,0.0
2020-12-05,1011010801,食用菌,155.115,1375.4551999999999,314,2,0.622,14,8.867325532669309,0.004009928117848048
2020-12-06,1011010101,花叶类,367.129,941.8606,423,0,0.0,18,2.565475895393717,0.0
2020-12-06,1011010201,花菜类,67.968,486.784,135,0,0.0,2,7.161958568738229,0.0
2020-12-06,1011010402,水生根茎类,93.761,653.519,150,7,4.4830000000000005,2,6.970051513955696,0.04781305660135878
2020-12-06,1011010501,茄类,18.881,146.9104,39,0,0.0,4,7.780859064668185,0.0
2020-12-06,1011010504,辣椒类,61.77,769.1412,217,0,0.0,10,12.451694997571636,0.0
2020-12-06,1011010801,食用菌,234.205,1740.892,421,10,3.402,13,7.433197412523216,0.014525736000512372
2020-12-07,1011010101,花叶类,197.718,576.0326,266,0,0.0,19,2.9134049504850346,0.0
2020-12-07,1011010201,花菜类,29.017,196.98000000000002,56,0,0.0,2,6.788434366061275,0.0
2020-12-07,1011010402,水生根茎类,60.127,419.313,96,9,8.713,2,6.973788813677715,0.14490994062567564
2020-12-07,1011010501,茄类,10.537,86.114,25,0,0.0,4,8.172534877099743,0.0
2020-12-07,1011010504,辣椒类,39.565999999999995,559.2496,142,0,0.0,9,14.134600414497298,0.0
2020-12-07,1011010801,食用菌,91.333,737.082,186,22,7.159000000000001,15,8.070270329453757,0.0783834977499918
2020-12-08,1011010101,花叶类,183.98,523.691,243,0,0.0,17,2.8464561365365806,0.0
2020-12-08,1011010201,花菜类,29.686,211.39999999999998,57,0,0.0,2,7.121201913359832,0.0
2020-12-08,1011010402,水生根茎类,78.345,537.735,131,16,8.514,3,6.863679877465058,0.1086731763354394
2020-12-08,1011010501,茄类,10.904,92.342,25,0,0.0,4,8.46863536316948,0.0
2020-12-08,1011010504,辣椒类,38.132,516.9646,130,0,0.0,10,13.557238015315223,0.0
2020-12-08,1011010801,食用菌,89.028,783.5738,198,0,0.0,16,8.801431010468615,0.0
2020-12-09,1011010101,花叶类,180.673,540.6844,253,2,1.1669999999999998,15,2.9926131740769235,0.006459183165165795
2020-12-09,1011010201,花菜类,20.825,146.632,45,0,0.0,2,7.041152460984394,0.0
2020-12-09,1011010402,水生根茎类,39.897,289.118,60,28,19.385,3,7.246610020803569,0.48587613103742144
2020-12-09,1011010501,茄类,9.89,81.304,19,0,0.0,3,8.22082912032356,0.0
2020-12-09,1011010504,辣椒类,36.059,477.8674,116,0,0.0,10,13.252375273856735,0.0
2020-12-09,1011010801,食用菌,80.164,815.8226,193,0,0.0,17,10.17691981438052,0.0
2020-12-10,1011010101,花叶类,188.539,540.4644,283,0,0.0,16,2.8665920578766197,0.0
2020-12-10,1011010201,花菜类,20.405,137.45,44,0,0.0,2,6.73609409458466,0.0
2020-12-10,1011010402,水生根茎类,48.448,324.027,65,16,13.827,3,6.688139861294584,0.28539877807133424
2020-12-10,1011010501,茄类,11.411,93.746,25,0,0.0,4,8.215406187012531,0.0
2020-12-10,1011010504,辣椒类,45.747,609.4304,145,0,0.0,9,13.3217566179203,0.0
2020-12-10,1011010801,食用菌,89.363,815.37,205,3,0.863,18,9.124246052616854,0.009657240692456609
2020-12-11,1011010101,花叶类,212.51,555.6912,274,0,0.0,17,2.614894357912569,0.0
2020-12-11,1011010201,花菜类,30.644,220.46599999999998,63,0,0.0,2,7.194426315102467,0.0
2020-12-11,1011010402,水生根茎类,55.726,374.67999999999995,81,0,0.0,3,6.723611958511286,0.0
2020-12-11,1011010501,茄类,14.918,128.516,31,0,0.0,4,8.614827724896099,0.0
2020-12-11,1011010504,辣椒类,44.514,579.8594,145,0,0.0,10,13.026450105584761,0.0
2020-12-11,1011010801,食用菌,94.15299999999999,784.8758,186,4,4.0,18,8.336174099603838,0.04248404193174939
2020-12-12,1011010101,花叶类,269.619,761.357,377,0,0.0,17,2.823825472240457,0.0
2020-12-12,1011010201,花菜类,65.792,467.162,141,0,0.0,2,7.100589737354085,0.0
2020-12-12,1011010402,水生根茎类,71.47,580.764,101,3,1.9569999999999999,3,8.125982929900658,0.02738211837134462
2020-12-12,1011010501,茄类,11.965,108.842,23,0,0.0,4,9.096698704554951,0.0
2020-12-12,1011010504,辣椒类,55.182,783.6884,192,0,0.0,9,14.201884672538146,0.0
2020-12-12,1011010801,食用菌,174.431,1585.5354,360,5,1.802,21,9.089756981270531,0.010330732495943955
2020-12-13,1011010101,花叶类,375.781,1015.5982,484,0,0.0,17,2.7026331826249863,0.0
2020-12-13,1011010201,花菜类,78.67,560.8199999999999,157,0,0.0,2,7.128765730265666,0.0
2020-12-13,1011010402,水生根茎类,73.578,625.446,117,0,0.0,3,8.500448503628801,0.0
2020-12-13,1011010501,茄类,20.845000000000002,178.528,48,0,0.0,4,8.564547853202205,0.0
2020-12-13,1011010504,辣椒类,76.78399999999999,996.6764,238,0,0.0,9,12.98026151281517,0.0
2020-12-13,1011010801,食用菌,197.615,1692.8208,386,2,0.813,19,8.566256610075145,0.004114060167497406
2020-12-14,1011010101,花叶类,197.654,618.0596,253,3,0.879,16,3.126977445434952,0.004447165248363302
2020-12-14,1011010201,花菜类,33.376000000000005,228.478,61,0,0.0,2,6.845577660594438,0.0
2020-12-14,1011010402,水生根茎类,65.517,424.73,107,68,42.886,2,6.4827449364287135,0.654578201077583
2020-12-14,1011010501,茄类,12.715,108.76599999999999,32,0,0.0,3,8.554148643334644,0.0
2020-12-14,1011010504,辣椒类,48.394,673.5412,160,0,0.0,6,13.917865851138572,0.0
2020-12-14,1011010801,食用菌,83.089,834.34,196,4,1.876,15,10.041521741746802,0.02257819928028981
2020-12-15,1011010101,花叶类,203.80800000000002,628.2684,282,0,0.0,15,3.082648374941121,0.0
2020-12-15,1011010201,花菜类,33.43,223.388,71,0,0.0,2,6.682261441818726,0.0
2020-12-15,1011010402,水生根茎类,51.769000000000005,420.14,84,6,3.545,4,8.115667677567656,0.06847727404431223
2020-12-15,1011010501,茄类,10.295,86.829,24,0,0.0,4,8.434094220495385,0.0
2020-12-15,1011010504,辣椒类,41.065999999999995,572.8149999999999,133,0,0.0,10,13.948643646812448,0.0
2020-12-15,1011010801,食用菌,99.925,979.3106,216,33,11.248000000000001,17,9.800456342256693,0.11256442331748813
2020-12-16,1011010101,花叶类,152.029,504.5324,222,22,8.555,16,3.3186589400706445,0.05627215860131948
2020-12-16,1011010201,花菜类,26.065,190.154,56,0,0.0,2,7.295376942259735,0.0
2020-12-16,1011010402,水生根茎类,47.282000000000004,379.878,69,12,8.999,3,8.034304809441224,0.19032612833636478
2020-12-16,1011010501,茄类,9.313,74.504,20,0,0.0,2,8.0,0.0
2020-12-16,1011010504,辣椒类,34.839999999999996,563.5352,118,0,0.0,9,16.174948335246846,0.0
2020-12-16,1011010801,食用菌,74.212,706.6528000000001,166,0,0.0,17,9.522082682046031,0.0
2020-12-17,1011010101,花叶类,167.799,497.9648,232,0,0.0,16,2.9676267439019304,0.0
2020-12-17,1011010201,花菜类,31.098,209.04399999999998,59,0,0.0,2,6.722104315390057,0.0
2020-12-17,1011010402,水生根茎类,47.929,371.222,78,8,6.105,2,7.745248179598989,0.12737591020050493
2020-12-17,1011010501,茄类,12.154,101.346,27,0,0.0,4,8.338489386210302,0.0
2020-12-17,1011010504,辣椒类,33.18,518.3186000000001,104,0,0.0,9,15.62141651597348,0.0
2020-12-17,1011010801,食用菌,94.652,868.6616,204,55,16.729,18,9.177424671427968,0.17674217132231754
2020-12-18,1011010101,花叶类,151.08,565.6850000000001,244,9,5.305,17,3.7442745565263436,0.03511384696849351
2020-12-18,1011010201,花菜类,26.454,186.44600000000003,48,0,0.0,2,7.04793225977168,0.0
2020-12-18,1011010402,水生根茎类,63.361999999999995,523.142,86,10,8.027000000000001,3,8.256399734856856,0.1266847637385184
2020-12-18,1011010501,茄类,19.541,157.787,39,0,0.0,4,8.07466352796684,0.0
2020-12-18,1011010504,辣椒类,41.801,646.9970000000001,127,0,0.0,10,15.478026841463123,0.0
2020-12-18,1011010801,食用菌,86.25999999999999,831.6573999999999,212,6,2.189,17,9.641286807326686,0.02537676791096685
2020-12-19,1011010101,花叶类,266.55,905.8063999999999,398,2,2.01,18,3.3982607390733444,0.007540799099606077
2020-12-19,1011010201,花菜类,60.29,432.552,128,0,0.0,2,7.174523138165534,0.0
2020-12-19,1011010402,水生根茎类,86.825,800.0409999999999,125,0,0.0,3,9.214408292542469,0.0
2020-12-19,1011010501,茄类,14.524000000000001,116.19200000000001,28,0,0.0,3,8.0,0.0
2020-12-19,1011010504,辣椒类,68.24,1035.8708000000001,203,0,0.0,10,15.179818288393907,0.0
2020-12-19,1011010801,食用菌,154.68099999999998,1478.816,331,5,1.739,15,9.560424357225518,0.011242492613831048
2020-12-20,1011010101,花叶类,276.911,912.46,417,0,0.0,18,3.2951381490803904,0.0
2020-12-20,1011010201,花菜类,89.851,648.932,196,0,0.0,2,7.222312495130828,0.0
2020-12-20,1011010402,水生根茎类,77.313,687.192,105,2,1.205,3,8.888440495130185,0.015585994593406025
2020-12-20,1011010501,茄类,14.386,115.088,34,0,0.0,3,8.0,0.0
2020-12-20,1011010504,辣椒类,64.273,992.5268,206,0,0.0,10,15.442359933409053,0.0
2020-12-20,1011010801,食用菌,142.972,1316.8008,329,3,0.776,15,9.210200598718629,0.005427636180510869
2020-12-21,1011010101,花叶类,136.041,493.6224,202,1,0.667,16,3.6284825898074846,0.004902933674406981
2020-12-21,1011010201,花菜类,37.057,256.254,73,8,4.649,2,6.9151307445287,0.12545537955042232
2020-12-21,1011010402,水生根茎类,48.468,403.65000000000003,69,1,1.622,3,8.328175290913592,0.033465379219278696
2020-12-21,1011010501,茄类,12.997,102.584,28,0,0.0,3,7.892898361160268,0.0
2020-12-21,1011010504,辣椒类,30.846,494.1502,107,0,0.0,9,16.019911820009078,0.0
2020-12-21,1011010801,食用菌,84.045,802.8054,185,4,1.19,13,9.55208995181153,0.014159081444464275
2020-12-22,1011010101,花叶类,152.185,483.6388,218,15,9.752,15,3.177966291027368,0.0640799027499425
2020-12-22,1011010201,花菜类,27.345999999999997,199.29999999999998,55,0,0.0,2,7.288086008922694,0.0
2020-12-22,1011010402,水生根茎类,38.698,320.184,51,2,0.87,2,8.273915964649337,0.022481782004237946
2020-12-22,1011010501,茄类,11.078999999999999,91.13399999999999,25,0,0.0,4,8.225832656376928,0.0
2020-12-22,1011010504,辣椒类,38.615,584.1572,122,0,0.0,10,15.12772756700764,0.0
2020-12-22,1011010801,食用菌,76.199,694.75,175,6,1.74,15,9.117573721439914,0.022834945340490034
2020-12-23,1011010101,花叶类,143.966,578.4742,237,2,0.9299999999999999,16,4.018130669741466,0.006459858577719739
2020-12-23,1011010201,花菜类,39.823,310.532,85,0,0.0,2,7.797805288401174,0.0
2020-12-23,1011010402,水生根茎类,43.83,340.329,61,5,7.726,2,7.764750171115675,0.17627195984485514
2020-12-23,1011010501,茄类,9.4,78.989,20,0,0.0,4,8.40308510638298,0.0
2020-12-23,1011010504,辣椒类,41.738,645.0766,135,0,0.0,10,15.455378791508936,0.0
2020-12-23,1011010801,食用菌,67.604,626.556,171,2,0.55,15,9.268031477427371,0.00813561327732087
2020-12-24,1011010101,花叶类,218.53300000000002,631.995,287,1,0.323,16,2.8919888529421183,0.0014780376419122054
2020-12-24,1011010201,花菜类,39.293,288.801,87,0,0.0,2,7.349935102944545,0.0
2020-12-24,1011010402,水生根茎类,61.82299999999999,485.96700000000004,89,9,9.264999999999999,2,7.8606182165213605,0.1498633194765702
2020-12-24,1011010501,茄类,9.801,79.594,22,0,0.0,3,8.121008060402,0.0
2020-12-24,1011010504,辣椒类,37.463,624.1382,125,0,0.0,10,16.66012332167739,0.0
2020-12-24,1011010801,食用菌,76.09,666.898,177,6,1.612,15,8.76459455907478,0.021185438296753845
2020-12-25,1011010101,花叶类,159.654,619.9966,254,0,0.0,15,3.8833765517932526,0.0
2020-12-25,1011010201,花菜类,33.711,253.322,79,0,0.0,2,7.514520482928422,0.0
2020-12-25,1011010402,水生根茎类,65.984,547.548,86,6,5.569,3,8.298193501454898,0.08439924830261883
2020-12-25,1011010501,茄类,10.328,78.19999999999999,25,0,0.0,2,7.5716498838109985,0.0
2020-12-25,1011010504,辣椒类,53.083,883.9124,173,0,0.0,10,16.651515551118063,0.0
2020-12-25,1011010801,食用菌,148.943,1323.4408,317,0,0.0,16,8.885552191106665,0.0
2020-12-26,1011010101,花叶类,285.224,871.8724,358,0,0.0,15,3.056798866855524,0.0
2020-12-26,1011010201,花菜类,62.717,539.789,129,0,0.0,2,8.606741393880448,0.0
2020-12-26,1011010402,水生根茎类,103.905,876.732,144,0,0.0,4,8.437823011404648,0.0
2020-12-26,1011010501,茄类,16.19,127.232,33,0,0.0,3,7.858678196417541,0.0
2020-12-26,1011010504,辣椒类,52.907000000000004,1056.713,191,0,0.0,9,19.97302814372389,0.0
2020-12-26,1011010801,食用菌,136.159,1102.3458,291,2,0.42200000000000004,16,8.096018625283676,0.0030993177094426373
2020-12-27,1011010101,花叶类,288.755,850.3522,379,0,0.0,14,2.944891690187183,0.0
2020-12-27,1011010201,花菜类,51.016000000000005,403.328,95,0,0.0,2,7.905911870785634,0.0
2020-12-27,1011010402,水生根茎类,93.232,761.976,129,0,0.0,3,8.172902007894285,0.0
2020-12-27,1011010501,茄类,11.874,99.642,24,0,0.0,2,8.391611925214754,0.0
2020-12-27,1011010504,辣椒类,52.745,1010.3044,169,0,0.0,10,19.154505640345057,0.0
2020-12-27,1011010801,食用菌,118.129,1153.7684,290,3,0.9450000000000001,15,9.767020799295684,0.007999729109702106
2020-12-28,1011010101,花叶类,251.45499999999998,724.4485999999999,323,0,0.0,14,2.8810268238849894,0.0
2020-12-28,1011010201,花菜类,33.949,257.134,70,0,0.0,2,7.574125894724441,0.0
2020-12-28,1011010402,水生根茎类,63.262,515.289,80,7,7.776,3,8.145316303626188,0.12291739116689324
2020-12-28,1011010501,茄类,13.266,116.472,26,0,0.0,3,8.779737675260062,0.0
2020-12-28,1011010504,辣椒类,45.863,892.2475999999999,131,0,0.0,10,19.45462791356867,0.0
2020-12-28,1011010801,食用菌,69.819,681.142,171,3,0.6890000000000001,13,9.75582577808333,0.009868373938326245
2020-12-29,1011010101,花叶类,223.512,647.989,256,0,0.0,15,2.899123984394574,0.0
2020-12-29,1011010201,花菜类,33.714,273.704,71,0,0.0,2,8.118407783116806,0.0
2020-12-29,1011010402,水生根茎类,54.92399999999999,435.606,72,4,3.011,4,7.931068385405288,0.05482120748670892
2020-12-29,1011010501,茄类,12.741000000000001,109.29100000000001,27,0,0.0,3,8.577898124166078,0.0
2020-12-29,1011010504,辣椒类,28.906000000000002,598.5573999999999,97,0,0.0,7,20.70702968241887,0.0
2020-12-29,1011010801,食用菌,79.647,759.3048,176,0,0.0,16,9.533376021695732,0.0
2020-12-30,1011010101,花叶类,146.39,554.7568,210,0,0.0,15,3.789581255550243,0.0
2020-12-30,1011010201,花菜类,33.438,283.356,65,0,0.0,2,8.47407141575453,0.0
2020-12-30,1011010402,水生根茎类,75.742,624.302,101,1,0.97,4,8.242481054104724,0.012806633043753795
2020-12-30,1011010501,茄类,16.318,146.629,32,0,0.0,3,8.985721289373696,0.0
2020-12-30,1011010504,辣椒类,32.167,666.8054,112,0,0.0,9,20.729486741070037,0.0
2020-12-30,1011010801,食用菌,66.631,618.0835,158,4,1.289,16,9.276215275172216,0.019345349762122734
2020-12-31,1011010101,花叶类,179.177,830.7594,287,1,0.301,15,4.636529242034413,0.0016799031125646706
2020-12-31,1011010201,花菜类,23.092,208.71,48,0,0.0,2,9.038195045903343,0.0
2020-12-31,1011010402,水生根茎类,73.305,533.657,92,1,0.585,4,7.279953618443489,0.007980356046654388
2020-12-31,1011010501,茄类,20.724999999999998,187.641,43,0,0.0,3,9.053848009650181,0.0
2020-12-31,1011010504,辣椒类,45.583999999999996,1013.3386,150,1,0.252,9,22.23013776763777,0.005528255528255529
2020-12-31,1011010801,食用菌,120.945,1031.806,241,3,1.1440000000000001,15,8.531200132291538,0.009458844929513417
2021-01-01,1011010101,花叶类,224.797,976.433,354,0,0.0,15,4.343621133733991,0.0
2021-01-01,1011010201,花菜类,55.985,503.328,107,0,0.0,2,8.990408145038849,0.0
2021-01-01,1011010402,水生根茎类,91.56899999999999,628.009,123,0,0.0,3,6.858314495080214,0.0
2021-01-01,1011010501,茄类,18.037,159.249,37,0,0.0,2,8.829018129400676,0.0
2021-01-01,1011010504,辣椒类,67.733,1412.1458,200,0,0.0,10,20.84871185389692,0.0
2021-01-01,1011010801,食用菌,136.338,1247.1206,303,1,0.278,14,9.147270753568337,0.002039050008068184
2021-01-02,1011010101,花叶类,212.911,942.0994000000001,336,0,0.0,15,4.424850759237428,0.0
2021-01-02,1011010201,花菜类,31.833,275.116,64,0,0.0,2,8.642477931706091,0.0
2021-01-02,1011010402,水生根茎类,102.214,760.113,132,9,7.024,3,7.436486195628779,0.0687185708415677
2021-01-02,1011010501,茄类,18.302,161.774,38,0,0.0,2,8.839143263031364,0.0
2021-01-02,1011010504,辣椒类,62.422,1168.5486,185,0,0.0,9,18.720140335138254,0.0
2021-01-02,1011010801,食用菌,115.296,1000.7444,239,4,1.189,14,8.679784207604774,0.010312586733277824
2021-01-03,1011010101,花叶类,224.88,934.1736,338,28,13.244,15,4.1540981856990395,0.05889363215937389
2021-01-03,1011010201,花菜类,50.09,464.002,101,0,0.0,2,9.263365941305649,0.0
2021-01-03,1011010402,水生根茎类,76.505,537.532,117,8,4.651,3,7.026102869093524,0.06079341219528136
2021-01-03,1011010501,茄类,13.385,119.074,31,0,0.0,2,8.896077698916697,0.0
2021-01-03,1011010504,辣椒类,73.797,1266.7624,213,0,0.0,9,17.1654999525726,0.0
2021-01-03,1011010801,食用菌,103.871,978.1916000000001,234,2,1.167,16,9.4173696219349,0.01123508967854358
2021-01-04,1011010101,花叶类,177.80100000000002,707.2598,277,0,0.0,15,3.977816772684068,0.0
2021-01-04,1011010201,花菜类,24.728,223.92399999999998,52,0,0.0,2,9.055483662245226,0.0
2021-01-04,1011010402,水生根茎类,68.24799999999999,617.937,102,0,0.0,4,9.054287305122497,0.0
2021-01-04,1011010501,茄类,9.866999999999999,87.901,23,0,0.0,2,8.908584169453736,0.0
2021-01-04,1011010504,辣椒类,58.505,989.1726000000001,172,0,0.0,8,16.90748824886762,0.0
2021-01-04,1011010801,食用菌,95.499,838.3734000000001,203,3,0.8109999999999999,15,8.77887098294223,0.008492235520790793
2021-01-05,1011010101,花叶类,154.654,709.0251999999999,250,0,0.0,14,4.584590117294089,0.0
2021-01-05,1011010201,花菜类,49.049,429.084,107,10,3.997,2,8.74806825827234,0.08148993863279577
2021-01-05,1011010402,水生根茎类,89.144,777.9870000000001,112,0,0.0,4,8.727306380687427,0.0
2021-01-05,1011010501,茄类,14.439,128.98600000000002,34,0,0.0,2,8.933167116836348,0.0
2021-01-05,1011010504,辣椒类,37.556,728.413,119,0,0.0,10,19.395382894876985,0.0
2021-01-05,1011010801,食用菌,83.705,757.7944,203,2,0.644,15,9.053155725464428,0.007693686159727616
2021-01-06,1011010101,花叶类,176.82399999999998,721.8798,268,0,0.0,15,4.082476360675022,0.0
2021-01-06,1011010201,花菜类,51.711,439.13,110,16,10.428,2,8.492003635590107,0.20165922144224635
2021-01-06,1011010402,水生根茎类,49.852,436.277,64,0,0.0,4,8.75144427505416,0.0
2021-01-06,1011010501,茄类,13.689,133.28199999999998,29,0,0.0,2,9.736430710789683,0.0
2021-01-06,1011010504,辣椒类,44.528000000000006,832.8802000000001,150,0,0.0,10,18.704639777218826,0.0
2021-01-06,1011010801,食用菌,81.462,760.2542,217,2,0.985,15,9.332623800054012,0.01209152733789988
2021-01-07,1011010101,花叶类,161.628,756.4826,251,0,0.0,15,4.680393248694534,0.0
2021-01-07,1011010201,花菜类,42.427,379.626,85,0,0.0,2,8.947745539397081,0.0
2021-01-07,1011010402,水生根茎类,54.723,502.225,71,0,0.0,3,9.177585293203956,0.0
2021-01-07,1011010501,茄类,12.56,123.068,25,0,0.0,2,9.798407643312101,0.0
2021-01-07,1011010504,辣椒类,50.183,889.2625999999999,150,43,17.566,10,17.720395353007987,0.35003885778052324
2021-01-07,1011010801,食用菌,96.002,935.4934,230,5,1.878,14,9.744519905835295,0.01956209245640716
2021-01-08,1011010101,花叶类,234.46200000000002,1025.355,330,0,0.0,15,4.373224659006577,0.0
2021-01-08,1011010201,花菜类,29.703000000000003,287.149,67,0,0.0,2,9.667339999326666,0.0
2021-01-08,1011010402,水生根茎类,53.903999999999996,455.226,70,0,0.0,3,8.445124666073019,0.0
2021-01-08,1011010501,茄类,12.049,119.387,30,0,0.0,2,9.908457133372064,0.0
2021-01-08,1011010504,辣椒类,37.342,725.6312,127,29,10.824,10,19.43203899094853,0.2898612822023459
2021-01-08,1011010801,食用菌,90.415,808.26,194,0,0.0,15,8.939445888403473,0.0
2021-01-09,1011010101,花叶类,233.427,1205.1096,387,0,0.0,14,5.162682980117982,0.0
2021-01-09,1011010201,花菜类,47.188,525.928,108,0,0.0,2,11.145375943036365,0.0
2021-01-09,1011010402,水生根茎类,90.49000000000001,810.582,111,0,0.0,3,8.957696983092053,0.0
2021-01-09,1011010501,茄类,17.965,179.004,43,0,0.0,2,9.964041191205121,0.0
2021-01-09,1011010504,辣椒类,78.49799999999999,1389.4342,235,60,25.24,9,17.70024968789014,0.3215368544421514
2021-01-09,1011010801,食用菌,129.833,1199.151,283,0,0.0,15,9.236103301934024,0.0
2021-01-10,1011010101,花叶类,250.645,1093.6132,368,0,0.0,14,4.363195754952223,0.0
2021-01-10,1011010201,花菜类,57.696,649.778,117,0,0.0,2,11.262097892401554,0.0
2021-01-10,1011010402,水生根茎类,79.56299999999999,727.418,98,0,0.0,3,9.142666817490543,0.0
2021-01-10,1011010501,茄类,23.755,235.033,52,0,0.0,2,9.89404335929278,0.0
2021-01-10,1011010504,辣椒类,68.36500000000001,1300.1862,214,0,0.0,10,19.01830176259782,0.0
2021-01-10,1011010801,食用菌,137.986,1401.8242,299,0,0.0,16,10.159177017958344,0.0
2021-01-11,1011010101,花叶类,182.204,778.0854,261,0,0.0,14,4.270407894447981,0.0
2021-01-11,1011010201,花菜类,28.862000000000002,339.026,63,0,0.0,2,11.74644861755942,0.0
2021-01-11,1011010402,水生根茎类,47.911,407.988,57,0,0.0,3,8.51553922898708,0.0
2021-01-11,1011010501,茄类,15.841000000000001,156.628,32,0,0.0,2,9.887507101824378,0.0
2021-01-11,1011010504,辣椒类,46.768,922.2998,149,0,0.0,10,19.720744953814574,0.0
2021-01-11,1011010801,食用菌,81.67,782.5884,172,0,0.0,14,9.58232398677605,0.0
2021-01-12,1011010101,花叶类,173.449,741.7302,229,2,0.853,12,4.276359045021879,0.004917872112263547
2021-01-12,1011010201,花菜类,18.847,235.887,45,0,0.0,2,12.51589112325569,0.0
2021-01-12,1011010402,水生根茎类,55.595,526.5020000000001,68,0,0.0,3,9.47031207842432,0.0
2021-01-12,1011010501,茄类,6.304,63.04,17,0,0.0,1,10.0,0.0
2021-01-12,1011010504,辣椒类,35.595,746.7238,116,0,0.0,8,20.97833403567917,0.0
2021-01-12,1011010801,食用菌,73.283,755.002,167,0,0.0,15,10.302553116002347,0.0
2021-01-13,1011010101,花叶类,172.101,816.0732,261,0,0.0,14,4.741827182875173,0.0
2021-01-13,1011010201,花菜类,25.301,305.3544,64,5,1.453,2,12.068866843207779,0.057428560135963015
2021-01-13,1011010402,水生根茎类,40.616,395.36,56,0,0.0,3,9.734094937955486,0.0
2021-01-13,1011010504,辣椒类,37.065000000000005,749.026,106,0,0.0,10,20.208444624308644,0.0
2021-01-13,1011010801,食用菌,76.684,779.543,178,0,0.0,13,10.165653852172552,0.0
2021-01-14,1011010101,花叶类,148.947,761.967,218,0,0.0,13,5.11569215895587,0.0
2021-01-14,1011010201,花菜类,34.119,408.191,68,6,3.033,2,11.963744541164747,0.08889475072540226
2021-01-14,1011010402,水生根茎类,43.510000000000005,400.16499999999996,55,0,0.0,3,9.197081130774533,0.0
2021-01-14,1011010501,茄类,18.643,171.174,35,0,0.0,2,9.181676768760394,0.0
2021-01-14,1011010504,辣椒类,39.296,828.259,121,0,0.0,10,21.077437907166125,0.0
2021-01-14,1011010801,食用菌,75.963,812.038,167,0,0.0,14,10.68991482695523,0.0
2021-01-15,1011010101,花叶类,171.213,899.3304,254,0,0.0,13,5.252699269331185,0.0
2021-01-15,1011010201,花菜类,30.979,385.207,70,3,0.652,2,12.43445559895413,0.021046515381387392
2021-01-15,1011010402,水生根茎类,51.428,466.595,60,0,0.0,3,9.07278136423738,0.0
2021-01-15,1011010501,茄类,14.644,135.712,33,0,0.0,2,9.267413275061458,0.0
2021-01-15,1011010504,辣椒类,39.211,755.986,126,0,0.0,9,19.279946953660964,0.0
2021-01-15,1011010801,食用菌,101.383,1069.2340000000002,219,0,0.0,15,10.546482151840054,0.0
2021-01-16,1011010101,花叶类,252.82500000000002,1387.805,392,0,0.0,13,5.489192128942944,0.0
2021-01-16,1011010201,花菜类,45.807,570.161,101,0,0.0,2,12.447027746850916,0.0
2021-01-16,1011010402,水生根茎类,82.624,755.797,98,0,0.0,3,9.14742689775368,0.0
2021-01-16,1011010501,茄类,20.109,183.423,47,0,0.0,2,9.121438162017007,0.0
2021-01-16,1011010504,辣椒类,76.17399999999999,1452.2698,228,0,0.0,10,19.065163966707804,0.0
2021-01-16,1011010801,食用菌,150.015,1398.2766000000001,323,0,0.0,15,9.320911908809121,0.0
2021-01-17,1011010101,花叶类,228.99099999999999,1196.0910000000001,354,0,0.0,14,5.223310086422611,0.0
2021-01-17,1011010201,花菜类,45.21,601.6602,93,0,0.0,3,13.308122096881222,0.0
2021-01-17,1011010402,水生根茎类,67.482,660.164,74,0,0.0,3,9.782816158382976,0.0
2021-01-17,1011010501,茄类,24.613,227.12699999999998,52,0,0.0,2,9.227928330557022,0.0
2021-01-17,1011010504,辣椒类,74.534,1643.2842,235,0,0.0,10,22.04744411946226,0.0
2021-01-17,1011010801,食用菌,141.492,1245.6994,295,0,0.0,16,8.804027082803268,0.0
2021-01-18,1011010101,花叶类,167.11899999999997,1106.7738,302,0,0.0,16,6.622668876668722,0.0
2021-01-18,1011010201,花菜类,33.17,424.442,72,16,6.766,2,12.795960205004521,0.20397949954778413
2021-01-18,1011010402,水生根茎类,48.095,458.298,58,0,0.0,3,9.529015490175695,0.0
2021-01-18,1011010501,茄类,10.266,103.83600000000001,25,0,0.0,2,10.114552893045005,0.0
2021-01-18,1011010504,辣椒类,48.166,1024.5664,149,0,0.0,10,21.27156915666653,0.0
2021-01-18,1011010801,食用菌,72.532,711.6726,167,0,0.0,15,9.811843048585452,0.0
2021-01-19,1011010101,花叶类,216.055,1039.964,278,0,0.0,15,4.813422508157645,0.0
2021-01-19,1011010201,花菜类,33.818,419.34000000000003,71,10,4.941,3,12.399905375835356,0.14610562422378615
2021-01-19,1011010402,水生根茎类,42.265,403.182,60,0,0.0,3,9.539382467762925,0.0
2021-01-19,1011010501,茄类,9.304,94.225,22,0,0.0,2,10.127364574376612,0.0
2021-01-19,1011010504,辣椒类,50.827,1120.584,155,0,0.0,9,22.047022251952704,0.0
2021-01-19,1011010801,食用菌,74.431,633.9358,165,0,0.0,16,8.517093684083244,0.0
2021-01-20,1011010101,花叶类,197.824,1148.1551,329,1,0.471,15,5.803922173244904,0.0023809042381106437
2021-01-20,1011010201,花菜类,33.626999999999995,436.85,75,0,0.0,3,12.99104885954739,0.0
2021-01-20,1011010402,水生根茎类,44.546,431.904,62,0,0.0,3,9.695685358954789,0.0
2021-01-20,1011010501,茄类,19.320999999999998,196.406,38,0,0.0,2,10.165415868743855,0.0
2021-01-20,1011010504,辣椒类,51.058,1132.4638,150,0,0.0,9,22.17994829409691,0.0
2021-01-20,1011010801,食用菌,90.131,844.8264,216,0,0.0,16,9.373316616924255,0.0
2021-01-21,1011010101,花叶类,219.93,1127.933,320,0,0.0,15,5.128600009093803,0.0
2021-01-21,1011010201,花菜类,27.553,358.74199999999996,66,0,0.0,3,13.020070409755741,0.0
2021-01-21,1011010402,水生根茎类,48.089,463.74600000000004,63,0,0.0,3,9.643494354218221,0.0
2021-01-21,1011010501,茄类,23.411,240.78500000000003,44,0,0.0,2,10.285122378369143,0.0
2021-01-21,1011010504,辣椒类,57.724000000000004,1358.3964,175,0,0.0,10,23.53261035271291,0.0
2021-01-21,1011010801,食用菌,63.013,584.0122,142,0,0.0,16,9.268122450922826,0.0
2021-01-22,1011010101,花叶类,218.136,1295.8024,345,0,0.0,16,5.940341805112407,0.0
2021-01-22,1011010201,花菜类,32.636,421.646,68,0,0.0,2,12.919659271969604,0.0
2021-01-22,1011010402,水生根茎类,48.728,466.808,64,0,0.0,3,9.579871942209817,0.0
2021-01-22,1011010501,茄类,12.332999999999998,112.76299999999999,28,0,0.0,2,9.143193059271873,0.0
2021-01-22,1011010504,辣椒类,54.45,1152.1048,161,29,11.228,8,21.158949494949496,0.20620752984389346
2021-01-22,1011010801,食用菌,88.79599999999999,883.9342,187,0,0.0,15,9.954662372178928,0.0
2021-01-23,1011010101,花叶类,214.81500000000003,1125.9848,354,0,0.0,15,5.241648860647533,0.0
2021-01-23,1011010201,花菜类,48.218,604.2439999999999,110,0,0.0,3,12.531502758306024,0.0
2021-01-23,1011010402,水生根茎类,66.893,659.236,90,0,0.0,3,9.85508199662147,0.0
2021-01-23,1011010501,茄类,20.333000000000002,189.317,43,0,0.0,2,9.31082476761914,0.0
2021-01-23,1011010504,辣椒类,87.038,1737.4954,222,85,40.652,8,19.962492244766654,0.4670603644385211
2021-01-23,1011010801,食用菌,117.521,1200.526,251,0,0.0,16,10.215416819121689,0.0
2021-01-24,1011010101,花叶类,350.342,1945.479,535,0,0.0,16,5.553085270963802,0.0
2021-01-24,1011010201,花菜类,56.086,727.484,124,0,0.0,3,12.970866169810648,0.0
2021-01-24,1011010402,水生根茎类,88.664,864.742,116,0,0.0,3,9.753022647297662,0.0
2021-01-24,1011010501,茄类,23.807,219.601,53,0,0.0,2,9.224219767295335,0.0
2021-01-24,1011010504,辣椒类,99.11500000000001,1912.9851999999998,277,49,21.533,8,19.300662866367347,0.21725268627352065
2021-01-24,1011010801,食用菌,127.934,1285.3666,272,0,0.0,16,10.04710710209952,0.0
2021-01-25,1011010101,花叶类,224.149,1167.54,354,0,0.0,16,5.208767382410807,0.0
2021-01-25,1011010201,花菜类,34.554,408.48519999999996,78,0,0.0,2,11.821647276726281,0.0
2021-01-25,1011010402,水生根茎类,86.892,853.7919999999999,103,0,0.0,3,9.825898816922155,0.0
2021-01-25,1011010501,茄类,20.041,189.411,43,0,0.0,2,9.45117509106332,0.0
2021-01-25,1011010504,辣椒类,68.681,1389.4488,200,0,0.0,8,20.230468397373365,0.0
2021-01-25,1011010801,食用菌,79.116,888.5816,197,0,0.0,15,11.23137671267506,0.0
2021-01-26,1011010101,花叶类,215.643,1146.6654,340,0,0.0,17,5.317424632378515,0.0
2021-01-26,1011010201,花菜类,36.857,436.58360000000005,78,0,0.0,3,11.845337385028625,0.0
2021-01-26,1011010402,水生根茎类,59.222,567.5600000000001,79,0,0.0,3,9.583600688933167,0.0
2021-01-26,1011010501,茄类,16.078,152.34,36,0,0.0,2,9.475059086951115,0.0
2021-01-26,1011010504,辣椒类,57.954,1212.6492,167,0,0.0,8,20.924339993788177,0.0
2021-01-26,1011010801,食用菌,101.362,944.9025,216,1,0.253,15,9.32205856238038,0.0024960044198022928
2021-01-27,1011010101,花叶类,208.029,1220.949,347,0,0.0,15,5.869128823385202,0.0
2021-01-27,1011010201,花菜类,50.986000000000004,539.164,113,0,0.0,3,10.574746008708273,0.0
2021-01-27,1011010402,水生根茎类,50.075,491.68,65,0,0.0,3,9.818871692461308,0.0
2021-01-27,1011010501,茄类,11.937000000000001,114.04500000000002,27,0,0.0,2,9.553908017089721,0.0
2021-01-27,1011010504,辣椒类,105.094,1750.9002,268,0,0.0,8,16.660325042343047,0.0
2021-01-27,1011010801,食用菌,108.756,1086.4284,241,0,0.0,14,9.98959505682445,0.0
2021-01-28,1011010101,花叶类,160.384,989.4408,266,0,0.0,14,6.169198922585794,0.0
2021-01-28,1011010201,花菜类,47.788,527.25,104,0,0.0,2,11.033104545074078,0.0
2021-01-28,1011010402,水生根茎类,58.18,578.4960000000001,74,0,0.0,3,9.943210725335168,0.0
2021-01-28,1011010501,茄类,17.791999999999998,185.162,36,0,0.0,2,10.407036870503598,0.0
2021-01-28,1011010504,辣椒类,70.075,1345.6932000000002,191,0,0.0,8,19.203613271494827,0.0
2021-01-28,1011010801,食用菌,80.927,838.7324000000001,180,0,0.0,17,10.364061438086177,0.0
2021-01-29,1011010101,花叶类,151.96200000000002,838.3594,240,0,0.0,16,5.516901593819507,0.0
2021-01-29,1011010201,花菜类,56.588,567.098,121,0,0.0,3,10.02152399802078,0.0
2021-01-29,1011010402,水生根茎类,48.372,465.074,61,0,0.0,3,9.614529066402051,0.0
2021-01-29,1011010501,茄类,15.072,154.728,26,0,0.0,2,10.265923566878982,0.0
2021-01-29,1011010504,辣椒类,66.029,1214.8758,185,0,0.0,8,18.39912462705781,0.0
2021-01-29,1011010801,食用菌,69.324,811.3958,165,0,0.0,15,11.70439963071952,0.0
2021-01-30,1011010101,花叶类,236.77700000000002,1240.2452,389,61,40.884,15,5.238030720889276,0.17266879806737984
2021-01-30,1011010201,花菜类,63.123999999999995,631.24,126,0,0.0,2,10.000000000000002,0.0
2021-01-30,1011010402,水生根茎类,39.938,390.78600000000006,55,0,0.0,3,9.78481646552156,0.0
2021-01-30,1011010501,茄类,23.084,279.616,50,0,0.0,3,12.11297868653613,0.0
2021-01-30,1011010504,辣椒类,91.796,1691.7538000000002,260,0,0.0,11,18.42949365985446,0.0
2021-01-30,1011010801,食用菌,94.904,1033.2052,225,0,0.0,17,10.886845654556184,0.0
2021-01-31,1011010101,花叶类,249.269,1405.8184,421,0,0.0,15,5.639764270727608,0.0
2021-01-31,1011010201,花菜类,37.907,379.07,84,0,0.0,2,10.0,0.0
2021-01-31,1011010402,水生根茎类,47.573,455.30400000000003,60,0,0.0,3,9.570638807727073,0.0
2021-01-31,1011010501,茄类,24.61,276.77,53,0,0.0,3,11.246241365298658,0.0
2021-01-31,1011010504,辣椒类,84.45100000000001,1562.9996,239,0,0.0,9,18.507769002143256,0.0
2021-01-31,1011010801,食用菌,104.054,1160.3586,232,1,0.417,16,11.151504026755338,0.004007534549368597
2021-02-01,1011010101,花叶类,181.621,914.8342,295,0,0.0,15,5.037050781572615,0.0
2021-02-01,1011010201,花菜类,25.144,251.44,51,0,0.0,2,10.0,0.0
2021-02-01,1011010402,水生根茎类,50.34,467.501,62,0,0.0,3,9.286869288835915,0.0
2021-02-01,1011010501,茄类,13.664,174.774,30,0,0.0,4,12.790837236533958,0.0
2021-02-01,1011010504,辣椒类,71.64,1241.2154,193,0,0.0,9,17.32573143495254,0.0
2021-02-01,1011010801,食用菌,69.564,798.2628,170,6,1.9,15,11.475228566499915,0.0273129779771146
2021-02-02,1011010101,花叶类,193.791,923.6397999999999,305,0,0.0,17,4.76616457936643,0.0
2021-02-02,1011010201,花菜类,41.328,413.28,93,0,0.0,2,9.999999999999998,0.0
2021-02-02,1011010402,水生根茎类,47.32300000000001,427.89,55,0,0.0,3,9.041903514147453,0.0
2021-02-02,1011010501,茄类,24.133000000000003,323.99,51,0,0.0,4,13.425185430737992,0.0
2021-02-02,1011010504,辣椒类,92.145,1498.7264,239,0,0.0,9,16.264869499158934,0.0
2021-02-02,1011010801,食用菌,88.048,866.5928,197,0,0.0,14,9.84227693985099,0.0
2021-02-03,1011010101,花叶类,223.102,980.756,323,4,2.566,15,4.395998242956137,0.011501465697304371
2021-02-03,1011010201,花菜类,84.61500000000001,697.917,171,0,0.0,2,8.248147491579507,0.0
2021-02-03,1011010402,水生根茎类,36.091,326.48199999999997,49,0,0.0,3,9.046077969576901,0.0
2021-02-03,1011010501,茄类,14.937999999999999,194.198,33,0,0.0,4,13.000267773463651,0.0
2021-02-03,1011010504,辣椒类,79.053,1370.2106,233,0,0.0,10,17.332809634042984,0.0
2021-02-03,1011010801,食用菌,91.564,973.4816,202,4,1.6099999999999999,14,10.631706784325718,0.0175833296928924
2021-02-04,1011010101,花叶类,197.832,1015.608,299,0,0.0,15,5.133689190828582,0.0
2021-02-04,1011010201,花菜类,69.983,580.8679999999999,142,0,0.0,2,8.300130031579096,0.0
2021-02-04,1011010402,水生根茎类,61.4,550.876,74,0,0.0,3,8.971921824104234,0.0
2021-02-04,1011010501,茄类,27.715999999999998,342.54,51,0,0.0,4,12.358926251984416,0.0
2021-02-04,1011010504,辣椒类,96.194,1677.4798,252,0,0.0,9,17.438507599226565,0.0
2021-02-04,1011010801,食用菌,111.069,1187.9912,232,0,0.0,16,10.695974574363683,0.0
2021-02-05,1011010101,花叶类,194.292,1055.124,324,0,0.0,19,5.430609597924773,0.0
2021-02-05,1011010201,花菜类,58.169,482.49199999999996,113,0,0.0,2,8.294658666987571,0.0
2021-02-05,1011010402,水生根茎类,56.39,545.336,69,0,0.0,3,9.670792693740024,0.0
2021-02-05,1011010501,茄类,25.906,336.963,47,0,0.0,5,13.00714120281016,0.0
2021-02-05,1011010504,辣椒类,124.448,2152.8444,310,0,0.0,8,17.299148238621754,0.0
2021-02-05,1011010801,食用菌,95.222,1139.6712,217,0,0.0,12,11.968570288378737,0.0
2021-02-06,1011010101,花叶类,212.817,1042.609,332,0,0.0,19,4.899087009026534,0.0
2021-02-06,1011010201,花菜类,75.497,631.751,151,0,0.0,2,8.36789541306277,0.0
2021-02-06,1011010402,水生根茎类,55.471999999999994,552.268,67,0,0.0,3,9.955797519469284,0.0
2021-02-06,1011010501,茄类,39.051,474.40799999999996,78,0,0.0,5,12.148421295229314,0.0
2021-02-06,1011010504,辣椒类,194.842,2739.1974,431,0,0.0,8,14.05855718992825,0.0
2021-02-06,1011010801,食用菌,119.696,1280.115,249,0,0.0,14,10.694718286325358,0.0
2021-02-07,1011010101,花叶类,193.778,893.12,279,0,0.0,18,4.6089855401541975,0.0
2021-02-07,1011010201,花菜类,53.682,463.148,112,0,0.0,2,8.627621921686972,0.0
2021-02-07,1011010402,水生根茎类,101.527,1108.601,99,0,0.0,3,10.9192727057827,0.0
2021-02-07,1011010501,茄类,43.635000000000005,579.03,73,0,0.0,5,13.269852182880713,0.0
2021-02-07,1011010504,辣椒类,159.904,2691.2367999999997,365,0,0.0,8,16.83032819691815,0.0
2021-02-07,1011010801,食用菌,147.812,1539.4088000000002,299,0,0.0,15,10.414640218656132,0.0
2021-02-08,1011010101,花叶类,234.405,1232.6736,344,0,0.0,20,5.258734242017022,0.0
2021-02-08,1011010201,花菜类,122.215,961.794,213,0,0.0,2,7.86968866342102,0.0
2021-02-08,1011010402,水生根茎类,124.55000000000001,1386.6640000000002,118,0,0.0,3,11.133392211963068,0.0
2021-02-08,1011010501,茄类,58.326,775.564,93,0,0.0,5,13.297054486849774,0.0
2021-02-08,1011010504,辣椒类,289.227,4716.9014,559,0,0.0,8,16.30864822440505,0.0
2021-02-08,1011010801,食用菌,240.205,2369.981,420,0,0.0,13,9.866493203721822,0.0
2021-02-09,1011010101,花叶类,282.558,1807.8899999999999,419,0,0.0,18,6.398296986813326,0.0
2021-02-09,1011010201,花菜类,139.056,1149.585,235,0,0.0,3,8.26706506731101,0.0
2021-02-09,1011010402,水生根茎类,211.43099999999998,2786.782,203,0,0.0,3,13.180574277187358,0.0
2021-02-09,1011010501,茄类,87.912,1080.738,135,0,0.0,2,12.293407043407043,0.0
2021-02-09,1011010504,辣椒类,423.696,8576.881599999999,912,0,0.0,9,20.243008194554584,0.0
2021-02-09,1011010801,食用菌,326.993,3373.5314000000003,597,0,0.0,14,10.316830635518192,0.0
2021-02-10,1011010101,花叶类,503.976,3640.722,768,0,0.0,17,7.223998761845802,0.0
2021-02-10,1011010201,花菜类,167.055,1508.258,259,0,0.0,2,9.028511568046452,0.0
2021-02-10,1011010402,水生根茎类,296.79200000000003,4272.252,296,0,0.0,4,14.394768053047251,0.0
2021-02-10,1011010501,茄类,118.93100000000001,1433.7474000000002,188,0,0.0,3,12.055287519654254,0.0
2021-02-10,1011010504,辣椒类,505.888,12406.8506,1322,0,0.0,13,24.52489602441647,0.0
2021-02-10,1011010801,食用菌,511.136,5487.0608,913,0,0.0,15,10.735030989795279,0.0
2021-02-13,1011010101,花叶类,243.48499999999999,1814.1526,382,0,0.0,13,7.450777665975317,0.0
2021-02-13,1011010201,花菜类,22.759,182.072,39,0,0.0,1,8.0,0.0
2021-02-13,1011010402,水生根茎类,50.0,645.0,50,0,0.0,1,12.9,0.0
2021-02-13,1011010501,茄类,28.967,347.604,51,0,0.0,1,12.0,0.0
2021-02-13,1011010504,辣椒类,104.485,2624.4228000000003,335,0,0.0,11,25.117699191271477,0.0
2021-02-13,1011010801,食用菌,74.519,923.1536000000001,182,47,13.927,8,12.388164092379125,0.18689193360082662
2021-02-14,1011010101,花叶类,195.74,1281.958,323,126,75.72200000000001,15,6.549289874323081,0.38684990293246146
2021-02-14,1011010201,花菜类,16.607,138.567,31,9,4.915,2,8.343891130246282,0.29595953513578616
2021-02-14,1011010402,水生根茎类,65.073,927.0640000000001,80,36,30.182000000000002,3,14.246523135555456,0.4638175587417209
2021-02-14,1011010501,茄类,25.06,300.72,49,0,0.0,1,12.000000000000002,0.0
2021-02-14,1011010504,辣椒类,116.812,2878.0942,399,124,48.111000000000004,11,24.638686093894464,0.41186693147964254
2021-02-14,1011010801,食用菌,164.586,1306.5456000000001,292,0,0.0,14,7.938376289599359,0.0
2021-02-15,1011010101,花叶类,300.13,1664.2622,483,9,9.0,13,5.545137773631426,0.02998700563089328
2021-02-15,1011010201,花菜类,41.123,327.813,73,0,0.0,2,7.971524451037133,0.0
2021-02-15,1011010402,水生根茎类,68.394,948.224,88,0,0.0,4,13.864140129251103,0.0
2021-02-15,1011010501,茄类,39.655,475.86,72,0,0.0,1,12.0,0.0
2021-02-15,1011010504,辣椒类,168.272,3213.7122,496,0,0.0,9,19.09831819910621,0.0
2021-02-15,1011010801,食用菌,212.364,1832.8408,381,0,0.0,16,8.630656796820553,0.0
2021-02-16,1011010101,花叶类,253.696,1518.1286,414,0,0.0,13,5.9840462600908175,0.0
2021-02-16,1011010201,花菜类,40.493,337.344,82,0,0.0,2,8.330921393821153,0.0
2021-02-16,1011010402,水生根茎类,67.819,949.466,84,0,0.0,1,14.0,0.0
2021-02-16,1011010501,茄类,31.647,379.764,64,0,0.0,1,12.000000000000002,0.0
2021-02-16,1011010504,辣椒类,151.649,2974.4028,501,0,0.0,8,19.613731709407908,0.0
2021-02-16,1011010801,食用菌,174.61,1462.5614,300,0,0.0,15,8.376160586449801,0.0
2021-02-17,1011010101,花叶类,180.052,943.6824,303,0,0.0,16,5.241165885410882,0.0
2021-02-17,1011010201,花菜类,33.589,255.793,70,0,0.0,2,7.615380035130549,0.0
2021-02-17,1011010402,水生根茎类,53.632,643.5840000000001,70,0,0.0,1,12.000000000000002,0.0
2021-02-17,1011010501,茄类,30.358,364.296,67,0,0.0,1,12.0,0.0
2021-02-17,1011010504,辣椒类,133.64600000000002,2373.1406,431,0,0.0,9,17.756914535414452,0.0
2021-02-17,1011010801,食用菌,144.793,1420.0274000000002,282,0,0.0,15,9.807293170249944,0.0
2021-02-18,1011010101,花叶类,227.336,1299.145,410,0,0.0,16,5.714647042263434,0.0
2021-02-18,1011010201,花菜类,56.001000000000005,366.756,106,0,0.0,2,6.5490973375475425,0.0
2021-02-18,1011010402,水生根茎类,62.327,747.924,83,0,0.0,1,12.0,0.0
2021-02-18,1011010501,茄类,18.169999999999998,218.04,44,0,0.0,1,12.0,0.0
2021-02-18,1011010504,辣椒类,105.697,1851.734,365,0,0.0,9,17.519267339659592,0.0
2021-02-18,1011010801,食用菌,130.174,1222.3283999999999,259,0,0.0,16,9.389958056140241,0.0
2021-02-19,1011010101,花叶类,184.16899999999998,994.0222,312,0,0.0,16,5.39733722830661,0.0
2021-02-19,1011010201,花菜类,47.197,285.22900000000004,103,0,0.0,2,6.043371400724623,0.0
2021-02-19,1011010402,水生根茎类,73.044,693.03,90,21,19.413,2,9.487842943978972,0.265771315919172
2021-02-19,1011010501,茄类,13.768999999999998,160.8572,31,0,0.0,2,11.682562277580073,0.0
2021-02-19,1011010504,辣椒类,116.07,1255.0168,323,0,0.0,7,10.812585508744725,0.0
2021-02-19,1011010801,食用菌,92.327,785.2096,165,0,0.0,13,8.504658442275824,0.0
2021-02-20,1011010101,花叶类,175.262,1075.3956,332,0,0.0,17,6.1359313484953955,0.0
2021-02-20,1011010201,花菜类,39.445,255.507,81,0,0.0,2,6.477551020408163,0.0
2021-02-20,1011010402,水生根茎类,60.611999999999995,726.5,80,0,0.0,3,11.986075364614269,0.0
2021-02-20,1011010501,茄类,21.798000000000002,238.3638,52,0,0.0,4,10.935122488301678,0.0
2021-02-20,1011010504,辣椒类,119.306,1420.9138,344,0,0.0,9,11.909826831844166,0.0
2021-02-20,1011010801,食用菌,88.794,827.3514,185,0,0.0,14,9.317649841205487,0.0
2021-02-21,1011010101,花叶类,144.855,896.6858,294,0,0.0,15,6.19023023023023,0.0
2021-02-21,1011010201,花菜类,35.248000000000005,246.91700000000003,84,0,0.0,2,7.005135043123014,0.0
2021-02-21,1011010402,水生根茎类,38.554,465.29600000000005,57,0,0.0,3,12.068682886341236,0.0
2021-02-21,1011010501,茄类,33.803,346.29,67,0,0.0,4,10.244357009732866,0.0
2021-02-21,1011010504,辣椒类,80.423,1066.6534,255,0,0.0,8,13.263039180333983,0.0
2021-02-21,1011010801,食用菌,79.403,718.7456,153,0,0.0,13,9.051869576716244,0.0
2021-02-22,1011010101,花叶类,139.491,753.278,266,0,0.0,15,5.400190693306378,0.0
2021-02-22,1011010201,花菜类,30.813,193.83999999999997,66,0,0.0,2,6.29085126407685,0.0
2021-02-22,1011010402,水生根茎类,40.444,418.94,53,0,0.0,3,10.358520423301353,0.0
2021-02-22,1011010501,茄类,15.47,151.6384,35,0,0.0,4,9.802094376212022,0.0
2021-02-22,1011010504,辣椒类,72.834,973.7256,212,0,0.0,7,13.369107834253233,0.0
2021-02-22,1011010801,食用菌,66.554,584.538,119,0,0.0,12,8.78291312317817,0.0
2021-02-23,1011010101,花叶类,136.05,814.9998,283,0,0.0,15,5.99044321940463,0.0
2021-02-23,1011010201,花菜类,24.456,153.632,59,0,0.0,2,6.281975793261368,0.0
2021-02-23,1011010402,水生根茎类,44.084,507.53999999999996,59,0,0.0,3,11.51302059704201,0.0
2021-02-23,1011010501,茄类,25.429,252.32299999999998,54,0,0.0,4,9.922647371111722,0.0
2021-02-23,1011010504,辣椒类,85.425,865.8902,246,0,0.0,8,10.136262218320164,0.0
2021-02-23,1011010801,食用菌,77.586,619.4122,141,0,0.0,12,7.98355631170572,0.0
2021-02-24,1011010101,花叶类,190.158,959.482,314,0,0.0,16,5.045709357481673,0.0
2021-02-24,1011010201,花菜类,37.41,224.46,78,0,0.0,2,6.000000000000001,0.0
2021-02-24,1011010402,水生根茎类,54.382,587.3199999999999,80,0,0.0,3,10.799897024750836,0.0
2021-02-24,1011010501,茄类,22.668,207.28699999999998,47,0,0.0,4,9.144476795482618,0.0
2021-02-24,1011010504,辣椒类,60.043,684.9318,222,0,0.0,10,11.407354729110804,0.0
2021-02-24,1011010801,食用菌,88.233,771.2396,170,0,0.0,11,8.740942731177677,0.0
2021-02-25,1011010101,花叶类,156.613,867.957,300,0,0.0,17,5.542049510577027,0.0
2021-02-25,1011010201,花菜类,39.885000000000005,239.31,83,0,0.0,2,5.999999999999999,0.0
2021-02-25,1011010402,水生根茎类,74.027,856.6824,94,0,0.0,4,11.572566766179907,0.0
2021-02-25,1011010501,茄类,34.617999999999995,293.604,71,0,0.0,4,8.481252527586806,0.0
2021-02-25,1011010504,辣椒类,100.118,926.3979999999999,291,0,0.0,8,9.253061387562676,0.0
2021-02-25,1011010801,食用菌,110.55699999999999,849.2956,192,0,0.0,13,7.681970386316562,0.0
2021-02-26,1011010101,花叶类,276.322,1512.9768,459,0,0.0,14,5.475412019310804,0.0
2021-02-26,1011010201,花菜类,70.064,490.668,151,0,0.0,2,7.003139986298242,0.0
2021-02-26,1011010402,水生根茎类,72.508,829.48,89,0,0.0,3,11.439841120979755,0.0
2021-02-26,1011010501,茄类,31.286,280.036,67,0,0.0,4,8.950840631592405,0.0
2021-02-26,1011010504,辣椒类,135.777,1269.97,376,0,0.0,9,9.353351451276726,0.0
2021-02-26,1011010801,食用菌,159.095,1245.3274000000001,254,1,1.0,11,7.8275709481756195,0.006285552657217386
2021-02-27,1011010101,花叶类,218.04000000000002,1185.838,361,0,0.0,11,5.438625940194459,0.0
2021-02-27,1011010201,花菜类,74.70400000000001,577.005,153,0,0.0,2,7.723883593917326,0.0
2021-02-27,1011010402,水生根茎类,45.650999999999996,494.21000000000004,66,0,0.0,3,10.825830759457626,0.0
2021-02-27,1011010501,茄类,22.579,186.376,49,0,0.0,4,8.254395677399353,0.0
2021-02-27,1011010504,辣椒类,122.32199999999999,1106.2048,323,0,0.0,7,9.043383855725054,0.0
2021-02-27,1011010801,食用菌,116.814,921.104,224,0,0.0,13,7.8852192374201735,0.0
2021-02-28,1011010101,花叶类,309.688,1454.2618,460,0,0.0,16,4.695893286146057,0.0
2021-02-28,1011010201,花菜类,54.673,410.4034,108,0,0.0,2,7.506509611691328,0.0
2021-02-28,1011010402,水生根茎类,49.705,495.15,71,0,0.0,3,9.961774469369278,0.0
2021-02-28,1011010501,茄类,27.705,252.25199999999998,59,0,0.0,4,9.104926908500271,0.0
2021-02-28,1011010504,辣椒类,114.677,1061.4208,322,0,0.0,8,9.255742651098302,0.0
2021-02-28,1011010801,食用菌,111.764,851.8354,215,0,0.0,12,7.621733295157655,0.0
2021-03-01,1011010101,花叶类,241.709,1334.866,432,0,0.0,19,5.5226160382939815,0.0
2021-03-01,1011010201,花菜类,28.579,230.27,59,0,0.0,2,8.057314811574933,0.0
2021-03-01,1011010402,水生根茎类,29.048,289.98,36,0,0.0,2,9.98278711098871,0.0
2021-03-01,1011010501,茄类,27.232,226.77599999999998,58,0,0.0,4,8.327555816686251,0.0
2021-03-01,1011010504,辣椒类,97.068,809.952,293,0,0.0,11,8.344171096550872,0.0
2021-03-01,1011010801,食用菌,79.404,653.6788,169,0,0.0,12,8.232315752355046,0.0
2021-03-02,1011010101,花叶类,182.984,1158.5064,333,0,0.0,20,6.331189612206531,0.0
2021-03-02,1011010201,花菜类,40.61,330.168,85,0,0.0,2,8.13021423294755,0.0
2021-03-02,1011010402,水生根茎类,46.406,461.56,59,0,0.0,2,9.946127655906563,0.0
2021-03-02,1011010501,茄类,16.541,132.84,34,0,0.0,3,8.030953388549664,0.0
2021-03-02,1011010504,辣椒类,83.36300000000001,729.2652,238,0,0.0,8,8.748068087760757,0.0
2021-03-02,1011010801,食用菌,62.044,549.2722,144,0,0.0,14,8.852946296176906,0.0
2021-03-03,1011010101,花叶类,186.00799999999998,1202.33,328,0,0.0,18,6.463861769386263,0.0
2021-03-03,1011010201,花菜类,22.009999999999998,186.7806,47,0,0.0,2,8.48616992276238,0.0
2021-03-03,1011010402,水生根茎类,20.756999999999998,206.27000000000004,28,0,0.0,2,9.937370525605823,0.0
2021-03-03,1011010501,茄类,23.654,220.226,47,0,0.0,4,9.310306924833009,0.0
2021-03-03,1011010504,辣椒类,80.749,733.8636,238,0,0.0,7,9.08820666509802,0.0
2021-03-03,1011010801,食用菌,71.027,526.704,138,0,0.0,13,7.415546200740563,0.0
2021-03-04,1011010101,花叶类,145.281,826.6526,269,0,0.0,17,5.690025536718497,0.0
2021-03-04,1011010201,花菜类,18.951999999999998,157.2054,39,0,0.0,2,8.294924018573239,0.0
2021-03-04,1011010402,水生根茎类,28.177,280.77,37,0,0.0,2,9.964510061397593,0.0
2021-03-04,1011010501,茄类,20.344,175.227,44,0,0.0,4,8.613202909948878,0.0
2021-03-04,1011010504,辣椒类,93.076,586.6376,246,0,0.0,9,6.302780523443208,0.0
2021-03-04,1011010801,食用菌,72.465,518.853,146,0,0.0,12,7.1600496791554535,0.0
2021-03-05,1011010101,花叶类,211.185,1031.8946,331,0,0.0,19,4.886211615408292,0.0
2021-03-05,1011010201,花菜类,41.955,344.398,89,0,0.0,2,8.208747467524729,0.0
2021-03-05,1011010402,水生根茎类,35.138000000000005,349.68,47,0,0.0,2,9.951619329500824,0.0
2021-03-05,1011010501,茄类,22.986,183.888,47,0,0.0,2,8.0,0.0
2021-03-05,1011010504,辣椒类,101.49799999999999,751.276,274,0,0.0,8,7.401879839996847,0.0
2021-03-05,1011010801,食用菌,82.58500000000001,663.894,161,0,0.0,12,8.03891747896107,0.0
2021-03-06,1011010101,花叶类,288.817,1462.1032,483,0,0.0,22,5.062386216877815,0.0
2021-03-06,1011010201,花菜类,64.332,527.4452,126,0,0.0,2,8.198799975129019,0.0
2021-03-06,1011010402,水生根茎类,61.735,613.85,75,0,0.0,2,9.943306066250912,0.0
2021-03-06,1011010501,茄类,38.176,305.408,80,0,0.0,2,8.0,0.0
2021-03-06,1011010504,辣椒类,167.583,1248.37,459,0,0.0,9,7.449263946820381,0.0
2021-03-06,1011010801,食用菌,151.214,1130.8700000000001,313,0,0.0,12,7.478606478236143,0.0
2021-03-07,1011010101,花叶类,264.314,1197.7832,455,1,2.0,22,4.531667637733907,0.007566757719984564
2021-03-07,1011010201,花菜类,84.586,561.3355999999999,163,0,0.0,2,6.636270777670062,0.0
2021-03-07,1011010402,水生根茎类,36.888999999999996,367.89,49,0,0.0,2,9.972891647916724,0.0
2021-03-07,1011010501,茄类,26.748,236.948,60,0,0.0,3,8.858531478989082,0.0
2021-03-07,1011010504,辣椒类,122.568,956.1306,343,0,0.0,10,7.8008175053847655,0.0
2021-03-07,1011010801,食用菌,125.428,891.062,246,0,0.0,12,7.104171317409191,0.0
2021-03-08,1011010101,花叶类,211.746,1129.3342,353,0,0.0,21,5.333438175927762,0.0
2021-03-08,1011010201,花菜类,45.65,323.4144,103,0,0.0,2,7.084652792990143,0.0
2021-03-08,1011010402,水生根茎类,26.921,268.91,42,0,0.0,2,9.988856283198992,0.0
2021-03-08,1011010501,茄类,19.815,177.407,42,0,0.0,3,8.953166792833711,0.0
2021-03-08,1011010504,辣椒类,80.39900000000002,582.7694,234,0,0.0,8,7.248465776937523,0.0
2021-03-08,1011010801,食用菌,78.721,646.064,181,0,0.0,12,8.207009565427267,0.0
2021-03-09,1011010101,花叶类,170.907,914.3914,314,0,0.0,24,5.350227901724329,0.0
2021-03-09,1011010201,花菜类,34.073,241.632,62,0,0.0,2,7.091597452528395,0.0
2021-03-09,1011010402,水生根茎类,42.608,389.864,59,0,0.0,2,9.150018775816749,0.0
2021-03-09,1011010501,茄类,20.838,182.70600000000002,46,0,0.0,2,8.767923985027354,0.0
2021-03-09,1011010504,辣椒类,66.895,590.8882,213,0,0.0,8,8.833069736153673,0.0
2021-03-09,1011010801,食用菌,143.511,655.206,217,0,0.0,10,4.565545498254489,0.0
2021-03-10,1011010101,花叶类,119.599,674.7836,231,0,0.0,20,5.6420505188170464,0.0
2021-03-10,1011010201,花菜类,25.101,197.311,56,0,0.0,2,7.860682841321063,0.0
2021-03-10,1011010402,水生根茎类,24.891000000000002,199.12800000000001,35,0,0.0,1,8.0,0.0
2021-03-10,1011010501,茄类,14.35,114.8,32,0,0.0,2,8.0,0.0
2021-03-10,1011010504,辣椒类,59.548,483.2532,173,0,0.0,8,8.11535567945187,0.0
2021-03-10,1011010801,食用菌,91.994,518.711,161,0,0.0,12,5.638530773746114,0.0
2021-03-11,1011010101,花叶类,158.357,963.0020000000001,295,0,0.0,20,6.081208914036008,0.0
2021-03-11,1011010201,花菜类,30.749000000000002,257.843,66,0,0.0,2,8.385410907671794,0.0
2021-03-11,1011010402,水生根茎类,31.801000000000002,288.3406,53,0,0.0,3,9.06702933870004,0.0
2021-03-11,1011010501,茄类,16.37,147.043,31,0,0.0,3,8.982467929138668,0.0
2021-03-11,1011010504,辣椒类,57.357,495.21639999999996,165,0,0.0,8,8.63393134229475,0.0
2021-03-11,1011010801,食用菌,75.477,551.5098,137,0,0.0,13,7.306991533844748,0.0
2021-03-12,1011010101,花叶类,152.44,975.3532,261,0,0.0,20,6.3982760430333245,0.0
2021-03-12,1011010201,花菜类,31.281999999999996,267.604,67,0,0.0,2,8.554568122242824,0.0
2021-03-12,1011010402,水生根茎类,21.764,183.912,30,0,0.0,2,8.450284874104026,0.0
2021-03-12,1011010501,茄类,23.836000000000002,214.491,40,0,0.0,3,8.998615539520053,0.0
2021-03-12,1011010504,辣椒类,102.131,695.681,280,0,0.0,8,6.811653660494855,0.0
2021-03-12,1011010801,食用菌,84.232,665.9982,154,0,0.0,14,7.9067124133346,0.0
2021-03-13,1011010101,花叶类,169.055,1138.2034,350,0,0.0,24,6.732740232468723,0.0
2021-03-13,1011010201,花菜类,43.016999999999996,381.08799999999997,92,0,0.0,2,8.859009228909501,0.0
2021-03-13,1011010402,水生根茎类,47.086,517.26,60,0,0.0,2,10.985430913647368,0.0
2021-03-13,1011010501,茄类,26.434,235.26100000000002,53,0,0.0,3,8.89993947189226,0.0
2021-03-13,1011010504,辣椒类,104.089,817.1816,287,0,0.0,9,7.850796914179212,0.0
2021-03-13,1011010801,食用菌,101.865,707.574,199,0,0.0,13,6.946193491385658,0.0
2021-03-14,1011010101,花叶类,176.032,1191.3326000000002,380,0,0.0,21,6.767704735502637,0.0
2021-03-14,1011010201,花菜类,41.13,376.356,84,0,0.0,2,9.150401167031363,0.0
2021-03-14,1011010402,水生根茎类,30.295,329.05,41,0,0.0,2,10.861528305000824,0.0
2021-03-14,1011010501,茄类,17.721,164.07,37,0,0.0,3,9.258506856272218,0.0
2021-03-14,1011010504,辣椒类,117.089,711.196,321,0,0.0,8,6.073977914236179,0.0
2021-03-14,1011010801,食用菌,75.95,535.0,158,0,0.0,11,7.044107965766952,0.0
2021-03-15,1011010101,花叶类,90.812,628.476,179,0,0.0,18,6.9206272298815135,0.0
2021-03-15,1011010201,花菜类,28.603,249.53799999999998,58,0,0.0,2,8.724189770303813,0.0
2021-03-15,1011010402,水生根茎类,22.597,240.47,29,0,0.0,2,10.64167809886268,0.0
2021-03-15,1011010501,茄类,13.658000000000001,109.26400000000001,28,0,0.0,2,8.0,0.0
2021-03-15,1011010504,辣椒类,85.656,492.0996,211,0,0.0,8,5.745068646679742,0.0
2021-03-15,1011010801,食用菌,40.423,263.0578,73,0,0.0,12,6.507626846102466,0.0
2021-03-16,1011010101,花叶类,100.12100000000001,629.4896,203,0,0.0,20,6.287288381058918,0.0
2021-03-16,1011010201,花菜类,19.792,171.139,40,0,0.0,2,8.646877526273242,0.0
2021-03-16,1011010402,水生根茎类,19.772,209.32,26,0,0.0,2,10.586688246004451,0.0
2021-03-16,1011010501,茄类,13.577,110.68799999999999,27,0,0.0,3,8.152611033365249,0.0
2021-03-16,1011010504,辣椒类,72.12599999999999,409.8922,201,0,0.0,7,5.683001968776863,0.0
2021-03-16,1011010801,食用菌,44.844,318.8598,96,0,0.0,11,7.110422799036661,0.0
2021-03-17,1011010101,花叶类,107.653,699.0722000000001,236,0,0.0,21,6.49375493483693,0.0
2021-03-17,1011010201,花菜类,29.326,267.166,59,0,0.0,2,9.11020937052445,0.0
2021-03-17,1011010402,水生根茎类,19.493000000000002,214.234,29,0,0.0,3,10.990304211768326,0.0
2021-03-17,1011010501,茄类,19.313,154.504,42,0,0.0,2,8.0,0.0
2021-03-17,1011010504,辣椒类,83.755,635.9838,249,0,0.0,8,7.593383081607068,0.0
2021-03-17,1011010801,食用菌,44.029,400.6696,103,0,0.0,12,9.100129460128551,0.0
2021-03-18,1011010101,花叶类,128.058,852.0296,272,0,0.0,20,6.653466398038389,0.0
2021-03-18,1011010201,花菜类,29.081000000000003,239.65699999999998,58,0,0.0,2,8.241016471235513,0.0
2021-03-18,1011010402,水生根茎类,20.852,223.02,30,0,0.0,2,10.695376942259736,0.0
2021-03-18,1011010501,茄类,11.866,97.86,29,0,0.0,3,8.247092533288388,0.0
2021-03-18,1011010504,辣椒类,73.733,507.1216,198,0,0.0,8,6.877810478347551,0.0
2021-03-18,1011010801,食用菌,65.501,462.69,128,0,0.0,11,7.063861620433276,0.0
2021-03-19,1011010101,花叶类,140.893,813.718,287,0,0.0,21,5.7754324203473555,0.0
2021-03-19,1011010201,花菜类,42.902,315.692,87,0,0.0,2,7.3584448277469585,0.0
2021-03-19,1011010402,水生根茎类,39.292,439.32,46,0,0.0,2,11.180901964776544,0.0
2021-03-19,1011010501,茄类,16.235,133.534,37,0,0.0,3,8.2250692947336,0.0
2021-03-19,1011010504,辣椒类,67.509,526.0151999999999,203,0,0.0,8,7.79177887392792,0.0
2021-03-19,1011010801,食用菌,69.141,624.0002,160,0,0.0,11,9.025038689055696,0.0
2021-03-20,1011010101,花叶类,267.979,1811.3624,530,0,0.0,20,6.759344575507782,0.0
2021-03-20,1011010201,花菜类,34.377,289.518,72,0,0.0,2,8.421851819530499,0.0
2021-03-20,1011010402,水生根茎类,39.984,458.16,56,0,0.0,3,11.458583433373349,0.0
2021-03-20,1011010501,茄类,21.477,190.952,43,0,0.0,3,8.890999674069935,0.0
2021-03-20,1011010504,辣椒类,117.89,812.0966,343,0,0.0,8,6.888596148952413,0.0
2021-03-20,1011010801,食用菌,77.235,668.4632,186,0,0.0,12,8.654925875574545,0.0
2021-03-21,1011010101,花叶类,199.712,1261.989,385,0,0.0,21,6.319044423970518,0.0
2021-03-21,1011010201,花菜类,51.413,394.756,103,0,0.0,2,7.678135880030342,0.0
2021-03-21,1011010402,水生根茎类,41.705,455.178,64,0,0.0,3,10.91423090756504,0.0
2021-03-21,1011010501,茄类,17.949,151.954,40,0,0.0,3,8.465875536241573,0.0
2021-03-21,1011010504,辣椒类,112.176,725.9603999999999,310,0,0.0,9,6.471619597774924,0.0
2021-03-21,1011010801,食用菌,94.838,716.3892,182,0,0.0,12,7.553820198654548,0.0
2021-03-22,1011010101,花叶类,115.022,789.3078,240,0,0.0,21,6.86223331188816,0.0
2021-03-22,1011010201,花菜类,30.625,266.10040000000004,66,0,0.0,2,8.688992653061225,0.0
2021-03-22,1011010402,水生根茎类,10.113,113.97399999999999,17,0,0.0,3,11.270048452486897,0.0
2021-03-22,1011010501,茄类,11.561,96.358,26,0,0.0,2,8.334746129227575,0.0
2021-03-22,1011010504,辣椒类,70.689,416.65139999999997,179,1,0.021,7,5.8941476042948695,0.00029707592411832114
2021-03-22,1011010801,食用菌,50.802,437.5874,115,1,0.139,11,8.613586079288217,0.0027361127514664778
2021-03-23,1011010101,花叶类,134.706,801.274,254,0,0.0,19,5.948317075705611,0.0
2021-03-23,1011010201,花菜类,28.634,258.62,62,0,0.0,2,9.031920094991968,0.0
2021-03-23,1011010402,水生根茎类,13.349,144.41,23,0,0.0,3,10.818038804404823,0.0
2021-03-23,1011010501,茄类,19.311999999999998,162.106,35,0,0.0,3,8.394055509527755,0.0
2021-03-23,1011010504,辣椒类,66.931,442.88599999999997,172,0,0.0,7,6.617053383335076,0.0
2021-03-23,1011010801,食用菌,48.174,385.9092,102,0,0.0,13,8.010736081703824,0.0
2021-03-24,1011010101,花叶类,103.50500000000001,704.0186,211,0,0.0,19,6.801783488720351,0.0
2021-03-24,1011010201,花菜类,27.331000000000003,239.98200000000003,59,0,0.0,2,8.780578829900113,0.0
2021-03-24,1011010402,水生根茎类,14.013,151.254,21,0,0.0,3,10.79383429672447,0.0
2021-03-24,1011010501,茄类,15.113,125.694,29,0,0.0,2,8.316945675908158,0.0
2021-03-24,1011010504,辣椒类,42.484,330.29339999999996,121,0,0.0,7,7.774536296017323,0.0
2021-03-24,1011010801,食用菌,35.583,342.9976,83,0,0.0,12,9.63936711350926,0.0
2021-03-25,1011010101,花叶类,86.632,650.141,206,0,0.0,18,7.504628774586757,0.0
2021-03-25,1011010201,花菜类,25.174,222.566,59,0,0.0,2,8.841105902915707,0.0
2021-03-25,1011010402,水生根茎类,15.827,172.666,24,0,0.0,3,10.909584886586213,0.0
2021-03-25,1011010501,茄类,14.620999999999999,129.51399999999998,32,0,0.0,3,8.858080842623623,0.0
2021-03-25,1011010504,辣椒类,50.798,408.7842,146,0,0.0,7,8.04724989172802,0.0
2021-03-25,1011010801,食用菌,46.89,416.565,106,0,0.0,14,8.883877159309021,0.0
2021-03-26,1011010101,花叶类,167.327,1299.9608,343,2,2.7279999999999998,16,7.7689840850550125,0.016303405905801215
2021-03-26,1011010201,花菜类,48.956,453.628,103,0,0.0,2,9.266034806765258,0.0
2021-03-26,1011010402,水生根茎类,40.178000000000004,442.70400000000006,52,0,0.0,3,11.018567375180448,0.0
2021-03-26,1011010501,茄类,21.313,182.158,46,0,0.0,3,8.54680242105757,0.0
2021-03-26,1011010504,辣椒类,60.937,479.4946,169,0,0.0,8,7.868693896975565,0.0
2021-03-26,1011010801,食用菌,83.562,618.2998,159,36,9.533,14,7.399293937435677,0.11408295636772696
2021-03-27,1011010101,花叶类,199.727,1471.48,401,1,0.489,19,7.367456578229283,0.002448341986811998
2021-03-27,1011010201,花菜类,51.805,508.62199999999996,97,0,0.0,2,9.818009844609593,0.0
2021-03-27,1011010402,水生根茎类,43.191,489.498,52,0,0.0,3,11.333333333333332,0.0
2021-03-27,1011010501,茄类,26.111,216.36599999999999,52,0,0.0,3,8.286392708054077,0.0
2021-03-27,1011010504,辣椒类,78.794,698.8318,236,0,0.0,9,8.869099169987564,0.0
2021-03-27,1011010801,食用菌,69.658,523.5427999999999,158,59,15.314,11,7.515903413821814,0.2198455310229981
2021-03-28,1011010101,花叶类,161.16400000000002,1238.1616000000001,327,0,0.0,19,7.6826189471594155,0.0
2021-03-28,1011010201,花菜类,50.119,482.32399999999996,97,0,0.0,2,9.623575889383266,0.0
2021-03-28,1011010402,水生根茎类,30.709999999999997,326.12,46,0,0.0,3,10.619342233800067,0.0
2021-03-28,1011010501,茄类,19.628,163.61999999999998,48,0,0.0,3,8.336050540044832,0.0
2021-03-28,1011010504,辣椒类,78.41000000000001,601.6106000000001,224,0,0.0,9,7.672625940568805,0.0
2021-03-28,1011010801,食用菌,55.673,429.5506,127,0,0.0,13,7.715600021554433,0.0
2021-03-29,1011010101,花叶类,111.30799999999999,853.9466,230,0,0.0,19,7.6719247493441625,0.0
2021-03-29,1011010201,花菜类,60.434000000000005,535.972,113,0,0.0,2,8.868716285534632,0.0
2021-03-29,1011010402,水生根茎类,15.5,174.404,25,0,0.0,3,11.251870967741935,0.0
2021-03-29,1011010501,茄类,16.139,135.84799999999998,34,0,0.0,3,8.417374062829172,0.0
2021-03-29,1011010504,辣椒类,62.153999999999996,471.09819999999996,162,0,0.0,8,7.579531486308202,0.0
2021-03-29,1011010801,食用菌,47.327,370.217,107,0,0.0,11,7.8225325923891225,0.0
2021-03-30,1011010101,花叶类,130.803,925.849,259,0,0.0,17,7.078193925215783,0.0
2021-03-30,1011010201,花菜类,26.924,278.00800000000004,52,0,0.0,2,10.325657406031794,0.0
2021-03-30,1011010402,水生根茎类,14.905,167.594,23,0,0.0,3,11.244146259644415,0.0
2021-03-30,1011010501,茄类,21.407,178.872,48,0,0.0,3,8.355771476619799,0.0
2021-03-30,1011010504,辣椒类,59.57299999999999,505.73240000000004,176,0,0.0,10,8.48928877175902,0.0
2021-03-30,1011010801,食用菌,32.144999999999996,305.688,84,0,0.0,10,9.509659356042931,0.0
2021-03-31,1011010101,花叶类,143.294,1024.061,243,0,0.0,16,7.146572780437421,0.0
2021-03-31,1011010201,花菜类,28.740000000000002,301.82,56,0,0.0,2,10.501739735560195,0.0
2021-03-31,1011010402,水生根茎类,19.503,233.866,26,0,0.0,3,11.991283392298621,0.0
2021-03-31,1011010501,茄类,21.649,192.79,46,0,0.0,4,8.905261212989052,0.0
2021-03-31,1011010504,辣椒类,59.255,482.5164,173,0,0.0,9,8.143049531685088,0.0
2021-03-31,1011010801,食用菌,45.089,338.807,103,0,0.0,10,7.514183060169887,0.0
2021-04-01,1011010101,花叶类,162.291,1153.2736,314,5,2.376,20,7.106207984423043,0.014640368227443296
2021-04-01,1011010201,花菜类,39.108999999999995,350.45399999999995,76,0,0.0,2,8.960955278836073,0.0
2021-04-01,1011010402,水生根茎类,20.743,263.764,25,0,0.0,4,12.715807742370922,0.0
2021-04-01,1011010501,茄类,20.604,191.844,43,0,0.0,3,9.31100757134537,0.0
2021-04-01,1011010504,辣椒类,52.994,428.9616,163,0,0.0,8,8.09453145639129,0.0
2021-04-01,1011010801,食用菌,48.978,447.0582,122,0,0.0,12,9.127734901384295,0.0
2021-04-02,1011010101,花叶类,179.383,1240.7554,364,8,4.199,23,6.91679479103371,0.02340801525228143
2021-04-02,1011010201,花菜类,69.53,494.456,136,0,0.0,2,7.111405148856608,0.0
2021-04-02,1011010402,水生根茎类,37.763999999999996,452.092,49,0,0.0,4,11.971507255587333,0.0
2021-04-02,1011010501,茄类,20.665,174.35799999999998,45,0,0.0,4,8.437357851439632,0.0
2021-04-02,1011010504,辣椒类,70.727,605.1859999999999,223,0,0.0,8,8.55664739067117,0.0
2021-04-02,1011010801,食用菌,72.574,626.0194,162,2,1.0899999999999999,13,8.625945931049687,0.015019152864662275
2021-04-03,1011010101,花叶类,212.267,1581.0556000000001,427,0,0.0,23,7.448428629980167,0.0
2021-04-03,1011010201,花菜类,68.593,566.114,132,0,0.0,2,8.253232837169973,0.0
2021-04-03,1011010402,水生根茎类,38.786,387.236,50,0,0.0,3,9.983911720723972,0.0
2021-04-03,1011010501,茄类,32.709999999999994,282.784,67,0,0.0,3,8.645184958728219,0.0
2021-04-03,1011010504,辣椒类,100.323,881.2146,336,0,0.0,8,8.78377440866003,0.0
2021-04-03,1011010801,食用菌,75.739,755.2234,182,5,1.74,11,9.971393865775887,0.022973633134844663
2021-04-04,1011010101,花叶类,192.021,1269.6168,371,0,0.0,20,6.611864327339198,0.0
2021-04-04,1011010201,花菜类,71.456,565.492,148,0,0.0,2,7.913849081952529,0.0
2021-04-04,1011010402,水生根茎类,33.95,339.334,47,0,0.0,3,9.995110456553755,0.0
2021-04-04,1011010501,茄类,22.976,196.462,49,0,0.0,4,8.55074860724234,0.0
2021-04-04,1011010504,辣椒类,88.244,685.071,281,0,0.0,7,7.763372013961289,0.0
2021-04-04,1011010801,食用菌,61.709,571.141,156,1,0.17,12,9.25539224424314,0.002754865578764848
2021-04-05,1011010101,花叶类,178.469,1196.6456,347,0,0.0,21,6.70506138320941,0.0
2021-04-05,1011010201,花菜类,76.701,679.942,159,29,16.942,2,8.864838789585534,0.22088369121654217
2021-04-05,1011010402,水生根茎类,24.241,207.20399999999998,32,0,0.0,3,8.547667175446557,0.0
2021-04-05,1011010501,茄类,16.492,141.05599999999998,35,0,0.0,3,8.552995391705068,0.0
2021-04-05,1011010504,辣椒类,112.577,679.9222,321,0,0.0,7,6.039619105145811,0.0
2021-04-05,1011010801,食用菌,68.049,567.784,165,0,0.0,11,8.343752296139545,0.0
2021-04-06,1011010101,花叶类,55.611000000000004,324.1472,102,9,4.248,19,5.82883242523961,0.0763877650105195
2021-04-06,1011010201,花菜类,13.129999999999999,103.404,31,0,0.0,2,7.875399847677076,0.0
2021-04-06,1011010402,水生根茎类,3.622,36.88,7,0,0.0,2,10.182219768083932,0.0
2021-04-06,1011010501,茄类,3.138,26.272,6,0,0.0,3,8.37221159974506,0.0
2021-04-06,1011010504,辣椒类,35.074999999999996,215.84640000000002,96,0,0.0,7,6.153853171774769,0.0
2021-04-06,1011010801,食用菌,11.671,124.30000000000001,35,0,0.0,8,10.650329877474082,0.0
2021-04-07,1011010101,花叶类,198.107,1341.5794,354,0,0.0,19,6.771993922476238,0.0
2021-04-07,1011010201,花菜类,26.939,212.65499999999997,58,0,0.0,2,7.893945580756523,0.0
2021-04-07,1011010402,水生根茎类,17.735,179.988,31,0,0.0,2,10.14874541866366,0.0
2021-04-07,1011010501,茄类,16.213,118.714,38,0,0.0,3,7.32214889286375,0.0
2021-04-07,1011010504,辣椒类,62.9,532.0066,197,0,0.0,8,8.457974562798093,0.0
2021-04-07,1011010801,食用菌,47.805,399.742,118,3,1.26,13,8.361928668549316,0.026357075619705052
2021-04-08,1011010101,花叶类,136.899,843.4982,262,2,0.753,24,6.161463560727252,0.005500405408366752
2021-04-08,1011010201,花菜类,22.294,190.028,51,0,0.0,2,8.523728357405579,0.0
2021-04-08,1011010402,水生根茎类,9.582,104.728,22,0,0.0,2,10.929659778751825,0.0
2021-04-08,1011010501,茄类,20.319000000000003,123.742,48,0,0.0,2,6.089965057335498,0.0
2021-04-08,1011010504,辣椒类,52.596000000000004,436.3612,157,0,0.0,8,8.296471214541029,0.0
2021-04-08,1011010801,食用菌,35.491,314.012,76,0,0.0,10,8.847651517286073,0.0
2021-04-09,1011010101,花叶类,145.026,1004.9686,282,8,4.413,22,6.929575386482424,0.030429026519382733
2021-04-09,1011010201,花菜类,51.978,399.163,108,0,0.0,2,7.6794605409981145,0.0
2021-04-09,1011010402,水生根茎类,29.704,316.45,38,8,5.077,3,10.65344734715863,0.1709197414489631
2021-04-09,1011010501,茄类,17.451,165.081,38,0,0.0,3,9.45968712394705,0.0
2021-04-09,1011010504,辣椒类,54.274,450.1898,161,0,0.0,8,8.294759921877878,0.0
2021-04-09,1011010801,食用菌,31.401,323.211,81,0,0.0,8,10.293016145982612,0.0
2021-04-10,1011010101,花叶类,204.156,1306.3310000000001,367,0,0.0,19,6.3986902172848215,0.0
2021-04-10,1011010201,花菜类,50.186,379.74,104,0,0.0,2,7.566652054357789,0.0
2021-04-10,1011010402,水生根茎类,22.753,261.897,36,0,0.0,3,11.510438183975738,0.0
2021-04-10,1011010501,茄类,25.525,259.878,53,0,0.0,4,10.181312438785504,0.0
2021-04-10,1011010504,辣椒类,84.84,627.9862,255,0,0.0,7,7.402006129184348,0.0
2021-04-10,1011010801,食用菌,60.287,546.991,147,0,0.0,9,9.073116924046644,0.0
2021-04-11,1011010101,花叶类,211.619,1424.2648,420,0,0.0,18,6.730325726895978,0.0
2021-04-11,1011010201,花菜类,47.112,325.418,94,0,0.0,2,6.907327220241127,0.0
2021-04-11,1011010402,水生根茎类,22.196,258.365,38,0,0.0,3,11.640160389259325,0.0
2021-04-11,1011010501,茄类,24.901999999999997,253.23199999999997,54,0,0.0,3,10.169143040719621,0.0
2021-04-11,1011010504,辣椒类,94.32600000000001,686.7606000000001,292,0,0.0,8,7.280713695057567,0.0
2021-04-11,1011010801,食用菌,52.29,461.49,127,0,0.0,9,8.825588066551923,0.0
2021-04-12,1011010101,花叶类,148.371,944.04,270,0,0.0,17,6.362698910164385,0.0
2021-04-12,1011010201,花菜类,32.027,226.352,66,0,0.0,2,7.067536765853811,0.0
2021-04-12,1011010402,水生根茎类,4.178,46.268,10,0,0.0,2,11.074198180947823,0.0
2021-04-12,1011010501,茄类,10.203,86.994,21,0,0.0,2,8.526315789473685,0.0
2021-04-12,1011010504,辣椒类,38.756,324.682,134,0,0.0,8,8.377593146867582,0.0
2021-04-12,1011010801,食用菌,43.328,334.1364,90,0,0.0,12,7.711789143279172,0.0
2021-04-13,1011010101,花叶类,127.20700000000001,778.0074,253,0,0.0,17,6.116073800970072,0.0
2021-04-13,1011010201,花菜类,28.593,195.392,62,0,0.0,2,6.833560661700416,0.0
2021-04-13,1011010402,水生根茎类,5.553,57.598,12,0,0.0,2,10.372411309202233,0.0
2021-04-13,1011010501,茄类,13.4,111.888,28,0,0.0,4,8.349850746268658,0.0
2021-04-13,1011010504,辣椒类,51.480000000000004,343.67740000000003,141,0,0.0,9,6.675940170940171,0.0
2021-04-13,1011010801,食用菌,40.041,273.639,84,0,0.0,10,6.833970180564922,0.0
2021-04-14,1011010101,花叶类,151.82999999999998,836.6424,265,0,0.0,21,5.510389251136139,0.0
2021-04-14,1011010201,花菜类,30.12,205.60500000000002,66,0,0.0,2,6.826195219123506,0.0
2021-04-14,1011010402,水生根茎类,19.197,214.15800000000002,30,0,0.0,3,11.15580559462416,0.0
2021-04-14,1011010501,茄类,18.975,161.502,44,0,0.0,3,8.511304347826087,0.0
2021-04-14,1011010504,辣椒类,47.052,365.0338,145,0,0.0,8,7.758093173510159,0.0
2021-04-14,1011010801,食用菌,41.387,330.4028,94,0,0.0,11,7.983250779230193,0.0
2021-04-15,1011010101,花叶类,130.081,742.2238,225,0,0.0,20,5.705858657298146,0.0
2021-04-15,1011010201,花菜类,27.05,171.954,58,0,0.0,2,6.356894639556377,0.0
2021-04-15,1011010402,水生根茎类,17.098,187.46800000000002,25,0,0.0,3,10.96432331266815,0.0
2021-04-15,1011010501,茄类,12.151,109.578,29,0,0.0,4,9.018023207966422,0.0
2021-04-15,1011010504,辣椒类,44.413,355.7934,138,0,0.0,7,8.011019296152028,0.0
2021-04-15,1011010801,食用菌,40.15,395.7782,101,2,0.9830000000000001,11,9.857489414694895,0.024483188044831884
2021-04-16,1011010101,花叶类,130.808,701.8084,240,0,0.0,20,5.365179499724788,0.0
2021-04-16,1011010201,花菜类,40.232,217.84859999999998,79,0,0.0,2,5.414809107178365,0.0
2021-04-16,1011010402,水生根茎类,19.018,213.454,28,0,0.0,3,11.223787990324956,0.0
2021-04-16,1011010501,茄类,15.371,137.131,34,0,0.0,4,8.921410448246698,0.0
2021-04-16,1011010504,辣椒类,62.197,482.3854,180,0,0.0,9,7.755766355290448,0.0
2021-04-16,1011010801,食用菌,47.162,387.6686,102,17,2.971,11,8.219935541325643,0.0629956320766719
2021-04-17,1011010101,花叶类,194.95100000000002,1138.454,371,0,0.0,20,5.839693051074372,0.0
2021-04-17,1011010201,花菜类,77.636,455.0196,153,0,0.0,2,5.860935648410532,0.0
2021-04-17,1011010402,水生根茎类,35.302,410.044,45,0,0.0,3,11.615319245368534,0.0
2021-04-17,1011010501,茄类,20.407,172.24,41,0,0.0,4,8.440241093742344,0.0
2021-04-17,1011010504,辣椒类,72.26599999999999,481.7624,232,116,44.795,8,6.666515373758061,0.6198627293609721
2021-04-17,1011010801,食用菌,70.81700000000001,565.912,157,0,0.0,13,7.991188556420068,0.0
2021-04-18,1011010101,花叶类,194.451,1123.6348,368,0,0.0,20,5.778498439195479,0.0
2021-04-18,1011010201,花菜类,48.315,285.003,98,0,0.0,2,5.8988512884197455,0.0
2021-04-18,1011010402,水生根茎类,22.237000000000002,253.65800000000002,29,0,0.0,3,11.407024328821333,0.0
2021-04-18,1011010501,茄类,28.972,233.424,67,0,0.0,4,8.056882507248378,0.0
2021-04-18,1011010504,辣椒类,118.06299999999999,789.4888,306,0,0.0,8,6.687012866012214,0.0
2021-04-18,1011010801,食用菌,56.607,425.227,148,0,0.0,13,7.51191548748388,0.0
2021-04-19,1011010101,花叶类,134.781,762.6614,257,0,0.0,20,5.658523085598118,0.0
2021-04-19,1011010201,花菜类,25.092,129.3288,45,0,0.0,2,5.154184600669536,0.0
2021-04-19,1011010402,水生根茎类,12.658000000000001,143.086,20,0,0.0,3,11.303997471954496,0.0
2021-04-19,1011010501,茄类,17.311,139.05599999999998,39,0,0.0,4,8.032811507134191,0.0
2021-04-19,1011010504,辣椒类,59.01500000000001,405.3296,165,30,12.088,8,6.868247055833263,0.20482928069134962
2021-04-19,1011010801,食用菌,36.293,352.4806,103,0,0.0,11,9.71208221971179,0.0
2021-04-20,1011010101,花叶类,150.715,848.2013999999999,312,14,4.710999999999999,19,5.627849915403244,0.03125767176458879
2021-04-20,1011010201,花菜类,30.338,168.81580000000002,60,0,0.0,2,5.564499967038039,0.0
2021-04-20,1011010402,水生根茎类,12.167000000000002,126.24,20,0,0.0,3,10.375606147776772,0.0
2021-04-20,1011010501,茄类,16.234,125.125,30,0,0.0,4,7.7075890107182445,0.0
2021-04-20,1011010504,辣椒类,64.062,463.98959999999994,203,0,0.0,8,7.242821017139645,0.0
2021-04-20,1011010801,食用菌,37.650999999999996,339.8522,102,0,0.0,10,9.026379113436562,0.0
2021-04-21,1011010101,花叶类,182.939,849.0319999999999,323,0,0.0,18,4.641066147732304,0.0
2021-04-21,1011010201,花菜类,49.748000000000005,234.094,95,0,0.0,2,4.705596204872557,0.0
2021-04-21,1011010402,水生根茎类,13.078000000000001,132.784,24,0,0.0,2,10.153234439516744,0.0
2021-04-21,1011010501,茄类,26.622,181.548,55,0,0.0,3,6.8194726166328605,0.0
2021-04-21,1011010504,辣椒类,50.684,372.6184,157,0,0.0,7,7.351795438402652,0.0
2021-04-21,1011010801,食用菌,31.173000000000002,274.7782,78,6,1.975,11,8.81462162769063,0.0633561094536939
2021-04-22,1011010101,花叶类,150.806,786.2776,289,0,0.0,18,5.213834993302654,0.0
2021-04-22,1011010201,花菜类,34.614999999999995,155.31740000000002,72,0,0.0,2,4.486996966632963,0.0
2021-04-22,1011010402,水生根茎类,11.64,119.05799999999999,19,0,0.0,2,10.228350515463916,0.0
2021-04-22,1011010501,茄类,15.227,110.60839999999999,36,0,0.0,4,7.263965324752085,0.0
2021-04-22,1011010504,辣椒类,47.905,375.7154,147,0,0.0,8,7.842926625613193,0.0
2021-04-22,1011010801,食用菌,40.04,246.313,81,0,0.0,12,6.151673326673326,0.0
2021-04-23,1011010101,花叶类,171.226,843.8276,337,27,14.834,17,4.928151098548118,0.0866340392230152
2021-04-23,1011010201,花菜类,47.035000000000004,216.0528,94,0,0.0,2,4.593447432762836,0.0
2021-04-23,1011010402,水生根茎类,10.413,104.13,19,0,0.0,2,10.0,0.0
2021-04-23,1011010501,茄类,27.427,187.59900000000002,56,0,0.0,4,6.839938746490685,0.0
2021-04-23,1011010504,辣椒类,53.397,440.9288,145,0,0.0,9,8.257557540685807,0.0
2021-04-23,1011010801,食用菌,49.109,431.2328,113,2,1.1,14,8.781135840680934,0.022399152904762874
2021-04-24,1011010101,花叶类,264.803,1347.0164,519,0,0.0,21,5.086862308961757,0.0
2021-04-24,1011010201,花菜类,107.309,365.8678,164,0,0.0,2,3.4094791676373837,0.0
2021-04-24,1011010402,水生根茎类,17.178,171.78,22,0,0.0,2,10.0,0.0
2021-04-24,1011010501,茄类,37.796,255.6886,83,0,0.0,4,6.764964546512859,0.0
2021-04-24,1011010504,辣椒类,102.501,796.399,314,0,0.0,8,7.769670539799612,0.0
2021-04-24,1011010801,食用菌,78.6,692.8226,181,0,0.0,12,8.814536895674301,0.0
2021-04-25,1011010101,花叶类,221.785,1119.8696,387,0,0.0,20,5.0493477917803276,0.0
2021-04-25,1011010201,花菜类,94.264,323.828,169,0,0.0,2,3.4353305609776794,0.0
2021-04-25,1011010402,水生根茎类,11.454,114.54,17,0,0.0,2,10.0,0.0
2021-04-25,1011010501,茄类,24.708,190.9974,49,0,0.0,4,7.73018455560952,0.0
2021-04-25,1011010504,辣椒类,71.047,588.547,222,0,0.0,8,8.283910650696019,0.0
2021-04-25,1011010801,食用菌,37.692,283.6522,89,0,0.0,9,7.525527963493579,0.0
2021-04-26,1011010101,花叶类,151.258,744.8266,284,0,0.0,20,4.92421293419191,0.0
2021-04-26,1011010201,花菜类,43.118,151.9592,70,0,0.0,2,3.5242636485922354,0.0
2021-04-26,1011010402,水生根茎类,11.870999999999999,122.94999999999999,24,0,0.0,2,10.35717294246483,0.0
2021-04-26,1011010501,茄类,12.618,101.56020000000001,28,0,0.0,4,8.048834997622444,0.0
2021-04-26,1011010504,辣椒类,60.716,485.172,197,0,0.0,8,7.9908426115027344,0.0
2021-04-26,1011010801,食用菌,37.392,290.8746,84,0,0.0,11,7.779059691912708,0.0
2021-04-27,1011010101,花叶类,135.216,640.3558,235,0,0.0,19,4.735799017867708,0.0
2021-04-27,1011010201,花菜类,26.490000000000002,96.8418,55,0,0.0,2,3.6557870894677236,0.0
2021-04-27,1011010402,水生根茎类,9.127,91.904,16,0,0.0,2,10.069464227018734,0.0
2021-04-27,1011010501,茄类,31.042,219.56939999999997,63,12,6.7219999999999995,4,7.073300689388569,0.21654532568777782
2021-04-27,1011010504,辣椒类,50.15,391.897,163,0,0.0,8,7.814496510468595,0.0
2021-04-27,1011010801,食用菌,26.080000000000002,237.571,77,0,0.0,9,9.109317484662576,0.0
2021-04-28,1011010101,花叶类,125.78500000000001,609.4352,242,0,0.0,20,4.845054656755575,0.0
2021-04-28,1011010201,花菜类,29.405,132.7064,59,0,0.0,2,4.513055602788642,0.0
2021-04-28,1011010402,水生根茎类,7.359,76.344,16,0,0.0,2,10.37423562984101,0.0
2021-04-28,1011010501,茄类,27.487,207.4876,52,0,0.0,4,7.5485720522428785,0.0
2021-04-28,1011010504,辣椒类,47.189,382.688,159,0,0.0,7,8.10968657949946,0.0
2021-04-28,1011010801,食用菌,33.609,324.088,85,4,0.8200000000000001,12,9.642893272635305,0.02439822666547651
2021-04-29,1011010101,花叶类,134.898,635.1394,274,13,6.441,20,4.708293673738677,0.0477471867633323
2021-04-29,1011010201,花菜类,33.858000000000004,136.6938,65,0,0.0,2,4.037267410951621,0.0
2021-04-29,1011010402,水生根茎类,8.818,92.688,19,0,0.0,2,10.511227035608982,0.0
2021-04-29,1011010501,茄类,15.705,123.4332,32,0,0.0,4,7.859484240687679,0.0
2021-04-29,1011010504,辣椒类,54.543,425.583,152,0,0.0,8,7.80270612177548,0.0
2021-04-29,1011010801,食用菌,32.548,279.0086,87,4,1.8,11,8.572219491212977,0.05530293720044242
2021-04-30,1011010101,花叶类,138.58499999999998,691.2256,271,6,2.474,19,4.987737489627305,0.01785185986939424
2021-04-30,1011010201,花菜类,38.125,150.3458,75,0,0.0,2,3.943496393442623,0.0
2021-04-30,1011010402,水生根茎类,14.856000000000002,152.616,22,0,0.0,2,10.27302100161551,0.0
2021-04-30,1011010501,茄类,26.786,229.9156,49,0,0.0,4,8.58342417680878,0.0
2021-04-30,1011010504,辣椒类,52.865,484.578,154,0,0.0,8,9.166329329424004,0.0
2021-04-30,1011010801,食用菌,34.271,281.89459999999997,68,1,0.25,12,8.225455924834407,0.007294797350529602
2021-05-01,1011010101,花叶类,171.826,890.2396,321,0,0.0,20,5.181052925634072,0.0
2021-05-01,1011010201,花菜类,57.443,269.28000000000003,106,0,0.0,2,4.687777448949394,0.0
2021-05-01,1011010402,水生根茎类,18.075,183.172,29,0,0.0,2,10.133997233748271,0.0
2021-05-01,1011010501,茄类,19.976,168.807,39,0,0.0,4,8.450490588706447,0.0
2021-05-01,1011010504,辣椒类,77.396,698.937,238,0,0.0,8,9.030660499250608,0.0
2021-05-01,1011010801,食用菌,50.81,471.3142,120,0,0.0,10,9.27601259594568,0.0
2021-05-02,1011010101,花叶类,198.544,1065.5776,378,0,0.0,19,5.366959464904505,0.0
2021-05-02,1011010201,花菜类,36.466,180.8418,70,0,0.0,2,4.9591893818899795,0.0
2021-05-02,1011010402,水生根茎类,17.439,178.264,25,0,0.0,2,10.222145765238833,0.0
2021-05-02,1011010501,茄类,22.784,166.1028,48,0,0.0,4,7.290326544943821,0.0
2021-05-02,1011010504,辣椒类,80.42,765.947,261,0,0.0,8,9.524334742601344,0.0
2021-05-02,1011010801,食用菌,47.435,439.92900000000003,111,6,1.826,9,9.274354379677453,0.03849478233371983
2021-05-03,1011010101,花叶类,226.26500000000001,1100.4112,424,0,0.0,19,4.863373478001458,0.0
2021-05-03,1011010201,花菜类,37.613,192.054,80,0,0.0,2,5.106053758009199,0.0
2021-05-03,1011010402,水生根茎类,18.743000000000002,189.584,28,0,0.0,2,10.114922904551031,0.0
2021-05-03,1011010501,茄类,25.174999999999997,213.0582,52,0,0.0,4,8.463086395233367,0.0
2021-05-03,1011010504,辣椒类,83.419,798.7620000000001,248,0,0.0,9,9.57530059099246,0.0
2021-05-03,1011010801,食用菌,54.995000000000005,405.065,118,0,0.0,7,7.365487771615601,0.0
2021-05-04,1011010101,花叶类,200.985,1066.0246,404,0,0.0,19,5.3040007960793085,0.0
2021-05-04,1011010201,花菜类,37.838,178.5666,84,0,0.0,2,4.71923991754321,0.0
2021-05-04,1011010402,水生根茎类,8.799,90.276,15,0,0.0,2,10.259802250255712,0.0
2021-05-04,1011010501,茄类,18.032,146.0018,38,0,0.0,4,8.096816770186335,0.0
2021-05-04,1011010504,辣椒类,43.846,492.674,155,0,0.0,8,11.23646398759294,0.0
2021-05-04,1011010801,食用菌,42.643,398.7894,109,0,0.0,8,9.351813896770865,0.0
2021-05-05,1011010101,花叶类,203.532,1003.3548,410,7,3.141,20,4.9297152290548905,0.015432462708566711
2021-05-05,1011010201,花菜类,34.156,173.078,87,0,0.0,2,5.067279540929851,0.0
2021-05-05,1011010402,水生根茎类,15.352,159.05,27,0,0.0,2,10.360213652944243,0.0
2021-05-05,1011010501,茄类,17.339000000000002,135.448,37,0,0.0,4,7.811753849702981,0.0
2021-05-05,1011010504,辣椒类,72.08,740.2113999999999,228,0,0.0,8,10.269303551609323,0.0
2021-05-05,1011010801,食用菌,60.989,704.9932,161,0,0.0,10,11.559350046729739,0.0
2021-05-06,1011010101,花叶类,151.84,820.8354,325,6,2.965,20,5.405923340358272,0.019527133825079028
2021-05-06,1011010201,花菜类,21.199,125.636,52,0,0.0,2,5.926505967262606,0.0
2021-05-06,1011010402,水生根茎类,5.992,62.32599999999999,12,0,0.0,2,10.401535380507342,0.0
2021-05-06,1011010501,茄类,22.682,185.983,49,0,0.0,4,8.199585574464333,0.0
2021-05-06,1011010504,辣椒类,73.006,541.5566,236,30,11.033,8,7.417973865161768,0.151124565104238
2021-05-06,1011010801,食用菌,30.192,316.356,91,0,0.0,8,10.478139904610492,0.0
2021-05-07,1011010101,花叶类,147.508,706.4214,300,0,0.0,20,4.789037882691107,0.0
2021-05-07,1011010201,花菜类,26.046,144.947,58,0,0.0,2,5.565038777547416,0.0
2021-05-07,1011010402,水生根茎类,6.436,68.434,15,0,0.0,2,10.633001864512119,0.0
2021-05-07,1011010501,茄类,20.724,144.95499999999998,43,0,0.0,4,6.994547384674773,0.0
2021-05-07,1011010504,辣椒类,73.96199999999999,578.2816,213,0,0.0,8,7.818631188988942,0.0
2021-05-07,1011010801,食用菌,33.543,269.9166,82,3,0.674,10,8.046883105267867,0.02009361118564231
2021-05-08,1011010101,花叶类,160.786,817.532,326,0,0.0,19,5.0845969176420835,0.0
2021-05-08,1011010201,花菜类,28.122,155.276,61,0,0.0,2,5.521513405874405,0.0
2021-05-08,1011010402,水生根茎类,11.456999999999999,119.764,25,0,0.0,2,10.453347298594746,0.0
2021-05-08,1011010501,茄类,22.625,172.803,48,16,8.384,4,7.637701657458563,0.37056353591160224
2021-05-08,1011010504,辣椒类,69.52900000000001,569.7040000000001,230,0,0.0,9,8.19376087675646,0.0
2021-05-08,1011010801,食用菌,33.331,292.222,92,2,0.808,9,8.767273709159639,0.024241696918784313
2021-05-09,1011010101,花叶类,216.668,1128.83,446,0,0.0,20,5.209952554138128,0.0
2021-05-09,1011010201,花菜类,37.443,209.252,77,0,0.0,2,5.588547926181129,0.0
2021-05-09,1011010402,水生根茎类,21.145,286.10999999999996,31,0,0.0,3,13.530858358950105,0.0
2021-05-09,1011010501,茄类,30.75,214.354,67,0,0.0,4,6.970861788617887,0.0
2021-05-09,1011010504,辣椒类,95.075,743.149,304,0,0.0,8,7.816450170917697,0.0
2021-05-09,1011010801,食用菌,44.849000000000004,448.2104,125,2,0.779,11,9.993765747285334,0.017369395081272714
2021-05-10,1011010101,花叶类,157.721,646.5558,323,0,0.0,17,4.09936406692831,0.0
2021-05-10,1011010201,花菜类,30.866,169.933,64,0,0.0,2,5.505507678351584,0.0
2021-05-10,1011010402,水生根茎类,8.06,113.40599999999999,13,0,0.0,3,14.070223325062033,0.0
2021-05-10,1011010501,茄类,24.956,172.118,48,0,0.0,4,6.896858470908799,0.0
2021-05-10,1011010504,辣椒类,60.824999999999996,430.027,193,0,0.0,9,7.069905466502261,0.0
2021-05-10,1011010801,食用菌,26.427,243.216,73,0,0.0,8,9.203314791690318,0.0
2021-05-11,1011010101,花叶类,190.06,730.638,379,1,0.2,17,3.8442491844680626,0.001052299273913501
2021-05-11,1011010201,花菜类,27.768,154.377,59,0,0.0,2,5.559528954191876,0.0
2021-05-11,1011010402,水生根茎类,8.963000000000001,119.32999999999998,17,0,0.0,3,13.313622670980696,0.0
2021-05-11,1011010501,茄类,26.533,167.1336,55,0,0.0,4,6.299084159348736,0.0
2021-05-11,1011010504,辣椒类,46.524,333.3232,126,0,0.0,8,7.164543031553606,0.0
2021-05-11,1011010801,食用菌,29.889,277.1144,93,1,0.31,9,9.271451035498009,0.010371708655358159
2021-05-12,1011010101,花叶类,182.519,765.7536,364,0,0.0,21,4.19547334798021,0.0
2021-05-12,1011010201,花菜类,19.252,108.703,45,0,0.0,2,5.646322460004156,0.0
2021-05-12,1011010402,水生根茎类,6.0809999999999995,70.71,10,0,0.0,3,11.628021706956092,0.0
2021-05-12,1011010501,茄类,19.247,109.28,38,0,0.0,4,5.67776796383852,0.0
2021-05-12,1011010504,辣椒类,42.616,327.2694,119,0,0.0,7,7.6794959639572,0.0
2021-05-12,1011010801,食用菌,31.02,244.488,84,0,0.0,9,7.881624758220503,0.0
2021-05-13,1011010101,花叶类,157.293,739.3334,314,67,30.429000000000002,18,4.7003579307407195,0.19345425416261372
2021-05-13,1011010201,花菜类,24.095,156.49699999999999,47,0,0.0,2,6.49499896244034,0.0
2021-05-13,1011010402,水生根茎类,14.949000000000002,179.19,28,0,0.0,3,11.986754966887416,0.0
2021-05-13,1011010501,茄类,20.687,124.9306,35,0,0.0,4,6.039087349543191,0.0
2021-05-13,1011010504,辣椒类,47.949,376.6764,140,0,0.0,9,7.855771757492336,0.0
2021-05-13,1011010801,食用菌,29.537,294.9,86,0,0.0,9,9.984087754342012,0.0
2021-05-14,1011010101,花叶类,191.116,884.0084,400,0,0.0,20,4.625507021913393,0.0
2021-05-14,1011010201,花菜类,40.997,246.091,90,0,0.0,2,6.002658731126668,0.0
2021-05-14,1011010402,水生根茎类,11.411999999999999,124.02,24,0,0.0,3,10.867507886435332,0.0
2021-05-14,1011010501,茄类,32.193,166.5412,56,0,0.0,4,5.173211567732116,0.0
2021-05-14,1011010504,辣椒类,51.909,365.3772,132,0,0.0,9,7.038802519794256,0.0
2021-05-14,1011010801,食用菌,29.278,329.4322,102,3,0.983,8,11.251868297014825,0.03357469772525446
2021-05-15,1011010101,花叶类,258.278,1169.0012000000002,511,0,0.0,19,4.526135404486639,0.0
2021-05-15,1011010201,花菜类,37.346999999999994,234.279,78,0,0.0,2,6.273033978632823,0.0
2021-05-15,1011010402,水生根茎类,12.399000000000001,123.99000000000001,19,0,0.0,2,10.0,0.0
2021-05-15,1011010501,茄类,40.776,253.839,75,0,0.0,4,6.225206003531489,0.0
2021-05-15,1011010504,辣椒类,86.637,633.1406,228,0,0.0,8,7.307970035896902,0.0
2021-05-15,1011010801,食用菌,49.932,476.9222,136,0,0.0,11,9.551433950172234,0.0
2021-05-16,1011010101,花叶类,212.588,1029.1526,415,0,0.0,16,4.841066287843152,0.0
2021-05-16,1011010201,花菜类,52.382000000000005,355.86400000000003,109,0,0.0,2,6.793631400099271,0.0
2021-05-16,1011010402,水生根茎类,6.386,63.86,18,0,0.0,2,10.0,0.0
2021-05-16,1011010501,茄类,19.009,102.39240000000001,38,0,0.0,4,5.386522173707192,0.0
2021-05-16,1011010504,辣椒类,153.409,874.3258,440,1,0.134,9,5.699312295888768,0.000873481999100444
2021-05-16,1011010801,食用菌,51.103,482.4928,133,0,0.0,10,9.441574858618868,0.0
2021-05-17,1011010101,花叶类,176.65800000000002,751.529,359,0,0.0,19,4.254146429824859,0.0
2021-05-17,1011010201,花菜类,27.587000000000003,174.97,56,0,0.0,2,6.342480153695581,0.0
2021-05-17,1011010402,水生根茎类,5.011,50.11,12,0,0.0,2,10.0,0.0
2021-05-17,1011010501,茄类,29.921,188.09660000000002,64,0,0.0,4,6.286440961197822,0.0
2021-05-17,1011010504,辣椒类,76.099,359.8514,194,0,0.0,9,4.728727052917909,0.0
2021-05-17,1011010801,食用菌,25.733,278.913,86,0,0.0,7,10.838728480938872,0.0
2021-05-18,1011010101,花叶类,173.271,771.1895999999999,339,3,1.604,20,4.450771335076268,0.009257175176457688
2021-05-18,1011010201,花菜类,31.098,220.047,53,0,0.0,2,7.0759212811113255,0.0
2021-05-18,1011010402,水生根茎类,12.309000000000001,123.09,23,0,0.0,3,10.0,0.0
2021-05-18,1011010501,茄类,23.783,120.977,44,0,0.0,4,5.086700584451078,0.0
2021-05-18,1011010504,辣椒类,84.864,438.8932,230,0,0.0,7,5.171724170437405,0.0
2021-05-18,1011010801,食用菌,29.45,304.22999999999996,87,4,1.5,8,10.330390492359932,0.050933786078098474
2021-05-19,1011010101,花叶类,140.823,591.6644,257,0,0.0,17,4.201475611228279,0.0
2021-05-19,1011010201,花菜类,33.900999999999996,215.813,61,0,0.0,2,6.365977404796319,0.0
2021-05-19,1011010402,水生根茎类,12.199,121.99000000000001,28,0,0.0,2,10.0,0.0
2021-05-19,1011010501,茄类,20.578,116.524,41,0,0.0,3,5.662552240256585,0.0
2021-05-19,1011010504,辣椒类,76.853,406.2444,223,0,0.0,8,5.285992739385581,0.0
2021-05-19,1011010801,食用菌,28.798000000000002,309.50480000000005,89,0,0.0,10,10.747440794499619,0.0
2021-05-20,1011010101,花叶类,148.851,641.9808,285,10,4.8500000000000005,20,4.312908882036399,0.03258291848895876
2021-05-20,1011010201,花菜类,17.189,110.458,41,0,0.0,2,6.426086450637035,0.0
2021-05-20,1011010402,水生根茎类,9.406,94.06,29,0,0.0,2,10.0,0.0
2021-05-20,1011010501,茄类,22.177,119.748,44,0,0.0,4,5.3996482842584665,0.0
2021-05-20,1011010504,辣椒类,61.568,377.684,199,0,0.0,8,6.134420478170479,0.0
2021-05-20,1011010801,食用菌,35.447,345.051,106,4,1.624,12,9.73427934663018,0.04581487855107626
2021-05-21,1011010101,花叶类,106.47200000000001,474.69460000000004,212,2,1.1,17,4.45839845217522,0.010331354722368322
2021-05-21,1011010201,花菜类,33.979,249.524,66,0,0.0,2,7.343476853350599,0.0
2021-05-21,1011010402,水生根茎类,4.178,41.78,8,0,0.0,2,10.0,0.0
2021-05-21,1011010501,茄类,21.886,127.547,46,0,0.0,3,5.827789454445765,0.0
2021-05-21,1011010504,辣椒类,36.494,322.0414,127,0,0.0,8,8.824502657971173,0.0
2021-05-21,1011010801,食用菌,43.516,468.3954,125,0,0.0,12,10.763751263902932,0.0
2021-05-22,1011010101,花叶类,190.363,989.5566,407,0,0.0,18,5.19826121672804,0.0
2021-05-22,1011010201,花菜类,34.961999999999996,276.90959999999995,76,0,0.0,2,7.920302042217264,0.0
2021-05-22,1011010402,水生根茎类,9.18,91.8,19,0,0.0,2,10.0,0.0
2021-05-22,1011010501,茄类,25.845,180.8472,53,0,0.0,4,6.997376668601277,0.0
2021-05-22,1011010504,辣椒类,98.93599999999999,521.9258,312,0,0.0,9,5.2753881297000085,0.0
2021-05-22,1011010801,食用菌,45.209,448.15360000000004,132,1,0.258,9,9.912928841602335,0.005706828286403149
2021-05-23,1011010101,花叶类,217.25900000000001,1105.2308,475,0,0.0,15,5.087157724190942,0.0
2021-05-23,1011010201,花菜类,64.231,506.43359999999996,133,0,0.0,2,7.884566642275536,0.0
2021-05-23,1011010402,水生根茎类,17.229,202.29,31,0,0.0,3,11.741250217656278,0.0
2021-05-23,1011010501,茄类,42.331,296.7594,87,0,0.0,4,7.01045096973849,0.0
2021-05-23,1011010504,辣椒类,137.485,672.2948,405,0,0.0,10,4.889950176382878,0.0
2021-05-23,1011010801,食用菌,62.384,518.0462,154,0,0.0,10,8.304151705565529,0.0
2021-05-24,1011010101,花叶类,148.83100000000002,785.9468,339,0,0.0,17,5.280800370890473,0.0
2021-05-24,1011010201,花菜类,40.924,302.762,88,0,0.0,2,7.398152673247972,0.0
2021-05-24,1011010402,水生根茎类,4.28,42.8,9,0,0.0,2,9.999999999999998,0.0
2021-05-24,1011010501,茄类,17.043,119.5666,34,0,0.0,4,7.015584110778619,0.0
2021-05-24,1011010504,辣椒类,54.77199999999999,320.7176,166,0,0.0,10,5.855502811655591,0.0
2021-05-24,1011010801,食用菌,29.627000000000002,318.7934,95,6,1.82,10,10.760232220609579,0.06143045195261079
2021-05-25,1011010101,花叶类,130.32500000000002,664.0590000000001,284,0,0.0,16,5.095407634759256,0.0
2021-05-25,1011010201,花菜类,29.554000000000002,224.739,66,0,0.0,2,7.60435135683833,0.0
2021-05-25,1011010402,水生根茎类,5.412,54.120000000000005,11,0,0.0,2,10.000000000000002,0.0
2021-05-25,1011010501,茄类,17.94,122.0698,36,0,0.0,4,6.804336677814939,0.0
2021-05-25,1011010504,辣椒类,57.519,353.8548,189,0,0.0,9,6.1519636989516515,0.0
2021-05-25,1011010801,食用菌,35.047,332.0504,102,4,1.584,9,9.474431477729906,0.045196450480782954
2021-05-26,1011010101,花叶类,166.467,838.8032000000001,359,4,2.0,18,5.038855749187527,0.012014393243105239
2021-05-26,1011010201,花菜类,46.547,347.63,106,0,0.0,2,7.468365308183127,0.0
2021-05-26,1011010402,水生根茎类,4.008,40.08,9,0,0.0,2,10.0,0.0
2021-05-26,1011010501,茄类,15.809999999999999,95.8226,32,0,0.0,4,6.060885515496521,0.0
2021-05-26,1011010504,辣椒类,65.416,387.21799999999996,195,0,0.0,8,5.919316375198727,0.0
2021-05-26,1011010801,食用菌,31.969,240.2784,74,2,1.125,11,7.5159811066971125,0.03519034064249742
2021-05-27,1011010101,花叶类,145.237,677.9590000000001,280,0,0.0,19,4.667949627161123,0.0
2021-05-27,1011010201,花菜类,43.952,335.414,88,0,0.0,2,7.6313705860939205,0.0
2021-05-27,1011010402,水生根茎类,8.319,83.19000000000001,17,0,0.0,2,10.0,0.0
2021-05-27,1011010501,茄类,15.645,94.813,33,0,0.0,4,6.060274848194312,0.0
2021-05-27,1011010504,辣椒类,37.078,280.15160000000003,130,0,0.0,9,7.555736555369761,0.0
2021-05-27,1011010801,食用菌,19.574,139.8082,43,4,1.6,9,7.142546234801267,0.08174108511290487
2021-05-28,1011010101,花叶类,123.824,586.6604,248,0,0.0,17,4.737856958263341,0.0
2021-05-28,1011010201,花菜类,42.189,323.658,81,0,0.0,2,7.671620564602148,0.0
2021-05-28,1011010402,水生根茎类,6.205,62.05,14,0,0.0,2,10.0,0.0
2021-05-28,1011010501,茄类,16.472,96.63980000000001,35,0,0.0,4,5.86691355026712,0.0
2021-05-28,1011010504,辣椒类,67.01,363.1592,203,0,0.0,9,5.41947768989703,0.0
2021-05-28,1011010801,食用菌,28.172,280.0812,87,7,2.059,10,9.941828766150788,0.07308675280420276
2021-05-29,1011010101,花叶类,180.875,954.1888,338,0,0.0,18,5.2754045611610225,0.0
2021-05-29,1011010201,花菜类,52.779,348.8,106,0,0.0,2,6.608689061937513,0.0
2021-05-29,1011010402,水生根茎类,9.57,95.69999999999999,19,0,0.0,2,9.999999999999998,0.0
2021-05-29,1011010501,茄类,18.291,119.8882,36,0,0.0,4,6.554491279864414,0.0
2021-05-29,1011010504,辣椒类,116.845,616.5252,341,0,0.0,9,5.27643630450597,0.0
2021-05-29,1011010801,食用菌,35.882,321.6894,97,4,1.742,12,8.965202608550248,0.04854801850510005
2021-05-30,1011010101,花叶类,196.236,987.7686,400,0,0.0,17,5.033574879227054,0.0
2021-05-30,1011010201,花菜类,21.296,120.827,34,0,0.0,2,5.673694590533434,0.0
2021-05-30,1011010402,水生根茎类,4.719,47.19,12,0,0.0,2,9.999999999999998,0.0
2021-05-30,1011010501,茄类,27.038,159.936,55,0,0.0,4,5.915230416450921,0.0
2021-05-30,1011010504,辣椒类,106.61500000000001,488.1136,312,0,0.0,10,4.5782826056371055,0.0
2021-05-30,1011010801,食用菌,33.492,383.1896,112,6,2.166,7,11.441227755882002,0.06467216051594411
2021-05-31,1011010101,花叶类,191.98,1014.1018,374,0,0.0,18,5.282330451088655,0.0
2021-05-31,1011010201,花菜类,39.165,249.173,67,0,0.0,2,6.3621345589174005,0.0
2021-05-31,1011010402,水生根茎类,5.404,54.04,15,0,0.0,2,10.0,0.0
2021-05-31,1011010501,茄类,25.363,139.95,45,0,0.0,4,5.517880376927019,0.0
2021-05-31,1011010504,辣椒类,60.118,273.3956,159,0,0.0,9,4.547649622409262,0.0
2021-05-31,1011010801,食用菌,34.114,353.5602,100,3,0.96,11,10.364079263645426,0.02814093920384593
2021-06-01,1011010101,花叶类,151.091,773.1038,312,0,0.0,17,5.116809075325466,0.0
2021-06-01,1011010201,花菜类,41.593,286.175,84,0,0.0,2,6.8803644844084335,0.0
2021-06-01,1011010402,水生根茎类,7.2170000000000005,72.17,20,0,0.0,2,10.0,0.0
2021-06-01,1011010501,茄类,26.938,132.09,49,0,0.0,4,4.903482069938377,0.0
2021-06-01,1011010504,辣椒类,76.648,357.77660000000003,203,0,0.0,9,4.66778780920572,0.0
2021-06-01,1011010801,食用菌,33.668,390.0558,100,0,0.0,13,11.585357015563739,0.0
2021-06-02,1011010101,花叶类,178.517,895.9152,381,0,0.0,19,5.018654805984864,0.0
2021-06-02,1011010201,花菜类,43.414,296.502,76,0,0.0,2,6.829640208227761,0.0
2021-06-02,1011010402,水生根茎类,8.681000000000001,86.81,22,0,0.0,2,10.0,0.0
2021-06-02,1011010501,茄类,27.706,148.873,54,0,0.0,4,5.3733126398614015,0.0
2021-06-02,1011010504,辣椒类,89.38600000000001,290.4744,231,0,0.0,8,3.2496632582283578,0.0
2021-06-02,1011010801,食用菌,43.528,429.843,120,3,1.241,13,9.875091894872266,0.028510384120566074
2021-06-03,1011010101,花叶类,142.372,654.9906,299,0,0.0,19,4.600557693928581,0.0
2021-06-03,1011010201,花菜类,36.284,262.136,69,0,0.0,2,7.224561790320803,0.0
2021-06-03,1011010402,水生根茎类,11.019,110.19,28,0,0.0,2,10.0,0.0
2021-06-03,1011010501,茄类,11.679,70.836,23,0,0.0,4,6.0652453120986385,0.0
2021-06-03,1011010504,辣椒类,75.206,283.7836,201,0,0.0,8,3.7734170145998984,0.0
2021-06-03,1011010801,食用菌,48.365,440.7986,108,2,0.8,13,9.113999793238913,0.016540887005065646
2021-06-04,1011010101,花叶类,121.093,601.6274000000001,262,0,0.0,16,4.968308655331027,0.0
2021-06-04,1011010201,花菜类,31.416000000000004,249.53699999999998,69,0,0.0,2,7.942990832696713,0.0
2021-06-04,1011010402,水生根茎类,13.461,150.706,31,0,0.0,2,11.195750687170342,0.0
2021-06-04,1011010501,茄类,16.743,96.555,34,0,0.0,4,5.766887654542198,0.0
2021-06-04,1011010504,辣椒类,63.703,355.5244,199,1,0.412,9,5.580967929296893,0.006467513303926031
2021-06-04,1011010801,食用菌,47.048,475.4778,86,6,1.92,13,10.106227682366944,0.040809386158816525
2021-06-05,1011010101,花叶类,204.287,1054.9114,444,0,0.0,18,5.163869458164249,0.0
2021-06-05,1011010201,花菜类,61.486,499.182,106,0,0.0,2,8.11862863090785,0.0
2021-06-05,1011010402,水生根茎类,19.494999999999997,216.074,43,0,0.0,2,11.083559887150553,0.0
2021-06-05,1011010501,茄类,36.367000000000004,221.95260000000002,67,0,0.0,4,6.103131960293672,0.0
2021-06-05,1011010504,辣椒类,91.95,519.5194,265,4,4.0,10,5.650020663404024,0.04350190320826536
2021-06-05,1011010801,食用菌,42.32,303.5118,93,13,4.66,12,7.171828922495274,0.11011342155009451
2021-06-06,1011010101,花叶类,222.817,1060.7738,440,3,1.7890000000000001,17,4.760739979445015,0.008029010353788087
2021-06-06,1011010201,花菜类,42.143,302.292,80,0,0.0,2,7.1730061931993445,0.0
2021-06-06,1011010402,水生根茎类,7.1819999999999995,94.656,15,0,0.0,2,13.179615705931496,0.0
2021-06-06,1011010501,茄类,30.644000000000002,162.585,59,1,0.643,4,5.305606317713092,0.020982900404646912
2021-06-06,1011010504,辣椒类,88.671,509.7354,273,3,1.041,9,5.748614541394593,0.01174002774300504
2021-06-06,1011010801,食用菌,32.745000000000005,318.3988,94,4,1.22,12,9.723585280195449,0.03725759657963047
2021-06-07,1011010101,花叶类,148.539,805.0144,308,0,0.0,19,5.419549074653795,0.0
2021-06-07,1011010201,花菜类,24.819000000000003,197.02800000000002,44,0,0.0,2,7.93859543091986,0.0
2021-06-07,1011010402,水生根茎类,8.757,101.11,21,0,0.0,2,11.546191618134065,0.0
2021-06-07,1011010501,茄类,29.868000000000002,118.4126,56,0,0.0,4,3.964530601312441,0.0
2021-06-07,1011010504,辣椒类,68.965,405.9273,208,3,0.985,8,5.885989994924961,0.014282607119553396
2021-06-07,1011010801,食用菌,27.872,251.323,81,0,0.0,10,9.017042192881746,0.0
2021-06-08,1011010101,花叶类,144.482,690.284,295,1,0.359,20,4.777647042538171,0.0024847385833529434
2021-06-08,1011010201,花菜类,25.106,185.61599999999999,43,0,0.0,2,7.393292440054169,0.0
2021-06-08,1011010402,水生根茎类,7.394,82.376,19,0,0.0,2,11.140925074384636,0.0
2021-06-08,1011010501,茄类,24.611,138.816,48,0,0.0,4,5.640404697086669,0.0
2021-06-08,1011010504,辣椒类,56.101,295.1468,181,1,0.167,9,5.26099000017825,0.00297677403254844
2021-06-08,1011010801,食用菌,28.108,312.7006,92,5,1.73,8,11.12496798064608,0.06154831364736018
2021-06-09,1011010101,花叶类,126.35900000000001,715.7282,272,0,0.0,21,5.664243939885564,0.0
2021-06-09,1011010201,花菜类,26.845,219.741,46,0,0.0,2,8.185546656733099,0.0
2021-06-09,1011010402,水生根茎类,7.943,110.019,20,0,0.0,3,13.851063829787236,0.0
2021-06-09,1011010501,茄类,19.353,93.3834,37,0,0.0,4,4.825267400403038,0.0
2021-06-09,1011010504,辣椒类,52.093,316.9268,167,0,0.0,9,6.083865394582765,0.0
2021-06-09,1011010801,食用菌,31.399,358.7652,96,2,0.7,12,11.426007197681454,0.02229370362113443
2021-06-10,1011010101,花叶类,122.004,711.3776,267,0,0.0,21,5.830772761548801,0.0
2021-06-10,1011010201,花菜类,13.847,103.589,26,0,0.0,2,7.480970607351773,0.0
2021-06-10,1011010402,水生根茎类,10.34,174.5224,30,0,0.0,3,16.878375241779498,0.0
2021-06-10,1011010501,茄类,24.961,122.1056,47,0,0.0,4,4.891855294259044,0.0
2021-06-10,1011010504,辣椒类,57.091,278.432,166,0,0.0,9,4.87698586467219,0.0
2021-06-10,1011010801,食用菌,29.393,292.3026,91,11,3.348,9,9.944633075902425,0.11390467118021297
2021-06-11,1011010101,花叶类,129.982,789.5222,277,0,0.0,20,6.074088719976612,0.0
2021-06-11,1011010201,花菜类,21.048000000000002,164.928,32,0,0.0,2,7.835803876852907,0.0
2021-06-11,1011010402,水生根茎类,6.744,112.4228,21,0,0.0,3,16.670047449584818,0.0
2021-06-11,1011010501,茄类,16.567,49.643,30,0,0.0,4,2.9964990644051426,0.0
2021-06-11,1011010504,辣椒类,74.87299999999999,412.3522,203,0,0.0,10,5.507355121338801,0.0
2021-06-11,1011010801,食用菌,25.579,306.9514,102,5,1.88,12,12.000132921537197,0.07349779115680831
2021-06-12,1011010101,花叶类,210.267,1237.7112,451,0,0.0,20,5.886378747021644,0.0
2021-06-12,1011010201,花菜类,52.462,388.222,101,0,0.0,2,7.400060996530821,0.0
2021-06-12,1011010402,水生根茎类,22.347,366.9466,48,0,0.0,3,16.420396473799613,0.0
2021-06-12,1011010501,茄类,48.073,289.865,95,0,0.0,5,6.029684022216213,0.0
2021-06-12,1011010504,辣椒类,77.636,500.0742,265,0,0.0,9,6.441266938018446,0.0
2021-06-12,1011010801,食用菌,62.009,729.7954000000001,188,1,0.67,12,11.769185118289283,0.010804883162121628
2021-06-13,1011010101,花叶类,211.28,1111.3354,440,3,0.9630000000000001,19,5.260012305944717,0.004557932601287391
2021-06-13,1011010201,花菜类,62.324,476.27779999999996,122,1,0.414,2,7.641964572235414,0.006642705859700918
2021-06-13,1011010402,水生根茎类,11.431000000000001,220.9804,29,0,0.0,3,19.33167701863354,0.0
2021-06-13,1011010501,茄类,40.009,233.1483,70,2,1.6669999999999998,5,5.82739633582444,0.041665625234322275
2021-06-13,1011010504,辣椒类,88.876,483.08529999999996,294,1,0.093,10,5.435497772176965,0.0010464017282505963
2021-06-13,1011010801,食用菌,74.602,921.3625999999999,224,2,1.482,8,12.350373984611672,0.019865419157663333
2021-06-14,1011010101,花叶类,170.272,873.5112,368,0,0.0,14,5.130093027626386,0.0
2021-06-14,1011010201,花菜类,73.037,547.068,138,0,0.0,2,7.490285745581006,0.0
2021-06-14,1011010402,水生根茎类,14.049,258.692,36,0,0.0,3,18.413552566018936,0.0
2021-06-14,1011010501,茄类,37.545,176.366,72,0,0.0,5,4.697456385670529,0.0
2021-06-14,1011010504,辣椒类,69.697,378.5292,238,0,0.0,8,5.431068769100535,0.0
2021-06-14,1011010801,食用菌,56.049,635.4052,176,0,0.0,12,11.33660190190726,0.0
2021-06-15,1011010101,花叶类,127.71900000000001,643.0562,270,0,0.0,17,5.034929806841581,0.0
2021-06-15,1011010201,花菜类,45.326,379.8,90,0,0.0,2,8.379296650928827,0.0
2021-06-15,1011010402,水生根茎类,9.998000000000001,187.7056,31,0,0.0,3,18.77431486297259,0.0
2021-06-15,1011010501,茄类,20.698,109.332,38,0,0.0,4,5.282249492704609,0.0
2021-06-15,1011010504,辣椒类,61.187000000000005,386.5196,194,0,0.0,9,6.317021589553336,0.0
2021-06-15,1011010801,食用菌,31.346,272.3302,90,0,0.0,13,8.687877241115293,0.0
2021-06-16,1011010101,花叶类,104.991,559.5713,236,1,0.403,15,5.329707308245468,0.003838424245887743
2021-06-16,1011010201,花菜类,12.99,110.964,24,0,0.0,2,8.542263279445727,0.0
2021-06-16,1011010402,水生根茎类,5.187,68.2764,19,0,0.0,3,13.162984384037014,0.0
2021-06-16,1011010501,茄类,19.793,92.512,39,0,0.0,4,4.673975647956349,0.0
2021-06-16,1011010504,辣椒类,46.695,258.48720000000003,165,0,0.0,9,5.535650497911982,0.0
2021-06-16,1011010801,食用菌,29.826,253.322,79,0,0.0,10,8.493327968886206,0.0
2021-06-17,1011010101,花叶类,113.507,546.9986,258,0,0.0,16,4.819073713515466,0.0
2021-06-17,1011010201,花菜类,48.477,387.122,92,55,27.684,2,7.985683932586588,0.5710749427563587
2021-06-17,1011010402,水生根茎类,9.409,136.409,26,0,0.0,3,14.497714953767668,0.0
2021-06-17,1011010501,茄类,28.237000000000002,145.978,55,0,0.0,3,5.1697418280978855,0.0
2021-06-17,1011010504,辣椒类,45.845,232.8422,166,0,0.0,8,5.07890064347257,0.0
2021-06-17,1011010801,食用菌,22.835,248.19699999999997,74,0,0.0,9,10.869148237354937,0.0
2021-06-18,1011010101,花叶类,150.875,809.407,308,0,0.0,14,5.364752278376139,0.0
2021-06-18,1011010201,花菜类,34.971000000000004,280.474,65,0,0.0,2,8.020188155900602,0.0
2021-06-18,1011010402,水生根茎类,7.902000000000001,140.6044,24,0,0.0,3,17.79352062768919,0.0
2021-06-18,1011010501,茄类,27.339000000000002,147.666,50,0,0.0,3,5.40129485350598,0.0
2021-06-18,1011010504,辣椒类,46.754000000000005,241.0446,151,0,0.0,8,5.1555931043333185,0.0
2021-06-18,1011010801,食用菌,29.866999999999997,295.10200000000003,89,0,0.0,11,9.880537047577596,0.0
2021-06-19,1011010101,花叶类,203.369,1137.2068,450,0,0.0,16,5.591839464225127,0.0
2021-06-19,1011010201,花菜类,44.510999999999996,392.409,76,0,0.0,2,8.81600053919256,0.0
2021-06-19,1011010402,水生根茎类,10.313,186.3838,33,0,0.0,3,18.072704353728305,0.0
2021-06-19,1011010501,茄类,30.488,145.54,61,0,0.0,3,4.7736814484387295,0.0
2021-06-19,1011010504,辣椒类,87.633,490.29699999999997,272,0,0.0,10,5.594890052833978,0.0
2021-06-19,1011010801,食用菌,39.484,393.3918,113,0,0.0,12,9.963321851889372,0.0
2021-06-20,1011010101,花叶类,202.30700000000002,1083.797,425,0,0.0,16,5.357189815478455,0.0
2021-06-20,1011010201,花菜类,43.614000000000004,374.973,65,0,0.0,2,8.59753748796258,0.0
2021-06-20,1011010402,水生根茎类,10.001000000000001,199.1202,36,0,0.0,3,19.910028997100287,0.0
2021-06-20,1011010501,茄类,61.881,319.55800000000005,123,0,0.0,3,5.1640729787818564,0.0
2021-06-20,1011010504,辣椒类,85.134,447.47900000000004,249,0,0.0,10,5.256172621984167,0.0
2021-06-20,1011010801,食用菌,38.578,466.74580000000003,130,0,0.0,11,12.0987557675359,0.0
2021-06-21,1011010101,花叶类,150.07,809.2008000000001,309,0,0.0,15,5.392155660691678,0.0
2021-06-21,1011010201,花菜类,54.07,492.096,112,0,0.0,2,9.10109117810246,0.0
2021-06-21,1011010402,水生根茎类,9.9,156.4032,29,0,0.0,3,15.79830303030303,0.0
2021-06-21,1011010501,茄类,18.566,80.476,37,0,0.0,3,4.33459011095551,0.0
2021-06-21,1011010504,辣椒类,58.693000000000005,295.504,173,0,0.0,9,5.034740088255839,0.0
2021-06-21,1011010801,食用菌,24.224,301.9778,85,6,1.649,7,12.466058454425363,0.0680729854689564
2021-06-22,1011010101,花叶类,126.439,738.4164000000001,266,1,0.188,16,5.840099969155087,0.0014868830028709496
2021-06-22,1011010201,花菜类,26.162,235.68,50,0,0.0,2,9.008485589786714,0.0
2021-06-22,1011010402,水生根茎类,13.910000000000002,202.1816,37,0,0.0,3,14.534982027318474,0.0
2021-06-22,1011010501,茄类,30.919999999999998,147.728,54,0,0.0,3,4.777749029754205,0.0
2021-06-22,1011010504,辣椒类,56.135,343.2924,192,0,0.0,9,6.115478756568986,0.0
2021-06-22,1011010801,食用菌,29.299,276.0998,83,3,0.334,10,9.423522987132667,0.011399706474623707
2021-06-23,1011010101,花叶类,123.214,718.0432,259,3,2.4,18,5.827610498806953,0.01947830603665168
2021-06-23,1011010201,花菜类,57.723,511.89,116,0,0.0,2,8.868042201548777,0.0
2021-06-23,1011010402,水生根茎类,10.931,141.3774,33,0,0.0,3,12.933619979873754,0.0
2021-06-23,1011010501,茄类,24.859,105.392,46,1,0.518,3,4.239591294903254,0.020837523633291766
2021-06-23,1011010504,辣椒类,53.900999999999996,342.8034,168,0,0.0,9,6.35987087438081,0.0
2021-06-23,1011010801,食用菌,32.793,359.9754,110,4,1.192,12,10.97720245174275,0.03634922087030769
2021-06-24,1011010101,花叶类,127.946,729.972,298,5,2.633,19,5.70531317899739,0.02057899426320479
2021-06-24,1011010201,花菜类,34.885,313.81,65,0,0.0,2,8.995556829582917,0.0
2021-06-24,1011010402,水生根茎类,6.119,110.9536,17,0,0.0,3,18.132636051642425,0.0
2021-06-24,1011010501,茄类,19.543,91.69680000000001,36,0,0.0,2,4.6920534206621305,0.0
2021-06-24,1011010504,辣椒类,41.586,254.4178,159,0,0.0,9,6.11787139902852,0.0
2021-06-24,1011010801,食用菌,31.747,303.3978,99,3,0.8919999999999999,13,9.556739219453807,0.028097143037137364
2021-06-25,1011010101,花叶类,146.582,880.3358000000001,308,0,0.0,17,6.005756504891461,0.0
2021-06-25,1011010201,花菜类,40.437,361.436,77,0,0.0,2,8.938249622870144,0.0
2021-06-25,1011010402,水生根茎类,10.916,127.979,31,0,0.0,3,11.723983144008795,0.0
2021-06-25,1011010501,茄类,12.895999999999999,67.6654,24,0,0.0,3,5.247006823821341,0.0
2021-06-25,1011010504,辣椒类,35.531,178.2172,129,0,0.0,8,5.015822802623061,0.0
2021-06-25,1011010801,食用菌,32.537,365.6764,100,0,0.0,8,11.238786612164613,0.0
2021-06-26,1011010101,花叶类,197.69,1211.443,430,0,0.0,15,6.127993322879256,0.0
2021-06-26,1011010201,花菜类,71.821,679.586,149,0,0.0,2,9.462218571169993,0.0
2021-06-26,1011010402,水生根茎类,20.953,260.1548,56,0,0.0,3,12.416112251228942,0.0
2021-06-26,1011010501,茄类,35.449,185.3258,64,0,0.0,3,5.227955654602386,0.0
2021-06-26,1011010504,辣椒类,82.43900000000001,464.73699999999997,272,0,0.0,10,5.637343975545554,0.0
2021-06-26,1011010801,食用菌,47.402,519.3622,157,5,1.809,10,10.956546137293785,0.03816294671110924
2021-06-27,1011010101,花叶类,213.547,1296.8696,456,0,0.0,16,6.0729937671800585,0.0
2021-06-27,1011010201,花菜类,56.542,523.866,113,0,0.0,2,9.265077287679954,0.0
2021-06-27,1011010402,水生根茎类,19.982,276.0006,55,0,0.0,3,13.812461215093586,0.0
2021-06-27,1011010501,茄类,31.775999999999996,205.97879999999998,65,0,0.0,3,6.482212990936556,0.0
2021-06-27,1011010504,辣椒类,79.121,411.0442,259,0,0.0,10,5.195134035211891,0.0
2021-06-27,1011010801,食用菌,49.14,574.2844,171,0,0.0,12,11.686699226699227,0.0
2021-06-28,1011010101,花叶类,125.782,795.7592,279,1,0.89,17,6.3264950469860555,0.007075734206802246
2021-06-28,1011010201,花菜类,35.784,328.412,79,0,0.0,2,9.177621283255085,0.0
2021-06-28,1011010402,水生根茎类,9.933,128.496,26,0,0.0,3,12.936273029296286,0.0
2021-06-28,1011010501,茄类,21.088,122.33420000000001,40,0,0.0,3,5.801128603945372,0.0
2021-06-28,1011010504,辣椒类,45.809999999999995,300.2122,154,0,0.0,10,6.553420650512989,0.0
2021-06-28,1011010801,食用菌,33.153,366.3578,113,0,0.0,12,11.050517298585348,0.0
2021-06-29,1011010101,花叶类,110.196,673.6922,244,0,0.0,18,6.113581255217975,0.0
2021-06-29,1011010201,花菜类,34.383,320.576,73,0,0.0,2,9.32367739871448,0.0
2021-06-29,1011010402,水生根茎类,9.52,104.011,28,0,0.0,3,10.925525210084034,0.0
2021-06-29,1011010501,茄类,19.721,98.915,44,0,0.0,3,5.0157192840119675,0.0
2021-06-29,1011010504,辣椒类,40.321,277.4828,146,0,0.0,10,6.8818432082537635,0.0
2021-06-29,1011010801,食用菌,26.399,267.2494,87,7,2.01,10,10.12346679798477,0.07613924769877646
2021-06-30,1011010101,花叶类,125.41499999999999,795.0218,282,0,0.0,15,6.339128493401906,0.0
2021-06-30,1011010201,花菜类,27.052,249.29399999999998,55,0,0.0,2,9.215363004583764,0.0
2021-06-30,1011010402,水生根茎类,7.4639999999999995,109.7642,20,0,0.0,3,14.705814576634513,0.0
2021-06-30,1011010501,茄类,27.424999999999997,137.863,49,0,0.0,3,5.026909753874203,0.0
2021-06-30,1011010504,辣椒类,39.114000000000004,266.0906,143,0,0.0,9,6.802950350258219,0.0
2021-06-30,1011010801,食用菌,41.537,413.7296,118,1,0.34,13,9.96050749933794,0.008185473192575295
2021-07-01,1011010101,花叶类,148.597,966.3102,334,0,0.0,18,6.5028917138300235,0.0
2021-07-01,1011010201,花菜类,33.72,298.347,64,0,0.0,2,8.847775800711743,0.0
2021-07-01,1011010402,水生根茎类,8.512,113.2644,25,0,0.0,3,13.306437969924811,0.0
2021-07-01,1011010501,茄类,26.278,128.053,46,0,0.0,3,4.873011644721821,0.0
2021-07-01,1011010504,辣椒类,54.567,347.4836,192,0,0.0,10,6.368017299833233,0.0
2021-07-01,1011010801,食用菌,32.65,346.141,98,2,0.36,11,10.601562021439511,0.011026033690658498
2021-07-02,1011010101,花叶类,133.586,815.5383,297,1,0.539,17,6.104968335005165,0.004034853951761412
2021-07-02,1011010201,花菜类,24.972,231.672,56,0,0.0,2,9.277270543008168,0.0
2021-07-02,1011010402,水生根茎类,10.79,138.6138,22,0,0.0,3,12.846506024096387,0.0
2021-07-02,1011010501,茄类,28.564999999999998,123.388,54,0,0.0,4,4.319551899177315,0.0
2021-07-02,1011010504,辣椒类,51.785,403.27090000000004,179,1,0.287,10,7.787407550448973,0.005542145408902192
2021-07-02,1011010801,食用菌,34.247,357.5962,89,0,0.0,11,10.441679563173418,0.0
2021-07-03,1011010101,花叶类,197.925,1228.9836,432,0,0.0,19,6.209339901477832,0.0
2021-07-03,1011010201,花菜类,48.497,428.04599999999994,94,0,0.0,2,8.826236674433469,0.0
2021-07-03,1011010402,水生根茎类,29.657,322.8914,58,0,0.0,4,10.88752739656742,0.0
2021-07-03,1011010501,茄类,47.285000000000004,224.18280000000001,78,1,0.556,3,4.741097599661626,0.011758485777730782
2021-07-03,1011010504,辣椒类,73.552,481.92699999999996,273,0,0.0,11,6.552194365890797,0.0
2021-07-03,1011010801,食用菌,66.849,808.725,207,7,2.93,13,12.097787551047883,0.04383012460919385
2021-07-04,1011010101,花叶类,197.322,1195.2086,414,0,0.0,19,6.057148214593405,0.0
2021-07-04,1011010201,花菜类,45.679,397.654,86,0,0.0,2,8.705400731189386,0.0
2021-07-04,1011010402,水生根茎类,24.214,235.2362,51,0,0.0,4,9.714883951433055,0.0
2021-07-04,1011010501,茄类,39.241,194.218,71,0,0.0,3,4.949364185418312,0.0
2021-07-04,1011010504,辣椒类,57.583,393.914,203,0,0.0,11,6.84080370942813,0.0
2021-07-04,1011010801,食用菌,44.466,486.5004,129,0,0.0,14,10.940952637970584,0.0
2021-07-05,1011010101,花叶类,176.276,1105.9436,382,0,0.0,19,6.2739317887857675,0.0
2021-07-05,1011010201,花菜类,66.35499999999999,533.562,127,0,0.0,2,8.041021776806572,0.0
2021-07-05,1011010402,水生根茎类,14.947000000000001,131.6762,27,0,0.0,4,8.809540375995182,0.0
2021-07-05,1011010501,茄类,49.588,227.714,87,0,0.0,4,4.59211906106316,0.0
2021-07-05,1011010504,辣椒类,53.877,391.438,204,0,0.0,10,7.265400820387177,0.0
2021-07-05,1011010801,食用菌,40.491,428.57820000000004,121,4,1.14,13,10.584529895532341,0.02815440468252204
2021-07-06,1011010101,花叶类,173.864,1063.0446,385,0,0.0,19,6.114230663046979,0.0
2021-07-06,1011010201,花菜类,44.900999999999996,394.034,100,0,0.0,2,8.775617469544109,0.0
2021-07-06,1011010402,水生根茎类,7.861,90.4666,21,0,0.0,3,11.508281389136242,0.0
2021-07-06,1011010501,茄类,49.005,227.692,100,0,0.0,4,4.646301397816549,0.0
2021-07-06,1011010504,辣椒类,46.553000000000004,355.636,177,0,0.0,10,7.6393787725817885,0.0
2021-07-06,1011010801,食用菌,36.365,476.797,117,5,1.866,12,13.111425821531693,0.051313075759659016
2021-07-07,1011010101,花叶类,149.514,865.4684,317,0,0.0,19,5.788544216595101,0.0
2021-07-07,1011010201,花菜类,40.488,347.548,86,0,0.0,2,8.583975498913258,0.0
2021-07-07,1011010402,水生根茎类,8.404,120.95599999999999,22,0,0.0,3,14.392670157068062,0.0
2021-07-07,1011010501,茄类,31.752000000000002,116.248,66,0,0.0,4,3.6611237087427564,0.0
2021-07-07,1011010504,辣椒类,38.244,272.74399999999997,142,0,0.0,10,7.131680786528605,0.0
2021-07-07,1011010801,食用菌,26.099,317.46160000000003,95,5,1.62,9,12.163745737384575,0.06207134372964482
2021-07-08,1011010101,花叶类,143.49099999999999,860.8002,299,0,0.0,18,5.998983908398437,0.0
2021-07-08,1011010201,花菜类,61.361000000000004,480.01800000000003,116,0,0.0,2,7.822851648441192,0.0
2021-07-08,1011010402,水生根茎类,12.209,143.56900000000002,22,0,0.0,4,11.759275943975757,0.0
2021-07-08,1011010501,茄类,33.078,139.172,63,0,0.0,4,4.2073885966503415,0.0
2021-07-08,1011010504,辣椒类,44.995,317.628,172,0,0.0,11,7.059184353817091,0.0
2021-07-08,1011010801,食用菌,34.071,327.3754,90,1,0.558,10,9.608623169264185,0.01637756449766664
2021-07-09,1011010101,花叶类,114.96600000000001,726.2382,260,0,0.0,17,6.31698241219143,0.0
2021-07-09,1011010201,花菜类,28.476,238.07600000000002,68,0,0.0,2,8.360584351734795,0.0
2021-07-09,1011010402,水生根茎类,4.507,61.78399999999999,11,0,0.0,2,13.70845351675172,0.0
2021-07-09,1011010501,茄类,22.81,100.952,44,0,0.0,4,4.4257781674704075,0.0
2021-07-09,1011010504,辣椒类,34.612,268.3076,143,0,0.0,11,7.751866404715127,0.0
2021-07-09,1011010801,食用菌,26.496,267.5068,79,7,1.9740000000000002,10,10.096120169082125,0.07450181159420291
2021-07-10,1011010101,花叶类,176.065,1072.244,370,65,26.156,19,6.090046289722546,0.1485587709084713
2021-07-10,1011010201,花菜类,70.59,565.133,155,94,38.168,2,8.005850687066157,0.5406998158379374
2021-07-10,1011010402,水生根茎类,14.838,216.17059999999998,31,0,0.0,3,14.568715460304622,0.0
2021-07-10,1011010501,茄类,49.929,244.502,98,0,0.0,4,4.896993731098159,0.0
2021-07-10,1011010504,辣椒类,52.771,373.02459999999996,204,0,0.0,10,7.068742301642947,0.0
2021-07-10,1011010801,食用菌,41.077,405.5076,117,0,0.0,12,9.871889378484312,0.0
2021-07-11,1011010101,花叶类,212.957,1285.536,434,112,53.689,17,6.0365989378137375,0.252111928699221
2021-07-11,1011010201,花菜类,75.634,564.162,166,70,26.78,2,7.45910569320676,0.35407356479889995
2021-07-11,1011010402,水生根茎类,14.099,229.7322,41,0,0.0,3,16.294219448187814,0.0
2021-07-11,1011010501,茄类,40.365,185.3024,80,0,0.0,3,4.590670135017961,0.0
2021-07-11,1011010504,辣椒类,39.195,299.916,152,0,0.0,10,7.651894374282434,0.0
2021-07-11,1011010801,食用菌,38.382000000000005,331.023,98,2,0.422,10,8.624433328122556,0.010994737116356623
2021-07-12,1011010101,花叶类,140.305,856.216,297,64,26.573,17,6.102533765724671,0.18939453333808487
2021-07-12,1011010201,花菜类,24.48,199.42100000000002,59,50,20.453,2,8.146282679738563,0.8354983660130718
2021-07-12,1011010402,水生根茎类,7.559,121.73060000000001,20,0,0.0,4,16.104061383780923,0.0
2021-07-12,1011010501,茄类,24.025,121.89240000000001,49,0,0.0,3,5.073565036420396,0.0
2021-07-12,1011010504,辣椒类,42.472,308.5996,147,0,0.0,9,7.26595404030891,0.0
2021-07-12,1011010801,食用菌,24.08,161.5922,47,0,0.0,9,6.710639534883721,0.0
2021-07-13,1011010101,花叶类,149.772,980.757,306,52,24.076,15,6.548333466869642,0.16075100819912935
2021-07-13,1011010201,花菜类,47.258,376.538,103,73,30.786,2,7.967709170934022,0.6514452579457446
2021-07-13,1011010402,水生根茎类,7.123,137.4376,18,0,0.0,4,19.29490383265478,0.0
2021-07-13,1011010501,茄类,28.125,148.3748,53,0,0.0,3,5.2755484444444445,0.0
2021-07-13,1011010504,辣椒类,24.629,245.562,111,12,4.517,9,9.970441349628487,0.18340168094522719
2021-07-13,1011010801,食用菌,18.59,189.124,56,0,0.0,8,10.173426573426573,0.0
2021-07-14,1011010101,花叶类,163.863,892.806,351,87,35.904,16,5.448490507314037,0.21910986616868972
2021-07-14,1011010201,花菜类,50.126999999999995,372.325,99,43,16.714,2,7.42763381012229,0.3334330799768588
2021-07-14,1011010402,水生根茎类,14.182,149.3462,26,3,1.1,5,10.530686786066846,0.07756310816527993
2021-07-14,1011010501,茄类,20.281,101.12,40,0,0.0,4,4.985947438489227,0.0
2021-07-14,1011010504,辣椒类,51.339,300.0606,165,0,0.0,9,5.84469117045521,0.0
2021-07-14,1011010801,食用菌,43.512,472.9676,120,0,0.0,12,10.86981981981982,0.0
2021-07-15,1011010101,花叶类,141.75,852.9634,286,66,27.808,17,6.01737848324515,0.1961763668430335
2021-07-15,1011010201,花菜类,27.631999999999998,213.479,58,32,14.613,2,7.725788940359005,0.5288433700057904
2021-07-15,1011010402,水生根茎类,5.779999999999999,78.5042,15,0,0.0,3,13.58204152249135,0.0
2021-07-15,1011010501,茄类,17.221,112.035,35,0,0.0,3,6.505719760757215,0.0
2021-07-15,1011010504,辣椒类,48.957,331.63,175,0,0.0,10,6.773903629715873,0.0
2021-07-15,1011010801,食用菌,29.008,302.82620000000003,71,0,0.0,10,10.439402923331496,0.0
2021-07-16,1011010101,花叶类,236.055,1379.338,502,0,0.0,16,5.843290758509669,0.0
2021-07-16,1011010201,花菜类,39.074,298.02,83,0,0.0,2,7.627066591595434,0.0
2021-07-16,1011010402,水生根茎类,23.636,221.40640000000002,43,19,7.9239999999999995,5,9.367337959045525,0.33525131155863935
2021-07-16,1011010501,茄类,53.379999999999995,318.996,105,0,0.0,4,5.9759460472086925,0.0
2021-07-16,1011010504,辣椒类,57.948,425.103,212,0,0.0,11,7.335939117829779,0.0
2021-07-16,1011010801,食用菌,47.644,477.73100000000005,115,0,0.0,11,10.027096801276132,0.0
2021-07-17,1011010101,花叶类,223.655,1427.3442,486,0,0.0,17,6.3819015895016875,0.0
2021-07-17,1011010201,花菜类,79.35300000000001,592.918,147,0,0.0,2,7.471904023792421,0.0
2021-07-17,1011010402,水生根茎类,27.115000000000002,339.122,55,28,12.509,5,12.506804351834777,0.4613313664023603
2021-07-17,1011010501,茄类,29.918,198.727,56,0,0.0,5,6.642389197138846,0.0
2021-07-17,1011010504,辣椒类,60.20399999999999,446.59499999999997,242,0,0.0,12,7.4180287024118,0.0
2021-07-17,1011010801,食用菌,46.115,520.0804,148,0,0.0,9,11.277900899924104,0.0
2021-07-18,1011010101,花叶类,234.028,1391.1018,490,4,3.701,20,5.944168219187447,0.015814347001213532
2021-07-18,1011010201,花菜类,60.809999999999995,458.842,110,0,0.0,2,7.5455023844762374,0.0
2021-07-18,1011010402,水生根茎类,30.137999999999998,343.8446,57,28,13.019,5,11.409005242550933,0.4319795606875042
2021-07-18,1011010501,茄类,31.604,190.15699999999998,65,0,0.0,5,6.016864953803315,0.0
2021-07-18,1011010504,辣椒类,67.134,505.16300000000007,245,0,0.0,11,7.524696874906904,0.0
2021-07-18,1011010801,食用菌,43.166,495.52660000000003,125,0,0.0,10,11.479557985451514,0.0
2021-07-19,1011010101,花叶类,174.827,1089.4348,371,4,2.533,18,6.231501999119129,0.014488608738924765
2021-07-19,1011010201,花菜类,34.935,270.339,76,0,0.0,2,7.738342636324602,0.0
2021-07-19,1011010402,水生根茎类,15.754,239.7022,34,16,8.341,4,15.215323092547925,0.529452837374635
2021-07-19,1011010501,茄类,19.986,113.711,38,0,0.0,4,5.689532672871009,0.0
2021-07-19,1011010504,辣椒类,40.146,339.608,138,0,0.0,9,8.45932346933692,0.0
2021-07-19,1011010801,食用菌,40.629,371.048,95,0,0.0,9,9.132590021905536,0.0
2021-07-20,1011010101,花叶类,152.362,988.2304,311,0,0.0,20,6.4860687047951595,0.0
2021-07-20,1011010201,花菜类,46.461,363.393,101,0,0.0,2,7.821463162652547,0.0
2021-07-20,1011010402,水生根茎类,12.512,206.19339999999997,34,12,4.818,3,16.47965153452685,0.38507033248081834
2021-07-20,1011010501,茄类,19.324,121.593,36,0,0.0,5,6.292330780376734,0.0
2021-07-20,1011010504,辣椒类,40.886,299.178,155,0,0.0,11,7.317370248984982,0.0
2021-07-20,1011010801,食用菌,27.025000000000002,315.73400000000004,88,0,0.0,9,11.683034227567068,0.0
2021-07-21,1011010101,花叶类,152.653,976.6402,327,0,0.0,22,6.397779277184203,0.0
2021-07-21,1011010201,花菜类,52.983,412.202,103,0,0.0,2,7.7798916633637205,0.0
2021-07-21,1011010402,水生根茎类,18.057,267.75030000000004,39,18,6.301,4,14.82806113972421,0.34895054549482196
2021-07-21,1011010501,茄类,22.554000000000002,160.268,48,0,0.0,4,7.105967899263988,0.0
2021-07-21,1011010504,辣椒类,58.081,419.509,215,0,0.0,12,7.222826741963809,0.0
2021-07-21,1011010801,食用菌,36.182,370.4296,99,0,0.0,12,10.237952573102646,0.0
2021-07-22,1011010101,花叶类,154.625,1038.613,327,0,0.0,22,6.716979789814067,0.0
2021-07-22,1011010201,花菜类,34.223,273.784,68,0,0.0,2,8.0,0.0
2021-07-22,1011010402,水生根茎类,17.843,265.0412,31,19,9.593,3,14.854071624726783,0.5376338059743316
2021-07-22,1011010501,茄类,26.636,210.27100000000002,54,0,0.0,4,7.894240877008561,0.0
2021-07-22,1011010504,辣椒类,56.815,403.981,187,0,0.0,12,7.110463785972015,0.0
2021-07-22,1011010801,食用菌,31.031,311.7148,87,0,0.0,8,10.045270858174085,0.0
2021-07-23,1011010101,花叶类,150.636,975.7726,328,0,0.0,20,6.477685281074909,0.0
2021-07-23,1011010201,花菜类,38.509,291.478,69,22,17.021,2,7.569087745721779,0.44200057129502196
2021-07-23,1011010402,水生根茎类,13.844000000000001,166.7126,36,0,0.0,3,12.04222767986131,0.0
2021-07-23,1011010501,茄类,19.1,168.033,41,0,0.0,3,8.797539267015706,0.0
2021-07-23,1011010504,辣椒类,45.059999999999995,314.498,165,0,0.0,11,6.97953839325344,0.0
2021-07-23,1011010801,食用菌,28.61,371.2368,102,0,0.0,9,12.975770709542118,0.0
2021-07-24,1011010101,花叶类,206.923,1342.5908,434,2,0.887,16,6.488359438051836,0.004286618693910295
2021-07-24,1011010201,花菜类,50.974000000000004,428.431,101,28,18.726,2,8.40489269039118,0.36736375407070265
2021-07-24,1011010402,水生根茎类,32.222,414.317,69,0,0.0,3,12.858202470361864,0.0
2021-07-24,1011010501,茄类,37.029,292.866,76,0,0.0,4,7.909098274325528,0.0
2021-07-24,1011010504,辣椒类,82.893,565.806,295,0,0.0,12,6.825739205964316,0.0
2021-07-24,1011010801,食用菌,35.038,464.90540000000004,110,0,0.0,12,13.268605514013359,0.0
2021-07-25,1011010101,花叶类,248.502,1560.2746,518,1,0.134,16,6.278720493195226,0.000539231072586941
2021-07-25,1011010201,花菜类,60.229,542.634,127,18,14.269,2,9.00951368941872,0.2369124508127314
2021-07-25,1011010402,水生根茎类,24.134,279.75600000000003,50,0,0.0,2,11.591779232617885,0.0
2021-07-25,1011010501,茄类,29.736,260.812,65,0,0.0,4,8.770917406510627,0.0
2021-07-25,1011010504,辣椒类,72.38499999999999,530.6142,250,0,0.0,10,7.330444152794088,0.0
2021-07-25,1011010801,食用菌,36.532,532.1476,129,0,0.0,9,14.566615569911312,0.0
2021-07-26,1011010101,花叶类,155.365,986.5698,358,1,0.718,16,6.350013194734978,0.0046213754706658505
2021-07-26,1011010201,花菜类,25.066,195.163,52,23,12.993,2,7.785965052262029,0.5183515519029762
2021-07-26,1011010402,水生根茎类,16.444,216.31560000000002,38,0,0.0,3,13.154682558988082,0.0
2021-07-26,1011010501,茄类,16.386,151.355,34,0,0.0,3,9.23684852923227,0.0
2021-07-26,1011010504,辣椒类,47.928000000000004,316.58079999999995,179,0,0.0,6,6.605341345351359,0.0
2021-07-26,1011010801,食用菌,30.861,434.8576,108,0,0.0,9,14.090846051650951,0.0
2021-07-27,1011010101,花叶类,189.082,1108.737,383,0,0.0,17,5.8637892554553055,0.0
2021-07-27,1011010201,花菜类,53.678000000000004,473.765,113,24,14.787,2,8.826055367189536,0.2754759864376467
2021-07-27,1011010402,水生根茎类,33.891,461.22240000000005,73,0,0.0,3,13.608993538107464,0.0
2021-07-27,1011010501,茄类,20.927,175.163,48,0,0.0,4,8.3701916184833,0.0
2021-07-27,1011010504,辣椒类,54.649,385.495,186,0,0.0,10,7.054017456861058,0.0
2021-07-27,1011010801,食用菌,29.008,374.1788,96,0,0.0,9,12.899158852730283,0.0
2021-07-28,1011010101,花叶类,205.803,1317.1194,413,0,0.0,19,6.39990379148992,0.0
2021-07-28,1011010201,花菜类,58.303000000000004,551.396,115,0,0.0,2,9.457420715915132,0.0
2021-07-28,1011010402,水生根茎类,32.418,446.9332,64,0,0.0,3,13.786575359368252,0.0
2021-07-28,1011010501,茄类,15.551,140.416,31,0,0.0,4,9.029387177673462,0.0
2021-07-28,1011010504,辣椒类,63.485,447.5016,200,0,0.0,11,7.048934393951327,0.0
2021-07-28,1011010801,食用菌,35.805,377.714,100,0,0.0,11,10.54919703951962,0.0
2021-07-29,1011010101,花叶类,193.613,1300.9928,399,0,0.0,17,6.719552922582678,0.0
2021-07-29,1011010201,花菜类,31.376,291.748,60,0,0.0,2,9.29844467108618,0.0
2021-07-29,1011010402,水生根茎类,17.107,191.83440000000002,38,0,0.0,2,11.213795522300813,0.0
2021-07-29,1011010501,茄类,59.522000000000006,286.203,116,0,0.0,4,4.80835657403985,0.0
2021-07-29,1011010504,辣椒类,33.377,251.3928,126,0,0.0,12,7.531917188483086,0.0
2021-07-29,1011010801,食用菌,26.28,332.216,85,0,0.0,10,12.641400304414002,0.0
2021-07-30,1011010101,花叶类,214.155,1472.2514,412,0,0.0,20,6.874700100394574,0.0
2021-07-30,1011010201,花菜类,43.631,412.5012,95,1,0.361,2,9.454314592835368,0.008273933671013728
2021-07-30,1011010402,水生根茎类,20.72,247.3596,46,0,0.0,3,11.938204633204634,0.0
2021-07-30,1011010501,茄类,33.845,227.4,68,0,0.0,3,6.718865415866451,0.0
2021-07-30,1011010504,辣椒类,50.32099999999999,372.582,176,0,0.0,10,7.4041056417797755,0.0
2021-07-30,1011010801,食用菌,28.865000000000002,370.7968,93,0,0.0,10,12.84589641434263,0.0
2021-07-31,1011010101,花叶类,255.972,1738.0036,493,1,0.339,19,6.789819198974888,0.0013243636022689982
2021-07-31,1011010201,花菜类,47.858999999999995,468.086,103,0,0.0,2,9.780521949894483,0.0
2021-07-31,1011010402,水生根茎类,23.282,292.81280000000004,49,0,0.0,3,12.57678893565845,0.0
2021-07-31,1011010501,茄类,24.536,181.5038,47,0,0.0,4,7.397448646886208,0.0
2021-07-31,1011010504,辣椒类,57.01499999999999,478.348,215,0,0.0,11,8.389862316934142,0.0
2021-07-31,1011010801,食用菌,44.567,447.5231,119,1,0.133,10,10.041580092893845,0.0029842708730675165
2021-08-01,1011010101,花叶类,251.27100000000002,1683.5803,509,8,4.196,18,6.700257092939496,0.01669910176661851
2021-08-01,1011010201,花菜类,66.798,610.62,150,129,55.997,1,9.141291655438785,0.8383035420222162
2021-08-01,1011010402,水生根茎类,36.228,414.76370000000003,75,55,27.302,3,11.448705421221156,0.7536159876338743
2021-08-01,1011010501,茄类,20.536,143.3434,42,20,10.381,3,6.980103233346318,0.5055025321386832
2021-08-01,1011010504,辣椒类,76.324,578.4027,276,122,42.476,12,7.578254546407421,0.5565221948535192
2021-08-01,1011010801,食用菌,42.984,512.6758,140,1,0.138,8,11.927131025497859,0.003210496929089894
2021-08-02,1011010101,花叶类,283.115,1894.6238,549,4,1.851,16,6.692064355473924,0.006537979266375854
2021-08-02,1011010201,花菜类,24.162,219.818,50,45,21.802,1,9.09767403360649,0.9023259663935105
2021-08-02,1011010402,水生根茎类,22.943,231.808,40,30,17.76,2,10.103648171555593,0.7740923157390054
2021-08-02,1011010501,茄类,35.577,280.998,65,23,13.084,4,7.898305084745763,0.3677656913174242
2021-08-02,1011010504,辣椒类,79.129,627.0964,235,113,46.769000000000005,11,7.924988310227603,0.5910475299826865
2021-08-02,1011010801,食用菌,57.647999999999996,633.1237000000001,144,2,1.453,11,10.982578753816266,0.025204690535664726
2021-08-03,1011010101,花叶类,264.825,1646.6174,473,0,0.0,18,6.217756631737941,0.0
2021-08-03,1011010201,花菜类,20.641,189.122,50,42,16.987,2,9.162443680054263,0.8229736931350226
2021-08-03,1011010402,水生根茎类,27.549,295.7504,57,41,21.426,3,10.735431413118445,0.7777414788195578
2021-08-03,1011010501,茄类,48.443999999999996,395.67,95,61,31.633,4,8.16757493188011,0.652980761291388
2021-08-03,1011010504,辣椒类,55.900999999999996,491.046,208,79,24.366,10,8.784207795924939,0.4358777123843939
2021-08-03,1011010801,食用菌,42.284,608.031,130,0,0.0,10,14.379694447072177,0.0
2021-08-04,1011010101,花叶类,313.269,1981.2976,594,0,0.0,15,6.324588771949986,0.0
2021-08-04,1011010201,花菜类,14.278,129.144,19,16,13.223,2,9.044964280711584,0.926110099453705
2021-08-04,1011010402,水生根茎类,22.617,232.64,39,30,17.885,2,10.286068001945438,0.790776849272671
2021-08-04,1011010501,茄类,33.147,245.824,61,17,9.622,4,7.416176426222585,0.2902826801822186
2021-08-04,1011010504,辣椒类,89.04,728.7744,282,139,52.492,11,8.184797843665768,0.5895327942497753
2021-08-04,1011010801,食用菌,50.028,621.201,148,1,0.47,10,12.417066442792038,0.009394738946190133
2021-08-05,1011010101,花叶类,245.944,1569.2484,511,1,0.952,16,6.3805110106365674,0.0038707998568779886
2021-08-05,1011010201,花菜类,26.638,245.48399999999998,62,42,16.286,2,9.215556723477738,0.6113822359035964
2021-08-05,1011010402,水生根茎类,15.634,161.758,31,24,11.61,2,10.346552385825765,0.7426122553409236
2021-08-05,1011010501,茄类,29.119999999999997,226.642,62,15,7.544,4,7.783035714285715,0.2590659340659341
2021-08-05,1011010504,辣椒类,65.069,494.604,213,99,36.394,10,7.601223316786795,0.5593139590281085
2021-08-05,1011010801,食用菌,58.355000000000004,635.8422,155,0,0.0,11,10.89610487533202,0.0
2021-08-06,1011010101,花叶类,189.756,1238.855,405,0,0.0,17,6.528673665127848,0.0
2021-08-06,1011010201,花菜类,28.948,287.25899999999996,65,0,0.0,2,9.923276219427938,0.0
2021-08-06,1011010402,水生根茎类,22.376,289.6244,41,0,0.0,3,12.943528780836608,0.0
2021-08-06,1011010501,茄类,20.331,180.138,42,0,0.0,4,8.860262653091338,0.0
2021-08-06,1011010504,辣椒类,51.048,389.19599999999997,208,0,0.0,11,7.6241184767277845,0.0
2021-08-06,1011010801,食用菌,51.397,616.4218,151,0,0.0,11,11.993342023853533,0.0
2021-08-07,1011010101,花叶类,232.089,1516.8392000000001,501,0,0.0,16,6.535592811378394,0.0
2021-08-07,1011010201,花菜类,40.416,404.16,93,0,0.0,1,10.000000000000002,0.0
2021-08-07,1011010402,水生根茎类,28.627,367.78760000000005,56,0,0.0,3,12.84757746183673,0.0
2021-08-07,1011010501,茄类,23.784,229.052,50,0,0.0,4,9.630507904473596,0.0
2021-08-07,1011010504,辣椒类,69.382,506.55199999999996,250,0,0.0,9,7.300913781672479,0.0
2021-08-07,1011010801,食用菌,53.974000000000004,653.6324000000001,162,51,11.211,11,12.110134509208137,0.20771112016897023
2021-08-08,1011010101,花叶类,265.775,1856.5024,535,1,0.462,17,6.985240899256891,0.0017383124823629012
2021-08-08,1011010201,花菜类,50.406,504.06,114,0,0.0,1,10.0,0.0
2021-08-08,1011010402,水生根茎类,24.273,272.2204,44,1,0.361,3,11.214946648539529,0.014872492069377498
2021-08-08,1011010501,茄类,32.192,361.536,70,0,0.0,3,11.23061630218688,0.0
2021-08-08,1011010504,辣椒类,54.567,371.165,201,0,0.0,9,6.802004874741145,0.0
2021-08-08,1011010801,食用菌,57.351,603.6348,157,57,11.218,10,10.525270701469896,0.19560251782880858
2021-08-09,1011010101,花叶类,234.344,1618.7516,444,0,0.0,17,6.907587136858636,0.0
2021-08-09,1011010201,花菜类,56.607,566.07,142,0,0.0,1,10.000000000000002,0.0
2021-08-09,1011010402,水生根茎类,19.711000000000002,197.11,38,0,0.0,2,10.0,0.0
2021-08-09,1011010501,茄类,31.015,238.654,64,0,0.0,4,7.6947928421731415,0.0
2021-08-09,1011010504,辣椒类,61.457,410.056,219,0,0.0,10,6.672242380851652,0.0
2021-08-09,1011010801,食用菌,41.987,523.4756,134,55,10.248,11,12.467563769738252,0.2440755471931788
2021-08-10,1011010101,花叶类,193.189,1428.8935999999999,421,0,0.0,17,7.3963507239025,0.0
2021-08-10,1011010201,花菜类,11.233,110.43299999999999,27,1,0.647,2,9.831122585239918,0.05759814831300632
2021-08-10,1011010402,水生根茎类,24.532,273.6644,52,0,0.0,3,11.155405185064406,0.0
2021-08-10,1011010501,茄类,22.361,200.91,48,0,0.0,4,8.984839676221993,0.0
2021-08-10,1011010504,辣椒类,66.971,474.76,223,0,0.0,8,7.089038539069149,0.0
2021-08-10,1011010801,食用菌,39.230000000000004,497.68240000000003,114,42,9.443,10,12.686270711190415,0.24070864134590872
2021-08-11,1011010101,花叶类,225.45,1570.7226,434,0,0.0,16,6.967055222887558,0.0
2021-08-11,1011010201,花菜类,1.054,10.540000000000001,1,0,0.0,1,10.0,0.0
2021-08-11,1011010402,水生根茎类,20.738,207.38,41,0,0.0,2,10.0,0.0
2021-08-11,1011010501,茄类,25.757,245.6835,49,1,0.515,4,9.538513802073222,0.019994564584384828
2021-08-11,1011010504,辣椒类,61.666,431.338,188,0,0.0,9,6.994745889144748,0.0
2021-08-11,1011010801,食用菌,44.244,548.2682,121,43,9.94,11,12.391922068529066,0.22466323117258835
2021-08-12,1011010101,花叶类,275.876,1809.879,514,53,43.021,17,6.560480070756427,0.1559432498658818
2021-08-12,1011010201,花菜类,12.870000000000001,128.7,20,0,0.0,2,9.999999999999998,0.0
2021-08-12,1011010402,水生根茎类,28.536,233.508,51,45,25.926,2,8.182926829268293,0.9085365853658536
2021-08-12,1011010501,茄类,37.175,284.422,75,0,0.0,4,7.650894418291864,0.0
2021-08-12,1011010504,辣椒类,83.793,583.412,253,0,0.0,11,6.962538636878976,0.0
2021-08-12,1011010801,食用菌,52.714,661.4588,142,52,12.57,11,12.548066927192018,0.23845657700041736
2021-08-13,1011010101,花叶类,274.08,1892.1722,541,18,17.758,17,6.903722270869819,0.0647913018096906
2021-08-13,1011010201,花菜类,3.504,35.04,6,0,0.0,1,10.0,0.0
2021-08-13,1011010402,水生根茎类,37.722,306.392,67,63,35.414,1,8.122368909389746,0.938815545305127
2021-08-13,1011010501,茄类,49.079,373.146,94,0,0.0,4,7.6029666456121765,0.0
2021-08-13,1011010504,辣椒类,88.147,648.948,292,0,0.0,13,7.362111019093105,0.0
2021-08-13,1011010801,食用菌,57.871,640.0096000000001,153,37,7.7490000000000006,11,11.059245563408272,0.13390126315425688
2021-08-14,1011010101,花叶类,281.13,1928.865,546,31,26.754,17,6.861114075338811,0.09516593746665244
2021-08-14,1011010201,花菜类,16.528,165.28,15,0,0.0,1,10.0,0.0
2021-08-14,1011010402,水生根茎类,27.112000000000002,224.206,41,34,23.457,1,8.269622307465328,0.8651888462673355
2021-08-14,1011010501,茄类,35.09,245.624,70,0,0.0,4,6.999829011114277,0.0
2021-08-14,1011010504,辣椒类,96.491,658.863,339,0,0.0,10,6.82823268491362,0.0
2021-08-14,1011010801,食用菌,74.363,1105.8674,223,98,24.368,11,14.871204765810957,0.32768984575662624
2021-08-15,1011010101,花叶类,297.827,2073.4338,569,63,56.164,15,6.961873167980069,0.1885792758883513
2021-08-15,1011010201,花菜类,8.103,81.03,9,0,0.0,1,10.0,0.0
2021-08-15,1011010402,水生根茎类,49.471000000000004,413.318,86,69,40.696,2,8.354753289806148,0.8226233550969254
2021-08-15,1011010501,茄类,31.244999999999997,211.173,66,0,0.0,4,6.758617378780605,0.0
2021-08-15,1011010504,辣椒类,78.349,603.469,272,1,0.05,10,7.7023191106459565,0.000638170238292767
2021-08-15,1011010801,食用菌,61.545,677.9512,154,46,10.083,11,11.01553659923633,0.16383134291981477
2021-08-16,1011010101,花叶类,190.57299999999998,1406.8994,386,35,25.737,18,7.38246970977001,0.13505061052719955
2021-08-16,1011010201,花菜类,6.045,60.45,5,0,0.0,1,10.0,0.0
2021-08-16,1011010402,水生根茎类,50.533,429.262,92,72,40.534,2,8.494686640413196,0.8021293016444699
2021-08-16,1011010501,茄类,24.663,164.122,46,0,0.0,3,6.654583789482221,0.0
2021-08-16,1011010504,辣椒类,52.116,434.341,197,0,0.0,9,8.334120039910967,0.0
2021-08-16,1011010801,食用菌,41.091,482.1078,111,32,7.247,9,11.732685989632765,0.17636465406049986
2021-08-17,1011010101,花叶类,183.216,1402.9066,398,18,11.307,14,7.65711837394114,0.061714042441708146
2021-08-17,1011010201,花菜类,9.498000000000001,94.98,10,0,0.0,1,10.0,0.0
2021-08-17,1011010402,水生根茎类,56.144999999999996,480.298,106,83,44.153,2,8.554599697212575,0.786410187906314
2021-08-17,1011010501,茄类,28.565,196.07,64,0,0.0,4,6.863994398739716,0.0
2021-08-17,1011010504,辣椒类,59.86000000000001,465.638,203,0,0.0,9,7.778783828934179,0.0
2021-08-17,1011010801,食用菌,57.879,621.136,148,51,10.225,11,10.731629779367301,0.1766616562138254
2021-08-18,1011010101,花叶类,185.59,1389.1288,384,20,10.137,17,7.48493345546635,0.05462039980602403
2021-08-18,1011010201,花菜类,8.645,83.316,9,3,1.5670000000000002,2,9.637478311162523,0.1812608444187392
2021-08-18,1011010402,水生根茎类,54.55,467.276,99,73,42.884,2,8.56601283226398,0.786141154903758
2021-08-18,1011010501,茄类,25.035,192.989,48,0,0.0,4,7.7087677251847415,0.0
2021-08-18,1011010504,辣椒类,54.410000000000004,441.72299999999996,196,0,0.0,9,8.11841573240213,0.0
2021-08-18,1011010801,食用菌,38.636,449.4128,105,48,9.652,9,11.631970183248782,0.24981882182420537
2021-08-19,1011010101,花叶类,183.245,1427.83,356,3,1.696,17,7.791917924090698,0.009255368495729761
2021-08-19,1011010201,花菜类,8.906,89.06,8,0,0.0,1,10.0,0.0
2021-08-19,1011010402,水生根茎类,28.569,242.398,51,40,24.189,2,8.484651195351605,0.8466869683923134
2021-08-19,1011010501,茄类,31.477999999999998,229.489,58,0,0.0,4,7.29045682699028,0.0
2021-08-19,1011010504,辣椒类,50.98800000000001,373.81600000000003,175,0,0.0,9,7.331450537381344,0.0
2021-08-19,1011010801,食用菌,35.688,435.3024,102,35,8.065,10,12.197444519166105,0.2259863259358888
2021-08-20,1011010101,花叶类,195.116,1445.7372,374,5,3.304,18,7.409629143688882,0.016933516472252403
2021-08-20,1011010201,花菜类,47.274,396.66600000000005,85,72,38.037,2,8.390785632694506,0.8046071836527477
2021-08-20,1011010402,水生根茎类,27.29,235.224,50,36,22.09,2,8.619421033345548,0.8094540124587761
2021-08-20,1011010501,茄类,25.752,248.06600000000003,51,0,0.0,4,9.632882882882884,0.0
2021-08-20,1011010504,辣椒类,47.075,353.637,184,0,0.0,12,7.512203929899097,0.0
2021-08-20,1011010801,食用菌,42.358000000000004,503.93180000000007,108,34,8.541,10,11.896968695405826,0.2016384154114925
2021-08-21,1011010101,花叶类,241.956,1808.9882,499,17,12.488,17,7.47651721800658,0.051612689910562254
2021-08-21,1011010201,花菜类,34.9,303.31399999999996,57,40,22.843,2,8.690945558739255,0.6545272206303725
2021-08-21,1011010402,水生根茎类,37.692,326.094,69,51,29.820999999999998,2,8.651544094237504,0.7911758463334394
2021-08-21,1011010501,茄类,33.887,231.68800000000002,68,0,0.0,4,6.837076164900995,0.0
2021-08-21,1011010504,辣椒类,67.62899999999999,533.398,231,0,0.0,12,7.887119431013324,0.0
2021-08-21,1011010801,食用菌,70.575,1159.3764,228,122,30.021,10,16.42757917109458,0.4253772582359192
2021-08-22,1011010101,花叶类,281.156,2067.0782,563,11,10.402,16,7.35206860248403,0.036997254193401524
2021-08-22,1011010201,花菜类,1.546,15.46,2,0,0.0,1,10.0,0.0
2021-08-22,1011010402,水生根茎类,51.313,523.218,92,0,0.0,2,10.196597353497163,0.0
2021-08-22,1011010501,茄类,21.861,159.38500000000002,50,0,0.0,4,7.290837564612781,0.0
2021-08-22,1011010504,辣椒类,94.447,669.673,301,0,0.0,12,7.09046343451883,0.0
2021-08-22,1011010801,食用菌,60.822,960.0758000000001,206,121,27.785,8,15.78500871395219,0.4568248331195949
2021-08-23,1011010101,花叶类,178.374,1321.0729999999999,352,11,11.0,15,7.4061970915043664,0.061668180340184106
2021-08-23,1011010201,花菜类,4.509,45.09,4,0,0.0,1,10.0,0.0
2021-08-23,1011010402,水生根茎类,38.788,390.47200000000004,58,0,0.0,2,10.066824791172529,0.0
2021-08-23,1011010501,茄类,29.713,199.834,65,0,0.0,4,6.72547369838118,0.0
2021-08-23,1011010504,辣椒类,15.773,135.953,86,0,0.0,8,8.619349521333925,0.0
2021-08-23,1011010801,食用菌,40.53,498.8602,121,38,8.141,10,12.308418455465088,0.2008635578583765
2021-08-24,1011010101,花叶类,168.012,1298.313,335,15,15.0,17,7.72750160702807,0.0892793371902007
2021-08-24,1011010201,花菜类,9.206999999999999,92.07,7,0,0.0,1,10.0,0.0
2021-08-24,1011010402,水生根茎类,31.616,323.284,57,0,0.0,2,10.225328947368421,0.0
2021-08-24,1011010501,茄类,22.695,153.405,45,0,0.0,4,6.75941837409121,0.0
2021-08-24,1011010504,辣椒类,53.891000000000005,320.849,184,0,0.0,12,5.953665732682636,0.0
2021-08-24,1011010801,食用菌,43.365,489.493,119,41,7.884,10,11.287743572005073,0.18180560359737116
2021-08-25,1011010101,花叶类,145.216,1236.846,322,8,8.0,15,8.517284596738651,0.05509034817100044
2021-08-25,1011010201,花菜类,2.219,22.189999999999998,3,0,0.0,2,10.0,0.0
2021-08-25,1011010402,水生根茎类,35.363,291.73199999999997,62,0,0.0,2,8.24963945366626,0.0
2021-08-25,1011010501,茄类,27.139,182.23999999999998,52,0,0.0,4,6.715059508456465,0.0
2021-08-25,1011010504,辣椒类,53.903,289.696,175,0,0.0,10,5.3743947461180275,0.0
2021-08-25,1011010801,食用菌,34.177,386.7408,94,33,6.657,10,11.315820581092547,0.19478011528220734
2021-08-26,1011010101,花叶类,255.505,1953.7194,500,7,7.0,17,7.646501634018904,0.027396724134557054
2021-08-26,1011010201,花菜类,5.452,54.52,6,0,0.0,2,10.0,0.0
2021-08-26,1011010402,水生根茎类,63.126,515.144,115,0,0.0,2,8.160567753382125,0.0
2021-08-26,1011010501,茄类,34.842,248.52,72,1,0.487,3,7.132770793869469,0.013977383617473164
2021-08-26,1011010504,辣椒类,61.124,359.49,216,0,0.0,11,5.8813232118316865,0.0
2021-08-26,1011010801,食用菌,49.747,607.1763000000001,138,46,8.668,11,12.205284740788391,0.17424166281383802
2021-08-27,1011010101,花叶类,259.053,1971.2064,500,0,0.0,16,7.609278410209494,0.0
2021-08-27,1011010201,花菜类,19.567999999999998,165.22,28,23,15.23,2,8.443376941946035,0.778311529026983
2021-08-27,1011010402,水生根茎类,56.396,459.668,90,0,0.0,2,8.15071990921342,0.0
2021-08-27,1011010501,茄类,33.381,233.774,64,0,0.0,4,7.0032054162547555,0.0
2021-08-27,1011010504,辣椒类,64.045,343.342,217,0,0.0,9,5.360949332500585,0.0
2021-08-27,1011010801,食用菌,61.288,653.7654,158,42,8.747,11,10.667102858634644,0.14271961884871429
2021-08-28,1011010101,花叶类,244.915,1784.108,470,0,0.0,17,7.2846007798624015,0.0
2021-08-28,1011010201,花菜类,35.501999999999995,319.94,48,31,17.54,2,9.011886654272999,0.4940566728635007
2021-08-28,1011010402,水生根茎类,49.574,412.984,92,0,0.0,2,8.330657199338363,0.0
2021-08-28,1011010501,茄类,34.078,253.705,67,0,0.0,4,7.444832443218498,0.0
2021-08-28,1011010504,辣椒类,75.85000000000001,440.058,279,0,0.0,11,5.801687541199736,0.0
2021-08-28,1011010801,食用菌,61.493,720.841,183,46,8.933,12,11.722326118419982,0.145268567153985
2021-08-29,1011010101,花叶类,229.082,1771.7462,479,0,0.0,17,7.7341135488602335,0.0
2021-08-29,1011010201,花菜类,56.181,489.53200000000004,84,61,36.139,2,8.713479646143716,0.6432601769281431
2021-08-29,1011010402,水生根茎类,55.375,454.136,88,0,0.0,2,8.201101580135441,0.0
2021-08-29,1011010501,茄类,39.917,310.353,81,0,0.0,4,7.774958037928702,0.0
2021-08-29,1011010504,辣椒类,81.325,427.007,261,0,0.0,11,5.250624039348294,0.0
2021-08-29,1011010801,食用菌,65.999,729.445,165,58,12.675,13,11.052364429764088,0.19204836436915712
2021-08-30,1011010101,花叶类,178.587,1399.7246,376,0,0.0,17,7.837774306080511,0.0
2021-08-30,1011010201,花菜类,48.287000000000006,408.78600000000006,79,66,37.042,2,8.465756828960176,0.7671215855199122
2021-08-30,1011010402,水生根茎类,40.953,332.54,65,0,0.0,2,8.120040045906283,0.0
2021-08-30,1011010501,茄类,41.208,314.522,82,0,0.0,4,7.632547078237236,0.0
2021-08-30,1011010504,辣椒类,65.327,382.244,205,0,0.0,12,5.851240681494636,0.0
2021-08-30,1011010801,食用菌,47.989,517.11,127,37,7.765,11,10.775594407051617,0.1618079143136969
2021-08-31,1011010101,花叶类,165.821,1290.6386,346,0,0.0,17,7.783324186924455,0.0
2021-08-31,1011010201,花菜类,42.879,361.952,70,56,33.419,2,8.441241633433616,0.7793791832831922
2021-08-31,1011010402,水生根茎类,31.335,256.564,56,0,0.0,2,8.187777245891176,0.0
2021-08-31,1011010501,茄类,39.432,305.287,78,0,0.0,4,7.74211300466626,0.0
2021-08-31,1011010504,辣椒类,66.341,428.4972,222,0,0.0,12,6.459010265145236,0.0
2021-08-31,1011010801,食用菌,42.531,435.62280000000004,127,32,5.897,11,10.24247725188686,0.13865180691730739
2021-09-01,1011010101,花叶类,177.642,1336.0462,377,84,34.608000000000004,18,7.521004041836953,0.19481879285304154
2021-09-01,1011010201,花菜类,8.003,80.03,9,0,0.0,1,10.0,0.0
2021-09-01,1011010402,水生根茎类,47.449,303.064,83,0,0.0,2,6.38715252165483,0.0
2021-09-01,1011010501,茄类,27.264000000000003,231.483,57,0,0.0,4,8.490426936619718,0.0
2021-09-01,1011010504,辣椒类,44.769,325.5798,159,0,0.0,11,7.272438517724318,0.0
2021-09-01,1011010801,食用菌,61.883,570.0334,139,32,6.697,10,9.21147003215746,0.1082203513081137
2021-09-02,1011010101,花叶类,161.364,1276.7444,332,63,24.925,18,7.912200986589326,0.15446444064351406
2021-09-02,1011010201,花菜类,27.869,334.428,71,0,0.0,1,12.0,0.0
2021-09-02,1011010402,水生根茎类,45.638,293.418,74,0,0.0,2,6.429247556860512,0.0
2021-09-02,1011010501,茄类,24.511000000000003,205.6,50,0,0.0,4,8.388070662151685,0.0
2021-09-02,1011010504,辣椒类,44.128,348.296,153,0,0.0,11,7.892857142857142,0.0
2021-09-02,1011010801,食用菌,40.494,422.572,107,37,7.73,11,10.435422531733096,0.1908924778979602
2021-09-03,1011010101,花叶类,149.219,1190.489,312,52,19.523,18,7.978132811505238,0.13083454519866775
2021-09-03,1011010201,花菜类,24.967,299.604,60,0,0.0,1,12.0,0.0
2021-09-03,1011010402,水生根茎类,54.833999999999996,364.792,97,0,0.0,2,6.652660757923916,0.0
2021-09-03,1011010501,茄类,20.685,181.352,42,0,0.0,4,8.767319313512207,0.0
2021-09-03,1011010504,辣椒类,42.436,361.144,163,0,0.0,13,8.510321425205015,0.0
2021-09-03,1011010801,食用菌,46.246,486.733,125,38,7.234,12,10.524867015525667,0.15642433940232667
2021-09-04,1011010101,花叶类,221.353,1716.02,459,95,36.375,18,7.752413565662087,0.1643302778819352
2021-09-04,1011010201,花菜类,32.878,394.536,77,0,0.0,1,12.0,0.0
2021-09-04,1011010402,水生根茎类,66.40899999999999,430.156,93,0,0.0,2,6.477375054585976,0.0
2021-09-04,1011010501,茄类,26.823,241.69400000000002,56,0,0.0,4,9.010699772583232,0.0
2021-09-04,1011010504,辣椒类,90.712,719.0899999999999,311,0,0.0,12,7.92717611782344,0.0
2021-09-04,1011010801,食用菌,78.639,961.0584,224,92,20.201,12,12.221142181360394,0.2568827172268213
2021-09-05,1011010101,花叶类,238.552,1806.7762,457,81,37.716,18,7.573930212280761,0.1581038934907274
2021-09-05,1011010201,花菜类,51.129,612.022,112,0,0.0,2,11.970153924387336,0.0
2021-09-05,1011010402,水生根茎类,58.946,374.14200000000005,90,0,0.0,2,6.347199131408408,0.0
2021-09-05,1011010501,茄类,30.823,260.966,60,0,0.0,4,8.466599617168997,0.0
2021-09-05,1011010504,辣椒类,63.285,597.361,224,0,0.0,13,9.439219404282216,0.0
2021-09-05,1011010801,食用菌,74.857,976.0944000000001,218,101,22.746,10,13.03945389208758,0.30385935851022616
2021-09-06,1011010101,花叶类,191.936,1573.135,358,15,7.299,18,8.196143506168722,0.03802830110036679
2021-09-06,1011010201,花菜类,34.751,354.082,81,75,31.465,1,10.189116859946477,0.9054415700267618
2021-09-06,1011010402,水生根茎类,33.471,270.24399999999997,59,0,0.0,2,8.0739744853754,0.0
2021-09-06,1011010501,茄类,20.716,184.626,41,0,0.0,4,8.912241745510716,0.0
2021-09-06,1011010504,辣椒类,42.718,348.586,153,0,0.0,13,8.160166674469778,0.0
2021-09-06,1011010801,食用菌,37.744,418.6324,106,29,5.022,12,11.091362865621026,0.13305426027977957
2021-09-07,1011010101,花叶类,163.316,1372.8056000000001,303,20,11.031,18,8.405824291557472,0.06754390261823703
2021-09-07,1011010201,花菜类,23.172,236.618,52,45,20.723,1,10.211375798377352,0.894312100811324
2021-09-07,1011010402,水生根茎类,34.141999999999996,275.07599999999996,62,0,0.0,2,8.056821510163434,0.0
2021-09-07,1011010501,茄类,19.175,159.586,36,0,0.0,4,8.322607561929596,0.0
2021-09-07,1011010504,辣椒类,45.236,386.3088,150,1,0.078,10,8.539853214254135,0.0017242903881864004
2021-09-07,1011010801,食用菌,44.438,456.6076,123,39,7.628,12,10.275160898330258,0.17165488995904404
2021-09-08,1011010101,花叶类,161.268,1285.0652,324,34,16.397,17,7.968507081380063,0.10167547188530891
2021-09-08,1011010201,花菜类,15.183,157.314,37,33,12.441,1,10.361193440031615,0.8194032799841929
2021-09-08,1011010402,水生根茎类,38.571,311.44399999999996,62,0,0.0,2,8.074563791449535,0.0
2021-09-08,1011010501,茄类,16.32,133.052,32,0,0.0,4,8.152696078431372,0.0
2021-09-08,1011010504,辣椒类,36.083,367.914,131,0,0.0,13,10.196325139262257,0.0
2021-09-08,1011010801,食用菌,42.227,407.8928,107,23,4.563,12,9.659525895753903,0.108058824922443
2021-09-09,1011010101,花叶类,120.989,999.0134,252,52,23.347,18,8.257059732702974,0.19296795576457365
2021-09-09,1011010201,花菜类,14.255,143.152,35,33,13.291,2,10.042230796211854,0.9323746054016134
2021-09-09,1011010402,水生根茎类,39.028,329.06399999999996,61,0,0.0,3,8.431485087629394,0.0
2021-09-09,1011010501,茄类,12.804,107.13199999999999,23,0,0.0,4,8.367072789753202,0.0
2021-09-09,1011010504,辣椒类,39.957,402.971,138,0,0.0,11,10.085116500237756,0.0
2021-09-09,1011010801,食用菌,41.997,411.75440000000003,109,33,6.014,11,9.804376503083555,0.1432007048122485
2021-09-10,1011010101,花叶类,133.882,1092.973,271,34,15.83,18,8.163703858621771,0.1182384487832569
2021-09-10,1011010201,花菜类,24.651,254.806,54,46,20.503,1,10.33653807147783,0.8317309642610847
2021-09-10,1011010402,水生根茎类,43.851,301.728,63,0,0.0,3,6.880755284942191,0.0
2021-09-10,1011010501,茄类,13.491,113.02799999999999,29,0,0.0,4,8.378029797642872,0.0
2021-09-10,1011010504,辣椒类,36.978,366.501,139,0,0.0,12,9.911325653091026,0.0
2021-09-10,1011010801,食用菌,35.582,422.2126,104,36,7.101999999999999,10,11.865904108819066,0.19959530099488504
2021-09-11,1011010101,花叶类,257.43,1963.8984,472,31,41.39,18,7.628863768791516,0.16078157168939128
2021-09-11,1011010201,花菜类,18.06,145.926,17,0,0.0,2,8.080066445182725,0.0
2021-09-11,1011010402,水生根茎类,67.532,462.312,101,0,0.0,3,6.845821240300895,0.0
2021-09-11,1011010501,茄类,26.026,214.934,54,0,0.0,4,8.25843387381849,0.0
2021-09-11,1011010504,辣椒类,53.879999999999995,529.982,203,0,0.0,11,9.83634001484781,0.0
2021-09-11,1011010801,食用菌,62.394000000000005,663.3822,164,53,10.454,11,10.63214732185787,0.16754816168221304
2021-09-12,1011010101,花叶类,275.532,2239.3478,575,24,19.09,18,8.127360161433156,0.0692841484836607
2021-09-12,1011010201,花菜类,32.063,256.504,28,0,0.0,1,8.0,0.0
2021-09-12,1011010402,水生根茎类,57.208,381.13800000000003,87,0,0.0,3,6.662319955251014,0.0
2021-09-12,1011010501,茄类,34.906,282.924,73,0,0.0,4,8.105311407780897,0.0
2021-09-12,1011010504,辣椒类,52.389,487.5578,197,0,0.0,9,9.306491820802076,0.0
2021-09-12,1011010801,食用菌,57.278000000000006,617.4814,152,47,9.74,11,10.780428785921295,0.17004783686581235
2021-09-13,1011010101,花叶类,152.695,1040.8032,286,33,30.169999999999998,18,6.81622319001932,0.19758341792462097
2021-09-13,1011010201,花菜类,11.356,136.272,28,0,0.0,1,12.0,0.0
2021-09-13,1011010402,水生根茎类,29.936999999999998,182.232,50,0,0.0,2,6.087183084477403,0.0
2021-09-13,1011010501,茄类,26.428,204.86800000000002,59,0,0.0,4,7.751929771454519,0.0
2021-09-13,1011010504,辣椒类,46.013999999999996,419.366,156,0,0.0,7,9.113878384839397,0.0
2021-09-13,1011010801,食用菌,31.415,452.75780000000003,103,38,8.219,8,14.412153429890182,0.26162661149132577
2021-09-14,1011010101,花叶类,163.291,1193.244,309,15,31.856,19,7.3074694869894845,0.19508729813645578
2021-09-14,1011010201,花菜类,10.777000000000001,129.324,25,0,0.0,1,12.0,0.0
2021-09-14,1011010402,水生根茎类,41.431000000000004,282.21,62,0,0.0,3,6.811566218532016,0.0
2021-09-14,1011010501,茄类,24.411,186.907,48,0,0.0,4,7.65667117283192,0.0
2021-09-14,1011010504,辣椒类,34.598,313.25,119,0,0.0,7,9.053991560205793,0.0
2021-09-14,1011010801,食用菌,35.185,425.1042,101,38,8.996,10,12.081972431433849,0.25567713514281654
2021-09-15,1011010101,花叶类,150.327,1103.619,311,19,24.123,20,7.34145562673372,0.16047017501845975
2021-09-15,1011010201,花菜类,12.702,152.424,33,0,0.0,1,12.0,0.0
2021-09-15,1011010402,水生根茎类,32.841,244.22999999999996,48,0,0.0,3,7.436740659541425,0.0
2021-09-15,1011010501,茄类,20.887,157.74300000000002,45,0,0.0,4,7.552209508306603,0.0
2021-09-15,1011010504,辣椒类,33.653,314.136,117,0,0.0,7,9.334561554690518,0.0
2021-09-15,1011010801,食用菌,35.282,415.7536,97,35,8.223,10,11.783731081004479,0.23306501898985324
2021-09-16,1011010101,花叶类,97.458,821.3688,248,51,19.786,19,8.427925875761867,0.20302078844220076
2021-09-16,1011010201,花菜类,9.283,111.396,22,0,0.0,1,12.0,0.0
2021-09-16,1011010402,水生根茎类,35.964999999999996,263.6766,49,0,0.0,3,7.331477825663841,0.0
2021-09-16,1011010501,茄类,28.808,207.409,57,25,13.679,3,7.199701471813385,0.47483337961677313
2021-09-16,1011010504,辣椒类,33.706,338.607,129,0,0.0,8,10.045896872960304,0.0
2021-09-16,1011010801,食用菌,38.913,384.12780000000004,97,0,0.0,10,9.871451699946036,0.0
2021-09-17,1011010101,花叶类,128.348,1108.2166,288,6,2.277,19,8.634467229719199,0.01774082961947206
2021-09-17,1011010201,花菜类,13.163,157.956,34,0,0.0,1,11.999999999999998,0.0
2021-09-17,1011010402,水生根茎类,31.276,224.4552,40,0,0.0,3,7.176595472566824,0.0
2021-09-17,1011010501,茄类,22.689,157.075,45,16,7.915,4,6.922958261712724,0.34884745912116005
2021-09-17,1011010504,辣椒类,30.378,301.779,111,0,0.0,8,9.934129962472841,0.0
2021-09-17,1011010801,食用菌,33.650999999999996,355.5196,90,0,0.0,12,10.564904460491517,0.0
2021-09-18,1011010101,花叶类,134.812,1093.8648,295,25,10.781,19,8.114001720915052,0.07997062576031808
2021-09-18,1011010201,花菜类,35.325,396.374,78,31,13.763,1,11.220778485491861,0.3896107572540693
2021-09-18,1011010402,水生根茎类,34.827,252.54719999999998,52,0,0.0,3,7.251477302093203,0.0
2021-09-18,1011010501,茄类,25.935000000000002,178.031,49,24,13.453,3,6.864507422402159,0.5187198766146134
2021-09-18,1011010504,辣椒类,45.04900000000001,443.344,155,0,0.0,8,9.841372727474527,0.0
2021-09-18,1011010801,食用菌,41.645,415.46320000000003,103,0,0.0,11,9.97630447832873,0.0
2021-09-19,1011010101,花叶类,217.32,1855.626,473,48,21.521,19,8.53868028713418,0.09902908153874472
2021-09-19,1011010201,花菜类,51.647,516.47,110,0,0.0,1,10.0,0.0
2021-09-19,1011010402,水生根茎类,93.77,743.4048,117,0,0.0,3,7.927959901887598,0.0
2021-09-19,1011010501,茄类,46.834999999999994,307.554,88,55,31.939,4,6.56675563147219,0.6819472616632861
2021-09-19,1011010504,辣椒类,75.51100000000001,745.4878,258,0,0.0,11,9.872572208022671,0.0
2021-09-19,1011010801,食用菌,113.493,1367.9322,297,0,0.0,11,12.053009436705347,0.0
2021-09-20,1011010101,花叶类,224.8,1888.632,472,56,23.654,20,8.401387900355871,0.10522241992882561
2021-09-20,1011010201,花菜类,70.42599999999999,702.1164,135,0,0.0,2,9.969562377531027,0.0
2021-09-20,1011010402,水生根茎类,94.882,730.5018,115,0,0.0,3,7.69905566914694,0.0
2021-09-20,1011010501,茄类,40.869,290.425,78,29,15.849,4,7.106241894834716,0.3878000440431623
2021-09-20,1011010504,辣椒类,88.648,868.3414,309,0,0.0,11,9.795386246728635,0.0
2021-09-20,1011010801,食用菌,92.289,1175.2796,261,0,0.0,11,12.734774458494512,0.0
2021-09-21,1011010101,花叶类,239.76999999999998,1974.669,518,51,26.509999999999998,19,8.235680026692247,0.11056429077866288
2021-09-21,1011010201,花菜类,56.3,563.0,124,0,0.0,1,10.0,0.0
2021-09-21,1011010402,水生根茎类,94.155,672.4613999999999,123,0,0.0,3,7.142067866815356,0.0
2021-09-21,1011010501,茄类,32.473,233.244,69,24,10.978,4,7.182705632371509,0.33806546977488994
2021-09-21,1011010504,辣椒类,100.446,971.9278,325,123,47.075,10,9.676122493678196,0.46865977739282805
2021-09-21,1011010801,食用菌,81.116,1022.6990000000001,207,0,0.0,11,12.607857882538587,0.0
2021-09-22,1011010101,花叶类,138.42000000000002,1179.691,320,40,16.902,18,8.52254731975148,0.12210663198959687
2021-09-22,1011010201,花菜类,39.227000000000004,392.27,98,0,0.0,1,9.999999999999998,0.0
2021-09-22,1011010402,水生根茎类,30.22,226.6212,51,0,0.0,3,7.499046988749172,0.0
2021-09-22,1011010501,茄类,31.009,214.52100000000002,61,31,15.346,4,6.918023799542069,0.49488858073462544
2021-09-22,1011010504,辣椒类,50.963,478.767,166,0,0.0,10,9.394403783136784,0.0
2021-09-22,1011010801,食用菌,36.948,358.65160000000003,94,0,0.0,12,9.706928656490204,0.0
2021-09-23,1011010101,花叶类,107.29,882.1366,236,32,13.606,18,8.22198340945102,0.12681517382794294
2021-09-23,1011010201,花菜类,27.567,275.67,68,0,0.0,1,10.0,0.0
2021-09-23,1011010402,水生根茎类,19.216,157.132,30,0,0.0,3,8.17714404662781,0.0
2021-09-23,1011010501,茄类,22.845,153.977,46,24,12.344,4,6.740074414532721,0.5403370540599693
2021-09-23,1011010504,辣椒类,45.501000000000005,421.5736,152,0,0.0,10,9.265150216478757,0.0
2021-09-23,1011010801,食用菌,33.475,350.4852,87,0,0.0,11,10.470058252427185,0.0
2021-09-24,1011010101,花叶类,104.729,835.3696,245,6,2.88,18,7.976487887786573,0.027499546448452674
2021-09-24,1011010201,花菜类,8.431000000000001,67.44800000000001,10,0,0.0,1,8.0,0.0
2021-09-24,1011010402,水生根茎类,32.314,249.05200000000002,52,17,9.096,3,7.707247632605063,0.2814878999814322
2021-09-24,1011010501,茄类,15.31,109.819,35,12,5.432,3,7.173024167210973,0.354800783801437
2021-09-24,1011010504,辣椒类,40.147,401.3693,149,40,13.461,10,9.997491717936583,0.33529279896380804
2021-09-24,1011010801,食用菌,40.365,415.1176,95,0,0.0,11,10.284097609315,0.0
2021-09-25,1011010101,花叶类,186.971,1533.4314,431,32,16.074,18,8.201439795476304,0.0859705515828658
2021-09-25,1011010201,花菜类,48.621,388.968,42,0,0.0,1,8.0,0.0
2021-09-25,1011010402,水生根茎类,43.444,267.77599999999995,74,0,0.0,2,6.163704999539636,0.0
2021-09-25,1011010501,茄类,36.043,244.897,78,43,20.71,3,6.794578697666676,0.5745914602003164
2021-09-25,1011010504,辣椒类,77.276,683.823,244,123,47.307,10,8.849099332263576,0.6121823075728557
2021-09-25,1011010801,食用菌,38.452,381.61400000000003,105,0,0.0,8,9.924425257463852,0.0
2021-09-26,1011010101,花叶类,150.342,1179.8736000000001,342,0,0.0,18,7.847930717963044,0.0
2021-09-26,1011010201,花菜类,2.299,18.392,2,0,0.0,1,8.0,0.0
2021-09-26,1011010402,水生根茎类,48.868,305.30400000000003,73,0,0.0,2,6.247523942047966,0.0
2021-09-26,1011010501,茄类,28.75,216.667,65,0,0.0,4,7.53624347826087,0.0
2021-09-26,1011010504,辣椒类,46.272,406.6904,160,0,0.0,9,8.789125172890733,0.0
2021-09-26,1011010801,食用菌,27.192,262.0142,68,40,7.615,5,9.635709032068256,0.2800456016475434
2021-09-27,1011010101,花叶类,96.875,736.4946,227,7,3.066,18,7.602524903225806,0.031649032258064515
2021-09-27,1011010201,花菜类,4.863,38.904,4,0,0.0,1,8.0,0.0
2021-09-27,1011010402,水生根茎类,42.394999999999996,257.522,68,0,0.0,2,6.074348390140347,0.0
2021-09-27,1011010501,茄类,11.333,90.664,27,0,0.0,4,8.0,0.0
2021-09-27,1011010504,辣椒类,32.674,314.337,122,0,0.0,12,9.620401542510864,0.0
2021-09-27,1011010801,食用菌,12.762,138.67100000000002,39,28,5.049,3,10.865930104999217,0.39562764456981664
2021-09-28,1011010101,花叶类,104.01,796.8764,237,9,3.922,17,7.66153639073166,0.037707912700701854
2021-09-28,1011010201,花菜类,12.669,122.598,32,0,0.0,2,9.67700686715605,0.0
2021-09-28,1011010402,水生根茎类,33.697,205.966,57,0,0.0,2,6.112294863044188,0.0
2021-09-28,1011010501,茄类,19.695999999999998,145.414,43,0,0.0,4,7.3829203899268885,0.0
2021-09-28,1011010504,辣椒类,34.777,308.0652,124,0,0.0,11,8.858302901342842,0.0
2021-09-28,1011010801,食用菌,21.671,181.7495,52,33,6.023,4,8.386761109316598,0.27792902957869964
2021-09-29,1011010101,花叶类,113.13499999999999,903.46,260,15,6.558,18,7.985680823794582,0.05796614663897114
2021-09-29,1011010201,花菜类,23.336,233.36,55,0,0.0,1,10.000000000000002,0.0
2021-09-29,1011010402,水生根茎类,39.563,280.5474,61,0,0.0,3,7.091155877966786,0.0
2021-09-29,1011010501,茄类,14.816,114.188,34,0,0.0,4,7.707073434125269,0.0
2021-09-29,1011010504,辣椒类,50.474,379.30060000000003,178,0,0.0,11,7.514771961802117,0.0
2021-09-29,1011010801,食用菌,15.119,189.2476,43,30,6.346,3,12.517203518751241,0.41973675507639396
2021-09-30,1011010101,花叶类,106.12299999999999,830.5642,247,9,3.643,18,7.826429708922666,0.03432809098875833
2021-09-30,1011010201,花菜类,34.511,345.11,75,0,0.0,1,10.0,0.0
2021-09-30,1011010402,水生根茎类,38.451,263.478,60,0,0.0,2,6.8523055317156905,0.0
2021-09-30,1011010501,茄类,18.756999999999998,144.265,42,0,0.0,4,7.691261928879885,0.0
2021-09-30,1011010504,辣椒类,37.589000000000006,284.784,148,0,0.0,8,7.576259011944982,0.0
2021-09-30,1011010801,食用菌,22.234,229.1998,53,36,7.197,3,10.30852748043537,0.323693442475488
2021-10-01,1011010101,花叶类,205.461,1615.2914,466,21,12.117999999999999,17,7.861790802147366,0.05897956303142688
2021-10-01,1011010201,花菜类,57.402,556.6610000000001,123,35,17.359,1,9.697588934183479,0.3024110658165221
2021-10-01,1011010402,水生根茎类,69.809,474.54699999999997,95,0,0.0,3,6.797791115758713,0.0
2021-10-01,1011010501,茄类,36.474,284.07599999999996,67,0,0.0,4,7.788452048034216,0.0
2021-10-01,1011010504,辣椒类,81.648,606.4686,254,0,0.0,9,7.427843915343916,0.0
2021-10-01,1011010801,食用菌,45.217,709.659,140,115,30.349,2,15.694517548709557,0.6711856160293695
2021-10-02,1011010101,花叶类,171.744,1277.1156,368,41,20.619,17,7.436158468418111,0.12005659586361095
2021-10-02,1011010201,花菜类,40.743,396.867,91,21,10.563,1,9.74074074074074,0.25925925925925924
2021-10-02,1011010402,水生根茎类,61.245999999999995,434.0752,90,0,0.0,2,7.087404891748033,0.0
2021-10-02,1011010501,茄类,31.974,261.243,66,0,0.0,4,8.170482266841809,0.0
2021-10-02,1011010504,辣椒类,67.466,433.685,215,0,0.0,8,6.428200871550115,0.0
2021-10-02,1011010801,食用菌,38.088,475.37940000000003,101,76,19.123,3,12.481080655324511,0.5020741440873766
2021-10-03,1011010101,花叶类,176.12300000000002,1316.3808,381,33,16.336,18,7.474212908024504,0.09275335986781963
2021-10-03,1011010201,花菜类,41.993,407.051,102,30,12.879,1,9.693306027195009,0.3066939728049913
2021-10-03,1011010402,水生根茎类,52.697,356.0734,77,0,0.0,2,6.756995654401578,0.0
2021-10-03,1011010501,茄类,27.064999999999998,219.23499999999999,59,0,0.0,4,8.10031405874746,0.0
2021-10-03,1011010504,辣椒类,37.899,296.3344,140,0,0.0,10,7.819055911765482,0.0
2021-10-03,1011010801,食用菌,43.269999999999996,450.3192,97,60,14.896,3,10.407192049919114,0.34425699098682694
2021-10-04,1011010101,花叶类,172.9,1277.735,368,45,24.611,17,7.390023134759976,0.14234239444765762
2021-10-04,1011010201,花菜类,40.928,409.28,107,0,0.0,1,10.0,0.0
2021-10-04,1011010402,水生根茎类,40.08,277.485,60,0,0.0,3,6.923278443113773,0.0
2021-10-04,1011010501,茄类,20.632,183.23600000000002,50,0,0.0,4,8.881155486622722,0.0
2021-10-04,1011010504,辣椒类,70.16499999999999,464.168,228,0,0.0,10,6.615378037483077,0.0
2021-10-04,1011010801,食用菌,38.497,404.46180000000004,98,67,14.263,3,10.506319972984908,0.37049640231706366
2021-10-05,1011010101,花叶类,183.026,1422.3978000000002,389,37,19.255,16,7.771561417503524,0.1052036322708249
2021-10-05,1011010201,花菜类,51.957,519.5699999999999,131,0,0.0,1,9.999999999999998,0.0
2021-10-05,1011010402,水生根茎类,53.813,460.0,91,0,0.0,2,8.548120342668128,0.0
2021-10-05,1011010501,茄类,36.423,262.416,73,0,0.0,4,7.204678362573099,0.0
2021-10-05,1011010504,辣椒类,74.013,496.596,239,0,0.0,10,6.709578047099833,0.0
2021-10-05,1011010801,食用菌,33.416,269.3172,73,44,8.432,4,8.059528369643285,0.2523342111563323
2021-10-06,1011010101,花叶类,265.796,1947.841,545,22,26.876,19,7.328330749898418,0.10111514093515328
2021-10-06,1011010201,花菜类,42.165,421.65,100,0,0.0,1,10.0,0.0
2021-10-06,1011010402,水生根茎类,50.852,342.46819999999997,82,0,0.0,2,6.734606308503107,0.0
2021-10-06,1011010501,茄类,24.095,212.685,52,0,0.0,4,8.826935048765305,0.0
2021-10-06,1011010504,辣椒类,79.233,465.896,245,0,0.0,9,5.880075221183093,0.0
2021-10-06,1011010801,食用菌,55.723,622.3236,162,0,0.0,6,11.168163953843118,0.0
2021-10-07,1011010101,花叶类,183.783,1266.3393999999998,392,16,20.894,19,6.89040553261183,0.11368842602416981
2021-10-07,1011010201,花菜类,23.278,279.336,60,0,0.0,1,12.000000000000002,0.0
2021-10-07,1011010402,水生根茎类,51.57,345.18679999999995,88,0,0.0,2,6.693558270312196,0.0
2021-10-07,1011010501,茄类,20.343000000000004,196.923,47,0,0.0,4,9.680135673204541,0.0
2021-10-07,1011010504,辣椒类,62.908,359.87600000000003,181,0,0.0,9,5.7206714567304635,0.0
2021-10-07,1011010801,食用菌,45.794,475.87440000000004,121,0,0.0,3,10.391632091540378,0.0
2021-10-08,1011010101,花叶类,138.652,919.707,287,14,20.476,17,6.633203992730001,0.1476790814413063
2021-10-08,1011010201,花菜类,19.823,277.522,55,0,0.0,1,14.0,0.0
2021-10-08,1011010402,水生根茎类,49.695,373.4844,59,0,0.0,3,7.515532749773619,0.0
2021-10-08,1011010501,茄类,23.041,225.098,51,0,0.0,4,9.769454450761685,0.0
2021-10-08,1011010504,辣椒类,65.80499999999999,375.312,186,0,0.0,8,5.703396398449967,0.0
2021-10-08,1011010801,食用菌,50.073,537.4848000000001,141,0,0.0,3,10.734024324486251,0.0
2021-10-09,1011010101,花叶类,133.096,1010.2696000000001,295,15,18.574,19,7.59053314900523,0.1395534050610086
2021-10-09,1011010201,花菜类,22.221999999999998,311.108,55,0,0.0,1,14.000000000000002,0.0
2021-10-09,1011010402,水生根茎类,41.198,281.7924,65,0,0.0,3,6.839953395795912,0.0
2021-10-09,1011010501,茄类,16.791999999999998,164.88,37,0,0.0,4,9.818961410195332,0.0
2021-10-09,1011010504,辣椒类,61.377,358.092,186,0,0.0,8,5.834302751845153,0.0
2021-10-09,1011010801,食用菌,33.34,312.232,85,0,0.0,3,9.36508698260348,0.0
2021-10-10,1011010101,花叶类,263.384,2032.777,559,27,32.471,17,7.717921361965799,0.12328387449503385
2021-10-10,1011010201,花菜类,41.877,582.662,102,2,0.904,1,13.913651885283091,0.02158702867922726
2021-10-10,1011010402,水生根茎类,58.704,398.1024,91,0,0.0,2,6.781520850367947,0.0
2021-10-10,1011010501,茄类,24.273,251.773,54,0,0.0,4,10.372553866435958,0.0
2021-10-10,1011010504,辣椒类,111.30600000000001,615.962,306,0,0.0,9,5.533951449158176,0.0
2021-10-10,1011010801,食用菌,78.23400000000001,700.334,182,0,0.0,5,8.951785668635118,0.0
2021-10-11,1011010101,花叶类,88.447,687.6928,223,27,9.153,18,7.775196445328842,0.10348570330254277
2021-10-11,1011010201,花菜类,4.407,44.07,12,12,4.407,1,10.0,1.0
2021-10-11,1011010402,水生根茎类,45.351,290.7138,75,62,39.683,2,6.410306277700602,0.8750192939516218
2021-10-11,1011010501,茄类,14.56,130.286,28,0,0.0,4,8.948214285714286,0.0
2021-10-11,1011010504,辣椒类,64.75500000000001,380.58,172,0,0.0,7,5.877229557563122,0.0
2021-10-11,1011010801,食用菌,26.96,156.236,41,0,0.0,4,5.795103857566765,0.0
2021-10-12,1011010101,花叶类,100.028,807.8626,240,20,8.983,17,8.076364617906986,0.08980485464070061
2021-10-12,1011010201,花菜类,18.627,250.13400000000001,45,13,5.322,1,13.42857142857143,0.28571428571428575
2021-10-12,1011010402,水生根茎类,29.953000000000003,186.0968,48,42,27.548,2,6.212960304477013,0.9197075418155108
2021-10-12,1011010501,茄类,12.799000000000001,127.99,28,0,0.0,4,9.999999999999998,0.0
2021-10-12,1011010504,辣椒类,57.257,334.2756,155,0,0.0,8,5.838161272857468,0.0
2021-10-12,1011010801,食用菌,38.769,303.0844,75,0,0.0,5,7.817699708530012,0.0
2021-10-13,1011010101,花叶类,89.902,677.4024000000001,214,19,5.991,17,7.534898000044493,0.06663922938310604
2021-10-13,1011010201,花菜类,16.528,220.318,44,14,5.537,1,13.329985479186837,0.3350072604065828
2021-10-13,1011010402,水生根茎类,36.526,221.0406,55,50,33.385,1,6.051596123309423,0.9140064611509608
2021-10-13,1011010501,茄类,11.277000000000001,116.582,24,0,0.0,4,10.338033164848806,0.0
2021-10-13,1011010504,辣椒类,44.341,269.44,120,0,0.0,8,6.076543154191381,0.0
2021-10-13,1011010801,食用菌,39.51,376.798,84,0,0.0,5,9.53677549987345,0.0
2021-10-14,1011010101,花叶类,77.809,680.1736,198,14,5.675,19,8.741580022876532,0.07293500751841046
2021-10-14,1011010201,花菜类,14.852,198.29999999999998,39,13,4.814,1,13.351737139779154,0.32413143011042284
2021-10-14,1011010402,水生根茎类,38.263999999999996,237.6336,59,49,33.506,2,6.210370060631403,0.875653355634539
2021-10-14,1011010501,茄类,10.190999999999999,101.91,24,0,0.0,2,10.0,0.0
2021-10-14,1011010504,辣椒类,38.431,272.73060000000004,116,0,0.0,8,7.096630324477637,0.0
2021-10-14,1011010801,食用菌,28.438000000000002,314.5724,79,0,0.0,4,11.061692102116886,0.0
2021-10-15,1011010101,花叶类,146.297,1397.2452,316,22,10.95,19,9.550744034395784,0.07484774123871303
2021-10-15,1011010201,花菜类,23.991,297.052,46,16,6.419,2,12.381809845358678,0.26755866783377097
2021-10-15,1011010402,水生根茎类,65.659,417.6166,77,60,47.667,3,6.360386237987176,0.7259781598866872
2021-10-15,1011010501,茄类,10.811,132.124,20,0,0.0,4,12.221256128017759,0.0
2021-10-15,1011010504,辣椒类,54.93300000000001,459.2886,167,0,0.0,10,8.360886898585548,0.0
2021-10-15,1011010801,食用菌,84.89,971.1220000000001,140,0,0.0,5,11.439769112969726,0.0
2021-10-16,1011010101,花叶类,273.582,2324.489,564,77,63.545,19,8.496498307637198,0.23227039790629503
2021-10-16,1011010201,花菜类,36.28,490.196,79,21,8.862,1,13.511466372657111,0.24426681367144432
2021-10-16,1011010402,水生根茎类,54.821,364.202,75,61,46.025,3,6.643476040203572,0.8395505372028967
2021-10-16,1011010501,茄类,14.772,180.23000000000002,35,0,0.0,3,12.20078526942865,0.0
2021-10-16,1011010504,辣椒类,93.373,750.6456000000001,278,0,0.0,10,8.039214762297453,0.0
2021-10-16,1011010801,食用菌,73.514,664.2024,149,0,0.0,5,9.035046385722447,0.0
2021-10-17,1011010101,花叶类,163.589,1519.983,372,19,14.913,20,9.291474365635832,0.09116138615677094
2021-10-17,1011010201,花菜类,26.795,364.308,70,14,5.4110000000000005,1,13.596118678857994,0.20194066057100205
2021-10-17,1011010402,水生根茎类,56.019999999999996,356.4936,89,71,45.065,3,6.363684398429133,0.8044448411281685
2021-10-17,1011010501,茄类,13.639,171.464,27,0,0.0,4,12.571596158076106,0.0
2021-10-17,1011010504,辣椒类,64.30799999999999,468.47600000000006,175,0,0.0,9,7.284879019717611,0.0
2021-10-17,1011010801,食用菌,65.816,788.76,162,109,28.592,5,11.984319922207366,0.43442324054941045
2021-10-18,1011010101,花叶类,84.784,795.0074000000001,204,0,0.0,17,9.376856482355162,0.0
2021-10-18,1011010201,花菜类,20.606,293.11240000000004,53,0,0.0,2,14.224614190041736,0.0
2021-10-18,1011010402,水生根茎类,44.513,280.34779999999995,70,56,36.099,2,6.2981106643003155,0.8109765686428684
2021-10-18,1011010501,茄类,10.502,138.232,22,0,0.0,4,13.16244524852409,0.0
2021-10-18,1011010504,辣椒类,40.29,321.784,125,0,0.0,9,7.986696450732191,0.0
2021-10-18,1011010801,食用菌,30.066000000000003,267.3668,66,38,8.366,4,8.892662808487993,0.2782545067518126
2021-10-19,1011010101,花叶类,78.684,687.9512,184,0,0.0,18,8.743215901581008,0.0
2021-10-19,1011010201,花菜类,16.958,237.412,48,0,0.0,1,14.000000000000002,0.0
2021-10-19,1011010402,水生根茎类,42.738,266.195,65,56,37.522,3,6.2285319855865975,0.8779540455800459
2021-10-19,1011010501,茄类,8.766,101.846,21,0,0.0,3,11.618297969427333,0.0
2021-10-19,1011010504,辣椒类,40.052,293.574,117,0,0.0,8,7.329821232397883,0.0
2021-10-19,1011010801,食用菌,32.2,309.259,75,47,10.145,4,9.604316770186335,0.3150621118012422
2021-10-20,1011010101,花叶类,109.339,1102.1848,260,0,0.0,18,10.080436074959529,0.0
2021-10-20,1011010201,花菜类,25.154,352.156,63,0,0.0,1,14.0,0.0
2021-10-20,1011010402,水生根茎类,41.248,266.5148,56,37,26.939,2,6.4612781225756395,0.6530983320403414
2021-10-20,1011010501,茄类,8.978,104.88,18,0,0.0,4,11.681889062151926,0.0
2021-10-20,1011010504,辣椒类,43.480000000000004,407.43,125,0,0.0,8,9.370515179392823,0.0
2021-10-20,1011010801,食用菌,41.873,360.3362,89,53,11.567,4,8.605454588875888,0.27624005922670936
2021-10-21,1011010101,花叶类,79.858,825.327,188,0,0.0,17,10.334932004307646,0.0
2021-10-21,1011010201,花菜类,11.947,215.046,30,0,0.0,1,18.0,0.0
2021-10-21,1011010402,水生根茎类,46.91,283.3716,72,67,43.724000000000004,1,6.040750373054786,0.9320827115753572
2021-10-21,1011010501,茄类,11.262,154.956,24,0,0.0,4,13.759190197123067,0.0
2021-10-21,1011010504,辣椒类,29.336,302.27,100,0,0.0,8,10.303722388873739,0.0
2021-10-21,1011010801,食用菌,38.753,300.949,65,27,6.731,4,7.765824581322737,0.1736897788558305
2021-10-22,1011010101,花叶类,75.936,759.924,179,0,0.0,16,10.007427307206067,0.0
2021-10-22,1011010201,花菜类,16.412,295.416,48,0,0.0,1,18.0,0.0
2021-10-22,1011010402,水生根茎类,45.315,284.3686,59,54,41.118,2,6.275374600022069,0.9073816617014234
2021-10-22,1011010501,茄类,5.062,70.44,11,0,0.0,2,13.915448439352033,0.0
2021-10-22,1011010504,辣椒类,30.077999999999996,300.154,106,0,0.0,9,9.979187445973803,0.0
2021-10-22,1011010801,食用菌,40.039,357.6052,82,48,10.354,3,8.931421863682909,0.25859786707959737
2021-10-23,1011010101,花叶类,100.678,1074.8462,246,0,0.0,17,10.676078189872664,0.0
2021-10-23,1011010201,花菜类,18.086,358.1028,53,0,0.0,1,19.8,0.0
2021-10-23,1011010402,水生根茎类,61.274,386.3062,90,73,49.317,3,6.304569638019388,0.8048601364363351
2021-10-23,1011010501,茄类,9.346,129.192,21,0,0.0,2,13.82323988872245,0.0
2021-10-23,1011010504,辣椒类,51.363,468.248,163,0,0.0,9,9.116445690477581,0.0
2021-10-23,1011010801,食用菌,87.828,731.548,179,0,0.0,4,8.329325499840598,0.0
2021-10-24,1011010101,花叶类,101.014,1038.1104,240,0,0.0,16,10.27689627180391,0.0
2021-10-24,1011010201,花菜类,9.108,180.3384,28,0,0.0,1,19.8,0.0
2021-10-24,1011010402,水生根茎类,47.917,296.50600000000003,64,52,43.219,2,6.18790825802951,0.9019554646576372
2021-10-24,1011010501,茄类,11.389000000000001,150.57,20,0,0.0,4,13.220651505838966,0.0
2021-10-24,1011010504,辣椒类,41.481,383.68600000000004,130,0,0.0,8,9.249680576649551,0.0
2021-10-24,1011010801,食用菌,55.632000000000005,461.51200000000006,116,0,0.0,4,8.295800977854473,0.0
2021-10-25,1011010101,花叶类,48.556,479.7944,119,0,0.0,16,9.881258752780296,0.0
2021-10-25,1011010201,花菜类,8.749,173.2302,27,0,0.0,1,19.799999999999997,0.0
2021-10-25,1011010402,水生根茎类,33.696,209.3298,46,37,28.353,2,6.212304131054132,0.8414351851851852
2021-10-25,1011010501,茄类,7.279,97.404,16,0,0.0,3,13.38150844896277,0.0
2021-10-25,1011010504,辣椒类,27.46,262.4644,77,0,0.0,9,9.558062636562273,0.0
2021-10-25,1011010801,食用菌,46.731,396.696,98,0,0.0,3,8.488925980612441,0.0
2021-10-26,1011010101,花叶类,66.948,680.849,168,0,0.0,16,10.1698183664934,0.0
2021-10-26,1011010201,花菜类,12.041,238.41180000000003,33,0,0.0,1,19.8,0.0
2021-10-26,1011010402,水生根茎类,37.215999999999994,226.183,58,52,34.864,2,6.077574161650904,0.9368013757523647
2021-10-26,1011010501,茄类,8.68,115.686,18,0,0.0,4,13.327880184331798,0.0
2021-10-26,1011010504,辣椒类,35.664,399.297,103,0,0.0,7,11.1960800807537,0.0
2021-10-26,1011010801,食用菌,48.637,420.192,114,0,0.0,5,8.639348644036433,0.0
2021-10-27,1011010101,花叶类,94.727,768.9448,184,40,31.685,15,8.117482871831685,0.3344875273153377
2021-10-27,1011010201,花菜类,15.305,303.039,42,0,0.0,1,19.8,0.0
2021-10-27,1011010402,水生根茎类,36.161,218.4474,51,45,33.692,1,6.040966787422914,0.9317220209618097
2021-10-27,1011010501,茄类,6.836,97.2324,17,0,0.0,3,14.223581041544762,0.0
2021-10-27,1011010504,辣椒类,32.692,346.3274,107,0,0.0,8,10.593643704881929,0.0
2021-10-27,1011010801,食用菌,35.369,327.904,90,0,0.0,4,9.270943481579915,0.0
2021-10-28,1011010101,花叶类,80.941,688.715,160,43,27.989,16,8.508852126857835,0.3457950853090523
2021-10-28,1011010201,花菜类,6.449,127.6902,17,0,0.0,1,19.8,0.0
2021-10-28,1011010402,水生根茎类,37.949,230.4564,59,50,33.345,1,6.072792431948141,0.8786792800864318
2021-10-28,1011010501,茄类,3.122,44.8044,7,0,0.0,3,14.351185137732223,0.0
2021-10-28,1011010504,辣椒类,25.502,292.4822,89,0,0.0,9,11.468990667398636,0.0
2021-10-28,1011010801,食用菌,31.659,330.044,87,0,0.0,3,10.424966044410752,0.0
2021-10-29,1011010101,花叶类,89.73,859.3716000000001,198,31,19.708000000000002,16,9.577305249080576,0.2196366878413017
2021-10-29,1011010201,花菜类,13.574,244.332,35,0,0.0,1,18.0,0.0
2021-10-29,1011010402,水生根茎类,40.045,242.9136,50,44,35.639,1,6.066015732301161,0.8899737794980647
2021-10-29,1011010501,茄类,11.123999999999999,125.136,21,0,0.0,3,11.249190938511328,0.0
2021-10-29,1011010504,辣椒类,25.203,315.0944,86,0,0.0,8,12.502257667737968,0.0
2021-10-29,1011010801,食用菌,47.926,413.364,115,0,0.0,3,8.625046947377205,0.0
2021-10-30,1011010101,花叶类,140.981,1161.3328,275,61,42.443,17,8.237512856342343,0.30105475205878807
2021-10-30,1011010201,花菜类,17.279,241.906,41,0,0.0,1,14.0,0.0
2021-10-30,1011010402,水生根茎类,59.756,372.5046,95,82,52.975,2,6.233760626547961,0.8865218555458866
2021-10-30,1011010501,茄类,12.133,129.792,25,0,0.0,3,10.697436742767659,0.0
2021-10-30,1011010504,辣椒类,26.181,333.82000000000005,111,0,0.0,8,12.750467896566214,0.0
2021-10-30,1011010801,食用菌,79.731,692.9340000000001,168,0,0.0,3,8.690898145012607,0.0
2021-10-31,1011010101,花叶类,92.342,847.749,238,27,13.547,16,9.180535401009292,0.14670464144159756
2021-10-31,1011010201,花菜类,28.424,397.936,75,0,0.0,1,14.0,0.0
2021-10-31,1011010402,水生根茎类,55.961,340.2204,82,71,48.537,1,6.079598291667411,0.8673361805543146
2021-10-31,1011010501,茄类,8.639,106.164,20,0,0.0,4,12.288922328973262,0.0
2021-10-31,1011010504,辣椒类,35.237,444.7900000000001,116,0,0.0,8,12.622811249538838,0.0
2021-10-31,1011010801,食用菌,75.305,689.213,178,0,0.0,7,9.152287364716816,0.0
2021-11-01,1011010101,花叶类,60.969,564.2226,158,0,0.0,16,9.254253801112041,0.0
2021-11-01,1011010201,花菜类,26.24,314.88,58,0,0.0,1,12.0,0.0
2021-11-01,1011010402,水生根茎类,44.316,269.5452,67,59,38.234,1,6.0823449769834825,0.8627583716941962
2021-11-01,1011010501,茄类,10.293000000000001,114.52,17,0,0.0,3,11.126007966579227,0.0
2021-11-01,1011010504,辣椒类,23.438999999999997,272.218,83,0,0.0,7,11.613891377618502,0.0
2021-11-01,1011010801,食用菌,40.999,381.0138,87,0,0.0,5,9.293246176736018,0.0
2021-11-02,1011010101,花叶类,68.05499999999999,517.5858000000001,164,1,0.633,18,7.6054044522812445,0.00930130041877893
2021-11-02,1011010201,花菜类,25.844,310.128,57,0,0.0,1,11.999999999999998,0.0
2021-11-02,1011010402,水生根茎类,39.893,240.8946,61,57,37.332,1,6.03851803574562,0.9358032737573008
2021-11-02,1011010501,茄类,13.551,152.258,27,0,0.0,4,11.235923548077633,0.0
2021-11-02,1011010504,辣椒类,25.556,324.118,93,0,0.0,7,12.682657692909688,0.0
2021-11-02,1011010801,食用菌,49.667,414.8628,104,0,0.0,5,8.35288622224012,0.0
2021-11-03,1011010101,花叶类,50.572,393.61699999999996,126,1,0.512,17,7.783299058767696,0.010124179387803528
2021-11-03,1011010201,花菜类,27.868,334.416,62,0,0.0,1,12.0,0.0
2021-11-03,1011010402,水生根茎类,39.941,242.4264,44,41,35.307,1,6.069612678701084,0.8839788688315265
2021-11-03,1011010501,茄类,5.176,65.61,10,0,0.0,4,12.6758114374034,0.0
2021-11-03,1011010504,辣椒类,25.358999999999998,317.808,78,0,0.0,6,12.532355376789306,0.0
2021-11-03,1011010801,食用菌,82.957,669.734,177,5,5.0,5,8.073266873199369,0.06027218920645636
2021-11-04,1011010101,花叶类,64.051,484.37300000000005,147,3,1.135,15,7.562301915660958,0.017720254172456325
2021-11-04,1011010201,花菜类,23.879,286.548,48,0,0.0,1,12.0,0.0
2021-11-04,1011010402,水生根茎类,42.366,269.025,58,49,34.150999999999996,2,6.350021243449936,0.806094509748383
2021-11-04,1011010501,茄类,12.227,132.4,21,0,0.0,3,10.828494315858347,0.0
2021-11-04,1011010504,辣椒类,24.241,313.538,79,0,0.0,8,12.934202384390083,0.0
2021-11-04,1011010801,食用菌,61.122,643.0156,158,3,3.0,5,10.520198946369556,0.04908216354176892
2021-11-05,1011010101,花叶类,83.867,583.1976,197,4,1.807,18,6.95383881622092,0.021546019292451143
2021-11-05,1011010201,花菜类,37.479,448.344,72,0,0.0,2,11.962539021852237,0.0
2021-11-05,1011010402,水生根茎类,58.696,355.6152,84,77,52.964,1,6.058593430557449,0.9023442824042525
2021-11-05,1011010501,茄类,6.524,68.56400000000001,14,0,0.0,3,10.509503372164318,0.0
2021-11-05,1011010504,辣椒类,37.123000000000005,441.742,117,35,14.591000000000001,8,11.89941545672494,0.3930447431511462
2021-11-05,1011010801,食用菌,104.608,959.3960000000001,240,0,0.0,4,9.171344447843378,0.0
2021-11-06,1011010101,花叶类,108.548,903.357,261,0,0.0,16,8.322189261893355,0.0
2021-11-06,1011010201,花菜类,28.063,284.944,55,50,25.906000000000002,1,10.153725546092721,0.9231372269536402
2021-11-06,1011010402,水生根茎类,63.927,391.7862,89,82,58.008,2,6.128649866253696,0.9074100145478436
2021-11-06,1011010501,茄类,9.658000000000001,101.28,20,0,0.0,3,10.486643197349347,0.0
2021-11-06,1011010504,辣椒类,35.493,432.69000000000005,124,26,7.945,7,12.190854534696983,0.2238469557377511
2021-11-06,1011010801,食用菌,128.993,1282.1978000000001,301,0,0.0,5,9.940057212406876,0.0
2021-11-07,1011010101,花叶类,145.887,1285.215,362,0,0.0,15,8.809660901930945,0.0
2021-11-07,1011010201,花菜类,35.638,367.066,69,59,30.294999999999998,1,10.299848476345474,0.8500757618272631
2021-11-07,1011010402,水生根茎类,64.62200000000001,393.1296,90,84,59.52,2,6.0835257342700615,0.9210485593141653
2021-11-07,1011010501,茄类,14.185,156.752,32,0,0.0,4,11.05054635178005,0.0
2021-11-07,1011010504,辣椒类,46.669,573.1400000000001,162,18,5.561,6,12.280957380702397,0.11915832779789583
2021-11-07,1011010801,食用菌,155.029,1448.5414,339,0,0.0,5,9.343680214669513,0.0
2021-11-08,1011010101,花叶类,66.376,526.511,163,0,0.0,18,7.932249608292152,0.0
2021-11-08,1011010201,花菜类,28.296,294.816,57,47,22.368,1,10.418999151823579,0.7905004240882103
2021-11-08,1011010402,水生根茎类,58.811,378.6288,81,71,52.045,3,6.438060906973186,0.8849534950944552
2021-11-08,1011010501,茄类,10.661999999999999,128.23,22,0,0.0,3,12.026824235603076,0.0
2021-11-08,1011010504,辣椒类,24.775000000000002,310.748,79,0,0.0,6,12.542805247225024,0.0
2021-11-08,1011010801,食用菌,58.55799999999999,583.904,156,0,0.0,4,9.9713788039209,0.0
2021-11-09,1011010101,花叶类,44.867,372.216,112,0,0.0,17,8.295985913923374,0.0
2021-11-09,1011010201,花菜类,27.933,287.422,64,57,23.887,1,10.289693194429528,0.8551534027852361
2021-11-09,1011010402,水生根茎类,43.617000000000004,271.9474,59,54,37.57,2,6.234894651168123,0.8613613957860466
2021-11-09,1011010501,茄类,3.419,41.028,10,0,0.0,1,12.0,0.0
2021-11-09,1011010504,辣椒类,23.625999999999998,303.08200000000005,80,0,0.0,7,12.828324726995685,0.0
2021-11-09,1011010801,食用菌,52.288000000000004,567.844,134,0,0.0,4,10.859929620563035,0.0
2021-11-10,1011010101,花叶类,49.063,364.34000000000003,128,0,0.0,15,7.4259625379613965,0.0
2021-11-10,1011010201,花菜类,27.656,280.626,58,53,25.623,1,10.147020538038761,0.9264897309806192
2021-11-10,1011010402,水生根茎类,49.851,307.9312,57,49,45.493,2,6.177031554031013,0.9125794868708753
2021-11-10,1011010501,茄类,3.044,36.528,8,0,0.0,2,12.0,0.0
2021-11-10,1011010504,辣椒类,28.642,359.644,92,18,7.284,7,12.556525382305706,0.254311849731164
2021-11-10,1011010801,食用菌,48.096000000000004,487.24,114,0,0.0,4,10.130572188955423,0.0
2021-11-11,1011010101,花叶类,48.787,417.418,122,0,0.0,17,8.555926783774366,0.0
2021-11-11,1011010201,花菜类,13.156,184.184,33,0,0.0,1,14.0,0.0
2021-11-11,1011010402,水生根茎类,35.903,260.621,52,0,0.0,3,7.259031278723226,0.0
2021-11-11,1011010501,茄类,3.602,44.858000000000004,8,0,0.0,3,12.453636868406443,0.0
2021-11-11,1011010504,辣椒类,22.692,293.1318,75,13,4.323,7,12.917847699629826,0.1905076679005817
2021-11-11,1011010801,食用菌,47.256,449.828,102,0,0.0,4,9.518960555273404,0.0
2021-11-12,1011010101,花叶类,51.422,391.15500000000003,128,8,2.082,15,7.606763642020926,0.04048850686476605
2021-11-12,1011010201,花菜类,18.935,265.09,43,0,0.0,1,14.0,0.0
2021-11-12,1011010402,水生根茎类,50.696,359.33919999999995,61,0,0.0,2,7.088117405712482,0.0
2021-11-12,1011010501,茄类,10.337,131.926,24,0,0.0,3,12.762503627744993,0.0
2021-11-12,1011010504,辣椒类,25.182000000000002,323.0602,89,0,0.0,6,12.829012786911285,0.0
2021-11-12,1011010801,食用菌,55.135999999999996,607.74,138,0,0.0,4,11.022562391178178,0.0
2021-11-13,1011010101,花叶类,70.452,567.164,164,5,1.179,15,8.050360529154602,0.01673479816044967
2021-11-13,1011010201,花菜类,20.049,280.686,43,0,0.0,1,14.0,0.0
2021-11-13,1011010402,水生根茎类,55.708,411.5256,72,0,0.0,3,7.387190349680477,0.0
2021-11-13,1011010501,茄类,10.383,114.23400000000001,24,0,0.0,3,11.002022536839066,0.0
2021-11-13,1011010504,辣椒类,28.791999999999998,376.8948,100,0,0.0,6,13.090261183662129,0.0
2021-11-13,1011010801,食用菌,57.321,628.64,147,1,1.0,4,10.967010345248687,0.01744561330053558
2021-11-14,1011010101,花叶类,99.456,861.476,248,19,6.515,16,8.66188063063063,0.06550635456885456
2021-11-14,1011010201,花菜类,30.582,428.148,70,0,0.0,1,14.0,0.0
2021-11-14,1011010402,水生根茎类,53.547,383.8034,78,0,0.0,3,7.167598558275908,0.0
2021-11-14,1011010501,茄类,14.612,175.088,33,0,0.0,3,11.982480153298658,0.0
2021-11-14,1011010504,辣椒类,39.412,444.6476,136,0,0.0,7,11.282035928143713,0.0
2021-11-14,1011010801,食用菌,71.072,815.024,169,0,0.0,4,11.467582170193607,0.0
2021-11-15,1011010101,花叶类,42.62,349.28499999999997,102,0,0.0,14,8.195330830595964,0.0
2021-11-15,1011010201,花菜类,12.677,177.478,30,0,0.0,1,14.000000000000002,0.0
2021-11-15,1011010402,水生根茎类,28.879,202.153,45,0,0.0,1,6.999999999999999,0.0
2021-11-15,1011010501,茄类,7.193999999999999,80.712,18,0,0.0,3,11.21934945788157,0.0
2021-11-15,1011010504,辣椒类,29.577,332.53839999999997,105,0,0.0,7,11.243141630320856,0.0
2021-11-15,1011010801,食用菌,36.29,343.214,96,16,5.659,4,9.457536511435658,0.15593827500688895
2021-11-16,1011010101,花叶类,53.515,439.6341,135,27,8.64,14,8.21515649817808,0.16145006073063628
2021-11-16,1011010201,花菜类,12.525,175.35,30,0,0.0,1,14.0,0.0
2021-11-16,1011010402,水生根茎类,19.63,137.41,30,0,0.0,1,7.0,0.0
2021-11-16,1011010501,茄类,2.834,34.814,7,0,0.0,3,12.284403669724771,0.0
2021-11-16,1011010504,辣椒类,27.575,345.88320000000004,100,0,0.0,7,12.543361740707164,0.0
2021-11-16,1011010801,食用菌,36.117999999999995,343.204,101,66,15.9,4,9.502298023146356,0.4402237111689463
2021-11-17,1011010101,花叶类,45.689,392.125,121,17,5.837,15,8.582481560112937,0.12775503950622688
2021-11-17,1011010201,花菜类,15.791,221.074,35,0,0.0,1,14.0,0.0
2021-11-17,1011010402,水生根茎类,34.26,242.72,47,0,0.0,2,7.084646818447169,0.0
2021-11-17,1011010501,茄类,7.203,81.086,15,0,0.0,3,11.257253921976954,0.0
2021-11-17,1011010504,辣椒类,23.355,291.33050000000003,87,14,5.1930000000000005,8,12.474009847998289,0.22235067437379577
2021-11-17,1011010801,食用菌,44.036,376.55199999999996,93,52,16.05,4,8.551003724225632,0.36447452084658005
2021-11-18,1011010101,花叶类,41.864000000000004,353.2604,106,11,3.665,16,8.438285878081405,0.087545385056373
2021-11-18,1011010201,花菜类,6.018,84.25200000000001,18,0,0.0,1,14.000000000000002,0.0
2021-11-18,1011010402,水生根茎类,21.426,149.982,27,0,0.0,1,7.000000000000001,0.0
2021-11-18,1011010501,茄类,3.246,37.936,8,0,0.0,3,11.686999383857055,0.0
2021-11-18,1011010504,辣椒类,16.566,208.8504,55,10,4.216,7,12.607171314741038,0.2544971628636968
2021-11-18,1011010801,食用菌,35.182,306.168,81,53,15.26,4,8.702404638735716,0.4337445284520493
2021-11-19,1011010101,花叶类,38.008,313.109,102,15,5.128,15,8.237976215533571,0.13491896442854134
2021-11-19,1011010201,花菜类,8.768,122.752,23,0,0.0,1,13.999999999999998,0.0
2021-11-19,1011010402,水生根茎类,28.706,200.942,41,0,0.0,1,7.0,0.0
2021-11-19,1011010501,茄类,6.776,77.75999999999999,15,0,0.0,3,11.475796930342383,0.0
2021-11-19,1011010504,辣椒类,19.490000000000002,238.0916,71,18,5.968,6,12.216090302719342,0.3062083119548486
2021-11-19,1011010801,食用菌,35.174,318.5713,83,60,18.967,4,9.057010860294536,0.5392335247626087
2021-11-20,1011010101,花叶类,95.757,720.081,226,37,12.995000000000001,18,7.51987844230709,0.13570809444740334
2021-11-20,1011010201,花菜类,14.406,230.496,36,0,0.0,1,16.0,0.0
2021-11-20,1011010402,水生根茎类,55.583999999999996,384.539,80,0,0.0,2,6.9181599021301095,0.0
2021-11-20,1011010501,茄类,9.051,107.478,21,0,0.0,3,11.874709976798144,0.0
2021-11-20,1011010504,辣椒类,34.164,401.7294,127,0,0.0,8,11.758851422550052,0.0
2021-11-20,1011010801,食用菌,73.711,562.54,175,106,25.146,4,7.631696761677361,0.3411431129682137
2021-11-21,1011010101,花叶类,80.775,618.4202,205,9,4.436999999999999,16,7.6560841844630145,0.054930362116991635
2021-11-21,1011010201,花菜类,19.739,315.824,51,0,0.0,1,16.0,0.0
2021-11-21,1011010402,水生根茎类,47.590999999999994,290.216,75,61,39.816,2,6.0981277972725945,0.8366287743480911
2021-11-21,1011010501,茄类,17.990000000000002,195.91600000000003,37,0,0.0,3,10.890272373540856,0.0
2021-11-21,1011010504,辣椒类,30.26,356.2488,113,0,0.0,6,11.772927957699935,0.0
2021-11-21,1011010801,食用菌,102.367,723.5840000000001,198,10,10.0,5,7.068527943575567,0.09768773139781374
2021-11-22,1011010101,花叶类,42.247,389.7362,96,0,0.0,14,9.225180486188368,0.0
2021-11-22,1011010201,花菜类,9.756,136.584,23,0,0.0,1,14.0,0.0
2021-11-22,1011010402,水生根茎类,32.75,198.612,49,40,27.618,2,6.0644885496183205,0.843297709923664
2021-11-22,1011010501,茄类,9.175,101.89,22,0,0.0,3,11.105177111716621,0.0
2021-11-22,1011010504,辣椒类,22.036,246.2924,68,0,0.0,6,11.176819749500815,0.0
2021-11-22,1011010801,食用菌,24.416,260.62399999999997,65,1,1.0,4,10.674311926605503,0.040956749672346
2021-11-23,1011010101,花叶类,55.622,415.019,130,0,0.0,15,7.461418143899896,0.0
2021-11-23,1011010201,花菜类,9.495,132.93,21,0,0.0,1,14.000000000000002,0.0
2021-11-23,1011010402,水生根茎类,31.403,191.406,48,43,27.643,2,6.095150144890616,0.8802662166035092
2021-11-23,1011010501,茄类,5.163,63.722,12,0,0.0,3,12.342049196203757,0.0
2021-11-23,1011010504,辣椒类,18.004,204.0052,68,0,0.0,7,11.331104199066873,0.0
2021-11-23,1011010801,食用菌,24.705,189.68,52,0,0.0,3,7.6777980165958315,0.0
2021-11-24,1011010101,花叶类,39.991,280.052,93,0,0.0,13,7.002875647020581,0.0
2021-11-24,1011010201,花菜类,12.559,175.826,19,0,0.0,1,14.0,0.0
2021-11-24,1011010402,水生根茎类,33.315,245.482,50,30,22.084,3,7.368512681975087,0.6628845865225874
2021-11-24,1011010501,茄类,9.217,115.586,22,0,0.0,4,12.540522946728869,0.0
2021-11-24,1011010504,辣椒类,21.68,254.7816,75,0,0.0,6,11.751918819188193,0.0
2021-11-24,1011010801,食用菌,22.259,111.244,32,0,0.0,3,4.997708791949324,0.0
2021-11-25,1011010101,花叶类,44.906,332.2348,103,0,0.0,14,7.398450095755579,0.0
2021-11-25,1011010201,花菜类,10.217,143.038,24,0,0.0,1,14.0,0.0
2021-11-25,1011010402,水生根茎类,30.299,188.011,47,34,21.51,3,6.205188290042575,0.7099244199478532
2021-11-25,1011010501,茄类,5.166,64.892,12,0,0.0,2,12.561362756484707,0.0
2021-11-25,1011010504,辣椒类,20.413,269.6948,73,0,0.0,6,13.211913976387596,0.0
2021-11-25,1011010801,食用菌,17.266,66.056,20,3,3.0,3,3.82578477933511,0.1737518823120584
2021-11-26,1011010101,花叶类,51.836,411.5536,127,29,11.885,14,7.939532371324948,0.22928080870437534
2021-11-26,1011010201,花菜类,17.511,210.132,37,0,0.0,1,12.0,0.0
2021-11-26,1011010402,水生根茎类,41.233999999999995,277.963,60,49,34.328,3,6.741111703933648,0.8325168550225543
2021-11-26,1011010501,茄类,6.0600000000000005,67.744,17,0,0.0,3,11.178877887788778,0.0
2021-11-26,1011010504,辣椒类,14.854999999999999,199.3066,60,0,0.0,7,13.416802423426457,0.0
2021-11-26,1011010801,食用菌,23.644,101.261,32,2,1.313,4,4.282735577736424,0.05553205887328709
2021-11-27,1011010101,花叶类,68.057,470.8972,173,20,7.494,13,6.919158940300043,0.11011358126276503
2021-11-27,1011010201,花菜类,23.115,277.38,51,0,0.0,1,12.0,0.0
2021-11-27,1011010402,水生根茎类,58.68,368.21,81,69,51.336,3,6.274880708929788,0.8748466257668711
2021-11-27,1011010501,茄类,11.622000000000002,115.078,22,0,0.0,4,9.901738082946135,0.0
2021-11-27,1011010504,辣椒类,37.591,462.42839999999995,130,0,0.0,6,12.301572184831475,0.0
2021-11-27,1011010801,食用菌,44.646,191.745,59,1,1.0,4,4.294785647090445,0.022398423151010167
2021-11-28,1011010101,花叶类,78.347,533.3474,196,26,9.481,14,6.807502520836791,0.12101292965908077
2021-11-28,1011010201,花菜类,21.817,261.80400000000003,47,0,0.0,1,12.000000000000002,0.0
2021-11-28,1011010402,水生根茎类,49.546,306.00800000000004,64,50,41.177,3,6.176240261575103,0.8310862632704961
2021-11-28,1011010501,茄类,9.693999999999999,101.001,18,0,0.0,3,10.418918918918921,0.0
2021-11-28,1011010504,辣椒类,25.149,309.5644,95,0,0.0,6,12.309213089983697,0.0
2021-11-28,1011010801,食用菌,56.96,441.946,117,29,8.245,4,7.7588834269662925,0.144750702247191
2021-11-29,1011010101,花叶类,57.865,353.5784,139,18,6.598,13,6.110401797286788,0.11402402142918862
2021-11-29,1011010201,花菜类,9.182,110.184,18,0,0.0,1,12.0,0.0
2021-11-29,1011010402,水生根茎类,29.919999999999998,181.99200000000002,48,38,24.024,2,6.082620320855616,0.8029411764705883
2021-11-29,1011010501,茄类,5.796,68.826,13,0,0.0,4,11.874741200828156,0.0
2021-11-29,1011010504,辣椒类,19.811999999999998,247.37640000000002,73,0,0.0,6,12.486190187764993,0.0
2021-11-29,1011010801,食用菌,20.934,96.072,33,0,0.0,2,4.589280596159358,0.0
2021-11-30,1011010101,花叶类,43.009,301.6016,116,21,7.142,13,7.012522960310633,0.16605826687437514
2021-11-30,1011010201,花菜类,25.737,257.37,54,0,0.0,1,10.0,0.0
2021-11-30,1011010402,水生根茎类,30.369,184.356,47,37,25.776,2,6.07053245085449,0.8487602489380618
2021-11-30,1011010501,茄类,7.103,77.78999999999999,16,0,0.0,4,10.951710544840207,0.0
2021-11-30,1011010504,辣椒类,32.472,336.066,107,0,0.0,6,10.34940872135994,0.0
2021-11-30,1011010801,食用菌,30.467,122.869,41,0,0.0,3,4.032855220402403,0.0
2021-12-01,1011010101,花叶类,74.607,437.6672,170,0,0.0,14,5.866302089616256,0.0
2021-12-01,1011010201,花菜类,18.93,189.3,43,0,0.0,1,10.0,0.0
2021-12-01,1011010402,水生根茎类,30.015,223.813,39,0,0.0,3,7.456704980842911,0.0
2021-12-01,1011010501,茄类,5.252,55.632,12,0,0.0,3,10.592536176694592,0.0
2021-12-01,1011010504,辣椒类,24.119,244.92479999999998,77,2,0.439,7,10.154848874331439,0.018201417969235873
2021-12-01,1011010801,食用菌,24.864,92.75699999999999,33,0,0.0,4,3.7305743243243237,0.0
2021-12-02,1011010101,花叶类,58.359,309.54200000000003,130,0,0.0,15,5.304100481502425,0.0
2021-12-02,1011010201,花菜类,18.262999999999998,182.63,42,0,0.0,1,10.0,0.0
2021-12-02,1011010402,水生根茎类,25.404,174.34,41,0,0.0,3,6.862698787592505,0.0
2021-12-02,1011010501,茄类,4.474,48.58,10,0,0.0,3,10.858292355833704,0.0
2021-12-02,1011010504,辣椒类,22.703,243.638,83,0,0.0,7,10.731533277540414,0.0
2021-12-02,1011010801,食用菌,20.085,92.00999999999999,38,0,0.0,4,4.581030619865571,0.0
2021-12-03,1011010101,花叶类,73.84700000000001,394.2322,159,0,0.0,15,5.33849987135564,0.0
2021-12-03,1011010201,花菜类,20.739,248.868,42,0,0.0,1,12.0,0.0
2021-12-03,1011010402,水生根茎类,18.925,117.278,29,0,0.0,3,6.196988110964333,0.0
2021-12-03,1011010501,茄类,5.683,60.126000000000005,13,0,0.0,2,10.579975365124055,0.0
2021-12-03,1011010504,辣椒类,25.931000000000004,277.7492,91,0,0.0,7,10.711087115807333,0.0
2021-12-03,1011010801,食用菌,54.498,453.18,138,0,0.0,4,8.315534515028075,0.0
2021-12-04,1011010101,花叶类,93.905,571.4062,220,0,0.0,13,6.084939034130238,0.0
2021-12-04,1011010201,花菜类,22.865000000000002,320.11,46,0,0.0,1,14.0,0.0
2021-12-04,1011010402,水生根茎类,62.259,373.554,88,0,0.0,2,5.999999999999999,0.0
2021-12-04,1011010501,茄类,9.205,98.28,24,0,0.0,3,10.67680608365019,0.0
2021-12-04,1011010504,辣椒类,36.36,422.15079999999995,132,0,0.0,7,11.610308030803079,0.0
2021-12-04,1011010801,食用菌,92.695,723.915,225,1,0.179,4,7.80964453314634,0.0019310642429473004
2021-12-05,1011010101,花叶类,115.184,678.942,269,0,0.0,14,5.894412418391443,0.0
2021-12-05,1011010201,花菜类,25.795,361.13,52,0,0.0,1,13.999999999999998,0.0
2021-12-05,1011010402,水生根茎类,50.994,305.964,64,0,0.0,2,6.0,0.0
2021-12-05,1011010501,茄类,10.65,116.65800000000002,23,0,0.0,3,10.95380281690141,0.0
2021-12-05,1011010504,辣椒类,37.123,440.752,133,0,0.0,8,11.872747353392777,0.0
2021-12-05,1011010801,食用菌,100.244,726.938,203,0,0.0,4,7.251685886437094,0.0
2021-12-06,1011010101,花叶类,64.231,434.38480000000004,156,2,1.5750000000000002,13,6.762852828073672,0.024520869984898264
2021-12-06,1011010201,花菜类,14.424,173.088,31,0,0.0,1,12.0,0.0
2021-12-06,1011010402,水生根茎类,12.844,88.33000000000001,21,0,0.0,2,6.877141077545937,0.0
2021-12-06,1011010501,茄类,8.862,83.86,20,13,5.942,3,9.462875197472354,0.670503272399007
2021-12-06,1011010504,辣椒类,37.461,433.7952,113,0,0.0,7,11.579915111716186,0.0
2021-12-06,1011010801,食用菌,45.510999999999996,301.809,91,0,0.0,4,6.63156160049219,0.0
2021-12-07,1011010101,花叶类,63.263,396.1328,158,0,0.0,14,6.261682183898961,0.0
2021-12-07,1011010201,花菜类,16.639,199.668,40,0,0.0,1,12.0,0.0
2021-12-07,1011010402,水生根茎类,31.831,216.89299999999997,52,0,0.0,2,6.81389211774685,0.0
2021-12-07,1011010501,茄类,6.648000000000001,70.562,17,7,2.911,4,10.61401925391095,0.4378760529482551
2021-12-07,1011010504,辣椒类,29.637999999999998,351.3888,109,0,0.0,7,11.85602267359471,0.0
2021-12-07,1011010801,食用菌,36.621,319.695,99,0,0.0,3,8.729827148357499,0.0
2021-12-08,1011010101,花叶类,70.377,414.1696,152,0,0.0,15,5.885013569774216,0.0
2021-12-08,1011010201,花菜类,15.059000000000001,210.826,32,0,0.0,1,13.999999999999998,0.0
2021-12-08,1011010402,水生根茎类,25.319000000000003,174.43,32,0,0.0,2,6.889292626091078,0.0
2021-12-08,1011010501,茄类,7.96,75.074,17,8,4.629,3,9.43140703517588,0.5815326633165828
2021-12-08,1011010504,辣椒类,24.709999999999997,282.617,88,0,0.0,7,11.437353298259817,0.0
2021-12-08,1011010801,食用菌,48.245999999999995,328.73600000000005,99,2,2.0,5,6.813746217302991,0.04145421382083489
2021-12-09,1011010101,花叶类,57.675000000000004,328.8956,139,0,0.0,14,5.702567837017772,0.0
2021-12-09,1011010201,花菜类,12.175,170.45,24,0,0.0,1,13.999999999999998,0.0
2021-12-09,1011010402,水生根茎类,25.262,171.41400000000002,39,0,0.0,2,6.7854484997229045,0.0
2021-12-09,1011010501,茄类,7.254,71.316,16,12,5.04,2,9.831265508684865,0.6947890818858561
2021-12-09,1011010504,辣椒类,24.153,287.4368,87,0,0.0,7,11.900666583861218,0.0
2021-12-09,1011010801,食用菌,42.728,345.48199999999997,104,1,1.0,5,8.08561130874368,0.023403856955626287
2021-12-10,1011010101,花叶类,68.296,387.6958,166,0,0.0,14,5.676698488930537,0.0
2021-12-10,1011010201,花菜类,14.231,199.234,33,0,0.0,1,14.0,0.0
2021-12-10,1011010402,水生根茎类,32.792,225.92,50,0,0.0,2,6.889485240302512,0.0
2021-12-10,1011010501,茄类,8.928,77.9,23,17,6.626,3,8.725358422939069,0.7421594982078853
2021-12-10,1011010504,辣椒类,26.56,277.56,92,0,0.0,9,10.450301204819278,0.0
2021-12-10,1011010801,食用菌,55.263,435.138,118,0,0.0,4,7.873948211280603,0.0
2021-12-11,1011010101,花叶类,141.287,837.066,336,0,0.0,15,5.924579048320086,0.0
2021-12-11,1011010201,花菜类,30.45,426.3,67,0,0.0,1,14.0,0.0
2021-12-11,1011010402,水生根茎类,124.24000000000001,669.496,186,68,38.358,2,5.388731487443657,0.3087411461687057
2021-12-11,1011010501,茄类,10.713999999999999,114.90599999999999,23,0,0.0,3,10.724845995893224,0.0
2021-12-11,1011010504,辣椒类,43.575,461.85999999999996,151,0,0.0,8,10.599196787148593,0.0
2021-12-11,1011010801,食用菌,121.63499999999999,876.3439999999999,257,0,0.0,4,7.2047025938257905,0.0
2021-12-12,1011010101,花叶类,116.349,699.8226,279,0,0.0,15,6.014857024985173,0.0
2021-12-12,1011010201,花菜类,15.656,219.184,37,0,0.0,1,14.0,0.0
2021-12-12,1011010402,水生根茎类,61.198,358.55999999999995,84,10,4.314,2,5.859015000490211,0.07049249975489395
2021-12-12,1011010501,茄类,10.425999999999998,108.898,26,0,0.0,4,10.44484941492423,0.0
2021-12-12,1011010504,辣椒类,43.444,484.652,138,0,0.0,7,11.155786759966853,0.0
2021-12-12,1011010801,食用菌,80.30199999999999,670.008,165,0,0.0,5,8.343602899056064,0.0
2021-12-13,1011010101,花叶类,61.915,340.7078,147,0,0.0,13,5.502831300977147,0.0
2021-12-13,1011010201,花菜类,27.924999999999997,298.064,50,0,0.0,2,10.673733213965981,0.0
2021-12-13,1011010402,水生根茎类,21.832,130.59,32,1,0.201,2,5.981586661780872,0.009206669109563944
2021-12-13,1011010501,茄类,1.537,17.46,4,0,0.0,2,11.359791802212102,0.0
2021-12-13,1011010504,辣椒类,33.333000000000006,310.385,96,0,0.0,8,9.311643116431162,0.0
2021-12-13,1011010801,食用菌,92.884,421.356,139,48,48.0,4,4.536367942810387,0.5167736100943112
2021-12-14,1011010101,花叶类,66.116,391.4882,149,0,0.0,13,5.921232379454293,0.0
2021-12-14,1011010201,花菜类,13.141,183.974,30,0,0.0,1,14.0,0.0
2021-12-14,1011010402,水生根茎类,33.175000000000004,190.726,49,8,4.162,2,5.749088168801808,0.1254559155990957
2021-12-14,1011010501,茄类,5.472,59.519999999999996,14,0,0.0,4,10.877192982456139,0.0
2021-12-14,1011010504,辣椒类,30.287000000000003,328.813,89,0,0.0,9,10.856572126655,0.0
2021-12-14,1011010801,食用菌,103.51599999999999,481.832,150,66,66.0,4,4.654662081224159,0.6375825959271997
2021-12-15,1011010101,花叶类,101.666,505.6702,188,18,18.0,15,4.973837861231877,0.17705034131371353
2021-12-15,1011010201,花菜类,18.179,218.148,34,0,0.0,1,12.0,0.0
2021-12-15,1011010402,水生根茎类,2.6020000000000003,11.382000000000001,5,4,2.115,1,4.374327440430438,0.8128362797847809
2021-12-15,1011010501,茄类,6.299,66.534,15,0,0.0,4,10.56262898872837,0.0
2021-12-15,1011010504,辣椒类,29.243000000000002,277.034,86,0,0.0,8,9.473515029237765,0.0
2021-12-15,1011010801,食用菌,64.376,425.376,131,28,28.0,4,6.607679880700881,0.43494469988815704
2021-12-16,1011010101,花叶类,99.125,420.4444,177,15,13.597,20,4.24155762925599,0.1371702395964691
2021-12-16,1011010201,花菜类,25.768,206.144,46,0,0.0,1,8.0,0.0
2021-12-16,1011010402,水生根茎类,39.568999999999996,237.414,54,0,0.0,2,6.0,0.0
2021-12-16,1011010501,茄类,4.506,47.468,11,0,0.0,4,10.53439857967155,0.0
2021-12-16,1011010504,辣椒类,33.831999999999994,329.48359999999997,102,0,0.0,8,9.738815322771341,0.0
2021-12-16,1011010801,食用菌,51.855999999999995,438.312,124,0,0.0,4,8.452483801295898,0.0
2021-12-17,1011010101,花叶类,97.582,459.1418,179,8,5.018000000000001,20,4.705189481666701,0.05142341825336641
2021-12-17,1011010201,花菜类,34.299,274.392,72,0,0.0,1,8.0,0.0
2021-12-17,1011010402,水生根茎类,40.153999999999996,240.92399999999998,59,0,0.0,2,6.0,0.0
2021-12-17,1011010501,茄类,10.173,111.22800000000001,20,0,0.0,3,10.933647891477442,0.0
2021-12-17,1011010504,辣椒类,34.227999999999994,346.7518,103,0,0.0,8,10.130647423162324,0.0
2021-12-17,1011010801,食用菌,69.729,504.21799999999996,145,0,0.0,4,7.231109007729925,0.0
2021-12-18,1011010101,花叶类,109.389,524.7852,249,9,3.801,14,4.797422044264049,0.0347475523133039
2021-12-18,1011010201,花菜类,42.242,337.936,89,0,0.0,1,8.0,0.0
2021-12-18,1011010402,水生根茎类,70.551,380.264,96,0,0.0,3,5.389916514294624,0.0
2021-12-18,1011010501,茄类,11.996,137.49599999999998,27,0,0.0,3,11.461820606868955,0.0
2021-12-18,1011010504,辣椒类,59.298,541.3783999999999,171,0,0.0,8,9.129791898546324,0.0
2021-12-18,1011010801,食用菌,114.017,790.5600000000001,223,0,0.0,4,6.933702868870433,0.0
2021-12-19,1011010101,花叶类,147.891,669.8892000000001,295,16,5.724,15,4.529614378156887,0.038704180781792
2021-12-19,1011010201,花菜类,51.133,409.064,108,0,0.0,1,8.0,0.0
2021-12-19,1011010402,水生根茎类,67.19,376.9652,103,16,11.897,2,5.610436076797142,0.17706503944039292
2021-12-19,1011010501,茄类,9.451,105.48599999999999,23,0,0.0,3,11.161358586392973,0.0
2021-12-19,1011010504,辣椒类,52.98,432.88520000000005,151,0,0.0,6,8.170728576821444,0.0
2021-12-19,1011010801,食用菌,118.836,602.258,211,5,5.0,4,5.0679760341983915,0.04207479215052678
2021-12-20,1011010101,花叶类,82.832,343.534,172,1,1.0,15,4.147358508788874,0.012072628935677034
2021-12-20,1011010201,花菜类,25.78,206.24,52,0,0.0,1,8.0,0.0
2021-12-20,1011010402,水生根茎类,38.283,222.86300000000003,55,0,0.0,2,5.821461222997153,0.0
2021-12-20,1011010501,茄类,6.115,66.738,15,0,0.0,3,10.913818479149631,0.0
2021-12-20,1011010504,辣椒类,50.948,478.58360000000005,140,0,0.0,9,9.39356991442255,0.0
2021-12-20,1011010801,食用菌,60.872,390.216,128,0,0.0,4,6.410435011170982,0.0
2021-12-21,1011010101,花叶类,71.006,293.738,153,0,0.0,13,4.13680534039377,0.0
2021-12-21,1011010201,花菜类,18.202,145.616,36,0,0.0,1,8.0,0.0
2021-12-21,1011010402,水生根茎类,48.369,289.045,59,0,0.0,2,5.975831627695425,0.0
2021-12-21,1011010501,茄类,6.431,72.88199999999999,17,0,0.0,4,11.332918675167157,0.0
2021-12-21,1011010504,辣椒类,31.633,295.0144,89,0,0.0,9,9.326159390509911,0.0
2021-12-21,1011010801,食用菌,54.261,457.43600000000004,126,0,0.0,4,8.430290632314186,0.0
2021-12-22,1011010101,花叶类,75.729,346.277,156,8,5.833,14,4.572581177620198,0.0770246536993754
2021-12-22,1011010201,花菜类,14.458,115.664,31,0,0.0,1,8.0,0.0
2021-12-22,1011010402,水生根茎类,31.469,184.378,38,0,0.0,2,5.859035876576948,0.0
2021-12-22,1011010501,茄类,4.455,52.614,13,3,1.084,2,11.81010101010101,0.24332210998877668
2021-12-22,1011010504,辣椒类,22.570000000000004,219.5764,77,0,0.0,7,9.728684093929994,0.0
2021-12-22,1011010801,食用菌,50.263000000000005,351.966,110,4,4.0,4,7.002486918807074,0.07958140182639316
2021-12-23,1011010101,花叶类,91.213,411.1322,183,2,2.0,16,4.50738600857334,0.021926699045092257
2021-12-23,1011010201,花菜类,24.073,191.174,47,0,0.0,2,7.941428156025423,0.0
2021-12-23,1011010402,水生根茎类,30.021,180.126,43,0,0.0,2,6.0,0.0
2021-12-23,1011010501,茄类,6.563,62.928,14,7,3.473,3,9.588298034435471,0.529178729239677
2021-12-23,1011010504,辣椒类,33.503,317.8904,99,0,0.0,9,9.488415962749604,0.0
2021-12-23,1011010801,食用菌,47.43,424.63500000000005,114,3,3.0,4,8.952877925363694,0.06325110689437065
2021-12-24,1011010101,花叶类,120.944,474.8304,200,9,9.0,21,3.9260351898399257,0.07441460510649557
2021-12-24,1011010201,花菜类,30.134999999999998,271.215,58,0,0.0,1,9.0,0.0
2021-12-24,1011010402,水生根茎类,35.441,212.64600000000002,41,0,0.0,1,6.0,0.0
2021-12-24,1011010501,茄类,8.624,75.776,20,15,6.536,3,8.786641929499071,0.7578849721706864
2021-12-24,1011010504,辣椒类,52.243,478.48,147,0,0.0,9,9.158738969814138,0.0
2021-12-24,1011010801,食用菌,63.471999999999994,530.189,149,0,0.0,4,8.353116334761785,0.0
2021-12-25,1011010101,花叶类,180.787,800.295,337,2,2.0,23,4.426728691775404,0.011062742343199455
2021-12-25,1011010201,花菜类,33.162,298.458,74,0,0.0,1,9.000000000000002,0.0
2021-12-25,1011010402,水生根茎类,66.839,401.034,101,0,0.0,2,6.0,0.0
2021-12-25,1011010501,茄类,13.596,127.31799999999998,31,20,8.677,3,9.36437187408061,0.6382024124742571
2021-12-25,1011010504,辣椒类,65.339,616.0354,163,0,0.0,9,9.42829550498171,0.0
2021-12-25,1011010801,食用菌,137.522,1078.604,290,161,52.916000000000004,4,7.843137825220693,0.38478207123223923
2021-12-26,1011010101,花叶类,209.712,926.96,420,1,1.0,21,4.420157167925536,0.004768444342717632
2021-12-26,1011010201,花菜类,28.498,256.482,54,0,0.0,1,9.0,0.0
2021-12-26,1011010402,水生根茎类,95.584,573.504,125,0,0.0,2,6.0,0.0
2021-12-26,1011010501,茄类,9.123000000000001,105.47399999999999,22,0,0.0,2,11.561328510358432,0.0
2021-12-26,1011010504,辣椒类,64.634,574.9942,178,0,0.0,8,8.896156821487143,0.0
2021-12-26,1011010801,食用菌,92.322,832.728,210,24,8.757,4,9.019821927601221,0.09485279781633846
2021-12-27,1011010101,花叶类,82.705,324.002,145,12,12.0,20,3.917562420651714,0.1450940088265522
2021-12-27,1011010201,花菜类,15.213,136.917,36,0,0.0,1,9.0,0.0
2021-12-27,1011010402,水生根茎类,42.155,252.93,58,0,0.0,2,6.0,0.0
2021-12-27,1011010501,茄类,5.35,60.724,12,0,0.0,2,11.350280373831776,0.0
2021-12-27,1011010504,辣椒类,37.586,309.6388,93,0,0.0,7,8.238141861331346,0.0
2021-12-27,1011010801,食用菌,39.641999999999996,211.686,70,20,7.552,4,5.339942485242925,0.19050501992835883
2021-12-28,1011010101,花叶类,86.04299999999999,351.1462,152,5,5.0,22,4.081054821426497,0.05811047964389899
2021-12-28,1011010201,花菜类,24.145,217.305,48,0,0.0,1,9.0,0.0
2021-12-28,1011010402,水生根茎类,35.054,210.324,53,0,0.0,2,6.0,0.0
2021-12-28,1011010501,茄类,5.317,54.708000000000006,15,0,0.0,3,10.289260861388001,0.0
2021-12-28,1011010504,辣椒类,42.784,384.4406,114,14,5.67,8,8.985616118175018,0.1325261780104712
2021-12-28,1011010801,食用菌,39.004,148.186,51,17,6.873,3,3.799251358834992,0.1762126961337299
2021-12-29,1011010101,花叶类,68.16499999999999,309.248,161,1,1.0,16,4.536756399911979,0.014670285337049808
2021-12-29,1011010201,花菜类,24.749,197.992,44,0,0.0,1,8.0,0.0
2021-12-29,1011010402,水生根茎类,34.882000000000005,209.292,49,0,0.0,2,5.999999999999999,0.0
2021-12-29,1011010501,茄类,3.0269999999999997,29.113999999999997,7,0,0.0,2,9.618103733069045,0.0
2021-12-29,1011010504,辣椒类,35.3,306.3432,101,20,5.896,8,8.678277620396601,0.1670254957507082
2021-12-29,1011010801,食用菌,28.395,144.388,35,9,3.744,7,5.084979749955979,0.1318541996830428
2021-12-30,1011010101,花叶类,84.271,324.49600000000004,154,8,8.0,21,3.8506247700869816,0.09493182708167697
2021-12-30,1011010201,花菜类,17.651,141.208,35,0,0.0,1,8.0,0.0
2021-12-30,1011010402,水生根茎类,37.37,224.22,52,0,0.0,2,6.0,0.0
2021-12-30,1011010501,茄类,11.272,118.17200000000001,23,0,0.0,3,10.483676366217177,0.0
2021-12-30,1011010504,辣椒类,35.101,305.4254,89,14,4.65,7,8.701330446426029,0.13247485826614627
2021-12-30,1011010801,食用菌,31.745,154.774,37,9,4.443,7,4.875539455032288,0.13995904866908174
2021-12-31,1011010101,花叶类,125.70100000000001,561.5304,232,3,3.0,23,4.467191191796405,0.023866158582668395
2021-12-31,1011010201,花菜类,69.793,395.916,114,0,0.0,2,5.6727178943447045,0.0
2021-12-31,1011010402,水生根茎类,60.713,364.278,81,0,0.0,2,6.0,0.0
2021-12-31,1011010501,茄类,12.997,134.936,28,0,0.0,3,10.382088174194045,0.0
2021-12-31,1011010504,辣椒类,66.714,616.9598,164,0,0.0,8,9.247831039961627,0.0
2021-12-31,1011010801,食用菌,88.954,759.354,181,4,4.0,7,8.536479528745195,0.04496706162735797
2022-01-01,1011010101,花叶类,138.402,600.517,255,15,15.0,20,4.338932963396483,0.10837993670611698
2022-01-01,1011010201,花菜类,38.272,306.176,61,0,0.0,1,8.0,0.0
2022-01-01,1011010402,水生根茎类,82.658,495.948,88,0,0.0,2,6.0,0.0
2022-01-01,1011010501,茄类,18.427999999999997,190.128,39,0,0.0,3,10.317343173431736,0.0
2022-01-01,1011010504,辣椒类,57.833,521.5504,146,0,0.0,9,9.018214514204692,0.0
2022-01-01,1011010801,食用菌,90.656,759.684,201,0,0.0,4,8.379853512177903,0.0
2022-01-02,1011010101,花叶类,110.54299999999999,445.4858,207,20,20.0,22,4.0299774748288,0.18092506988230825
2022-01-02,1011010201,花菜类,26.605,212.84,46,0,0.0,1,8.0,0.0
2022-01-02,1011010402,水生根茎类,27.438000000000002,164.628,41,0,0.0,2,5.999999999999999,0.0
2022-01-02,1011010501,茄类,13.349,134.054,25,0,0.0,3,10.042250355831898,0.0
2022-01-02,1011010504,辣椒类,45.828,428.7554,127,0,0.0,9,9.355751942044165,0.0
2022-01-02,1011010801,食用菌,59.918,286.034,79,0,0.0,7,4.773757468540339,0.0
2022-01-03,1011010101,花叶类,90.081,378.9412,159,11,11.0,20,4.206671773181914,0.12211232113320233
2022-01-03,1011010201,花菜类,38.027,228.162,70,0,0.0,1,6.0,0.0
2022-01-03,1011010402,水生根茎类,59.009,354.054,67,0,0.0,2,5.999999999999999,0.0
2022-01-03,1011010501,茄类,12.782,131.34199999999998,28,0,0.0,3,10.275543733375057,0.0
2022-01-03,1011010504,辣椒类,81.754,638.0602,192,0,0.0,9,7.8046358587958995,0.0
2022-01-03,1011010801,食用菌,59.045,495.81,138,2,2.0,5,8.39715471250741,0.03387247014988568
2022-01-04,1011010101,花叶类,70.388,286.0908,125,10,10.0,20,4.064482582258339,0.14206967096664203
2022-01-04,1011010201,花菜类,45.257,271.542,86,0,0.0,1,6.0,0.0
2022-01-04,1011010402,水生根茎类,46.598,279.58799999999997,58,0,0.0,2,5.999999999999999,0.0
2022-01-04,1011010501,茄类,8.174,80.444,18,0,0.0,3,9.841448495228775,0.0
2022-01-04,1011010504,辣椒类,58.207,441.17940000000004,128,0,0.0,9,7.5794904392942435,0.0
2022-01-04,1011010801,食用菌,63.48,528.222,142,3,3.0,5,8.321077504725897,0.04725897920604915
2022-01-05,1011010101,花叶类,65.654,262.4934,120,3,3.0,20,3.9981326347214186,0.04569409327687574
2022-01-05,1011010201,花菜类,39.688,238.128,84,0,0.0,1,5.999999999999999,0.0
2022-01-05,1011010402,水生根茎类,34.15,204.9,52,0,0.0,2,6.0,0.0
2022-01-05,1011010501,茄类,9.827,102.402,23,0,0.0,2,10.420474203724433,0.0
2022-01-05,1011010504,辣椒类,66.638,499.0404,153,0,0.0,8,7.488826195263963,0.0
2022-01-05,1011010801,食用菌,40.437,353.70599999999996,95,5,5.0,8,8.74708806291268,0.12364913321957614
2022-01-06,1011010101,花叶类,60.316,231.144,103,1,1.0,19,3.8322169905166126,0.016579348763180582
2022-01-06,1011010201,花菜类,35.897,215.382,71,0,0.0,1,6.0,0.0
2022-01-06,1011010402,水生根茎类,34.198,205.188,48,0,0.0,2,6.0,0.0
2022-01-06,1011010501,茄类,7.001,78.09200000000001,14,0,0.0,3,11.154406513355235,0.0
2022-01-06,1011010504,辣椒类,66.856,508.576,140,0,0.0,8,7.607036017709706,0.0
2022-01-06,1011010801,食用菌,44.278,343.30400000000003,97,3,3.0,5,7.75337639459777,0.06775373774786576
2022-01-07,1011010101,花叶类,90.664,357.384,168,2,2.0,22,3.9418512309185565,0.022059472337421688
2022-01-07,1011010201,花菜类,31.834,254.672,66,0,0.0,1,8.0,0.0
2022-01-07,1011010402,水生根茎类,46.045,276.27,66,0,0.0,2,5.999999999999999,0.0
2022-01-07,1011010501,茄类,16.284,178.166,36,0,0.0,4,10.941169245885533,0.0
2022-01-07,1011010504,辣椒类,49.32,464.467,124,0,0.0,9,9.417416869424168,0.0
2022-01-07,1011010801,食用菌,78.764,673.948,183,9,9.0,5,8.556548677060587,0.11426540043674775
2022-01-08,1011010101,花叶类,130.766,513.2044,233,1,1.0,21,3.924601196029549,0.007647247755532784
2022-01-08,1011010201,花菜类,43.284,346.272,88,0,0.0,1,8.0,0.0
2022-01-08,1011010402,水生根茎类,60.006,360.036,83,0,0.0,2,6.0,0.0
2022-01-08,1011010501,茄类,14.224,152.986,31,0,0.0,4,10.755483689538806,0.0
2022-01-08,1011010504,辣椒类,80.046,738.5088,196,0,0.0,10,9.22605501836444,0.0
2022-01-08,1011010801,食用菌,112.41199999999999,922.816,262,0,0.0,5,8.20923033128136,0.0
2022-01-09,1011010101,花叶类,147.52800000000002,569.5886,258,7,7.0,19,3.8608847134103352,0.04744861992299766
2022-01-09,1011010201,花菜类,114.262,684.5120000000001,211,0,0.0,2,5.990723075038071,0.0
2022-01-09,1011010402,水生根茎类,59.741,393.546,79,0,0.0,3,6.587536197921025,0.0
2022-01-09,1011010501,茄类,11.879,131.102,26,0,0.0,4,11.036450879703679,0.0
2022-01-09,1011010504,辣椒类,81.556,719.5474,205,0,0.0,10,8.822740203050666,0.0
2022-01-09,1011010801,食用菌,84.804,751.564,205,3,3.0,7,8.86236498278383,0.03537568982595161
2022-01-10,1011010101,花叶类,76.365,281.7392,137,4,4.0,20,3.6893760230472075,0.05238001702350554
2022-01-10,1011010201,花菜类,35.175,211.05,63,0,0.0,1,6.000000000000001,0.0
2022-01-10,1011010402,水生根茎类,56.153,364.11,75,0,0.0,4,6.484248392784001,0.0
2022-01-10,1011010501,茄类,8.581999999999999,92.157,22,0,0.0,3,10.738405965975298,0.0
2022-01-10,1011010504,辣椒类,57.480999999999995,537.8312,139,0,0.0,8,9.356677858770725,0.0
2022-01-10,1011010801,食用菌,46.232,417.8,122,0,0.0,3,9.037030628136357,0.0
2022-01-11,1011010101,花叶类,86.15,322.407,158,6,6.0,21,3.7423911781775967,0.06964596633778293
2022-01-11,1011010201,花菜类,54.466,326.796,92,0,0.0,1,6.0,0.0
2022-01-11,1011010402,水生根茎类,29.824,201.68800000000002,41,0,0.0,4,6.76260729613734,0.0
2022-01-11,1011010501,茄类,10.573,106.534,26,0,0.0,4,10.076042750401967,0.0
2022-01-11,1011010504,辣椒类,81.87,674.9308,184,0,0.0,8,8.243933064614632,0.0
2022-01-11,1011010801,食用菌,33.489,240.61599999999999,69,3,3.0,6,7.184926393741229,0.08958165367732689
2022-01-12,1011010101,花叶类,85.232,322.03000000000003,147,11,11.0,20,3.7782757649709033,0.12905950816594705
2022-01-12,1011010201,花菜类,35.007,210.042,67,0,0.0,1,6.0,0.0
2022-01-12,1011010402,水生根茎类,41.626000000000005,292.656,60,0,0.0,3,7.030605871330418,0.0
2022-01-12,1011010501,茄类,10.637,114.042,22,0,0.0,4,10.721255993231173,0.0
2022-01-12,1011010504,辣椒类,74.888,579.28,167,2,2.0,10,7.73528469180643,0.02670654844567888
2022-01-12,1011010801,食用菌,46.619,291.51,89,5,5.0,5,6.253029880520818,0.10725240781655548
2022-01-13,1011010101,花叶类,73.369,256.6266,112,13,13.0,21,3.4977524567596667,0.17718655017786802
2022-01-13,1011010201,花菜类,21.816,130.89600000000002,47,0,0.0,1,6.000000000000001,0.0
2022-01-13,1011010402,水生根茎类,22.185000000000002,133.11,35,0,0.0,2,6.0,0.0
2022-01-13,1011010501,茄类,12.889,144.233,29,0,0.0,4,11.190394910388704,0.0
2022-01-13,1011010504,辣椒类,63.208999999999996,521.677,166,0,0.0,9,8.253207612839944,0.0
2022-01-13,1011010801,食用菌,48.916,289.88100000000003,92,9,9.0,9,5.926097800310738,0.18398887889443127
2022-01-14,1011010101,花叶类,103.099,378.4884,183,13,13.0,21,3.6711161116984647,0.1260923966284833
2022-01-14,1011010201,花菜类,23.405,163.835,48,0,0.0,1,7.0,0.0
2022-01-14,1011010402,水生根茎类,48.285000000000004,340.41,59,0,0.0,3,7.050015532774154,0.0
2022-01-14,1011010501,茄类,6.196,70.362,16,0,0.0,3,11.356036152356358,0.0
2022-01-14,1011010504,辣椒类,78.342,631.7322,168,0,0.0,13,8.063774220724516,0.0
2022-01-14,1011010801,食用菌,53.083,340.029,106,13,13.0,9,6.405610082323908,0.24489949701410998
2022-01-15,1011010101,花叶类,124.109,479.8588,224,14,14.0,19,3.8664303152873685,0.11280406739237284
2022-01-15,1011010201,花菜类,37.538,262.766,79,0,0.0,1,7.000000000000001,0.0
2022-01-15,1011010402,水生根茎类,56.825,376.05,78,0,0.0,3,6.617685877694677,0.0
2022-01-15,1011010501,茄类,9.146,93.468,20,0,0.0,3,10.219549529849115,0.0
2022-01-15,1011010504,辣椒类,96.244,817.2482,232,0,0.0,13,8.491419724865965,0.0
2022-01-15,1011010801,食用菌,49.827,259.886,84,1,1.0,8,5.215766552270858,0.020069440263311058
2022-01-16,1011010101,花叶类,137.15,539.614,253,5,5.0,19,3.93448049580751,0.03645643456069996
2022-01-16,1011010201,花菜类,58.007,348.042,85,0,0.0,1,6.0,0.0
2022-01-16,1011010402,水生根茎类,52.794,344.064,69,0,0.0,3,6.517104216388227,0.0
2022-01-16,1011010501,茄类,14.67,153.406,36,0,0.0,3,10.457123381049762,0.0
2022-01-16,1011010504,辣椒类,88.336,736.1985999999999,209,2,2.0,11,8.334072178953088,0.022640825937330192
2022-01-16,1011010801,食用菌,55.987,303.81,89,11,11.0,8,5.426438280315073,0.19647418150642112
2022-01-17,1011010101,花叶类,90.383,388.811,167,6,6.0,18,4.30181560691723,0.06638416516380292
2022-01-17,1011010201,花菜类,11.754999999999999,82.285,31,0,0.0,1,7.0,0.0
2022-01-17,1011010402,水生根茎类,42.312,257.772,56,0,0.0,3,6.092172433352241,0.0
2022-01-17,1011010501,茄类,10.665,111.798,24,0,0.0,3,10.48270042194093,0.0
2022-01-17,1011010504,辣椒类,47.324,455.0512,118,0,0.0,10,9.615653790888345,0.0
2022-01-17,1011010801,食用菌,29.229,118.274,35,1,1.0,7,4.046460706832256,0.03421259707824421
2022-01-18,1011010101,花叶类,85.852,313.046,140,15,15.0,18,3.646344872571402,0.1747192843498113
2022-01-18,1011010201,花菜类,9.211,64.477,24,0,0.0,1,7.0,0.0
2022-01-18,1011010402,水生根茎类,32.418,194.508,44,0,0.0,2,6.0,0.0
2022-01-18,1011010501,茄类,8.478000000000002,89.446,18,0,0.0,3,10.550365652276477,0.0
2022-01-18,1011010504,辣椒类,56.238,518.9558,138,0,0.0,10,9.227849496781534,0.0
2022-01-18,1011010801,食用菌,38.751999999999995,327.268,86,1,1.0,7,8.445189925681255,0.025805119735755576
2022-01-19,1011010101,花叶类,129.677,519.6736,207,12,12.0,20,4.0074461932339585,0.09253761268382212
2022-01-19,1011010201,花菜类,16.223,113.56099999999999,36,0,0.0,1,7.0,0.0
2022-01-19,1011010402,水生根茎类,50.388999999999996,302.334,61,0,0.0,2,6.000000000000001,0.0
2022-01-19,1011010501,茄类,4.2059999999999995,45.372,10,0,0.0,4,10.787446504992868,0.0
2022-01-19,1011010504,辣椒类,55.99,541.0184,153,0,0.0,14,9.662768351491339,0.0
2022-01-19,1011010801,食用菌,72.068,546.156,131,0,0.0,8,7.578342676361214,0.0
2022-01-20,1011010101,花叶类,134.88,573.1784,237,7,7.0,19,4.249543297746145,0.051897983392645314
2022-01-20,1011010201,花菜类,32.318,226.226,68,0,0.0,1,7.0,0.0
2022-01-20,1011010402,水生根茎类,55.56,333.36,67,0,0.0,2,6.0,0.0
2022-01-20,1011010501,茄类,22.912,250.06,53,0,0.0,4,10.91393156424581,0.0
2022-01-20,1011010504,辣椒类,68.17,657.9262,158,1,1.0,13,9.651257151239548,0.014669209329617133
2022-01-20,1011010801,食用菌,78.146,593.315,145,5,5.0,10,7.59239116525478,0.0639828014229775
2022-01-21,1011010101,花叶类,146.062,597.668,260,8,8.0,20,4.091878791198258,0.05477126151908093
2022-01-21,1011010201,花菜类,32.031,224.217,69,0,0.0,1,7.000000000000001,0.0
2022-01-21,1011010402,水生根茎类,58.294,405.039,74,0,0.0,2,6.948210793563661,0.0
2022-01-21,1011010501,茄类,23.798,254.98200000000003,55,0,0.0,3,10.714429784015465,0.0
2022-01-21,1011010504,辣椒类,81.348,831.4364,183,2,2.0,14,10.220735605054827,0.024585730442051434
2022-01-21,1011010801,食用菌,77.10300000000001,602.621,142,0,0.0,10,7.815791862832833,0.0
2022-01-22,1011010101,花叶类,210.297,1085.6298,416,1,1.0,21,5.162364655701222,0.004755179579356814
2022-01-22,1011010201,花菜类,64.541,516.328,121,0,0.0,1,8.0,0.0
2022-01-22,1011010402,水生根茎类,64.682,631.7159999999999,76,0,0.0,2,9.766488358430474,0.0
2022-01-22,1011010501,茄类,22.592000000000002,328.213,46,0,0.0,4,14.527841713881019,0.0
2022-01-22,1011010504,辣椒类,103.68,1249.931,235,3,3.0,11,12.055661651234567,0.028935185185185182
2022-01-22,1011010801,食用菌,97.639,810.8140000000001,184,0,0.0,8,8.304202214279131,0.0
2022-01-23,1011010101,花叶类,186.693,1042.094,321,0,0.0,22,5.581858987749943,0.0
2022-01-23,1011010201,花菜类,74.249,590.2622,137,0,0.0,2,7.949766326819217,0.0
2022-01-23,1011010402,水生根茎类,68.285,722.19,88,0,0.0,2,10.576114812916455,0.0
2022-01-23,1011010501,茄类,25.009,356.997,59,0,0.0,3,14.274741093206446,0.0
2022-01-23,1011010504,辣椒类,124.431,1472.4866,253,0,0.0,11,11.833760075865339,0.0
2022-01-23,1011010801,食用菌,89.483,935.89,175,0,0.0,6,10.458858107126492,0.0
2022-01-24,1011010101,花叶类,187.463,839.58,292,18,18.0,25,4.478643785707047,0.0960189477390205
2022-01-24,1011010201,花菜类,22.147,199.323,45,0,0.0,1,9.000000000000002,0.0
2022-01-24,1011010402,水生根茎类,38.076,444.432,42,0,0.0,2,11.672234478411598,0.0
2022-01-24,1011010501,茄类,25.579,367.668,49,0,0.0,3,14.373822276085852,0.0
2022-01-24,1011010504,辣椒类,117.056,1434.487,229,0,0.0,12,12.254707148715147,0.0
2022-01-24,1011010801,食用菌,68.443,845.232,163,0,0.0,7,12.349429452244934,0.0
2022-01-25,1011010101,花叶类,153.198,837.6786,256,15,15.0,23,5.467947362237104,0.0979125053851878
2022-01-25,1011010201,花菜类,48.877,488.77,86,0,0.0,1,10.0,0.0
2022-01-25,1011010402,水生根茎类,70.849,804.174,72,0,0.0,2,11.350534234781012,0.0
2022-01-25,1011010501,茄类,26.834,382.132,53,0,0.0,4,14.24059029589327,0.0
2022-01-25,1011010504,辣椒类,85.379,1275.5726000000002,204,1,1.0,12,14.9401211070638,0.011712481992058937
2022-01-25,1011010801,食用菌,83.043,962.25,176,3,3.0,7,11.587370398468263,0.036125862504967306
2022-01-26,1011010101,花叶类,172.651,1024.105,267,10,10.0,24,5.931648238353673,0.05792031323305396
2022-01-26,1011010201,花菜类,32.217,322.17,63,0,0.0,1,10.0,0.0
2022-01-26,1011010402,水生根茎类,64.858,745.971,65,0,0.0,2,11.501603503037405,0.0
2022-01-26,1011010501,茄类,31.875,462.492,62,0,0.0,4,14.509552941176471,0.0
2022-01-26,1011010504,辣椒类,93.362,1397.9538,204,2,2.0,11,14.973477431931622,0.021421991816799126
2022-01-26,1011010801,食用菌,87.094,866.1840000000001,148,3,3.0,8,9.945392334718811,0.03444554159873241
2022-01-27,1011010101,花叶类,170.614,847.6926000000001,250,17,13.905999999999999,22,4.968482070638987,0.08150562087519195
2022-01-27,1011010201,花菜类,58.027,580.27,89,0,0.0,1,10.0,0.0
2022-01-27,1011010402,水生根茎类,95.025,1118.58,86,0,0.0,3,11.77142857142857,0.0
2022-01-27,1011010501,茄类,21.963,356.442,43,0,0.0,4,16.22920366070209,0.0
2022-01-27,1011010504,辣椒类,157.221,2299.201,305,0,0.0,13,14.624006971078927,0.0
2022-01-27,1011010801,食用菌,66.621,678.1152,117,0,0.0,8,10.1787004097807,0.0
2022-01-28,1011010101,花叶类,188.131,1082.726,275,12,12.0,23,5.755170599210126,0.06378534106553413
2022-01-28,1011010201,花菜类,85.253,852.53,124,0,0.0,1,10.0,0.0
2022-01-28,1011010402,水生根茎类,197.934,2192.236,192,39,40.0,3,11.075590853516829,0.20208756454171592
2022-01-28,1011010501,茄类,54.803000000000004,968.3842,85,0,0.0,4,17.67027717460723,0.0
2022-01-28,1011010504,辣椒类,222.648,3474.2282,416,0,0.0,13,15.604129388092415,0.0
2022-01-28,1011010801,食用菌,144.04,1414.4326,200,0,0.0,9,9.819720910858097,0.0
2022-01-29,1011010101,花叶类,208.256,1440.725,333,0,0.0,15,6.918047979409956,0.0
2022-01-29,1011010201,花菜类,90.907,909.07,129,0,0.0,1,10.000000000000002,0.0
2022-01-29,1011010402,水生根茎类,200.905,2262.968,211,0,0.0,3,11.263870983798311,0.0
2022-01-29,1011010501,茄类,86.261,1518.4820000000002,138,0,0.0,4,17.60334334171874,0.0
2022-01-29,1011010504,辣椒类,356.647,6284.807400000001,751,0,0.0,14,17.621927003451596,0.0
2022-01-29,1011010801,食用菌,195.987,1854.334,294,0,0.0,7,9.461515304586529,0.0
2022-01-30,1011010101,花叶类,229.022,1825.693,399,4,4.0,15,7.971692675812804,0.017465570993179694
2022-01-30,1011010201,花菜类,102.12800000000001,999.3668,166,0,0.0,2,9.785433965220115,0.0
2022-01-30,1011010402,水生根茎类,234.678,2746.652,249,0,0.0,3,11.703917708519759,0.0
2022-01-30,1011010501,茄类,88.02799999999999,1526.0572,142,0,0.0,4,17.33604307720271,0.0
2022-01-30,1011010504,辣椒类,403.185,7456.5416000000005,906,0,0.0,13,18.494094770390763,0.0
2022-01-30,1011010801,食用菌,153.261,1925.8152000000002,296,0,0.0,8,12.565592029283382,0.0
2022-02-01,1011010101,花叶类,63.003,596.783,130,0,0.0,12,9.47229497008079,0.0
2022-02-01,1011010201,花菜类,13.968,139.68,23,0,0.0,1,10.0,0.0
2022-02-01,1011010402,水生根茎类,38.25,458.31500000000005,48,0,0.0,3,11.982091503267975,0.0
2022-02-01,1011010501,茄类,18.86,328.4054,37,0,0.0,4,17.412799575821843,0.0
2022-02-01,1011010504,辣椒类,52.92,1049.8752000000002,165,0,0.0,9,19.838911564625853,0.0
2022-02-01,1011010801,食用菌,46.534,423.7264,78,0,0.0,8,9.10573774014699,0.0
2022-02-02,1011010101,花叶类,88.41199999999999,698.808,177,0,0.0,13,7.903994932814551,0.0
2022-02-02,1011010201,花菜类,38.729,387.29,67,0,0.0,1,10.0,0.0
2022-02-02,1011010402,水生根茎类,37.868,514.747,46,0,0.0,2,13.59319214112179,0.0
2022-02-02,1011010501,茄类,29.266000000000002,507.798,58,0,0.0,3,17.351124171393426,0.0
2022-02-02,1011010504,辣椒类,89.27,1687.0262,264,0,0.0,9,18.898019491430492,0.0
2022-02-02,1011010801,食用菌,104.52199999999999,834.5944000000001,156,38,10.485,7,7.9848682574003575,0.10031380953292131
2022-02-03,1011010101,花叶类,116.536,705.078,194,0,0.0,12,6.050302052584609,0.0
2022-02-03,1011010201,花菜类,26.229,262.29,54,0,0.0,1,10.000000000000002,0.0
2022-02-03,1011010402,水生根茎类,7.01,74.07600000000001,10,0,0.0,2,10.567189728958631,0.0
2022-02-03,1011010501,茄类,51.214999999999996,732.486,91,0,0.0,3,14.302177096553745,0.0
2022-02-03,1011010504,辣椒类,125.952,2348.7062,344,0,0.0,9,18.647629255589433,0.0
2022-02-03,1011010801,食用菌,46.152,505.95540000000005,101,0,0.0,7,10.96280551222049,0.0
2022-02-04,1011010101,花叶类,216.497,1324.3794,347,0,0.0,20,6.117310632479896,0.0
2022-02-04,1011010201,花菜类,48.036,480.36,97,0,0.0,1,10.0,0.0
2022-02-04,1011010402,水生根茎类,55.923,666.018,56,0,0.0,2,11.909554208465211,0.0
2022-02-04,1011010501,茄类,49.812,717.406,105,0,0.0,4,14.402272544768328,0.0
2022-02-04,1011010504,辣椒类,168.229,2445.1094,456,0,0.0,11,14.534410832852835,0.0
2022-02-04,1011010801,食用菌,62.232,585.0328000000001,107,0,0.0,7,9.400835582979818,0.0
2022-02-05,1011010101,花叶类,208.189,1364.369,356,0,0.0,22,6.55351147274832,0.0
2022-02-05,1011010201,花菜类,45.665,410.985,93,0,0.0,1,9.0,0.0
2022-02-05,1011010402,水生根茎类,2.203,21.456000000000003,5,0,0.0,3,9.739446209714028,0.0
2022-02-05,1011010501,茄类,43.637,541.492,82,0,0.0,2,12.409010701927263,0.0
2022-02-05,1011010504,辣椒类,79.349,1235.3020000000001,193,0,0.0,13,15.567959268547808,0.0
2022-02-05,1011010801,食用菌,94.217,778.4774,142,0,0.0,10,8.262600167697974,0.0
2022-02-06,1011010101,花叶类,219.985,1398.8696,395,3,3.0,19,6.358931745346273,0.01363729345182626
2022-02-06,1011010201,花菜类,52.784,475.056,115,0,0.0,1,9.0,0.0
2022-02-06,1011010402,水生根茎类,66.88,779.7439999999999,89,0,0.0,2,11.658851674641149,0.0
2022-02-06,1011010501,茄类,38.299,476.72400000000005,86,0,0.0,3,12.447426825765687,0.0
2022-02-06,1011010504,辣椒类,127.90299999999999,1530.6256,261,0,0.0,8,11.967081303800537,0.0
2022-02-06,1011010801,食用菌,90.519,789.7434000000001,133,0,0.0,9,8.72461472177112,0.0
2022-02-07,1011010101,花叶类,160.054,838.913,253,7,7.0,17,5.241437264923088,0.04373523935671711
2022-02-07,1011010201,花菜类,43.144,388.296,99,0,0.0,1,9.0,0.0
2022-02-07,1011010402,水生根茎类,41.735,494.184,58,0,0.0,2,11.8409967653049,0.0
2022-02-07,1011010501,茄类,25.718,319.606,63,0,0.0,3,12.427327163854109,0.0
2022-02-07,1011010504,辣椒类,105.783,1367.798,229,0,0.0,12,12.930225083425503,0.0
2022-02-07,1011010801,食用菌,89.43,648.0116,135,0,0.0,10,7.246020351112602,0.0
2022-02-08,1011010101,花叶类,162.297,965.4962,281,2,2.0,19,5.94894668416545,0.012323086686753299
2022-02-08,1011010201,花菜类,44.616,341.60720000000003,83,0,0.0,2,7.656607495069034,0.0
2022-02-08,1011010402,水生根茎类,29.778,294.99,35,0,0.0,2,9.906306669353215,0.0
2022-02-08,1011010501,茄类,28.360999999999997,349.44599999999997,63,0,0.0,3,12.321356792778817,0.0
2022-02-08,1011010504,辣椒类,83.106,1018.077,168,3,3.0,13,12.250342935528122,0.036098476644285615
2022-02-08,1011010801,食用菌,48.124,406.82800000000003,77,0,0.0,10,8.45374449339207,0.0
2022-02-09,1011010101,花叶类,138.288,740.5578,235,0,0.0,20,5.355184831655675,0.0
2022-02-09,1011010201,花菜类,25.255,227.29500000000002,61,0,0.0,1,9.000000000000002,0.0
2022-02-09,1011010402,水生根茎类,30.194,300.006,41,0,0.0,2,9.935947539246207,0.0
2022-02-09,1011010501,茄类,17.826999999999998,217.334,40,0,0.0,3,12.191282885510743,0.0
2022-02-09,1011010504,辣椒类,81.859,913.734,153,9,9.0,13,11.162291256917383,0.10994514958648409
2022-02-09,1011010801,食用菌,54.397999999999996,386.70120000000003,84,10,10.0,11,7.108739291885732,0.18383028787823083
2022-02-10,1011010101,花叶类,116.133,583.8774,180,17,17.0,18,5.027661388235902,0.1463838874394014
2022-02-10,1011010201,花菜类,23.057,184.456,51,0,0.0,1,8.0,0.0
2022-02-10,1011010402,水生根茎类,29.540000000000003,293.59000000000003,35,0,0.0,2,9.938727149627624,0.0
2022-02-10,1011010501,茄类,18.122,205.86,37,0,0.0,3,11.35967332524004,0.0
2022-02-10,1011010504,辣椒类,95.39,900.0088000000001,155,11,11.0,12,9.435043505608554,0.11531607086696719
2022-02-10,1011010801,食用菌,45.478,305.704,72,3,3.0,9,6.722019437970007,0.06596596156383305
2022-02-11,1011010101,花叶类,132.508,677.0574,213,8,8.0,19,5.109558668155885,0.0603737132852356
2022-02-11,1011010201,花菜类,24.982,199.856,55,0,0.0,1,8.0,0.0
2022-02-11,1011010402,水生根茎类,38.286,375.374,53,0,0.0,2,9.804471608420833,0.0
2022-02-11,1011010501,茄类,16.355999999999998,188.334,39,0,0.0,3,11.514673514306677,0.0
2022-02-11,1011010504,辣椒类,80.496,817.711,142,6,6.0,12,10.158405386603063,0.07453786523553965
2022-02-11,1011010801,食用菌,44.35,309.1,70,9,9.0,8,6.969560315670801,0.20293122886133033
2022-02-12,1011010101,花叶类,154.467,871.2256,262,6,6.0,20,5.640205351304809,0.03884324807240381
2022-02-12,1011010201,花菜类,35.481,283.848,78,0,0.0,1,8.0,0.0
2022-02-12,1011010402,水生根茎类,58.417,482.536,71,0,0.0,3,8.260198229967305,0.0
2022-02-12,1011010501,茄类,19.233,189.786,46,0,0.0,2,9.86772734362814,0.0
2022-02-12,1011010504,辣椒类,63.244,671.8514,129,1,1.0,12,10.623164252735437,0.015811776611220036
2022-02-12,1011010801,食用菌,44.628,306.904,75,3,3.0,8,6.876938245047952,0.06722237160527024
2022-02-13,1011010101,花叶类,165.85,881.5966,275,3,3.0,19,5.315626168224299,0.01808863430810974
2022-02-13,1011010201,花菜类,37.882,303.056,78,0,0.0,1,8.0,0.0
2022-02-13,1011010402,水生根茎类,38.757,309.756,52,0,0.0,4,7.992259462806718,0.0
2022-02-13,1011010501,茄类,18.593,178.25900000000001,41,0,0.0,2,9.587425375141184,0.0
2022-02-13,1011010504,辣椒类,53.381,583.6494,131,0,0.0,12,10.933654296472527,0.0
2022-02-13,1011010801,食用菌,62.028,394.004,87,0,0.0,7,6.3520345650351455,0.0
2022-02-14,1011010101,花叶类,150.014,631.1668,217,10,10.0,17,4.207385977308784,0.06666044502513098
2022-02-14,1011010201,花菜类,35.754,286.032,80,0,0.0,1,8.0,0.0
2022-02-14,1011010402,水生根茎类,24.829,198.632,35,0,0.0,2,8.0,0.0
2022-02-14,1011010501,茄类,22.165,215.701,50,0,0.0,2,9.731603879990978,0.0
2022-02-14,1011010504,辣椒类,56.165,567.3326000000001,112,0,0.0,13,10.101176889521946,0.0
2022-02-14,1011010801,食用菌,43.618,351.324,82,0,0.0,8,8.054564629281488,0.0
2022-02-15,1011010101,花叶类,154.453,822.6562,262,3,3.0,18,5.326255883666876,0.01942338445999754
2022-02-15,1011010201,花菜类,30.547,244.376,70,0,0.0,1,8.0,0.0
2022-02-15,1011010402,水生根茎类,50.086999999999996,399.596,68,0,0.0,3,7.978038213508496,0.0
2022-02-15,1011010501,茄类,13.33,131.351,28,0,0.0,3,9.853788447111778,0.0
2022-02-15,1011010504,辣椒类,65.561,663.9596,128,0,0.0,10,10.12735620262046,0.0
2022-02-15,1011010801,食用菌,54.996,390.528,87,0,0.0,8,7.101025529129391,0.0
2022-02-16,1011010101,花叶类,99.015,358.37300000000005,135,16,16.0,13,3.6193809018835537,0.16159167802858151
2022-02-16,1011010201,花菜类,21.875,175.0,47,0,0.0,1,8.0,0.0
2022-02-16,1011010402,水生根茎类,25.240000000000002,199.72000000000003,35,0,0.0,3,7.912836767036451,0.0
2022-02-16,1011010501,茄类,8.002,80.02,20,0,0.0,1,9.999999999999998,0.0
2022-02-16,1011010504,辣椒类,50.306000000000004,404.0908,73,1,1.0,9,8.032656144396293,0.019878344531467418
2022-02-16,1011010801,食用菌,19.235,148.83,42,2,2.0,8,7.7374577592929565,0.10397712503249286
2022-02-17,1011010101,花叶类,112.077,458.30899999999997,172,2,2.0,14,4.089233294966853,0.01784487450592004
2022-02-17,1011010201,花菜类,20.645,165.16,47,0,0.0,1,8.0,0.0
2022-02-17,1011010402,水生根茎类,38.54,299.02,55,0,0.0,3,7.758692267773741,0.0
2022-02-17,1011010501,茄类,16.258000000000003,151.975,37,0,0.0,2,9.347705744864065,0.0
2022-02-17,1011010504,辣椒类,66.319,471.302,99,4,4.0,12,7.106590871394322,0.06031454032780952
2022-02-17,1011010801,食用菌,28.335,250.23000000000002,56,1,1.0,6,8.831127580730545,0.03529204164460914
2022-02-18,1011010101,花叶类,98.783,444.0188,163,14,14.0,17,4.494890821295162,0.14172479070285374
2022-02-18,1011010201,花菜类,24.401,195.208,52,0,0.0,1,8.0,0.0
2022-02-18,1011010402,水生根茎类,34.695,274.46,41,0,0.0,2,7.9106499495604545,0.0
2022-02-18,1011010501,茄类,13.181000000000001,124.178,33,0,0.0,2,9.420984750777633,0.0
2022-02-18,1011010504,辣椒类,77.479,604.1516,125,9,9.0,14,7.797617418913513,0.1161605080086217
2022-02-18,1011010801,食用菌,44.249,328.682,80,1,1.0,6,7.428009672534973,0.02259938077696671
2022-02-19,1011010101,花叶类,120.64,753.945,223,1,1.0,18,6.249544098143237,0.008289124668435014
2022-02-19,1011010201,花菜类,49.665,397.32,88,0,0.0,1,8.0,0.0
2022-02-19,1011010402,水生根茎类,38.763,307.00399999999996,60,0,0.0,2,7.920026829708743,0.0
2022-02-19,1011010501,茄类,19.604000000000003,194.12699999999998,52,0,0.0,3,9.902417873903282,0.0
2022-02-19,1011010504,辣椒类,84.40899999999999,644.9956,135,8,8.0,16,7.641313130116457,0.09477662334585175
2022-02-19,1011010801,食用菌,49.453,330.154,85,0,0.0,5,6.676116716882696,0.0
2022-02-20,1011010101,花叶类,105.91799999999999,660.4082,198,5,5.0,15,6.23508940878793,0.04720632942464926
2022-02-20,1011010201,花菜类,36.386,278.538,67,0,0.0,2,7.655087121420326,0.0
2022-02-20,1011010402,水生根茎类,35.58,284.64,50,0,0.0,1,8.0,0.0
2022-02-20,1011010501,茄类,19.499,188.78300000000002,45,0,0.0,2,9.681675983383764,0.0
2022-02-20,1011010504,辣椒类,80.204,635.0724,169,7,7.0,12,7.9182135554336455,0.08727744252157
2022-02-20,1011010801,食用菌,29.076,238.268,56,0,0.0,5,8.19466226441051,0.0
2022-02-21,1011010101,花叶类,85.387,477.6952,133,8,8.0,15,5.594472226451333,0.09369107709604506
2022-02-21,1011010201,花菜类,28.045,224.36,53,0,0.0,1,8.0,0.0
2022-02-21,1011010402,水生根茎类,26.034,208.272,36,0,0.0,1,8.0,0.0
2022-02-21,1011010501,茄类,12.818999999999999,124.01400000000001,29,0,0.0,3,9.67423355956003,0.0
2022-02-21,1011010504,辣椒类,54.127,544.3702000000001,117,3,3.0,12,10.057276405490791,0.05542520368762355
2022-02-21,1011010801,食用菌,11.197,118.946,29,0,0.0,4,10.623024024292222,0.0
2022-02-22,1011010101,花叶类,78.356,451.291,132,12,12.0,15,5.759495124814948,0.1531471744346317
2022-02-22,1011010201,花菜类,21.47,171.76,44,0,0.0,1,8.0,0.0
2022-02-22,1011010402,水生根茎类,25.201,201.608,42,0,0.0,1,8.0,0.0
2022-02-22,1011010501,茄类,14.992999999999999,140.705,32,0,0.0,2,9.384712866004136,0.0
2022-02-22,1011010504,辣椒类,83.428,750.9346,161,14,14.0,15,9.000990075274489,0.1678093685573189
2022-02-22,1011010801,食用菌,14.498999999999999,139.082,42,0,0.0,3,9.592523622318781,0.0
2022-02-23,1011010101,花叶类,65.21,399.698,113,4,4.0,19,6.129397331697593,0.06134028523232633
2022-02-23,1011010201,花菜类,28.796,230.368,65,0,0.0,1,8.0,0.0
2022-02-23,1011010402,水生根茎类,17.076,136.608,27,0,0.0,1,8.0,0.0
2022-02-23,1011010501,茄类,10.987,121.35100000000001,27,0,0.0,4,11.04496222808774,0.0
2022-02-23,1011010504,辣椒类,46.044,400.681,68,9,9.0,13,8.70213274259404,0.19546520719311963
2022-02-23,1011010801,食用菌,16.979,123.322,31,0,0.0,5,7.26320749160728,0.0
2022-02-24,1011010101,花叶类,75.146,363.918,125,18,18.0,15,4.84281265802571,0.23953370771564686
2022-02-24,1011010201,花菜类,34.624,276.992,69,0,0.0,1,8.0,0.0
2022-02-24,1011010402,水生根茎类,19.778,158.224,29,0,0.0,1,8.0,0.0
2022-02-24,1011010501,茄类,11.295,129.84,26,0,0.0,3,11.49535192563081,0.0
2022-02-24,1011010504,辣椒类,60.707,652.5508,122,15,15.0,13,10.749185431663564,0.24708847414630933
2022-02-24,1011010801,食用菌,27.097,182.74599999999998,49,1,1.0,5,6.744141417869136,0.03690445436764217
2022-02-25,1011010101,花叶类,96.432,584.8488,175,11,11.0,16,6.064883026381284,0.11407001825120291
2022-02-25,1011010201,花菜类,25.668,205.344,51,0,0.0,1,8.0,0.0
2022-02-25,1011010402,水生根茎类,43.644,387.152,54,0,0.0,2,8.870680964164604,0.0
2022-02-25,1011010501,茄类,15.162,166.196,34,0,0.0,3,10.961350745284262,0.0
2022-02-25,1011010504,辣椒类,66.539,729.3868,145,17,17.0,13,10.961793835194397,0.2554892619366086
2022-02-25,1011010801,食用菌,33.498,282.664,70,0,0.0,5,8.43823511851454,0.0
2022-02-26,1011010101,花叶类,118.507,832.3856000000001,239,3,3.0,17,7.0239361387934895,0.025314960297703932
2022-02-26,1011010201,花菜类,29.244,292.44,61,0,0.0,1,10.0,0.0
2022-02-26,1011010402,水生根茎类,40.831,326.648,60,0,0.0,1,8.0,0.0
2022-02-26,1011010501,茄类,22.413,256.314,49,0,0.0,4,11.435952349083122,0.0
2022-02-26,1011010504,辣椒类,96.277,1020.8488,213,3,3.0,16,10.603246881394309,0.031160090156527518
2022-02-26,1011010801,食用菌,44.56,309.48,73,0,0.0,6,6.94524236983842,0.0
2022-02-27,1011010101,花叶类,94.607,574.5276,195,4,4.0,15,6.0727810838521465,0.04228016954347987
2022-02-27,1011010201,花菜类,34.072,340.72,70,0,0.0,1,10.0,0.0
2022-02-27,1011010402,水生根茎类,33.609,268.872,55,0,0.0,1,8.0,0.0
2022-02-27,1011010501,茄类,17.194000000000003,203.20000000000002,43,0,0.0,3,11.818076073048736,0.0
2022-02-27,1011010504,辣椒类,90.842,1024.7628,204,7,7.0,13,11.280715968384667,0.0770568679685608
2022-02-27,1011010801,食用菌,30.748,218.064,59,4,4.0,5,7.091973461688565,0.13008976193573565
2022-02-28,1011010101,花叶类,77.285,456.0546,167,12,12.0,18,5.9009458497768,0.15526945720385588
2022-02-28,1011010201,花菜类,22.582,225.82,45,0,0.0,1,10.0,0.0
2022-02-28,1011010402,水生根茎类,29.583,177.498,31,0,0.0,1,6.0,0.0
2022-02-28,1011010501,茄类,14.358,156.606,36,0,0.0,3,10.907229419139155,0.0
2022-02-28,1011010504,辣椒类,66.122,663.3378,144,9,9.0,14,10.032028674268776,0.13611203532863494
2022-02-28,1011010801,食用菌,11.887,132.36599999999999,35,1,1.0,4,11.135357954067468,0.08412551526878102
2022-03-01,1011010101,花叶类,75.286,439.0974,149,12,12.0,17,5.8323911484206885,0.15939218446988815
2022-03-01,1011010201,花菜类,22.944,229.44,44,0,0.0,1,10.0,0.0
2022-03-01,1011010402,水生根茎类,5.051,30.306,8,0,0.0,1,6.0,0.0
2022-03-01,1011010501,茄类,13.075,169.784,31,0,0.0,3,12.985391969407265,0.0
2022-03-01,1011010504,辣椒类,60.582,627.8882,138,4,4.0,14,10.364269915156317,0.06602621240632531
2022-03-01,1011010801,食用菌,18.112000000000002,141.716,39,0,0.0,5,7.824425795053004,0.0
2022-03-02,1011010101,花叶类,70.109,391.4318,134,9,9.0,17,5.5831890342181465,0.12837153575147273
2022-03-02,1011010201,花菜类,18.905,189.05,42,0,0.0,1,10.0,0.0
2022-03-02,1011010402,水生根茎类,23.171,139.026,33,0,0.0,1,6.000000000000001,0.0
2022-03-02,1011010501,茄类,8.61,113.056,21,0,0.0,4,13.130778164924507,0.0
2022-03-02,1011010504,辣椒类,69.755,740.0594,140,23,23.0,16,10.609410078130601,0.329725467708408
2022-03-02,1011010801,食用菌,17.916,165.388,42,0,0.0,4,9.231301629828087,0.0
2022-03-03,1011010101,花叶类,62.041,359.6576,131,7,7.0,18,5.7970954691252565,0.1128286133363421
2022-03-03,1011010201,花菜类,21.88,218.8,42,0,0.0,1,10.000000000000002,0.0
2022-03-03,1011010402,水生根茎类,27.705000000000002,166.23,40,0,0.0,1,5.999999999999999,0.0
2022-03-03,1011010501,茄类,14.024999999999999,193.3822,31,0,0.0,2,13.788392156862747,0.0
2022-03-03,1011010504,辣椒类,54.074999999999996,617.3778,126,3,3.0,14,11.417065187239945,0.05547850208044383
2022-03-03,1011010801,食用菌,15.525,105.25,34,0,0.0,6,6.77938808373591,0.0
2022-03-04,1011010101,花叶类,78.622,502.9668,140,5,5.0,17,6.397278115540179,0.0635954313042151
2022-03-04,1011010201,花菜类,20.119,201.19,48,0,0.0,1,10.0,0.0
2022-03-04,1011010402,水生根茎类,21.276,127.65599999999999,29,0,0.0,1,6.0,0.0
2022-03-04,1011010501,茄类,9.297,111.927,21,0,0.0,3,12.039044853178444,0.0
2022-03-04,1011010504,辣椒类,72.59,709.5126,134,12,12.0,17,9.774247141479542,0.16531202644992424
2022-03-04,1011010801,食用菌,28.908,171.04399999999998,55,0,0.0,5,5.916839629168395,0.0
2022-03-05,1011010101,花叶类,125.495,805.6016,236,1,1.0,19,6.419392007649707,0.007968444957966453
2022-03-05,1011010201,花菜类,29.269,292.69,60,0,0.0,1,10.0,0.0
2022-03-05,1011010402,水生根茎类,44.23,265.38,61,0,0.0,1,6.0,0.0
2022-03-05,1011010501,茄类,14.836,204.0128,39,0,0.0,4,13.751199784308438,0.0
2022-03-05,1011010504,辣椒类,103.358,1170.0724,221,13,13.0,19,11.32057895857118,0.12577642756245283
2022-03-05,1011010801,食用菌,33.725,233.35,65,0,0.0,7,6.919199406968124,0.0
2022-03-06,1011010101,花叶类,141.174,951.4866,284,2,2.0,18,6.739814696757192,0.01416691458767195
2022-03-06,1011010201,花菜类,31.384,310.01,64,0,0.0,2,9.87796329339791,0.0
2022-03-06,1011010402,水生根茎类,47.119,282.714,70,0,0.0,1,6.0,0.0
2022-03-06,1011010501,茄类,19.160999999999998,229.5456,38,0,0.0,3,11.979834037889464,0.0
2022-03-06,1011010504,辣椒类,81.904,1119.4264,194,5,5.0,17,13.667542488767339,0.06104707950771635
2022-03-06,1011010801,食用菌,39.323,285.914,82,0,0.0,5,7.2709101543625865,0.0
2022-03-07,1011010101,花叶类,76.68599999999999,510.35360000000003,149,2,2.0,17,6.655107842370186,0.026080379730328875
2022-03-07,1011010201,花菜类,0.632,6.32,2,0,0.0,1,10.0,0.0
2022-03-07,1011010402,水生根茎类,24.482,146.892,35,0,0.0,1,6.0,0.0
2022-03-07,1011010501,茄类,11.448,143.7516,27,0,0.0,3,12.55691823899371,0.0
2022-03-07,1011010504,辣椒类,52.889,589.657,102,6,6.0,18,11.14895346858515,0.11344513982113483
2022-03-07,1011010801,食用菌,12.626,96.368,27,0,0.0,4,7.632504356090607,0.0
2022-03-08,1011010101,花叶类,82.174,457.2338,162,3,3.0,17,5.5642149585026885,0.03650789787524034
2022-03-08,1011010201,花菜类,14.951,123.784,30,26,12.863,1,8.279312420573875,0.8603437897130626
2022-03-08,1011010402,水生根茎类,6.754,47.278,9,0,0.0,1,7.0,0.0
2022-03-08,1011010501,茄类,9.594000000000001,125.44399999999999,23,0,0.0,3,13.075255367938292,0.0
2022-03-08,1011010504,辣椒类,71.127,743.8088,135,9,9.0,18,10.457474658006102,0.12653422750854107
2022-03-08,1011010801,食用菌,14.096,180.69160000000002,41,0,0.0,5,12.818643586833145,0.0
2022-03-09,1011010101,花叶类,66.059,360.4636,129,5,5.0,14,5.456691745258027,0.07568991356211871
2022-03-09,1011010201,花菜类,15.084,122.72,32,30,14.06,1,8.135773004508088,0.9321134977459561
2022-03-09,1011010402,水生根茎类,17.2,120.4,24,0,0.0,1,7.000000000000001,0.0
2022-03-09,1011010501,茄类,8.401,114.39520000000002,21,0,0.0,3,13.616855136293301,0.0
2022-03-09,1011010504,辣椒类,62.036,808.0728,130,6,6.0,18,13.025868850344962,0.0967180346895351
2022-03-09,1011010801,食用菌,21.91,193.056,37,1,1.0,7,8.811319032405295,0.045641259698767686
2022-03-10,1011010101,花叶类,73.508,376.8612,141,7,7.0,16,5.126805245687544,0.09522773031506776
2022-03-10,1011010201,花菜类,16.971,140.146,39,35,14.782,1,8.257969477343703,0.871015261328148
2022-03-10,1011010402,水生根茎类,16.626,116.382,26,0,0.0,1,7.0,0.0
2022-03-10,1011010501,茄类,10.189,137.57080000000002,23,0,0.0,3,13.501894199627051,0.0
2022-03-10,1011010504,辣椒类,57.407,656.448,112,18,18.0,17,11.434981796645008,0.3135506122946679
2022-03-10,1011010801,食用菌,14.375,126.50000000000001,28,0,0.0,4,8.8,0.0
2022-03-11,1011010101,花叶类,88.822,527.4428,176,11,11.0,20,5.938199995496611,0.12384319200198149
2022-03-11,1011010201,花菜类,19.221,161.42800000000003,48,40,15.973,2,8.398522449404298,0.8310181572238697
2022-03-11,1011010402,水生根茎类,29.63,207.41,40,0,0.0,1,7.0,0.0
2022-03-11,1011010501,茄类,15.262,216.53680000000003,38,0,0.0,3,14.187970121871317,0.0
2022-03-11,1011010504,辣椒类,53.281,581.6292,104,19,19.0,15,10.916259079221486,0.35659991366528404
2022-03-11,1011010801,食用菌,11.525,160.44,36,0,0.0,3,13.921041214750542,0.0
2022-03-12,1011010101,花叶类,129.766,890.7004000000001,247,0,0.0,16,6.863896552255599,0.0
2022-03-12,1011010201,花菜类,27.529,229.57399999999998,58,51,24.418,2,8.339351229612408,0.8869918994514875
2022-03-12,1011010402,水生根茎类,37.329,261.303,48,0,0.0,1,7.0,0.0
2022-03-12,1011010501,茄类,24.795,341.552,54,0,0.0,3,13.775035289372857,0.0
2022-03-12,1011010504,辣椒类,95.029,1139.0744,209,6,6.0,16,11.986597775415925,0.06313862084205875
2022-03-12,1011010801,食用菌,23.441000000000003,247.5256,52,2,3.0,4,10.559515379036728,0.127980888187364
2022-03-13,1011010101,花叶类,101.51,573.2736,182,1,1.0,19,5.647459363609496,0.009851246182642104
2022-03-13,1011010201,花菜类,30.393,249.59,61,54,27.17,1,8.212088309808179,0.8939558450959103
2022-03-13,1011010402,水生根茎类,28.204,197.428,41,0,0.0,1,7.0,0.0
2022-03-13,1011010501,茄类,19.47,248.44880000000003,46,0,0.0,3,12.7605957883924,0.0
2022-03-13,1011010504,辣椒类,77.903,986.548,175,3,3.0,16,12.663799853664171,0.0385094283917179
2022-03-13,1011010801,食用菌,25.826999999999998,304.7208,68,2,2.0,7,11.798536415379255,0.07743833972199636
2022-03-14,1011010101,花叶类,98.279,547.4912,168,10,10.0,22,5.570785213524762,0.10175113706895675
2022-03-14,1011010201,花菜类,9.127,91.27,19,0,0.0,1,9.999999999999998,0.0
2022-03-14,1011010402,水生根茎类,15.345,107.41499999999999,24,0,0.0,1,6.999999999999999,0.0
2022-03-14,1011010501,茄类,12.678,167.53320000000002,30,0,0.0,2,13.214481779460483,0.0
2022-03-14,1011010504,辣椒类,96.701,1067.492,176,10,10.0,17,11.039099905895492,0.10341154693333059
2022-03-14,1011010801,食用菌,13.799,107.6616,28,2,2.0,4,7.802130589173129,0.1449380389883325
2022-03-15,1011010101,花叶类,102.32900000000001,592.4250000000001,165,9,9.7,25,5.789414535468929,0.09479228762129992
2022-03-15,1011010201,花菜类,7.721,77.21000000000001,14,0,0.0,1,10.000000000000002,0.0
2022-03-15,1011010402,水生根茎类,15.026,112.89080000000001,22,0,0.0,2,7.513030746705711,0.0
2022-03-15,1011010501,茄类,12.815999999999999,164.3842,32,0,0.0,3,12.82648252184769,0.0
2022-03-15,1011010504,辣椒类,80.283,943.9259999999999,165,11,11.0,18,11.757482904226299,0.13701530834672346
2022-03-15,1011010801,食用菌,17.419999999999998,221.4152,47,0,0.0,7,12.710401836969002,0.0
2022-03-16,1011010101,花叶类,105.619,584.498,190,4,4.0,26,5.534023234455923,0.03787197379259413
2022-03-16,1011010201,花菜类,11.877,119.898,25,0,0.0,2,10.094973478151047,0.0
2022-03-16,1011010402,水生根茎类,16.886,118.202,22,0,0.0,1,7.0,0.0
2022-03-16,1011010501,茄类,12.564,164.55,30,0,0.0,3,13.09694364851958,0.0
2022-03-16,1011010504,辣椒类,72.95700000000001,835.0894,152,16,16.0,19,11.446323176665706,0.2193072631824225
2022-03-16,1011010801,食用菌,17.088,200.9266,50,5,1.536,8,11.758345037453184,0.0898876404494382
2022-03-17,1011010101,花叶类,108.39399999999999,540.366,186,10,10.0,25,4.985202132959389,0.09225602893149068
2022-03-17,1011010201,花菜类,12.813,128.13,25,0,0.0,1,10.0,0.0
2022-03-17,1011010402,水生根茎类,30.851,226.0456,44,0,0.0,2,7.327010469676834,0.0
2022-03-17,1011010501,茄类,15.834,207.55200000000002,37,0,0.0,4,13.10799545282304,0.0
2022-03-17,1011010504,辣椒类,84.519,920.2844,157,22,22.0,16,10.888491345141329,0.2602965013783883
2022-03-17,1011010801,食用菌,22.721,309.082,57,0,0.0,6,13.603362528057744,0.0
2022-03-18,1011010101,花叶类,112.098,499.3154,206,15,15.0,25,4.454275723028065,0.1338114863779907
2022-03-18,1011010201,花菜类,14.473,173.676,30,0,0.0,1,11.999999999999998,0.0
2022-03-18,1011010402,水生根茎类,28.674,208.1788,52,7,1.681,2,7.260193903885052,0.05862453790890702
2022-03-18,1011010501,茄类,16.346,223.454,39,0,0.0,3,13.670255720053836,0.0
2022-03-18,1011010504,辣椒类,94.461,1155.2118,206,11,11.0,15,12.229510591672755,0.11645017520458179
2022-03-18,1011010801,食用菌,29.951999999999998,167.35739999999998,43,5,1.406,10,5.587520032051282,0.046941773504273504
2022-03-19,1011010101,花叶类,201.276,1278.1608,406,0,0.0,25,6.350289155189889,0.0
2022-03-19,1011010201,花菜类,24.298000000000002,291.576,50,0,0.0,1,12.0,0.0
2022-03-19,1011010402,水生根茎类,45.815,311.542,56,0,0.0,1,6.8,0.0
2022-03-19,1011010501,茄类,26.011,352.676,67,0,0.0,4,13.558725154742225,0.0
2022-03-19,1011010504,辣椒类,130.315,1668.9386,262,24,28.0,17,12.806956988834747,0.21486398342477842
2022-03-19,1011010801,食用菌,49.829,346.4658,78,3,2.516,7,6.953095586907223,0.05049268498264063
2022-03-20,1011010101,花叶类,173.788,1120.3332,357,0,0.0,25,6.446550970147536,0.0
2022-03-20,1011010201,花菜类,16.749,200.988,35,0,0.0,1,12.0,0.0
2022-03-20,1011010402,水生根茎类,43.592000000000006,339.664,66,0,0.0,2,7.791888419893557,0.0
2022-03-20,1011010501,茄类,21.443,292.992,55,0,0.0,3,13.663759735111691,0.0
2022-03-20,1011010504,辣椒类,105.56599999999999,1666.1534,260,2,2.0,15,15.78304946668435,0.01894549381429627
2022-03-20,1011010801,食用菌,43.0,452.83260000000007,97,4,4.0,6,10.53099069767442,0.09302325581395349
2022-03-21,1011010101,花叶类,192.734,1272.7012,381,56,16.297,25,6.603407805576597,0.08455695414405347
2022-03-21,1011010201,花菜类,13.613,163.356,23,0,0.0,1,12.0,0.0
2022-03-21,1011010402,水生根茎类,25.391,182.8152,35,0,0.0,1,7.200000000000001,0.0
2022-03-21,1011010501,茄类,25.338,331.74559999999997,59,0,0.0,3,13.092809219354328,0.0
2022-03-21,1011010504,辣椒类,72.925,1034.2772,153,3,3.0,14,14.182752142612273,0.0411381556393555
2022-03-21,1011010801,食用菌,28.073999999999998,291.55280000000005,65,0,0.0,8,10.385153522832516,0.0
2022-03-22,1011010101,花叶类,133.244,935.4998,268,26,5.556,23,7.020952538200595,0.0416979376182042
2022-03-22,1011010201,花菜类,16.239,194.868,28,0,0.0,1,12.0,0.0
2022-03-22,1011010402,水生根茎类,27.306,196.60320000000002,38,0,0.0,1,7.2,0.0
2022-03-22,1011010501,茄类,21.947000000000003,287.2934,56,0,0.0,3,13.090326696131589,0.0
2022-03-22,1011010504,辣椒类,87.671,1196.7796,173,8,7.264,12,13.65080357244699,0.08285522008417835
2022-03-22,1011010801,食用菌,31.656,317.51890000000003,71,3,0.909,9,10.030291256002023,0.028714935557240334
2022-03-23,1011010101,花叶类,89.497,586.1336,174,4,2.566,19,6.549198297149625,0.028671352112361305
2022-03-23,1011010201,花菜类,7.625,91.5,14,0,0.0,1,12.0,0.0
2022-03-23,1011010402,水生根茎类,15.255,123.2168,30,2,0.395,2,8.077141920681743,0.025893149786955096
2022-03-23,1011010501,茄类,17.569000000000003,228.9552,48,0,0.0,2,13.031771870908985,0.0
2022-03-23,1011010504,辣椒类,82.278,1163.4533000000001,167,10,9.213,15,14.140515083011255,0.11197403923284473
2022-03-23,1011010801,食用菌,28.279,288.8138,69,4,1.218,7,10.213013189999646,0.04307082994448177
2022-03-24,1011010101,花叶类,106.202,700.2048,193,41,19.668,24,6.59314137210222,0.18519425246228885
2022-03-24,1011010201,花菜类,7.711,92.532,15,0,0.0,1,11.999999999999998,0.0
2022-03-24,1011010402,水生根茎类,16.899,135.192,25,0,0.0,1,8.0,0.0
2022-03-24,1011010501,茄类,16.036,210.76800000000003,37,0,0.0,4,13.14342728860065,0.0
2022-03-24,1011010504,辣椒类,48.68,716.856,108,4,4.0,14,14.725883319638456,0.08216926869350863
2022-03-24,1011010801,食用菌,18.106,184.5044,41,0,0.0,6,10.190235281122279,0.0
2022-03-25,1011010101,花叶类,132.493,764.0994,220,34,23.881999999999998,25,5.7670926011185495,0.18025103212999932
2022-03-25,1011010201,花菜类,14.528,168.9096,25,0,0.0,2,11.626486784140969,0.0
2022-03-25,1011010402,水生根茎类,43.221,388.1536,60,1,0.238,3,8.980671432868283,0.005506582448346869
2022-03-25,1011010501,茄类,17.128,242.96640000000002,39,0,0.0,3,14.185333956095283,0.0
2022-03-25,1011010504,辣椒类,74.387,1000.3072999999999,139,13,12.389,14,13.44734026106712,0.16654791831906113
2022-03-25,1011010801,食用菌,43.386,286.6091,75,6,4.5280000000000005,8,6.606027289909187,0.10436546351357581
2022-03-26,1011010101,花叶类,152.529,1328.9338,342,60,18.337,24,8.712663165693082,0.12021976148797933
2022-03-26,1011010201,花菜类,16.707,167.07,30,0,0.0,1,10.0,0.0
2022-03-26,1011010402,水生根茎类,43.227,375.49920000000003,60,2,0.357,3,8.686681934901799,0.00825872718439864
2022-03-26,1011010501,茄类,23.286,298.1052,60,0,0.0,2,12.80190672507086,0.0
2022-03-26,1011010504,辣椒类,94.554,1343.6686000000002,194,7,7.0,12,14.21059500391311,0.07403177020538527
2022-03-26,1011010801,食用菌,43.183,513.4005,101,12,3.154,6,11.888949355070281,0.073038001065234
2022-03-27,1011010101,花叶类,140.651,1103.7378,291,29,7.947,25,7.847351245280873,0.056501553490554635
2022-03-27,1011010201,花菜类,11.68,116.80000000000001,25,0,0.0,1,10.000000000000002,0.0
2022-03-27,1011010402,水生根茎类,41.214,352.11199999999997,46,0,0.0,2,8.543504634347551,0.0
2022-03-27,1011010501,茄类,26.977,353.91020000000003,58,0,0.0,3,13.118960596063314,0.0
2022-03-27,1011010504,辣椒类,89.283,1266.2438,190,4,4.0,16,14.182361703795795,0.04480136196140363
2022-03-27,1011010801,食用菌,24.078,249.3194,54,6,1.501,8,10.354655702300857,0.06233906470637096
2022-03-28,1011010101,花叶类,85.85,492.4398,138,20,20.0,21,5.736048922539313,0.23296447291788003
2022-03-28,1011010201,花菜类,2.089,20.89,3,0,0.0,1,10.0,0.0
2022-03-28,1011010402,水生根茎类,19.777,193.80800000000002,34,0,0.0,3,9.799666279010973,0.0
2022-03-28,1011010501,茄类,15.998,211.49560000000002,37,0,0.0,3,13.220127515939495,0.0
2022-03-28,1011010504,辣椒类,64.16,769.4396,123,7,7.0,15,11.99251246882793,0.10910224438902744
2022-03-28,1011010801,食用菌,21.238,194.604,44,1,0.33,6,9.163009699595067,0.015538186269893587
2022-03-29,1011010101,花叶类,75.286,539.3804,163,8,8.0,23,7.164418351353505,0.10626145631325877
2022-03-29,1011010402,水生根茎类,18.541,158.6928,29,2,0.288,3,8.55902054905345,0.015533142764683672
2022-03-29,1011010501,茄类,13.184000000000001,176.71460000000002,32,0,0.0,3,13.403716626213592,0.0
2022-03-29,1011010504,辣椒类,65.004,719.7746,126,8,8.0,14,11.072773983139498,0.12306934957848747
2022-03-29,1011010801,食用菌,26.983,249.10780000000003,56,9,4.375,8,9.232027572916282,0.16213912463402883
2022-03-30,1011010101,花叶类,86.195,577.1882,180,5,5.0,23,6.696307210395036,0.058008005104704455
2022-03-30,1011010201,花菜类,30.3,248.604,54,48,27.198,1,8.204752475247526,0.8976237623762376
2022-03-30,1011010402,水生根茎类,27.389000000000003,232.472,39,0,0.0,3,8.48778706780094,0.0
2022-03-30,1011010501,茄类,17.223,243.9284,40,0,0.0,3,14.162944899262616,0.0
2022-03-30,1011010504,辣椒类,69.721,974.4091999999999,137,5,5.0,15,13.975835114241045,0.07171440455529897
2022-03-30,1011010801,食用菌,22.45,256.045,59,3,0.606,7,11.405122494432073,0.026993318485523384
2022-03-31,1011010101,花叶类,92.587,576.8436,166,9,9.0,27,6.230287189346237,0.09720587123462257
2022-03-31,1011010201,花菜类,25.097,204.35,49,45,23.31,1,8.142407459058852,0.9287962704705741
2022-03-31,1011010402,水生根茎类,30.993000000000002,287.216,43,0,0.0,3,9.26712483464008,0.0
2022-03-31,1011010501,茄类,10.145,160.5566,23,0,0.0,3,15.826180384425827,0.0
2022-03-31,1011010504,辣椒类,54.92,742.2912,108,8,8.0,13,13.515863073561544,0.14566642388929352
2022-03-31,1011010801,食用菌,26.203,235.81760000000003,57,0,0.0,6,8.999641262450865,0.0
2022-04-01,1011010101,花叶类,130.262,791.3334,231,8,8.0,23,6.0749366661036985,0.06141468732247317
2022-04-01,1011010201,花菜类,26.303,220.946,48,39,21.042,1,8.400030414781584,0.7999847926092081
2022-04-01,1011010402,水生根茎类,25.437,220.29600000000002,33,0,0.0,2,8.660455242363486,0.0
2022-04-01,1011010501,茄类,16.697000000000003,250.1894,39,0,0.0,2,14.984092950829488,0.0
2022-04-01,1011010504,辣椒类,80.48,1010.1254,138,15,15.0,14,12.551259940357852,0.1863817097415507
2022-04-01,1011010801,食用菌,19.915,265.5426,56,4,1.065,7,13.333798644238012,0.0534772784333417
2022-04-02,1011010101,花叶类,133.168,845.5812,236,6,6.0,27,6.349732668508951,0.0450558692779046
2022-04-02,1011010201,花菜类,26.163,217.398,49,41,22.116,1,8.309368191721132,0.8453159041394336
2022-04-02,1011010402,水生根茎类,34.452,305.248,51,0,0.0,3,8.860095204922791,0.0
2022-04-02,1011010501,茄类,18.016000000000002,270.2158,41,0,0.0,3,14.998656749555948,0.0
2022-04-02,1011010504,辣椒类,71.349,942.9616,132,7,7.0,15,13.216185230346605,0.09810929375324111
2022-04-02,1011010801,食用菌,30.03,268.5094,62,5,2.067,6,8.941371961371962,0.06883116883116884
2022-04-03,1011010101,花叶类,111.538,734.3956000000001,208,9,7.593,26,6.584263659022038,0.06807545410532734
2022-04-03,1011010201,花菜类,16.438,135.742,28,23,14.318999999999999,1,8.257817252707142,0.871091373646429
2022-04-03,1011010402,水生根茎类,42.998000000000005,374.81280000000004,67,3,0.689,2,8.716982185217917,0.01602400111633099
2022-04-03,1011010501,茄类,23.887,362.5468,54,0,0.0,3,15.177577761962574,0.0
2022-04-03,1011010504,辣椒类,96.131,1107.3378,178,21,21.0,15,11.519050046291,0.21845190417243138
2022-04-03,1011010801,食用菌,46.766,318.3404,77,0,0.0,5,6.807090621391609,0.0
2022-04-04,1011010101,花叶类,148.726,967.8308,289,6,6.0,23,6.507475491844062,0.04034264351895432
2022-04-04,1011010201,花菜类,22.224,266.688,46,0,0.0,1,12.0,0.0
2022-04-04,1011010402,水生根茎类,31.759,254.072,44,0,0.0,1,8.0,0.0
2022-04-04,1011010501,茄类,23.387,365.1374,58,0,0.0,3,15.612836191046307,0.0
2022-04-04,1011010504,辣椒类,107.732,1424.683,217,11,11.0,14,13.224325177291798,0.10210522407455538
2022-04-04,1011010801,食用菌,40.745000000000005,415.54060000000004,89,1,0.365,5,10.198566695300036,0.008958154374769909
2022-04-05,1011010101,花叶类,146.419,881.3226000000001,269,12,12.0,24,6.019181936770501,0.08195657667379233
2022-04-05,1011010201,花菜类,21.248,254.976,41,0,0.0,1,12.0,0.0
2022-04-05,1011010402,水生根茎类,21.71,173.68,38,0,0.0,1,8.0,0.0
2022-04-05,1011010501,茄类,15.356,224.45540000000003,35,0,0.0,3,14.61678822610055,0.0
2022-04-05,1011010504,辣椒类,38.664,551.1934,80,5,5.0,15,14.255984895510034,0.12931926339747568
2022-04-05,1011010801,食用菌,31.476,289.0568,64,1,0.43,6,9.183403227856145,0.01366120218579235
2022-04-06,1011010101,花叶类,109.945,596.599,185,24,24.0,28,5.426340442948748,0.21829096366365003
2022-04-06,1011010201,花菜类,17.497,168.786,32,0,0.0,2,9.646567983082814,0.0
2022-04-06,1011010402,水生根茎类,5.8549999999999995,58.27199999999999,15,4,1.115,2,9.952519214346712,0.1904355251921435
2022-04-06,1011010501,茄类,11.695,190.82279999999997,29,0,0.0,3,16.31661393758016,0.0
2022-04-06,1011010504,辣椒类,38.127,453.805,63,7,7.0,14,11.902457575996014,0.18359692606289504
2022-04-06,1011010801,食用菌,20.492,192.7036,43,3,0.671,6,9.40384540308413,0.032744485652937735
2022-04-07,1011010101,花叶类,85.20100000000001,529.0872,162,18,18.0,24,6.209870776164599,0.21126512599617372
2022-04-07,1011010201,花菜类,10.494,125.928,21,0,0.0,1,12.0,0.0
2022-04-07,1011010402,水生根茎类,6.533,52.264,11,0,0.0,1,8.0,0.0
2022-04-07,1011010501,茄类,14.479,211.828,36,0,0.0,3,14.630015885074938,0.0
2022-04-07,1011010504,辣椒类,28.799,384.052,55,6,6.0,14,13.335601930622593,0.20834056738081183
2022-04-07,1011010801,食用菌,14.881,178.2252,41,1,0.172,7,11.976695114575634,0.011558363013238357
2022-04-08,1011010101,花叶类,87.65,480.9732,152,7,7.0,24,5.4874295493439815,0.07986309184255562
2022-04-08,1011010201,花菜类,10.629,127.548,22,0,0.0,1,12.0,0.0
2022-04-08,1011010402,水生根茎类,6.3660000000000005,60.55200000000001,13,0,0.0,2,9.511781338360038,0.0
2022-04-08,1011010501,茄类,12.371,154.1644,32,0,0.0,3,12.461757335704469,0.0
2022-04-08,1011010504,辣椒类,36.973,360.5274,55,13,11.653,16,9.751099450950694,0.3151759391988749
2022-04-08,1011010801,食用菌,18.886,170.1519,43,7,3.314,7,9.00941967595044,0.1754738960076247
2022-04-09,1011010101,花叶类,141.102,813.0178,253,5,5.0,28,5.761915493756289,0.035435358818443397
2022-04-09,1011010201,花菜类,15.591,218.274,30,0,0.0,1,14.0,0.0
2022-04-09,1011010402,水生根茎类,11.218,94.152,17,0,0.0,2,8.392939917988947,0.0
2022-04-09,1011010501,茄类,27.258,318.8298,55,0,0.0,3,11.696742240810037,0.0
2022-04-09,1011010504,辣椒类,133.106,1411.298,260,13,13.0,15,10.602812795816869,0.09766652141901944
2022-04-09,1011010801,食用菌,35.619,262.226,67,0,0.0,8,7.361969735253656,0.0
2022-04-10,1011010101,花叶类,185.591,1060.5406,299,11,11.0,26,5.714396711047411,0.05927011546896131
2022-04-10,1011010201,花菜类,7.757000000000001,108.598,13,0,0.0,1,13.999999999999998,0.0
2022-04-10,1011010402,水生根茎类,18.378999999999998,153.048,26,0,0.0,2,8.327330105011155,0.0
2022-04-10,1011010501,茄类,24.485,270.04359999999997,56,0,0.0,3,11.028940167449457,0.0
2022-04-10,1011010504,辣椒类,113.881,1316.123,229,11,10.345,14,11.557002485050184,0.09084043870355898
2022-04-10,1011010801,食用菌,30.945999999999998,253.83530000000002,62,4,1.677,6,8.202523751050217,0.05419117171847735
2022-04-11,1011010101,花叶类,93.428,541.3698,169,7,7.0,24,5.794513422100442,0.07492400565141072
2022-04-11,1011010201,花菜类,6.383,76.596,17,0,0.0,1,12.0,0.0
2022-04-11,1011010402,水生根茎类,1.03,8.24,2,0,0.0,1,8.0,0.0
2022-04-11,1011010501,茄类,10.687000000000001,128.83159999999998,24,0,0.0,3,12.054982689248616,0.0
2022-04-11,1011010504,辣椒类,69.30499999999999,706.9408000000001,139,17,17.0,12,10.200429983406682,0.24529254743525
2022-04-11,1011010801,食用菌,11.87,148.48440000000002,35,3,0.782,5,12.509216512215673,0.0658803706823926
2022-04-12,1011010101,花叶类,106.268,669.4413999999999,206,1,0.301,26,6.299557721985922,0.0028324613241991945
2022-04-12,1011010201,花菜类,6.375,89.25,16,0,0.0,1,14.0,0.0
2022-04-12,1011010402,水生根茎类,7.538,60.304,11,0,0.0,1,8.0,0.0
2022-04-12,1011010501,茄类,20.041,202.224,43,0,0.0,3,10.090514445386956,0.0
2022-04-12,1011010504,辣椒类,76.22,915.6602,152,10,10.0,14,12.013384938336396,0.13119916032537393
2022-04-12,1011010801,食用菌,16.859,205.76319999999998,43,0,0.0,7,12.204946912628268,0.0
2022-04-13,1011010101,花叶类,100.363,650.2318,203,4,3.284,25,6.4787999561591425,0.0327212219642697
2022-04-13,1011010201,花菜类,9.797,137.158,24,0,0.0,1,13.999999999999998,0.0
2022-04-13,1011010402,水生根茎类,4.61,36.88,7,0,0.0,1,8.0,0.0
2022-04-13,1011010501,茄类,20.903,236.36599999999999,49,0,0.0,3,11.307754867722336,0.0
2022-04-13,1011010504,辣椒类,76.95,939.6642,152,17,17.0,15,12.211360623781676,0.22092267706302793
2022-04-13,1011010801,食用菌,31.963,227.8254,53,5,2.235,6,7.127785251697275,0.06992460031911897
2022-04-14,1011010101,花叶类,128.586,638.2548,216,14,23.0,24,4.96364145396855,0.1788686171122828
2022-04-14,1011010201,花菜类,6.047,84.658,14,0,0.0,1,14.0,0.0
2022-04-14,1011010402,水生根茎类,6.495,67.2462,11,0,0.0,2,10.353533487297922,0.0
2022-04-14,1011010501,茄类,21.356,225.89600000000002,47,0,0.0,3,10.577636261472186,0.0
2022-04-14,1011010504,辣椒类,59.010999999999996,735.0268,136,1,1.0,9,12.455759095761808,0.016945993119926794
2022-04-14,1011010801,食用菌,21.589,218.6252,51,0,0.0,5,10.12669414979851,0.0
2022-04-15,1011010101,花叶类,131.828,698.7378,236,13,13.0,23,5.300374730709713,0.09861334466122523
2022-04-15,1011010201,花菜类,10.73,150.22,22,0,0.0,1,14.0,0.0
2022-04-15,1011010402,水生根茎类,14.180000000000001,147.5784,21,0,0.0,2,10.407503526093087,0.0
2022-04-15,1011010501,茄类,17.358,185.42839999999998,44,0,0.0,3,10.682590160156698,0.0
2022-04-15,1011010504,辣椒类,69.72,847.589,150,0,0.0,12,12.157042455536432,0.0
2022-04-15,1011010801,食用菌,39.135999999999996,388.117,85,0,0.0,7,9.917135118560918,0.0
2022-04-16,1011010101,花叶类,124.808,651.143,225,8,8.0,25,5.217157554002949,0.06409845522722903
2022-04-16,1011010201,花菜类,12.666,177.32399999999998,29,0,0.0,1,13.999999999999998,0.0
2022-04-16,1011010402,水生根茎类,15.042,140.4,21,0,0.0,2,9.333865177502991,0.0
2022-04-16,1011010501,茄类,32.118,336.50159999999994,62,0,0.0,3,10.477040911638332,0.0
2022-04-16,1011010504,辣椒类,84.376,1007.7892,165,7,7.0,15,11.94402673746089,0.0829619797098701
2022-04-16,1011010801,食用菌,28.104,351.47580000000005,80,10,2.934,8,12.506255337318533,0.10439795046968404
2022-04-17,1011010101,花叶类,107.549,719.8602000000001,228,1,0.36,20,6.693323043449962,0.0033473114580330823
2022-04-17,1011010201,花菜类,20.254,283.556,48,0,0.0,1,13.999999999999998,0.0
2022-04-17,1011010402,水生根茎类,9.701,87.309,14,0,0.0,1,9.0,0.0
2022-04-17,1011010501,茄类,32.008,306.704,72,0,0.0,3,9.582104473881529,0.0
2022-04-17,1011010504,辣椒类,85.746,900.8538000000001,165,12,12.0,15,10.5060737527115,0.1399482191589112
2022-04-17,1011010801,食用菌,40.244,378.0066,107,5,1.5230000000000001,11,9.392868502136965,0.03784415068084684
2022-04-18,1011010101,花叶类,112.679,549.3274,178,16,15.36,24,4.875153311619734,0.1363164387330381
2022-04-18,1011010201,花菜类,12.087,169.218,29,0,0.0,1,14.0,0.0
2022-04-18,1011010402,水生根茎类,3.024,27.216,4,0,0.0,1,9.0,0.0
2022-04-18,1011010501,茄类,23.28,202.362,45,0,0.0,2,8.692525773195875,0.0
2022-04-18,1011010504,辣椒类,62.95,670.8258000000001,122,10,9.37,13,10.656486100079428,0.14884829229547258
2022-04-18,1011010801,食用菌,28.667,255.24,68,17,6.965999999999999,10,8.903617399797676,0.24299717445145982
2022-04-19,1011010101,花叶类,101.391,579.0434,163,6,6.0,29,5.71099407245219,0.05917685001627363
2022-04-19,1011010201,花菜类,7.869,110.166,20,0,0.0,1,14.0,0.0
2022-04-19,1011010402,水生根茎类,5.106,60.257400000000004,9,1,0.276,3,11.801292596944771,0.05405405405405406
2022-04-19,1011010501,茄类,16.985,173.3884,34,0,0.0,4,10.208324992640565,0.0
2022-04-19,1011010504,辣椒类,53.306,630.2574,80,8,8.0,15,11.823385735189284,0.15007691441863957
2022-04-19,1011010801,食用菌,23.736,253.1907,75,21,5.935,10,10.666948938321536,0.2500421300977418
2022-04-20,1011010101,花叶类,105.275,517.1444,170,19,19.0,24,4.912319164094039,0.18047969603419614
2022-04-20,1011010201,花菜类,11.413,159.782,24,0,0.0,1,14.0,0.0
2022-04-20,1011010402,水生根茎类,2.7720000000000002,29.512,7,0,0.0,2,10.646464646464645,0.0
2022-04-20,1011010501,茄类,18.031,178.85,45,0,0.0,3,9.919028340080972,0.0
2022-04-20,1011010504,辣椒类,51.324000000000005,588.1108,111,2,2.0,14,11.458787311978801,0.038968124074507046
2022-04-20,1011010801,食用菌,33.394,307.6002,89,21,6.081,9,9.211241540396479,0.18209858058333833
2022-04-21,1011010101,花叶类,112.794,519.4466,175,28,26.953,29,4.605268010709789,0.23895774597939606
2022-04-21,1011010201,花菜类,8.548000000000002,120.086,17,0,0.0,2,14.048432381843703,0.0
2022-04-21,1011010402,水生根茎类,3.552,39.1068,8,0,0.0,2,11.009797297297297,0.0
2022-04-21,1011010501,茄类,11.668000000000001,124.46719999999999,28,0,0.0,3,10.66739801165581,0.0
2022-04-21,1011010504,辣椒类,59.830999999999996,579.5748,117,9,9.0,14,9.686864668817169,0.15042369340308537
2022-04-21,1011010801,食用菌,27.479,227.9597,63,11,2.883,9,8.29577859456312,0.10491648167691692
2022-04-22,1011010101,花叶类,114.043,620.4648,211,7,7.0,31,5.440621519953,0.061380356532185223
2022-04-22,1011010201,花菜类,18.726,262.164,37,0,0.0,1,14.0,0.0
2022-04-22,1011010402,水生根茎类,7.417,70.70100000000001,12,0,0.0,2,9.532290683564785,0.0
2022-04-22,1011010501,茄类,20.471,187.156,45,0,0.0,3,9.142494260172928,0.0
2022-04-22,1011010504,辣椒类,69.833,690.4784,130,13,13.0,16,9.887566050434607,0.1861584064840405
2022-04-22,1011010801,食用菌,26.309,221.2888,54,8,4.3260000000000005,9,8.411144475274622,0.16443042304914668
2022-04-23,1011010101,花叶类,118.653,794.7858,255,0,0.0,24,6.6984045915400365,0.0
2022-04-23,1011010201,花菜类,19.648,227.016,37,0,0.0,3,11.55415309446254,0.0
2022-04-23,1011010402,水生根茎类,9.767,98.4694,15,3,0.709,3,10.08184703593734,0.07259137913381795
2022-04-23,1011010501,茄类,25.194,256.75280000000004,55,0,0.0,4,10.191029610224659,0.0
2022-04-23,1011010504,辣椒类,86.55,898.418,180,10,10.0,13,10.380335066435586,0.11554015020219527
2022-04-23,1011010801,食用菌,27.473,278.8754,71,6,1.25,8,10.150889964692608,0.04549921741346049
2022-04-24,1011010101,花叶类,99.189,543.2594,184,3,3.0,23,5.477012571958585,0.03024528929619212
2022-04-24,1011010201,花菜类,15.603,218.442,29,0,0.0,1,14.0,0.0
2022-04-24,1011010402,水生根茎类,4.52,40.68,4,0,0.0,1,9.0,0.0
2022-04-24,1011010501,茄类,13.678999999999998,117.642,26,0,0.0,3,8.600190072373712,0.0
2022-04-24,1011010504,辣椒类,63.739000000000004,531.8552,149,0,0.0,15,8.344266461663972,0.0
2022-04-24,1011010801,食用菌,32.921,325.06820000000005,81,6,1.8079999999999998,9,9.874189726922028,0.05491935238905258
2022-04-25,1011010101,花叶类,116.365,567.457,217,10,10.0,27,4.8765264469557,0.08593649293172347
2022-04-25,1011010201,花菜类,16.833,201.996,41,0,0.0,1,12.000000000000002,0.0
2022-04-25,1011010402,水生根茎类,4.202,46.771,10,0,0.0,2,11.130652070442647,0.0
2022-04-25,1011010501,茄类,20.592,189.652,44,0,0.0,4,9.20998445998446,0.0
2022-04-25,1011010504,辣椒类,95.828,785.71,195,11,10.350999999999999,12,8.199169345076596,0.10801644613265432
2022-04-25,1011010801,食用菌,28.121000000000002,226.27519999999998,59,5,1.105,8,8.046484833398527,0.03929447743679101
2022-04-26,1011010101,花叶类,91.764,487.4498,170,14,14.0,23,5.311993810208796,0.15256527614314982
2022-04-26,1011010201,花菜类,9.969000000000001,114.58,19,0,0.0,2,11.493630253786737,0.0
2022-04-26,1011010402,水生根茎类,4.904999999999999,44.7504,10,4,1.009,2,9.1234250764526,0.20570846075433233
2022-04-26,1011010501,茄类,14.113,139.246,33,0,0.0,3,9.866506058244173,0.0
2022-04-26,1011010504,辣椒类,61.327999999999996,482.3944,123,6,5.0760000000000005,11,7.865810070440909,0.0827680667884164
2022-04-26,1011010801,食用菌,13.139,167.4491,39,2,0.601,7,12.744432605221098,0.045741685059745796
2022-04-27,1011010101,花叶类,88.807,474.1012,183,3,3.0,23,5.338556645309492,0.03378112085759005
2022-04-27,1011010201,花菜类,9.138,109.656,22,0,0.0,1,12.0,0.0
2022-04-27,1011010402,水生根茎类,2.398,22.150199999999998,6,4,0.947,2,9.23694745621351,0.3949124270225187
2022-04-27,1011010501,茄类,24.953,234.596,56,0,0.0,4,9.401514847914079,0.0
2022-04-27,1011010504,辣椒类,64.366,509.2136,120,4,4.0,14,7.911220209427337,0.062144610508653636
2022-04-27,1011010801,食用菌,27.102,252.87720000000002,64,9,2.559,9,9.330573389417756,0.09442107593535533
2022-04-28,1011010101,花叶类,111.59400000000001,545.7222,219,5,5.0,24,4.890246787461692,0.04480527626933347
2022-04-28,1011010201,花菜类,11.202,134.424,23,0,0.0,1,12.0,0.0
2022-04-28,1011010402,水生根茎类,2.1390000000000002,26.489,5,0,0.0,2,12.383824216923795,0.0
2022-04-28,1011010501,茄类,21.918,205.512,45,0,0.0,2,9.37640295647413,0.0
2022-04-28,1011010504,辣椒类,80.389,660.0256,164,9,9.0,14,8.21039694485564,0.11195561581808457
2022-04-28,1011010801,食用菌,16.357,185.0972,44,2,1.351,8,11.316084856636301,0.08259460781316867
2022-04-29,1011010101,花叶类,106.05199999999999,519.2018,197,8,8.0,25,4.895728510541999,0.07543469241504168
2022-04-29,1011010201,花菜类,21.479,258.478,42,0,0.0,2,12.033986684668747,0.0
2022-04-29,1011010402,水生根茎类,7.15,81.306,14,0,0.0,2,11.37146853146853,0.0
2022-04-29,1011010501,茄类,29.707,234.4008,55,0,0.0,3,7.890423132595012,0.0
2022-04-29,1011010504,辣椒类,96.804,756.4174,179,6,6.0,15,7.813906450146688,0.06198090987975703
2022-04-29,1011010801,食用菌,24.064,338.698,74,7,3.3129999999999997,8,14.07488364361702,0.13767453457446807
2022-04-30,1011010101,花叶类,142.03900000000002,857.508,323,0,0.0,14,6.0371306472166095,0.0
2022-04-30,1011010201,花菜类,28.319,283.19,62,0,0.0,1,10.0,0.0
2022-04-30,1011010402,水生根茎类,9.22,82.98,14,0,0.0,1,9.0,0.0
2022-04-30,1011010501,茄类,35.229,318.1612,72,0,0.0,3,9.031229952595874,0.0
2022-04-30,1011010504,辣椒类,81.21,638.9932,186,6,6.0,12,7.868405368796947,0.07388252678241597
2022-04-30,1011010801,食用菌,34.150999999999996,348.2198,79,1,0.387,5,10.196474480981525,0.01133202541653246
2022-05-01,1011010101,花叶类,147.275,898.6082,284,1,9.598,19,6.101566457307757,0.06517059921914785
2022-05-01,1011010201,花菜类,23.295,232.95,49,0,0.0,1,9.999999999999998,0.0
2022-05-01,1011010402,水生根茎类,10.863,150.2738,20,0,0.0,3,13.833545061216975,0.0
2022-05-01,1011010501,茄类,36.606,332.5316,72,0,0.0,4,9.084073649128559,0.0
2022-05-01,1011010504,辣椒类,65.84100000000001,479.33799999999997,155,0,0.0,3,7.280235719384576,0.0
2022-05-01,1011010801,食用菌,33.083,234.76700000000002,60,3,3.0,4,7.096303237312216,0.0906810144182813
2022-05-02,1011010101,花叶类,115.468,755.5264000000001,266,0,0.0,17,6.54316693802612,0.0
2022-05-02,1011010201,花菜类,13.734,112.542,31,29,12.399000000000001,1,8.194408038444736,0.9027959807776322
2022-05-02,1011010402,水生根茎类,8.503,84.8214,16,0,0.0,2,9.975467482065152,0.0
2022-05-02,1011010501,茄类,47.126999999999995,347.6456,94,61,31.749,3,7.376781887240861,0.6736902412629703
2022-05-02,1011010504,辣椒类,57.464,462.40799999999996,153,0,0.0,5,8.046916330224139,0.0
2022-05-02,1011010801,食用菌,42.191,336.1818,73,1,1.0,4,7.968092721196464,0.023701737337346825
2022-05-03,1011010101,花叶类,88.193,604.928,195,0,0.0,14,6.859138480378261,0.0
2022-05-03,1011010201,花菜类,27.601,220.808,56,0,0.0,1,8.0,0.0
2022-05-03,1011010402,水生根茎类,2.8680000000000003,25.811999999999998,4,0,0.0,1,8.999999999999998,0.0
2022-05-03,1011010501,茄类,42.378,306.558,84,64,32.143,4,7.233894945490585,0.7584831752324319
2022-05-03,1011010504,辣椒类,67.711,521.5,161,0,0.0,8,7.701850511733692,0.0
2022-05-03,1011010801,食用菌,18.375,178.925,43,0,0.0,3,9.737414965986396,0.0
2022-05-04,1011010101,花叶类,105.769,716.9224,244,0,0.0,15,6.778190206960452,0.0
2022-05-04,1011010201,花菜类,26.182,213.4388,55,49,22.863,1,8.152119776945993,0.8732335192116721
2022-05-04,1011010402,水生根茎类,6.398,65.3256,13,0,0.0,2,10.210315723663644,0.0
2022-05-04,1011010501,茄类,44.495000000000005,334.22040000000004,91,65,34.096000000000004,4,7.511414765704012,0.7662883470052815
2022-05-04,1011010504,辣椒类,51.194,494.59180000000003,144,0,0.0,6,9.661128257217642,0.0
2022-05-04,1011010801,食用菌,27.070999999999998,219.63580000000002,54,0,0.0,4,8.113324221491634,0.0
2022-05-05,1011010101,花叶类,90.652,559.9934000000001,192,0,0.0,15,6.177397078939241,0.0
2022-05-05,1011010201,花菜类,18.79,151.748,42,40,17.6,1,8.07599787120809,0.9366684406599256
2022-05-05,1011010402,水生根茎类,1.193,13.7306,4,0,0.0,3,11.509304274937133,0.0
2022-05-05,1011010501,茄类,26.05,210.7572,53,40,19.418,4,8.090487523992323,0.7454126679462572
2022-05-05,1011010504,辣椒类,32.252,311.6298,93,0,0.0,6,9.662340319980155,0.0
2022-05-05,1011010801,食用菌,16.992,136.4112,30,0,0.0,4,8.027966101694915,0.0
2022-05-06,1011010101,花叶类,95.683,596.7356,201,0,0.0,15,6.236589571815264,0.0
2022-05-06,1011010201,花菜类,20.488,168.0296,44,37,17.05,1,8.201366653650917,0.8321944552909021
2022-05-06,1011010402,水生根茎类,3.42,37.1198,6,0,0.0,3,10.853742690058478,0.0
2022-05-06,1011010501,茄类,32.15,237.96839999999997,67,50,23.551,3,7.401816485225505,0.7325349922239502
2022-05-06,1011010504,辣椒类,56.612,430.03499999999997,153,0,0.0,6,7.596181021691513,0.0
2022-05-06,1011010801,食用菌,19.454,183.5774,44,0,0.0,4,9.43648606970289,0.0
2022-05-07,1011010101,花叶类,113.896,720.4954,240,0,0.0,15,6.325906089766103,0.0
2022-05-07,1011010201,花菜类,23.375,140.25,29,0,0.0,1,6.0,0.0
2022-05-07,1011010402,水生根茎类,4.66,47.6844,8,0,0.0,3,10.232703862660943,0.0
2022-05-07,1011010501,茄类,34.564,317.1292,71,41,19.903,6,9.17513019326467,0.5758303437102187
2022-05-07,1011010504,辣椒类,86.212,548.458,215,0,0.0,5,6.3617361852178345,0.0
2022-05-07,1011010801,食用菌,34.837,240.7726,61,1,1.0,5,6.911404541148778,0.028705112380514968
2022-05-08,1011010101,花叶类,116.51899999999999,746.6143999999999,253,0,0.0,15,6.407662269672757,0.0
2022-05-08,1011010201,花菜类,42.607,255.642,52,0,0.0,1,6.0,0.0
2022-05-08,1011010402,水生根茎类,4.476,48.5658,11,0,0.0,3,10.850268096514746,0.0
2022-05-08,1011010501,茄类,33.433,285.32399999999996,72,43,21.928,5,8.53420273382586,0.6558789220231508
2022-05-08,1011010504,辣椒类,86.554,579.6204,214,0,0.0,5,6.696633315617996,0.0
2022-05-08,1011010801,食用菌,35.067,331.52660000000003,74,0,0.0,4,9.454090740582314,0.0
2022-05-09,1011010101,花叶类,91.68,638.0502,206,29,12.499,15,6.959535340314136,0.13633289703315882
2022-05-09,1011010201,花菜类,29.087,232.696,61,0,0.0,1,8.0,0.0
2022-05-09,1011010402,水生根茎类,3.538,43.7094,8,0,0.0,3,12.354267947993218,0.0
2022-05-09,1011010501,茄类,34.866,289.986,64,0,0.0,5,8.317157115814833,0.0
2022-05-09,1011010504,辣椒类,55.772999999999996,399.5404,152,0,0.0,5,7.1636885231205065,0.0
2022-05-09,1011010801,食用菌,34.581,275.9038,64,1,1.0,6,7.978479511870679,0.028917613718515946
2022-05-10,1011010101,花叶类,95.42,603.1856,232,32,13.495000000000001,14,6.321374973800042,0.14142737371620206
2022-05-10,1011010201,花菜类,22.638,181.104,49,0,0.0,1,8.0,0.0
2022-05-10,1011010402,水生根茎类,5.181,63.3828,12,0,0.0,4,12.23370005790388,0.0
2022-05-10,1011010501,茄类,13.224,146.094,30,0,0.0,4,11.047640653357531,0.0
2022-05-10,1011010504,辣椒类,59.294000000000004,401.5956,142,0,0.0,5,6.772955105069652,0.0
2022-05-10,1011010801,食用菌,9.417,138.35660000000001,28,0,0.0,3,14.692216204736118,0.0
2022-05-11,1011010101,花叶类,86.213,550.5192000000001,188,36,16.609,11,6.385570621599992,0.19265076032616893
2022-05-11,1011010201,花菜类,19.261,154.088,47,0,0.0,1,8.0,0.0
2022-05-11,1011010402,水生根茎类,2.043,67.62060000000001,6,0,0.0,3,33.098678414096916,0.0
2022-05-11,1011010501,茄类,15.419,162.63,38,0,0.0,4,10.547376613269343,0.0
2022-05-11,1011010504,辣椒类,42.635,294.04080000000005,120,0,0.0,4,6.896699894452916,0.0
2022-05-11,1011010801,食用菌,20.87,229.32600000000002,47,0,0.0,3,10.988308576904648,0.0
2022-05-12,1011010101,花叶类,79.619,551.1759999999999,180,23,9.92,11,6.922669212122734,0.12459337595297605
2022-05-12,1011010201,花菜类,24.59,196.72,55,0,0.0,1,8.0,0.0
2022-05-12,1011010402,水生根茎类,5.134,60.387,10,0,0.0,4,11.762173743669653,0.0
2022-05-12,1011010501,茄类,22.173,193.796,47,0,0.0,4,8.740179497587157,0.0
2022-05-12,1011010504,辣椒类,37.193000000000005,280.3704,104,0,0.0,5,7.538257198935283,0.0
2022-05-12,1011010801,食用菌,21.925,166.815,38,1,1.0,4,7.608437856328392,0.04561003420752566
2022-05-13,1011010101,花叶类,102.98,705.4628,237,29,12.163,13,6.850483589046417,0.11811031268207418
2022-05-13,1011010201,花菜类,21.993,175.944,48,0,0.0,1,8.0,0.0
2022-05-13,1011010402,水生根茎类,2.792,65.25,8,0,0.0,3,23.370343839541547,0.0
2022-05-13,1011010501,茄类,45.528,383.834,82,0,0.0,5,8.430723950096644,0.0
2022-05-13,1011010504,辣椒类,58.386,451.2604,159,0,0.0,5,7.728914465796595,0.0
2022-05-13,1011010801,食用菌,26.1,206.28,52,1,1.0,6,7.903448275862068,0.038314176245210725
2022-05-14,1011010101,花叶类,159.404,1153.6584,353,47,24.847,14,7.237324032019272,0.15587438207322277
2022-05-14,1011010201,花菜类,48.521,388.168,108,0,0.0,1,8.0,0.0
2022-05-14,1011010402,水生根茎类,11.341000000000001,126.3278,19,0,0.0,4,11.139035358433999,0.0
2022-05-14,1011010501,茄类,51.014,498.366,98,0,0.0,5,9.769200611596816,0.0
2022-05-14,1011010504,辣椒类,79.242,524.406,228,0,0.0,5,6.617778450821533,0.0
2022-05-14,1011010801,食用菌,26.77,298.1148,71,0,0.0,5,11.136152409413523,0.0
2022-05-15,1011010101,花叶类,157.108,1009.9604,340,43,19.816,15,6.428446673625786,0.12612979606385416
2022-05-15,1011010201,花菜类,43.781,350.248,96,0,0.0,1,8.0,0.0
2022-05-15,1011010402,水生根茎类,6.072000000000001,66.1178,11,0,0.0,3,10.888965744400526,0.0
2022-05-15,1011010501,茄类,43.626999999999995,411.374,89,0,0.0,4,9.429344213445804,0.0
2022-05-15,1011010504,辣椒类,63.751000000000005,451.3036,178,0,0.0,5,7.079161111198255,0.0
2022-05-15,1011010801,食用菌,34.51,266.3264,65,0,0.0,5,7.717368878585917,0.0
2022-05-16,1011010101,花叶类,82.78,552.7604,190,20,8.236,14,6.677463155351534,0.09949263107030684
2022-05-16,1011010201,花菜类,23.633,189.064,51,0,0.0,1,8.0,0.0
2022-05-16,1011010402,水生根茎类,4.637,63.253,12,0,0.0,4,13.64093163683416,0.0
2022-05-16,1011010501,茄类,19.412,167.984,41,0,0.0,5,8.653616319802184,0.0
2022-05-16,1011010504,辣椒类,41.681,299.7452,122,0,0.0,5,7.191410954631608,0.0
2022-05-16,1011010801,食用菌,18.527,165.0346,40,0,0.0,3,8.907788632806175,0.0
2022-05-17,1011010101,花叶类,67.12,440.54380000000003,155,11,4.126,13,6.563525029797378,0.061471990464839095
2022-05-17,1011010201,花菜类,15.163,121.304,35,0,0.0,1,8.0,0.0
2022-05-17,1011010402,水生根茎类,1.853,33.738,6,0,0.0,4,18.207231516459796,0.0
2022-05-17,1011010501,茄类,23.194000000000003,208.35399999999998,44,0,0.0,4,8.983099077347589,0.0
2022-05-17,1011010504,辣椒类,41.52,291.5116,114,0,0.0,5,7.020992292870905,0.0
2022-05-17,1011010801,食用菌,12.789,120.44839999999999,30,2,2.0,5,9.418124951129878,0.1563843928375948
2022-05-18,1011010101,花叶类,92.724,625.0178000000001,196,22,7.902,15,6.740625943660757,0.08522065484664164
2022-05-18,1011010201,花菜类,20.24,161.92,44,0,0.0,1,8.0,0.0
2022-05-18,1011010402,水生根茎类,0.9259999999999999,8.334,2,0,0.0,1,9.0,0.0
2022-05-18,1011010501,茄类,21.794,208.002,43,0,0.0,3,9.544002936588052,0.0
2022-05-18,1011010504,辣椒类,40.714,282.69759999999997,118,0,0.0,5,6.943498550867023,0.0
2022-05-18,1011010801,食用菌,20.598,188.24040000000002,45,1,1.0,3,9.13877075444218,0.04854840275754928
2022-05-19,1011010101,花叶类,92.356,599.575,222,16,5.492,15,6.491998354194639,0.05946554636406948
2022-05-19,1011010201,花菜类,17.603,140.824,42,0,0.0,1,8.0,0.0
2022-05-19,1011010402,水生根茎类,3.425,45.153400000000005,6,0,0.0,2,13.183474452554746,0.0
2022-05-19,1011010501,茄类,21.799,201.164,43,0,0.0,4,9.228129730721593,0.0
2022-05-19,1011010504,辣椒类,31.665999999999997,253.30599999999998,97,0,0.0,5,7.999305248531548,0.0
2022-05-19,1011010801,食用菌,13.195,195.661,41,0,0.0,3,14.828419856006063,0.0
2022-05-20,1011010101,花叶类,90.647,624.334,196,31,13.934,13,6.88753075115558,0.15371716659128265
2022-05-20,1011010201,花菜类,13.908,127.9536,28,0,0.0,1,9.2,0.0
2022-05-20,1011010402,水生根茎类,3.575,59.695800000000006,9,0,0.0,3,16.698125874125875,0.0
2022-05-20,1011010501,茄类,22.675,215.24,40,0,0.0,5,9.49239250275634,0.0
2022-05-20,1011010504,辣椒类,37.853,281.258,111,0,0.0,5,7.43026972763057,0.0
2022-05-20,1011010801,食用菌,14.719000000000001,158.2362,37,0,0.0,3,10.750472178816494,0.0
2022-05-21,1011010101,花叶类,154.655,1073.8874,335,40,15.919,13,6.943761275096183,0.10293233325789661
2022-05-21,1011010201,花菜类,26.494,243.7448,52,0,0.0,1,9.2,0.0
2022-05-21,1011010402,水生根茎类,4.691,49.9926,7,0,0.0,2,10.6571306757621,0.0
2022-05-21,1011010501,茄类,43.426,357.99,80,0,0.0,5,8.243678902040251,0.0
2022-05-21,1011010504,辣椒类,45.846999999999994,335.7432,143,0,0.0,5,7.323122559818528,0.0
2022-05-21,1011010801,食用菌,43.484,362.58320000000003,85,0,0.0,5,8.338312942691566,0.0
2022-05-22,1011010101,花叶类,164.686,1096.6,356,0,0.0,15,6.658732375551048,0.0
2022-05-22,1011010201,花菜类,23.847,219.39239999999998,55,0,0.0,1,9.2,0.0
2022-05-22,1011010402,水生根茎类,4.885,90.7902,12,0,0.0,3,18.585506653019447,0.0
2022-05-22,1011010501,茄类,29.841,269.788,57,0,0.0,4,9.040849837471935,0.0
2022-05-22,1011010504,辣椒类,40.928,290.1184,133,0,0.0,6,7.088506645817045,0.0
2022-05-22,1011010801,食用菌,23.398,214.3804,50,0,0.0,5,9.162338661424053,0.0
2022-05-23,1011010101,花叶类,92.654,603.2676,205,0,0.0,14,6.5109720033673675,0.0
2022-05-23,1011010201,花菜类,15.361,141.32119999999998,32,0,0.0,1,9.199999999999998,0.0
2022-05-23,1011010402,水生根茎类,4.436999999999999,51.9456,7,0,0.0,2,11.707369844489522,0.0
2022-05-23,1011010501,茄类,26.0,221.768,50,0,0.0,3,8.529538461538461,0.0
2022-05-23,1011010504,辣椒类,35.072,249.72000000000003,110,0,0.0,6,7.120209854014599,0.0
2022-05-23,1011010801,食用菌,4.6370000000000005,76.91260000000001,20,0,0.0,2,16.58671554884624,0.0
2022-05-24,1011010101,花叶类,122.403,753.5644,271,0,0.0,16,6.1564210027532,0.0
2022-05-24,1011010201,花菜类,27.64,221.12,54,0,0.0,1,8.0,0.0
2022-05-24,1011010402,水生根茎类,3.3609999999999998,56.927600000000005,9,0,0.0,3,16.937697113954183,0.0
2022-05-24,1011010501,茄类,29.284999999999997,236.528,57,0,0.0,4,8.076762847874338,0.0
2022-05-24,1011010504,辣椒类,32.071999999999996,214.114,89,0,0.0,5,6.676041406834623,0.0
2022-05-24,1011010801,食用菌,14.041,128.9118,31,0,0.0,3,9.181098212378036,0.0
2022-05-25,1011010101,花叶类,84.787,512.604,180,0,0.0,16,6.045785320862868,0.0
2022-05-25,1011010201,花菜类,19.562,156.496,42,0,0.0,1,8.0,0.0
2022-05-25,1011010402,水生根茎类,4.619,72.3124,7,0,0.0,3,15.6554232517861,0.0
2022-05-25,1011010501,茄类,22.563,169.7336,48,0,0.0,5,7.5226521295926965,0.0
2022-05-25,1011010504,辣椒类,31.823,206.6812,96,0,0.0,6,6.494711372277912,0.0
2022-05-25,1011010801,食用菌,18.698,168.52040000000002,38,0,0.0,3,9.012750026740829,0.0
2022-05-26,1011010101,花叶类,88.361,548.176,205,0,0.0,15,6.203822953565488,0.0
2022-05-26,1011010201,花菜类,25.011,200.088,54,0,0.0,1,8.0,0.0
2022-05-26,1011010402,水生根茎类,4.438,86.1748,8,0,0.0,3,19.41748535376296,0.0
2022-05-26,1011010501,茄类,29.903000000000002,204.54399999999998,64,0,0.0,4,6.840250142126207,0.0
2022-05-26,1011010504,辣椒类,39.188,215.2036,119,0,0.0,6,5.49156884760641,0.0
2022-05-26,1011010801,食用菌,21.185,164.06300000000002,37,0,0.0,4,7.744300212414445,0.0
2022-05-27,1011010101,花叶类,86.554,556.384,185,0,0.0,14,6.4281720082260785,0.0
2022-05-27,1011010201,花菜类,18.568,148.544,37,0,0.0,1,8.0,0.0
2022-05-27,1011010402,水生根茎类,8.858,108.28200000000001,16,0,0.0,4,12.224204109279748,0.0
2022-05-27,1011010501,茄类,27.341,165.80599999999998,47,0,0.0,4,6.06437218828865,0.0
2022-05-27,1011010504,辣椒类,31.927,174.82920000000001,95,0,0.0,6,5.475904406928306,0.0
2022-05-27,1011010801,食用菌,19.308,201.3984,46,0,0.0,4,10.430826600372903,0.0
2022-05-28,1011010101,花叶类,188.829,999.5818,417,0,0.0,15,5.293582023947593,0.0
2022-05-28,1011010201,花菜类,35.114,280.912,84,0,0.0,1,8.0,0.0
2022-05-28,1011010402,水生根茎类,8.906,138.5706,19,0,0.0,4,15.559240961149786,0.0
2022-05-28,1011010501,茄类,54.447,280.6748,95,0,0.0,3,5.155009458739691,0.0
2022-05-28,1011010504,辣椒类,55.568,306.28360000000004,180,0,0.0,6,5.511870141088397,0.0
2022-05-28,1011010801,食用菌,46.827,425.57460000000003,88,2,2.0,5,9.088231148696266,0.04271040211843595
2022-05-29,1011010101,花叶类,178.516,924.1214,388,0,0.0,15,5.176686683546573,0.0
2022-05-29,1011010201,花菜类,42.403,339.224,88,0,0.0,1,8.0,0.0
2022-05-29,1011010402,水生根茎类,7.4399999999999995,118.64240000000001,13,0,0.0,3,15.946559139784949,0.0
2022-05-29,1011010501,茄类,55.666000000000004,357.4074,104,0,0.0,3,6.420569108612079,0.0
2022-05-29,1011010504,辣椒类,62.521,362.09000000000003,180,0,0.0,5,5.7914940579965135,0.0
2022-05-29,1011010801,食用菌,33.516999999999996,285.0366,62,0,0.0,3,8.504239639585883,0.0
2022-05-30,1011010101,花叶类,92.512,470.0318,205,0,0.0,14,5.080765738498789,0.0
2022-05-30,1011010201,花菜类,24.336,194.688,54,0,0.0,1,8.0,0.0
2022-05-30,1011010402,水生根茎类,6.684,114.2272,19,0,0.0,4,17.089646918013166,0.0
2022-05-30,1011010501,茄类,25.618,135.7424,48,0,0.0,3,5.298711843235226,0.0
2022-05-30,1011010504,辣椒类,31.081,161.192,93,0,0.0,5,5.186190920498054,0.0
2022-05-30,1011010801,食用菌,16.585,161.68300000000002,38,2,2.0,5,9.748748869460357,0.12059089538739824
2022-05-31,1011010101,花叶类,87.827,432.1968,199,0,0.0,14,4.921001514340692,0.0
2022-05-31,1011010201,花菜类,15.854,126.832,36,0,0.0,1,8.0,0.0
2022-05-31,1011010402,水生根茎类,6.611000000000001,138.6908,16,0,0.0,3,20.978792920889425,0.0
2022-05-31,1011010501,茄类,18.11,95.4294,34,0,0.0,4,5.269431253451132,0.0
2022-05-31,1011010504,辣椒类,38.356,194.49200000000002,110,0,0.0,5,5.070706017311503,0.0
2022-05-31,1011010801,食用菌,39.474000000000004,266.1852,61,4,4.0,5,6.743304453564371,0.10133252267315195
2022-06-01,1011010101,花叶类,90.488,412.1648,208,0,0.0,16,4.554911148439572,0.0
2022-06-01,1011010201,花菜类,22.234,177.872,54,0,0.0,1,8.0,0.0
2022-06-01,1011010402,水生根茎类,5.084,117.65719999999999,15,0,0.0,3,23.142643587726198,0.0
2022-06-01,1011010501,茄类,21.105,133.187,40,0,0.0,3,6.310684671878702,0.0
2022-06-01,1011010504,辣椒类,43.718,259.9596,109,0,0.0,5,5.946282995562469,0.0
2022-06-01,1011010801,食用菌,35.603,291.5394,67,0,0.0,5,8.188618936606465,0.0
2022-06-02,1011010101,花叶类,112.624,503.80740000000003,245,0,0.0,12,4.47335736610314,0.0
2022-06-02,1011010201,花菜类,20.605,164.84,47,0,0.0,1,8.0,0.0
2022-06-02,1011010402,水生根茎类,11.329999999999998,227.3292,27,0,0.0,5,20.064360105913504,0.0
2022-06-02,1011010501,茄类,34.716,198.594,58,0,0.0,4,5.720532319391634,0.0
2022-06-02,1011010504,辣椒类,47.188,257.5942,137,0,0.0,5,5.45889209120963,0.0
2022-06-02,1011010801,食用菌,36.405,319.619,65,1,1.0,5,8.779535778052466,0.02746875429199286
2022-06-03,1011010101,花叶类,185.595,854.6286,382,0,0.0,13,4.604804008728683,0.0
2022-06-03,1011010201,花菜类,29.489,271.29879999999997,65,0,0.0,1,9.2,0.0
2022-06-03,1011010402,水生根茎类,14.235,271.144,31,0,0.0,5,19.04769933263084,0.0
2022-06-03,1011010501,茄类,59.95,343.148,123,0,0.0,4,5.723903252710592,0.0
2022-06-03,1011010504,辣椒类,69.903,377.3274,205,0,0.0,5,5.3978713359941635,0.0
2022-06-03,1011010801,食用菌,61.149,468.5502,102,0,0.0,4,7.662434381592504,0.0
2022-06-04,1011010101,花叶类,113.331,509.4,235,0,0.0,13,4.494798422320459,0.0
2022-06-04,1011010201,花菜类,13.898,127.8616,36,0,0.0,1,9.2,0.0
2022-06-04,1011010402,水生根茎类,5.135,109.0052,14,0,0.0,3,21.227887049659202,0.0
2022-06-04,1011010501,茄类,39.752,227.114,76,0,0.0,3,5.713272288186758,0.0
2022-06-04,1011010504,辣椒类,38.876000000000005,216.90240000000003,124,0,0.0,5,5.579339438213808,0.0
2022-06-04,1011010801,食用菌,27.698,172.9204,43,1,1.0,4,6.243064481189977,0.036103689797097265
2022-06-05,1011010101,花叶类,102.505,487.998,234,0,0.0,13,4.760723867128433,0.0
2022-06-05,1011010201,花菜类,21.97,219.7,54,0,0.0,1,10.0,0.0
2022-06-05,1011010402,水生根茎类,10.109,203.8012,25,0,0.0,4,20.160371945790878,0.0
2022-06-05,1011010501,茄类,42.328,218.9058,73,0,0.0,3,5.171654696654696,0.0
2022-06-05,1011010504,辣椒类,41.001,237.3812,120,0,0.0,5,5.78964415502061,0.0
2022-06-05,1011010801,食用菌,41.369,296.50620000000004,69,1,1.0,4,7.167352365297687,0.024172689695182385
2022-06-06,1011010101,花叶类,104.547,505.5236,241,0,0.0,12,4.835371651027767,0.0
2022-06-06,1011010201,花菜类,23.309,214.44279999999998,57,0,0.0,1,9.2,0.0
2022-06-06,1011010402,水生根茎类,5.253,92.51639999999999,14,0,0.0,3,17.61210736721873,0.0
2022-06-06,1011010501,茄类,37.312,194.708,75,0,0.0,4,5.218374785591767,0.0
2022-06-06,1011010504,辣椒类,40.803,217.153,116,0,0.0,6,5.321986128470946,0.0
2022-06-06,1011010801,食用菌,26.543,209.1514,55,1,1.0,5,7.8797197001092565,0.03767471649775835
2022-06-07,1011010101,花叶类,105.767,482.7654,239,0,0.0,13,4.564423686026832,0.0
2022-06-07,1011010201,花菜类,20.909,192.3628,50,0,0.0,1,9.2,0.0
2022-06-07,1011010402,水生根茎类,6.312,100.79759999999999,13,0,0.0,4,15.969201520912545,0.0
2022-06-07,1011010501,茄类,23.212,141.244,48,0,0.0,5,6.084956057211787,0.0
2022-06-07,1011010504,辣椒类,38.975,201.5864,117,0,0.0,5,5.17219756254009,0.0
2022-06-07,1011010801,食用菌,28.139,182.5522,47,0,0.0,5,6.487515547816198,0.0
2022-06-08,1011010101,花叶类,113.86200000000001,546.4596,243,0,0.0,13,4.799314960214997,0.0
2022-06-08,1011010201,花菜类,17.046,156.82319999999999,41,0,0.0,1,9.2,0.0
2022-06-08,1011010402,水生根茎类,6.725,152.65560000000002,21,0,0.0,4,22.699717472118962,0.0
2022-06-08,1011010501,茄类,27.37,126.99300000000001,51,0,0.0,3,4.639861161856047,0.0
2022-06-08,1011010504,辣椒类,40.959,221.52,119,0,0.0,5,5.408335164432725,0.0
2022-06-08,1011010801,食用菌,28.048000000000002,185.2504,53,6,6.0,4,6.604763262977753,0.21391899600684539
2022-06-09,1011010101,花叶类,281.247,1425.944,276,0,0.0,14,5.070077191934491,0.0
2022-06-09,1011010201,花菜类,21.532,198.09439999999998,57,0,0.0,1,9.2,0.0
2022-06-09,1011010402,水生根茎类,5.241,116.2664,14,0,0.0,4,22.184010684983782,0.0
2022-06-09,1011010501,茄类,35.271,156.211,61,0,0.0,4,4.428879249241587,0.0
2022-06-09,1011010504,辣椒类,41.650999999999996,209.09720000000002,122,0,0.0,5,5.02022040287148,0.0
2022-06-09,1011010801,食用菌,27.768,229.8064,52,5,5.0,4,8.275943532123307,0.1800633823105733
2022-06-10,1011010101,花叶类,115.09299999999999,464.61080000000004,253,0,0.0,12,4.036829346702233,0.0
2022-06-10,1011010201,花菜类,13.058,130.57999999999998,34,0,0.0,1,9.999999999999998,0.0
2022-06-10,1011010402,水生根茎类,9.447000000000001,202.38780000000003,22,0,0.0,4,21.423499523658304,0.0
2022-06-10,1011010501,茄类,38.775999999999996,192.547,73,0,0.0,3,4.965623065813906,0.0
2022-06-10,1011010504,辣椒类,37.531,202.0308,110,0,0.0,5,5.3830380219018945,0.0
2022-06-10,1011010801,食用菌,27.152,216.3096,54,2,2.0,5,7.966617560400707,0.07365939893930465
2022-06-11,1011010101,花叶类,195.647,818.072,426,0,0.0,13,4.181367462828462,0.0
2022-06-11,1011010201,花菜类,34.691,346.91,97,0,0.0,1,10.0,0.0
2022-06-11,1011010402,水生根茎类,9.209,223.401,24,0,0.0,4,24.25898577478554,0.0
2022-06-11,1011010501,茄类,48.32,251.951,95,0,0.0,3,5.214217715231788,0.0
2022-06-11,1011010504,辣椒类,61.053999999999995,312.1852,170,0,0.0,5,5.113263668228126,0.0
2022-06-11,1011010801,食用菌,36.533,313.2534,75,1,1.0,4,8.574532614348671,0.02737251252292448
2022-06-12,1011010101,花叶类,166.51500000000001,739.6814,383,0,0.0,13,4.442130738972465,0.0
2022-06-12,1011010201,花菜类,29.698,296.98,79,0,0.0,1,10.0,0.0
2022-06-12,1011010402,水生根茎类,10.588000000000001,218.9422,28,0,0.0,5,20.678333962976954,0.0
2022-06-12,1011010501,茄类,49.505,274.6454,93,0,0.0,3,5.547831532168467,0.0
2022-06-12,1011010504,辣椒类,67.529,323.3824,188,0,0.0,5,4.788792963023294,0.0
2022-06-12,1011010801,食用菌,49.293,358.3014,86,2,2.0,5,7.268808958675674,0.04057371229180614
2022-06-13,1011010101,花叶类,116.051,550.7454,251,0,0.0,13,4.745718692643751,0.0
2022-06-13,1011010201,花菜类,23.638,236.38,49,0,0.0,1,9.999999999999998,0.0
2022-06-13,1011010402,水生根茎类,3.944,85.9936,12,0,0.0,4,21.803651115618663,0.0
2022-06-13,1011010501,茄类,33.306,162.54919999999998,61,0,0.0,4,4.880477991953402,0.0
2022-06-13,1011010504,辣椒类,29.923,154.1124,90,0,0.0,5,5.1502991010259676,0.0
2022-06-13,1011010801,食用菌,35.013999999999996,256.47720000000004,62,2,2.0,5,7.324990003998403,0.05712000913920147
2022-06-14,1011010101,花叶类,110.67099999999999,523.7242,247,0,0.0,13,4.732262290934392,0.0
2022-06-14,1011010201,花菜类,23.587,235.87,50,0,0.0,1,10.0,0.0
2022-06-14,1011010402,水生根茎类,14.604000000000001,350.3868,40,0,0.0,5,23.992522596548888,0.0
2022-06-14,1011010501,茄类,29.762,197.5306,64,0,0.0,3,6.637006921577851,0.0
2022-06-14,1011010504,辣椒类,29.213,151.41320000000002,95,0,0.0,5,5.1830760277958445,0.0
2022-06-14,1011010801,食用菌,16.266,163.1668,37,0,0.0,3,10.031157014631749,0.0
2022-06-15,1011010101,花叶类,106.544,451.951,229,0,0.0,13,4.241918831656405,0.0
2022-06-15,1011010201,花菜类,18.931,189.31,39,0,0.0,1,10.0,0.0
2022-06-15,1011010402,水生根茎类,5.184,102.148,16,0,0.0,5,19.704475308641975,0.0
2022-06-15,1011010501,茄类,33.775999999999996,226.2886,68,0,0.0,4,6.699686167693037,0.0
2022-06-15,1011010504,辣椒类,39.656,193.6048,103,0,0.0,6,4.882106112568086,0.0
2022-06-15,1011010801,食用菌,26.243000000000002,222.5114,47,0,0.0,4,8.478885798117593,0.0
2022-06-16,1011010101,花叶类,109.346,488.562,250,0,0.0,15,4.468037239588097,0.0
2022-06-16,1011010201,花菜类,18.079,180.79,36,0,0.0,1,10.0,0.0
2022-06-16,1011010402,水生根茎类,5.347,110.48880000000001,17,0,0.0,4,20.663699270619038,0.0
2022-06-16,1011010501,茄类,35.463,181.8748,61,0,0.0,3,5.128579082423935,0.0
2022-06-16,1011010504,辣椒类,50.132,247.0884,126,2,2.0,7,4.928756083938403,0.03989467804994814
2022-06-16,1011010801,食用菌,32.228,223.8144,51,1,1.0,5,6.9447188779942906,0.031028918952463694
2022-06-17,1011010101,花叶类,119.07300000000001,523.9212,252,0,0.0,14,4.3999999999999995,0.0
2022-06-17,1011010201,花菜类,27.301,273.01,63,0,0.0,1,10.0,0.0
2022-06-17,1011010402,水生根茎类,6.77,130.8522,19,0,0.0,5,19.328242245199412,0.0
2022-06-17,1011010501,茄类,36.326,242.784,69,0,0.0,4,6.683477399108076,0.0
2022-06-17,1011010504,辣椒类,47.1,236.4708,123,0,0.0,5,5.020611464968153,0.0
2022-06-17,1011010801,食用菌,36.568,265.3464,60,2,2.0,5,7.256245898052943,0.05469262743382192
2022-06-18,1011010101,花叶类,192.524,829.6358,425,0,0.0,14,4.309259105358293,0.0
2022-06-18,1011010201,花菜类,29.834,298.34,65,0,0.0,1,10.0,0.0
2022-06-18,1011010402,水生根茎类,18.484,408.96500000000003,46,0,0.0,5,22.125351655485826,0.0
2022-06-18,1011010501,茄类,48.073,332.44680000000005,87,0,0.0,3,6.9154577413516956,0.0
2022-06-18,1011010504,辣椒类,80.225,475.632,217,0,0.0,10,5.92872545964475,0.0
2022-06-18,1011010801,食用菌,50.206,349.1788,80,4,4.0,5,6.954921722503286,0.0796717523801936
2022-06-19,1011010101,花叶类,187.62300000000002,829.0606,403,0,0.0,14,4.418757828198035,0.0
2022-06-19,1011010201,花菜类,31.956,293.99519999999995,70,0,0.0,1,9.2,0.0
2022-06-19,1011010402,水生根茎类,15.541,376.7282,47,0,0.0,4,24.240924007464127,0.0
2022-06-19,1011010501,茄类,40.858,256.7484,81,0,0.0,3,6.2839199177639635,0.0
2022-06-19,1011010504,辣椒类,79.31099999999999,526.102,232,0,0.0,10,6.633405202304851,0.0
2022-06-19,1011010801,食用菌,49.153,351.70480000000003,76,0,0.0,5,7.1553068988668045,0.0
2022-06-20,1011010101,花叶类,123.54,557.3336,267,0,0.0,15,4.511361502347418,0.0
2022-06-20,1011010201,花菜类,26.02,239.384,58,0,0.0,1,9.2,0.0
2022-06-20,1011010402,水生根茎类,8.896,214.5098,26,0,0.0,4,24.113062050359712,0.0
2022-06-20,1011010501,茄类,27.415999999999997,176.72160000000002,56,0,0.0,3,6.44592938430114,0.0
2022-06-20,1011010504,辣椒类,46.065,222.8324,119,0,0.0,8,4.837347226744818,0.0
2022-06-20,1011010801,食用菌,35.656,269.3696,65,4,4.0,5,7.554678034552389,0.11218308279111511
2022-06-21,1011010101,花叶类,110.973,512.5522,226,0,0.0,16,4.618710857595992,0.0
2022-06-21,1011010201,花菜类,22.014,158.5008,48,0,0.0,1,7.2,0.0
2022-06-21,1011010402,水生根茎类,6.063,120.025,20,0,0.0,5,19.79630545934356,0.0
2022-06-21,1011010501,茄类,27.152,194.3994,52,0,0.0,3,7.159671479080731,0.0
2022-06-21,1011010504,辣椒类,32.467,180.1708,92,0,0.0,10,5.5493516493670505,0.0
2022-06-21,1011010801,食用菌,29.804,205.709,50,3,3.0,5,6.902060126157563,0.1006576298483425
2022-06-22,1011010101,花叶类,108.759,484.8422,239,0,0.0,18,4.45795014665453,0.0
2022-06-22,1011010201,花菜类,23.449,168.8328,51,0,0.0,1,7.199999999999999,0.0
2022-06-22,1011010402,水生根茎类,13.806000000000001,328.4452,37,0,0.0,4,23.790033318846877,0.0
2022-06-22,1011010501,茄类,22.451,163.3068,40,0,0.0,4,7.273920983475124,0.0
2022-06-22,1011010504,辣椒类,35.161,188.08079999999998,95,0,0.0,6,5.349131139614913,0.0
2022-06-22,1011010801,食用菌,28.097,245.704,52,0,0.0,5,8.744848204434637,0.0
2022-06-23,1011010101,花叶类,84.617,382.3718,169,0,0.0,12,4.518853185530094,0.0
2022-06-23,1011010201,花菜类,14.583,104.9976,29,0,0.0,1,7.2,0.0
2022-06-23,1011010402,水生根茎类,5.401999999999999,116.8704,18,0,0.0,4,21.63465383191411,0.0
2022-06-23,1011010501,茄类,17.152,100.59720000000002,32,0,0.0,3,5.8650419776119405,0.0
2022-06-23,1011010504,辣椒类,29.211000000000002,177.60160000000002,86,0,0.0,8,6.07995618089076,0.0
2022-06-23,1011010801,食用菌,29.488,188.7624,48,4,4.0,4,6.40132935431362,0.13564839934888767
2022-06-24,1011010101,花叶类,104.325,483.137,228,0,0.0,15,4.631075964533908,0.0
2022-06-24,1011010201,花菜类,17.64,162.28799999999998,34,0,0.0,1,9.2,0.0
2022-06-24,1011010402,水生根茎类,25.878,336.7208,45,0,0.0,5,13.01185563026509,0.0
2022-06-24,1011010501,茄类,22.836,176.291,45,0,0.0,5,7.719872131721843,0.0
2022-06-24,1011010504,辣椒类,33.789,190.71200000000002,97,0,0.0,7,5.644203734943325,0.0
2022-06-24,1011010801,食用菌,29.265,217.947,54,1,1.0,4,7.447360328036904,0.03417051084913719
2022-06-25,1011010101,花叶类,156.216,822.1928,333,0,0.0,17,5.2631791877912635,0.0
2022-06-25,1011010201,花菜类,22.426,179.408,49,0,0.0,1,8.0,0.0
2022-06-25,1011010402,水生根茎类,40.332,459.5476,56,0,0.0,6,11.394118813845086,0.0
2022-06-25,1011010501,茄类,28.57,207.693,58,0,0.0,4,7.269618480924047,0.0
2022-06-25,1011010504,辣椒类,39.414,216.82,110,0,0.0,6,5.501090982899477,0.0
2022-06-25,1011010801,食用菌,48.569,313.9662,75,4,4.0,4,6.464333216660833,0.08235705902942206
2022-06-26,1011010101,花叶类,163.919,777.5194,349,0,0.0,15,4.743314685911944,0.0
2022-06-26,1011010201,花菜类,36.32,261.504,85,0,0.0,1,7.2,0.0
2022-06-26,1011010402,水生根茎类,31.364,530.6208,70,0,0.0,5,16.918148195383242,0.0
2022-06-26,1011010501,茄类,33.783,258.274,66,0,0.0,3,7.645087766036172,0.0
2022-06-26,1011010504,辣椒类,43.418,292.4352,113,0,0.0,10,6.735344787875997,0.0
2022-06-26,1011010801,食用菌,54.309,366.3182,81,6,6.0,5,6.745073560551658,0.11047892614483788
2022-06-27,1011010101,花叶类,105.20700000000001,532.3742,235,0,0.0,15,5.060254545800184,0.0
2022-06-27,1011010201,花菜类,21.772000000000002,156.7584,51,0,0.0,1,7.199999999999999,0.0
2022-06-27,1011010402,水生根茎类,12.658999999999999,235.8696,36,0,0.0,4,18.632561813729364,0.0
2022-06-27,1011010501,茄类,21.427,166.18599999999998,45,0,0.0,4,7.755915433798478,0.0
2022-06-27,1011010504,辣椒类,28.077,218.1834,83,0,0.0,6,7.770894326316914,0.0
2022-06-27,1011010801,食用菌,26.887,187.8454,52,34,9.326,4,6.986476735969056,0.34685907687730133
2022-06-28,1011010101,花叶类,133.899,619.0856,292,16,9.3,17,4.6235266880260495,0.06945533573813098
2022-06-28,1011010201,花菜类,23.307,186.456,53,0,0.0,1,8.0,0.0
2022-06-28,1011010402,水生根茎类,19.500999999999998,278.0434,34,0,0.0,6,14.257904722834729,0.0
2022-06-28,1011010501,茄类,13.137,98.02,29,0,0.0,4,7.461368653421633,0.0
2022-06-28,1011010504,辣椒类,28.268,218.1388,81,0,0.0,8,7.7168105278052925,0.0
2022-06-28,1011010801,食用菌,39.702,262.4614,61,25,5.884,5,6.610785350863937,0.14820412069920913
2022-06-29,1011010101,花叶类,156.09,760.677,327,1,1.0,21,4.873323082836825,0.006406560317765392
2022-06-29,1011010201,花菜类,40.424,282.9644,74,9,8.604,2,6.999910943993667,0.212843855135563
2022-06-29,1011010402,水生根茎类,16.118000000000002,341.006,40,0,0.0,4,21.156843280804065,0.0
2022-06-29,1011010501,茄类,26.758,183.3872,54,0,0.0,5,6.853546602885119,0.0
2022-06-29,1011010504,辣椒类,21.954,224.38920000000002,70,1,1.0,9,10.220880021863898,0.0455497859160062
2022-06-29,1011010801,食用菌,39.934,300.93260000000004,75,44,12.592,7,7.535748985826615,0.31532027845945815
2022-06-30,1011010101,花叶类,127.274,638.0496,270,2,2.0,20,5.0131967251756056,0.015714128572999985
2022-06-30,1011010201,花菜类,47.528,348.3233,83,7,5.475,2,7.328801969365427,0.11519525332435616
2022-06-30,1011010402,水生根茎类,10.625,194.8452,30,0,0.0,4,18.338371764705883,0.0
2022-06-30,1011010501,茄类,21.969,139.9018,39,0,0.0,4,6.3681460239428285,0.0
2022-06-30,1011010504,辣椒类,29.259,270.968,85,0,0.0,7,9.26101370518473,0.0
2022-06-30,1011010801,食用菌,38.626999999999995,250.60240000000002,61,33,11.551,6,6.487752090506642,0.2990395319336216
2022-07-01,1011010101,花叶类,149.719,720.7138,290,0,0.0,19,4.813776474595743,0.0
2022-07-01,1011010201,花菜类,28.897,252.2208,57,1,0.684,2,8.728269370522892,0.023670277191403955
2022-07-01,1011010402,水生根茎类,15.086,290.4148,41,0,0.0,4,19.250616465597243,0.0
2022-07-01,1011010501,茄类,17.165,127.70020000000001,35,0,0.0,4,7.439568890183514,0.0
2022-07-01,1011010504,辣椒类,25.326,251.924,88,0,0.0,6,9.947247887546395,0.0
2022-07-01,1011010801,食用菌,50.953,256.8174,76,53,28.66,4,5.040280258277236,0.5624791474496104
2022-07-02,1011010101,花叶类,195.29500000000002,1054.8592,402,8,3.367,22,5.401363066130726,0.017240584756394173
2022-07-02,1011010201,花菜类,55.851,476.88159999999993,101,5,4.549,2,8.538461263003347,0.08144885498916761
2022-07-02,1011010402,水生根茎类,28.667,552.19,75,0,0.0,3,19.26221788118743,0.0
2022-07-02,1011010501,茄类,27.475,169.2184,49,0,0.0,3,6.158995450409463,0.0
2022-07-02,1011010504,辣椒类,55.999,582.9486,190,0,0.0,11,10.409982321112878,0.0
2022-07-02,1011010801,食用菌,45.704,393.2678,86,49,14.487,4,8.604669175564503,0.31697444424995624
2022-07-03,1011010101,花叶类,189.083,1030.8402,385,0,0.0,15,5.451786781466341,0.0
2022-07-03,1011010201,花菜类,48.366,460.46799999999996,92,0,0.0,2,9.520489600132324,0.0
2022-07-03,1011010402,水生根茎类,63.873,690.4424,92,0,0.0,5,10.809612825450504,0.0
2022-07-03,1011010501,茄类,42.368,315.1256,62,0,0.0,3,7.437820996978852,0.0
2022-07-03,1011010504,辣椒类,58.67,617.706,163,0,0.0,9,10.528481336287712,0.0
2022-07-03,1011010801,食用菌,42.18,277.5108,71,34,9.706,5,6.579203413940257,0.2301090564248459
2022-07-04,1011010101,花叶类,116.605,681.672,268,0,0.0,14,5.845992881951889,0.0
2022-07-04,1011010201,花菜类,27.955000000000002,279.55,62,0,0.0,1,10.0,0.0
2022-07-04,1011010402,水生根茎类,20.219,288.6132,44,0,0.0,4,14.274355803946783,0.0
2022-07-04,1011010501,茄类,17.802,118.5072,34,0,0.0,3,6.65695989214695,0.0
2022-07-04,1011010504,辣椒类,47.642,512.2236,147,0,0.0,12,10.751513370555392,0.0
2022-07-04,1011010801,食用菌,36.688,294.653,75,48,12.077,5,8.031318142171827,0.32918120366332315
2022-07-05,1011010101,花叶类,133.21,681.1204,297,0,0.0,14,5.113132647699121,0.0
2022-07-05,1011010201,花菜类,42.64,387.654,75,0,0.0,2,9.091322701688554,0.0
2022-07-05,1011010402,水生根茎类,34.507999999999996,488.4832,68,0,0.0,5,14.155650863567871,0.0
2022-07-05,1011010501,茄类,17.524,105.91220000000001,31,0,0.0,3,6.043837023510615,0.0
2022-07-05,1011010504,辣椒类,49.727999999999994,475.6652,149,0,0.0,13,9.565339446589448,0.0
2022-07-05,1011010801,食用菌,50.367000000000004,270.5498,80,35,11.144,5,5.371568685845891,0.22125598109873526
2022-07-06,1011010101,花叶类,164.461,854.6882,327,0,0.0,15,5.1969050413167865,0.0
2022-07-06,1011010201,花菜类,31.186,273.644,57,2,1.9849999999999999,2,8.774578336433015,0.06365035592894247
2022-07-06,1011010402,水生根茎类,39.018,425.6612,59,0,0.0,4,10.909354656825055,0.0
2022-07-06,1011010501,茄类,9.038,58.964,20,0,0.0,3,6.524009736667404,0.0
2022-07-06,1011010504,辣椒类,51.119,530.9294,169,0,0.0,14,10.386146051370332,0.0
2022-07-06,1011010801,食用菌,32.226,223.58020000000005,60,30,7.043,6,6.937882455160431,0.2185502389375039
2022-07-07,1011010101,花叶类,134.04399999999998,722.7684,286,0,0.0,15,5.3920235146668265,0.0
2022-07-07,1011010201,花菜类,50.962,407.696,87,0,0.0,2,8.0,0.0
2022-07-07,1011010402,水生根茎类,43.066,456.13840000000005,66,0,0.0,4,10.591612873264292,0.0
2022-07-07,1011010501,茄类,14.602,99.92099999999999,31,0,0.0,3,6.842966716888097,0.0
2022-07-07,1011010504,辣椒类,39.874,488.0754,160,0,0.0,11,12.240442393539649,0.0
2022-07-07,1011010801,食用菌,29.189,166.70340000000002,62,39,10.193,5,5.711172016855666,0.34920689300763985
2022-07-08,1011010101,花叶类,129.05,735.0228,271,0,0.0,15,5.69564354901201,0.0
2022-07-08,1011010201,花菜类,48.355999999999995,384.13599999999997,99,1,0.678,2,7.94391595665481,0.014021010836297462
2022-07-08,1011010402,水生根茎类,32.713,304.1364,48,0,0.0,5,9.297111240179744,0.0
2022-07-08,1011010501,茄类,7.971,55.827999999999996,14,0,0.0,3,7.003889097980178,0.0
2022-07-08,1011010504,辣椒类,42.7,431.1114,124,0,0.0,12,10.096285714285713,0.0
2022-07-08,1011010801,食用菌,49.425,237.08160000000004,69,44,26.697,6,4.796795144157816,0.5401517450682853
2022-07-09,1011010101,花叶类,173.971,1015.6832,391,0,0.0,15,5.838232808916429,0.0
2022-07-09,1011010201,花菜类,44.535000000000004,356.28000000000003,113,0,0.0,1,8.0,0.0
2022-07-09,1011010402,水生根茎类,44.591,613.4956,89,1,0.213,6,13.75828306160436,0.004776748671256531
2022-07-09,1011010501,茄类,26.107,189.086,54,0,0.0,3,7.242731834373924,0.0
2022-07-09,1011010504,辣椒类,73.124,698.3694,216,1,1.0,12,9.550481374104262,0.013675400689240195
2022-07-09,1011010801,食用菌,55.629,358.4996,96,43,13.659,7,6.444473206421112,0.24553739955778464
2022-07-10,1011010101,花叶类,186.916,1031.0776,405,0,0.0,15,5.51626185024289,0.0
2022-07-10,1011010201,花菜类,67.457,537.928,141,1,0.54,2,7.974383681456336,0.008005099544895268
2022-07-10,1011010402,水生根茎类,35.703,381.6576,51,0,0.0,5,10.689790773884546,0.0
2022-07-10,1011010501,茄类,21.797,163.073,49,0,0.0,4,7.481442400330321,0.0
2022-07-10,1011010504,辣椒类,85.669,880.861,234,0,0.0,21,10.282144066114931,0.0
2022-07-10,1011010801,食用菌,80.418,360.2472,112,57,28.786,7,4.479683652913526,0.35795468676167025
2022-07-11,1011010101,花叶类,133.768,702.5188,282,0,0.0,15,5.251770229053287,0.0
2022-07-11,1011010201,花菜类,24.264000000000003,194.11200000000002,61,0,0.0,2,8.0,0.0
2022-07-11,1011010402,水生根茎类,43.103,439.01480000000004,71,47,27.095,4,10.185249286592581,0.6286105375495905
2022-07-11,1011010501,茄类,30.141,231.333,57,0,0.0,3,7.675027371354633,0.0
2022-07-11,1011010504,辣椒类,57.659,612.3836,177,4,4.0,19,10.62078079744706,0.06937338490088278
2022-07-11,1011010801,食用菌,55.108000000000004,290.1384,81,5,5.0,6,5.264905276910793,0.09073092835885896
2022-07-12,1011010101,花叶类,129.271,666.988,283,0,0.0,15,5.159610430800413,0.0
2022-07-12,1011010201,花菜类,64.57900000000001,489.4984,139,13,8.318999999999999,2,7.579838647238265,0.12881896591771316
2022-07-12,1011010402,水生根茎类,29.78,373.924,58,37,23.205,3,12.556212222968433,0.7792142377434519
2022-07-12,1011010501,茄类,19.218,142.25900000000001,40,0,0.0,3,7.4023831824331365,0.0
2022-07-12,1011010504,辣椒类,49.014,566.7348000000001,168,0,0.0,15,11.562712694332232,0.0
2022-07-12,1011010801,食用菌,27.869,232.6062,67,0,0.0,4,8.34641357781047,0.0
2022-07-13,1011010101,花叶类,150.034,842.4026,333,0,0.0,15,5.614744657877548,0.0
2022-07-13,1011010201,花菜类,46.435,364.968,96,3,2.035,2,7.859760956175299,0.043824701195219126
2022-07-13,1011010402,水生根茎类,31.994999999999997,450.9908,76,49,22.351,3,14.095664947648071,0.6985779027973121
2022-07-13,1011010501,茄类,12.754999999999999,82.113,24,0,0.0,4,6.437710701685614,0.0
2022-07-13,1011010504,辣椒类,57.841,478.78340000000003,153,15,15.0,15,8.277578188482218,0.25933161598174304
2022-07-13,1011010801,食用菌,63.603,322.4408,96,18,15.908,7,5.069584768014088,0.2501139883338836
2022-07-14,1011010101,花叶类,131.965,798.3542,297,0,0.0,15,6.049741977039366,0.0
2022-07-14,1011010201,花菜类,34.033,340.33,83,0,0.0,1,10.0,0.0
2022-07-14,1011010402,水生根茎类,12.376,145.75,28,14,5.97,3,11.776826115061409,0.4823852617970265
2022-07-14,1011010501,茄类,14.374,112.30199999999999,35,0,0.0,3,7.812856546542367,0.0
2022-07-14,1011010504,辣椒类,52.446,426.181,123,3,3.0,17,8.126091598977997,0.057201693170117834
2022-07-14,1011010801,食用菌,44.709,348.1572,84,7,6.503,7,7.787183788498959,0.14545169876311256
2022-07-15,1011010101,花叶类,118.425,697.7156,272,0,0.0,13,5.891624234747731,0.0
2022-07-15,1011010201,花菜类,30.18,301.8,65,0,0.0,1,10.0,0.0
2022-07-15,1011010402,水生根茎类,43.241,511.592,77,51,31.713,5,11.831178742397261,0.7334011701857034
2022-07-15,1011010501,茄类,11.364,86.44500000000001,21,0,0.0,2,7.606916578669483,0.0
2022-07-15,1011010504,辣椒类,60.497,523.3266,140,7,6.444,19,8.650455394482371,0.10651767856257335
2022-07-15,1011010801,食用菌,66.136,399.67900000000003,121,28,22.189,10,6.043289585097376,0.3355056247731947
2022-07-16,1011010101,花叶类,175.925,1154.7206,401,0,0.0,14,6.563709535313344,0.0
2022-07-16,1011010201,花菜类,59.714,597.14,141,0,0.0,1,10.0,0.0
2022-07-16,1011010402,水生根茎类,107.272,893.9044,120,64,38.432,5,8.333063613990603,0.35826683570736073
2022-07-16,1011010501,茄类,18.431,151.32180000000002,34,0,0.0,4,8.210178503608052,0.0
2022-07-16,1011010504,辣椒类,73.235,819.6466,229,4,4.0,15,11.192006554243191,0.05461869324776405
2022-07-16,1011010801,食用菌,89.471,466.6114,144,28,23.490000000000002,9,5.215225044986644,0.26254317041275943
2022-07-17,1011010101,花叶类,190.249,1126.1988000000001,395,0,0.0,15,5.919604308038414,0.0
2022-07-17,1011010201,花菜类,53.705,535.818,126,0,0.0,2,9.977059864072247,0.0
2022-07-17,1011010402,水生根茎类,131.3,849.4144,125,0,0.0,4,6.469264280274181,0.0
2022-07-17,1011010501,茄类,21.933999999999997,176.5404,46,0,0.0,4,8.04870976566062,0.0
2022-07-17,1011010504,辣椒类,63.421,648.7662,200,5,5.0,17,10.2295170369436,0.07883823969978399
2022-07-17,1011010801,食用菌,73.67099999999999,568.9946,143,14,8.908,10,7.723454276445278,0.12091596421929933
2022-07-18,1011010101,花叶类,132.053,795.8266,300,0,0.0,15,6.026569634919313,0.0
2022-07-18,1011010201,花菜类,43.19,431.9,94,0,0.0,1,10.0,0.0
2022-07-18,1011010402,水生根茎类,57.442,538.1616,85,0,0.0,5,9.368782424010307,0.0
2022-07-18,1011010501,茄类,11.582,102.2544,25,0,0.0,3,8.828734242790537,0.0
2022-07-18,1011010504,辣椒类,50.507,528.6268,145,3,3.0,14,10.466406636703823,0.05939770724850021
2022-07-18,1011010801,食用菌,52.193,304.8524,80,5,5.0,6,5.840867549288219,0.09579828712662618
2022-07-19,1011010101,花叶类,134.777,791.3954,285,0,0.0,15,5.871887636614557,0.0
2022-07-19,1011010201,花菜类,33.363,332.274,73,0,0.0,2,9.959356173006025,0.0
2022-07-19,1011010402,水生根茎类,90.19,564.6268,85,0,0.0,6,6.260414680119747,0.0
2022-07-19,1011010501,茄类,20.509,137.9192,45,0,0.0,3,6.724813496513725,0.0
2022-07-19,1011010504,辣椒类,49.966,444.1174,139,6,6.0,18,8.888392106632509,0.12008165552575752
2022-07-19,1011010801,食用菌,44.352000000000004,351.2316,98,12,6.353,8,7.9191829004329,0.1432404401154401
2022-07-20,1011010101,花叶类,161.158,1009.3716000000001,369,0,0.0,16,6.2632422839697695,0.0
2022-07-20,1011010201,花菜类,43.777,402.74839999999995,98,0,0.0,1,9.2,0.0
2022-07-20,1011010402,水生根茎类,89.35499999999999,618.3884,94,0,0.0,5,6.920579710144929,0.0
2022-07-20,1011010501,茄类,17.192,115.49959999999999,33,0,0.0,3,6.718217775709632,0.0
2022-07-20,1011010504,辣椒类,88.656,700.8045999999999,192,3,3.0,19,7.90476222703483,0.03383865728207904
2022-07-20,1011010801,食用菌,37.088,313.3208,77,4,4.0,6,8.448037100949094,0.1078515962036238
2022-07-21,1011010101,花叶类,140.656,803.201,299,0,0.0,15,5.710392731202366,0.0
2022-07-21,1011010201,花菜类,38.147,350.95239999999995,80,0,0.0,1,9.2,0.0
2022-07-21,1011010402,水生根茎类,75.92,649.4168,94,0,0.0,6,8.553962065331929,0.0
2022-07-21,1011010501,茄类,18.296,100.971,29,0,0.0,3,5.5187472671622215,0.0
2022-07-21,1011010504,辣椒类,130.268,758.9562,202,35,33.781,14,5.8261138575858995,0.2593192495470875
2022-07-21,1011010801,食用菌,43.486,309.255,89,17,10.188,8,7.111599135353908,0.23428229775100035
2022-07-22,1011010101,花叶类,119.449,745.2212,265,0,0.0,15,6.238823263484834,0.0
2022-07-22,1011010201,花菜类,33.655,309.626,75,0,0.0,1,9.2,0.0
2022-07-22,1011010402,水生根茎类,44.43,529.7936,78,0,0.0,6,11.924231375196939,0.0
2022-07-22,1011010501,茄类,16.448999999999998,100.24459999999999,32,0,0.0,3,6.094267128700833,0.0
2022-07-22,1011010504,辣椒类,91.719,573.571,160,14,13.465,14,6.253567963017478,0.14680709558542943
2022-07-22,1011010801,食用菌,60.678,357.2206,103,20,13.562000000000001,9,5.887151850753156,0.22350769636441548
2022-07-23,1011010101,花叶类,163.238,1026.582,361,0,0.0,15,6.288866562932651,0.0
2022-07-23,1011010201,花菜类,45.47,418.32399999999996,106,0,0.0,1,9.2,0.0
2022-07-23,1011010402,水生根茎类,67.395,861.2628,113,4,4.0,4,12.779327843311819,0.059351583945396545
2022-07-23,1011010501,茄类,20.601,141.566,42,0,0.0,3,6.871802339692248,0.0
2022-07-23,1011010504,辣椒类,128.405,841.2851,226,38,31.570999999999998,15,6.5518095089755075,0.24587048790934932
2022-07-23,1011010801,食用菌,101.743,541.6182,165,36,22.459,8,5.3233952212928655,0.22074245894066424
2022-07-24,1011010101,花叶类,187.595,1095.2766,372,0,0.0,15,5.8385170180441905,0.0
2022-07-24,1011010201,花菜类,45.96,422.832,112,0,0.0,1,9.2,0.0
2022-07-24,1011010402,水生根茎类,112.091,860.7352000000001,128,0,0.0,4,7.678896610789449,0.0
2022-07-24,1011010501,茄类,10.549,63.823,18,0,0.0,3,6.050146933358612,0.0
2022-07-24,1011010504,辣椒类,55.957,344.9162,80,3,1.105,13,6.163950890862627,0.019747305967081866
2022-07-24,1011010801,食用菌,67.64,465.3731,131,19,9.649000000000001,9,6.880146363098758,0.14265227675931402
2022-07-25,1011010101,花叶类,128.305,739.2714,272,0,0.0,15,5.7618284556330615,0.0
2022-07-25,1011010201,花菜类,79.565,687.5147999999999,182,4,1.4060000000000001,2,8.640920002513667,0.017671086533023316
2022-07-25,1011010402,水生根茎类,90.633,575.1684,85,0,0.0,5,6.346125583396777,0.0
2022-07-25,1011010501,茄类,17.972,121.798,35,0,0.0,3,6.77709770754507,0.0
2022-07-25,1011010504,辣椒类,66.762,319.56,92,6,6.0,11,4.786555226026782,0.08987148377819718
2022-07-25,1011010801,食用菌,66.315,360.2695,97,11,8.185,9,5.432699992460228,0.12342607253260952
2022-07-26,1011010101,花叶类,161.702,999.419,322,3,3.0,16,6.180622379438721,0.018552646225773337
2022-07-26,1011010201,花菜类,74.221,650.2772,153,0,0.0,2,8.761364034437692,0.0
2022-07-26,1011010402,水生根茎类,68.863,639.4624,85,0,0.0,4,9.28600845156325,0.0
2022-07-26,1011010501,茄类,18.262,113.05499999999999,34,0,0.0,3,6.190723907567627,0.0
2022-07-26,1011010504,辣椒类,98.29,507.24,155,6,6.0,13,5.16064706480822,0.06104384983212941
2022-07-26,1011010801,食用菌,59.465,354.6028,98,18,14.053,9,5.963218700075674,0.23632388800134532
2022-07-27,1011010101,花叶类,131.633,823.4824,287,0,0.0,15,6.25589631779265,0.0
2022-07-27,1011010201,花菜类,67.503,645.2292,145,0,0.0,2,9.558526287720545,0.0
2022-07-27,1011010402,水生根茎类,71.087,503.014,72,0,0.0,4,7.076033592640004,0.0
2022-07-27,1011010501,茄类,14.402000000000001,104.6026,28,0,0.0,3,7.26306068601583,0.0
2022-07-27,1011010504,辣椒类,108.891,630.673,178,3,3.0,15,5.791782608296369,0.027550486266082596
2022-07-27,1011010801,食用菌,58.869,345.68960000000004,104,20,11.404,9,5.872184001766635,0.19371825578827567
2022-07-28,1011010101,花叶类,170.77100000000002,1037.2023,365,3,2.513,16,6.073644237019165,0.014715613306708984
2022-07-28,1011010201,花菜类,60.76,573.9504,125,0,0.0,2,9.446188281764318,0.0
2022-07-28,1011010402,水生根茎类,70.756,582.6468,76,2,2.0,5,8.234592119396234,0.028266154107072193
2022-07-28,1011010501,茄类,22.580000000000002,160.6842,43,0,0.0,3,7.116217891939769,0.0
2022-07-28,1011010504,辣椒类,116.81,689.081,186,16,15.406,15,5.89916103073367,0.13188939303141856
2022-07-28,1011010801,食用菌,69.521,426.32280000000003,106,17,14.719999999999999,11,6.132288085614419,0.21173458379482457
2022-07-29,1011010101,花叶类,331.236,1189.484,344,64,64.0,15,3.5910468668864493,0.1932157132678815
2022-07-29,1011010201,花菜类,64.225,585.8761999999999,129,12,7.592,2,9.122245231607629,0.11820942000778513
2022-07-29,1011010402,水生根茎类,66.925,526.4456,72,4,4.0,5,7.866202465446396,0.05976839745984311
2022-07-29,1011010501,茄类,15.616,109.568,27,0,0.0,3,7.016393442622951,0.0
2022-07-29,1011010504,辣椒类,120.741,630.89,180,9,9.0,14,5.225151357036963,0.07453971724600592
2022-07-29,1011010801,食用菌,52.634,406.0532,95,19,11.907,12,7.714655925827412,0.226222593760687
2022-07-30,1011010101,花叶类,344.157,1245.7934,395,61,58.814,17,3.6198403635550056,0.17089293549165063
2022-07-30,1011010201,花菜类,61.873,568.0508,135,8,3.956,2,9.180915746771612,0.06393742019944079
2022-07-30,1011010402,水生根茎类,71.29299999999999,683.9091999999999,107,2,2.0,6,9.592936192894113,0.02805324505912222
2022-07-30,1011010501,茄类,13.837,94.672,27,0,0.0,4,6.841945508419455,0.0
2022-07-30,1011010504,辣椒类,141.664,740.1163,217,23,20.762,14,5.224448695504857,0.14655805285746556
2022-07-30,1011010801,食用菌,86.456,528.8432,127,13,13.0,10,6.116905709262515,0.15036550384010364
2022-07-31,1011010101,花叶类,320.998,1227.5339999999999,385,31,30.07,15,3.824117284219839,0.09367659611586365
2022-07-31,1011010201,花菜类,49.207,452.8907,107,1,0.459,2,9.203786046700673,0.009327941146584836
2022-07-31,1011010402,水生根茎类,131.59099999999998,808.4,108,0,0.0,5,6.1432772758015375,0.0
2022-07-31,1011010501,茄类,19.875,133.234,38,0,0.0,3,6.70359748427673,0.0
2022-07-31,1011010504,辣椒类,142.906,736.4888000000001,229,11,10.453,12,5.153659048605378,0.07314598407344687
2022-07-31,1011010801,食用菌,98.219,558.6268,138,11,7.872,6,5.687563506042619,0.08014742565084149
2022-08-01,1011010101,花叶类,304.399,1130.8186,343,56,56.0,15,3.7149221909401806,0.18396906691546291
2022-08-01,1011010201,花菜类,82.282,693.778,169,3,1.646,2,8.43171045915267,0.020004375197491552
2022-08-01,1011010402,水生根茎类,91.81299999999999,580.2783,83,2,0.895,5,6.320219358914315,0.009748074891355256
2022-08-01,1011010501,茄类,29.243000000000002,226.39780000000002,59,1,0.358,3,7.7419485004958455,0.01224224600759156
2022-08-01,1011010504,辣椒类,154.113,760.3288,262,18,15.451,13,4.933579905653644,0.10025760318727168
2022-08-01,1011010801,食用菌,36.451,319.6856,84,10,3.5709999999999997,8,8.770283394145565,0.09796713396065951
2022-08-02,1011010101,花叶类,270.798,1026.8516,310,57,54.332,16,3.7919467647471548,0.20063663690278363
2022-08-02,1011010201,花菜类,80.493,701.4390000000001,175,2,0.833,2,8.714285714285715,0.010348725976171841
2022-08-02,1011010402,水生根茎类,28.385,333.8544,61,0,0.0,4,11.761648758146908,0.0
2022-08-02,1011010501,茄类,14.100999999999999,88.79,27,0,0.0,2,6.296716544925893,0.0
2022-08-02,1011010504,辣椒类,122.28399999999999,579.9284,181,10,9.527,15,4.742471623433974,0.07790880245984756
2022-08-02,1011010801,食用菌,57.275999999999996,375.4832,92,15,10.792,9,6.555681262658007,0.18842097911865355
2022-08-03,1011010101,花叶类,337.105,1218.1118,365,71,71.0,18,3.6134492220524757,0.2106168701146527
2022-08-03,1011010201,花菜类,68.436,528.081,165,10,4.398,2,7.7164211818341215,0.06426442223391196
2022-08-03,1011010402,水生根茎类,95.589,421.166,78,0,0.0,4,4.406009059619831,0.0
2022-08-03,1011010501,茄类,15.585,123.155,33,0,0.0,3,7.902149502726981,0.0
2022-08-03,1011010504,辣椒类,159.987,732.4436000000001,247,18,18.0,13,4.578144474238532,0.11250914136773613
2022-08-03,1011010801,食用菌,76.332,411.8618,117,31,26.514,9,5.39566367971493,0.347351045433108
2022-08-04,1011010101,花叶类,354.404,1225.2222,375,79,79.0,19,3.457134230990621,0.22290944797462783
2022-08-04,1011010201,花菜类,65.154,497.003,143,8,3.565,2,7.628127206311201,0.05471651778862388
2022-08-04,1011010402,水生根茎类,64.17099999999999,583.3256,102,0,0.0,5,9.09017468950149,0.0
2022-08-04,1011010501,茄类,17.149,128.411,34,0,0.0,4,7.487958481544113,0.0
2022-08-04,1011010504,辣椒类,152.644,678.4984000000001,227,18,18.0,13,4.444972616021593,0.11792143811744975
2022-08-04,1011010801,食用菌,81.526,477.0955,123,10,8.893,9,5.8520655987047085,0.10908176532639895
2022-08-05,1011010101,花叶类,329.423,1226.9078,364,66,65.666,19,3.7244145065766507,0.19933641549011452
2022-08-05,1011010201,花菜类,72.799,521.8036999999999,155,18,8.653,2,7.167731699611257,0.1188615228231157
2022-08-05,1011010402,水生根茎类,43.931000000000004,474.29760000000005,75,0,0.0,4,10.796421661241492,0.0
2022-08-05,1011010501,茄类,13.431999999999999,105.374,26,0,0.0,3,7.844997022036927,0.0
2022-08-05,1011010504,辣椒类,169.692,666.4422,254,29,29.0,13,3.9273636942224734,0.17089786200881596
2022-08-05,1011010801,食用菌,66.543,404.074,110,34,22.689,9,6.072374254241618,0.3409674947026734
2022-08-06,1011010101,花叶类,355.128,1374.4929,383,66,64.142,20,3.8704154558356425,0.1806165664211214
2022-08-06,1011010201,花菜类,96.079,679.929,212,29,11.714,2,7.076770157890903,0.12192050291947253
2022-08-06,1011010402,水生根茎类,106.723,707.9432,128,4,0.925,5,6.633464201718468,0.008667297583463733
2022-08-06,1011010501,茄类,15.462,130.9382,35,2,0.637,5,8.468387013322985,0.04119777519079033
2022-08-06,1011010504,辣椒类,183.489,806.2198000000001,274,32,31.566,14,4.393831782831668,0.1720321109167307
2022-08-06,1011010801,食用菌,91.924,631.4444,157,23,9.502,8,6.869200644010268,0.10336799965188634
2022-08-07,1011010101,花叶类,319.04200000000003,1290.3654,364,38,35.522,17,4.04450009716589,0.11133957284620832
2022-08-07,1011010201,花菜类,86.982,607.7996,178,20,10.424,2,6.987648019130395,0.11984088662022027
2022-08-07,1011010402,水生根茎类,89.746,629.2316,109,1,0.362,5,7.01124952644129,0.004033605954582934
2022-08-07,1011010501,茄类,26.316000000000003,234.197,56,0,0.0,4,8.899414804681562,0.0
2022-08-07,1011010504,辣椒类,211.184,889.6802,298,16,16.0,13,4.212820100007576,0.07576331540268202
2022-08-07,1011010801,食用菌,105.113,542.7066,152,42,22.95,8,5.1630778305252445,0.21833645695584752
2022-08-08,1011010101,花叶类,302.077,1067.2838,312,56,56.0,15,3.533151481244848,0.18538319699944053
2022-08-08,1011010201,花菜类,76.689,555.4641,166,13,5.619,2,7.243073974103197,0.07326996048977037
2022-08-08,1011010402,水生根茎类,86.53099999999999,525.1404,85,5,1.425,5,6.068812333152281,0.01646808658168749
2022-08-08,1011010501,茄类,18.528,157.298,39,0,0.0,4,8.48974525043178,0.0
2022-08-08,1011010504,辣椒类,138.495,517.793,200,18,18.0,12,3.738712588902126,0.12996859092386007
2022-08-08,1011010801,食用菌,87.26599999999999,523.5284,138,35,25.926000000000002,9,5.999225356954599,0.29709165081475036
2022-08-09,1011010101,花叶类,322.432,1196.0281,351,60,53.989,16,3.7093963998610557,0.16744305776101626
2022-08-09,1011010201,花菜类,75.303,551.0155,159,7,3.6310000000000002,2,7.317311395296336,0.0482185304702336
2022-08-09,1011010402,水生根茎类,54.281000000000006,437.0684,78,5,1.554,5,8.051959249092683,0.028628801974908344
2022-08-09,1011010501,茄类,17.542,171.48700000000002,37,0,0.0,5,9.775795234294836,0.0
2022-08-09,1011010504,辣椒类,161.631,677.8952,228,43,41.411,13,4.194091479975995,0.2562070394911867
2022-08-09,1011010801,食用菌,77.1,450.9094,126,29,19.697,8,5.8483709468223095,0.255473411154345
2022-08-10,1011010101,花叶类,291.018,1148.952,319,53,52.59,17,3.9480444508587103,0.18071047151722577
2022-08-10,1011010201,花菜类,70.98599999999999,522.5265,144,4,1.815,2,7.360979629786157,0.025568421942354834
2022-08-10,1011010402,水生根茎类,89.973,515.5532,89,2,0.819,5,5.730087915263468,0.009102730819245773
2022-08-10,1011010501,茄类,17.255,162.74,38,0,0.0,3,9.43146913937989,0.0
2022-08-10,1011010504,辣椒类,168.921,682.4974,247,29,26.988,13,4.0403348310748814,0.15976699167066263
2022-08-10,1011010801,食用菌,39.034,404.9911,89,4,3.483,5,10.375342009530154,0.08922990213659887
2022-08-11,1011010101,花叶类,313.919,1092.9728,327,54,53.884,17,3.481703241919094,0.17164937452017878
2022-08-11,1011010201,花菜类,73.029,536.8167,149,3,2.751,2,7.350733270344658,0.037669966725547385
2022-08-11,1011010402,水生根茎类,70.377,472.33119999999997,69,2,0.774,5,6.711442658823195,0.010997911249413872
2022-08-11,1011010501,茄类,13.387,129.53,29,0,0.0,4,9.67580488533652,0.0
2022-08-11,1011010504,辣椒类,159.507,520.0075,243,9,7.585,11,3.2600920335784638,0.047552771978659245
2022-08-11,1011010801,食用菌,68.939,334.2685,113,33,24.611,7,4.848757597296161,0.3569967652562411
2022-08-12,1011010101,花叶类,326.821,1263.7244,366,44,41.289,17,3.8667172550111526,0.12633521101765186
2022-08-12,1011010201,花菜类,74.91,559.3908,150,0,0.0,2,7.467505006007209,0.0
2022-08-12,1011010402,水生根茎类,79.938,532.4216,93,9,2.245,5,6.66043183467187,0.02808426530561185
2022-08-12,1011010501,茄类,15.139,141.765,35,0,0.0,3,9.364224849725874,0.0
2022-08-12,1011010504,辣椒类,166.473,540.5488,246,5,13.0,13,3.247065890564836,0.07809074144155508
2022-08-12,1011010801,食用菌,60.39,371.216,92,0,0.0,6,6.146977976486173,0.0
2022-08-13,1011010101,花叶类,479.995,1737.6327999999999,509,100,96.691,18,3.6201060427712783,0.20144168168418422
2022-08-13,1011010201,花菜类,102.596,729.9025,212,17,12.077,2,7.114336816250146,0.11771414090217942
2022-08-13,1011010402,水生根茎类,139.761,795.986,127,0,0.0,4,5.695337039660563,0.0
2022-08-13,1011010501,茄类,28.497999999999998,252.71500000000003,58,0,0.0,3,8.86781528528318,0.0
2022-08-13,1011010504,辣椒类,223.38400000000001,775.3038,326,24,21.36,13,3.470722164523869,0.09562009812699207
2022-08-13,1011010801,食用菌,72.19,550.8167,142,26,12.483,7,7.630096966338828,0.1729186867987256
2022-08-14,1011010101,花叶类,394.71500000000003,1512.0801,404,22,19.718,16,3.8308148917573432,0.04995503084504009
2022-08-14,1011010201,花菜类,120.907,899.2903,245,9,5.811,2,7.437867948092336,0.048061733398397116
2022-08-14,1011010402,水生根茎类,97.04400000000001,887.806,151,2,0.54,6,9.148489345039362,0.005564486212439718
2022-08-14,1011010501,茄类,32.987,294.671,73,1,0.61,3,8.932943280686331,0.018492133264619393
2022-08-14,1011010504,辣椒类,188.234,701.575,279,30,25.925,14,3.72714281160683,0.13772750937662695
2022-08-14,1011010801,食用菌,87.77,603.4118,172,54,28.969,7,6.874920815768486,0.33005582773157116
2022-08-15,1011010101,花叶类,347.367,1321.187,361,45,45.0,16,3.803432680709451,0.12954598450630025
2022-08-15,1011010201,花菜类,85.398,628.8495,183,11,6.849,2,7.363749736527788,0.08020094147403921
2022-08-15,1011010402,水生根茎类,102.925,654.8948,99,6,2.2119999999999997,5,6.362835074083071,0.02149137721641972
2022-08-15,1011010501,茄类,24.222,223.29,57,0,0.0,3,9.218479068615308,0.0
2022-08-15,1011010504,辣椒类,120.999,501.3041,183,25,23.324,13,4.14304333093662,0.1927619236522616
2022-08-15,1011010801,食用菌,67.468,461.7496,136,43,22.546,7,6.843979367996679,0.33417323768304974
2022-08-16,1011010101,花叶类,368.861,1364.4483,402,49,47.609,17,3.6990852922916764,0.12907030019438218
2022-08-16,1011010201,花菜类,81.22,618.6484,171,0,0.0,2,7.616946564885497,0.0
2022-08-16,1011010402,水生根茎类,69.881,585.3552,98,5,1.287,6,8.376457119961076,0.01841702322519712
2022-08-16,1011010501,茄类,18.14,169.08800000000002,43,0,0.0,3,9.321278941565602,0.0
2022-08-16,1011010504,辣椒类,183.738,817.8724,243,31,23.555,14,4.451296955447431,0.128198848360165
2022-08-16,1011010801,食用菌,71.408,540.2728,139,0,0.0,9,7.565998207483755,0.0
2022-08-17,1011010101,花叶类,358.863,1338.1236999999999,382,75,70.06700000000001,15,3.728787030147995,0.19524721133134373
2022-08-17,1011010201,花菜类,87.672,651.3697000000001,179,8,4.796,2,7.429620631444476,0.05470389634090702
2022-08-17,1011010402,水生根茎类,104.095,648.7412,116,7,1.911,6,6.232203275853788,0.01835823046255824
2022-08-17,1011010501,茄类,20.658,191.0996,45,1,0.856,3,9.250634136896117,0.041436731532578173
2022-08-17,1011010504,辣椒类,146.131,689.5565,216,32,29.881999999999998,15,4.718755773928872,0.20448775413841005
2022-08-17,1011010801,食用菌,66.376,507.66470000000004,129,42,26.496000000000002,8,7.6483171628299385,0.3991804266602386
2022-08-18,1011010101,花叶类,424.262,1854.8192,456,25,18.044,17,4.371872097901768,0.04253032324365604
2022-08-18,1011010201,花菜类,121.725,927.6407,252,2,1.175,2,7.620790306017663,0.009652906140891353
2022-08-18,1011010402,水生根茎类,81.503,623.9322,109,7,2.683,6,7.655328024735286,0.03291903365520287
2022-08-18,1011010501,茄类,26.979,246.517,61,0,0.0,3,9.137366099558916,0.0
2022-08-18,1011010504,辣椒类,223.117,965.0011999999999,303,50,44.141,14,4.325090423410139,0.19783790567280843
2022-08-18,1011010801,食用菌,84.219,529.5474,134,31,26.551000000000002,8,6.287742670893742,0.31526140182144174
2022-08-19,1011010101,花叶类,401.426,1816.6704,510,0,0.0,16,4.525542441197132,0.0
2022-08-19,1011010201,花菜类,186.155,1516.4584,352,0,0.0,2,8.146213639171657,0.0
2022-08-19,1011010402,水生根茎类,144.451,1110.2574,161,4,3.329,6,7.686048556257831,0.023045877148652485
2022-08-19,1011010501,茄类,89.61600000000001,855.428,191,0,0.0,3,9.545482949473307,0.0
2022-08-19,1011010504,辣椒类,334.781,1613.3063,417,14,10.1,14,4.818990026315711,0.030168976136638576
2022-08-19,1011010801,食用菌,91.655,635.5918,151,0,0.0,9,6.934611314167258,0.0
2022-08-20,1011010101,花叶类,429.043,1818.3066000000001,449,27,27.0,14,4.238052129972987,0.06293075519237
2022-08-20,1011010201,花菜类,123.124,1020.8008,221,0,0.0,2,8.290835255514766,0.0
2022-08-20,1011010402,水生根茎类,95.69800000000001,766.0681999999999,136,6,1.443,5,8.00505966686869,0.015078685029990177
2022-08-20,1011010501,茄类,18.641000000000002,152.442,47,0,0.0,3,8.177780162008476,0.0
2022-08-20,1011010504,辣椒类,209.291,971.5183,293,16,14.743,11,4.641949725501813,0.07044258950456542
2022-08-20,1011010801,食用菌,70.643,482.7913,118,10,4.625,7,6.834241184547655,0.06547003949435896
2022-08-21,1011010101,花叶类,432.675,1744.45,457,80,80.0,15,4.031779048939735,0.1848962847402785
2022-08-21,1011010201,花菜类,82.19800000000001,684.2439999999999,152,0,0.0,2,8.324338791698093,0.0
2022-08-21,1011010402,水生根茎类,87.971,682.2852,132,1,0.206,5,7.75579679667163,0.0023416807811665204
2022-08-21,1011010501,茄类,19.233,194.573,40,1,1.0,2,10.116622471793272,0.05199396869963084
2022-08-21,1011010504,辣椒类,219.055,969.841,289,5,4.566,13,4.427385816347493,0.020844080253817534
2022-08-21,1011010801,食用菌,72.191,510.83910000000003,130,27,14.189,9,7.076215871784572,0.1965480461553379
2022-08-22,1011010101,花叶类,303.2,1078.5568,322,78,78.0,15,3.5572453825857524,0.25725593667546176
2022-08-22,1011010201,花菜类,45.20399999999999,407.6388,88,0,0.0,2,9.017759490310594,0.0
2022-08-22,1011010402,水生根茎类,66.488,371.6752,71,10,2.3400000000000003,5,5.590109493442426,0.03519432077968957
2022-08-22,1011010501,茄类,14.33,102.351,36,0,0.0,3,7.142428471737613,0.0
2022-08-22,1011010504,辣椒类,104.65299999999999,492.7943,152,11,10.237,12,4.7088406447975695,0.09781850496402397
2022-08-22,1011010801,食用菌,47.201,281.91249999999997,80,32,16.923000000000002,7,5.972595919577974,0.35853053960721176
2022-08-23,1011010101,花叶类,259.56,985.436,284,68,67.277,18,3.796563415010017,0.25919633225458466
2022-08-23,1011010201,花菜类,43.039,390.24559999999997,88,0,0.0,2,9.067255280094797,0.0
2022-08-23,1011010402,水生根茎类,86.205,503.4854,97,6,1.281,5,5.840559132300911,0.014859926918392203
2022-08-23,1011010501,茄类,13.572,124.99800000000002,34,0,0.0,3,9.209991158267023,0.0
2022-08-23,1011010504,辣椒类,111.097,511.01520000000005,157,15,12.683,13,4.599720964562501,0.11416149851031081
2022-08-23,1011010801,食用菌,48.094,297.6045,85,33,15.419,7,6.187975631055848,0.3206013224102799
2022-08-24,1011010101,花叶类,233.767,897.6639,266,72,68.806,16,3.8399940966860164,0.2943358130103907
2022-08-24,1011010201,花菜类,46.96,406.6472,82,5,3.4480000000000004,2,8.659437819420784,0.07342419080068144
2022-08-24,1011010402,水生根茎类,57.232,369.3782,86,14,2.997,4,6.454050181716522,0.0523658093374336
2022-08-24,1011010501,茄类,14.23,127.388,37,0,0.0,3,8.952073085031623,0.0
2022-08-24,1011010504,辣椒类,73.184,331.9602,104,22,20.954,13,4.535966878006121,0.2863194140795803
2022-08-24,1011010801,食用菌,59.056,370.0086,106,41,22.326,7,6.265385396911406,0.37804795448387973
2022-08-25,1011010101,花叶类,243.786,1143.5782,346,20,20.0,24,4.690910060462865,0.08203916549760856
2022-08-25,1011010201,花菜类,63.776,574.5003999999999,134,0,0.0,2,9.008097089814347,0.0
2022-08-25,1011010402,水生根茎类,51.218999999999994,399.3472,77,5,1.798,4,7.79685663523302,0.03510416056541518
2022-08-25,1011010501,茄类,12.514000000000001,120.976,33,0,0.0,3,9.667252677001757,0.0
2022-08-25,1011010504,辣椒类,110.13,558.85,161,15,14.242,13,5.074457459366204,0.12931989466993554
2022-08-25,1011010801,食用菌,42.528,362.6777,89,3,0.629,8,8.52797451091046,0.01479025583145222
2022-08-26,1011010101,花叶类,250.941,1113.9402,322,58,52.678,18,4.439052207491004,0.20992185414101322
2022-08-26,1011010201,花菜类,48.086,426.874,90,3,2.192,2,8.877303165162418,0.04558499355321716
2022-08-26,1011010402,水生根茎类,48.72,314.4676,74,8,1.744,3,6.454589490968802,0.035796387520525455
2022-08-26,1011010501,茄类,11.488,100.8416,30,0,0.0,3,8.77799442896936,0.0
2022-08-26,1011010504,辣椒类,129.03,591.9562,191,27,24.492,14,4.58774083546462,0.18981632178563126
2022-08-26,1011010801,食用菌,73.827,426.7822,133,49,25.977,9,5.780841697481951,0.3518631395018083
2022-08-27,1011010101,花叶类,357.705,1535.8485,455,47,36.51,18,4.293617645825471,0.1020673459974001
2022-08-27,1011010201,花菜类,57.998000000000005,565.3100000000001,128,0,0.0,2,9.747060243456671,0.0
2022-08-27,1011010402,水生根茎类,104.458,653.9874,131,4,1.097,4,6.260768921480404,0.010501828486090103
2022-08-27,1011010501,茄类,19.554000000000002,168.6676,53,14,5.425,3,8.625733865193821,0.27743684156694276
2022-08-27,1011010504,辣椒类,154.266,804.4029,218,28,22.561,13,5.214388783011163,0.1462473908703149
2022-08-27,1011010801,食用菌,68.656,586.7750000000001,152,14,7.79,10,8.546594616639478,0.1134642274528082
2022-08-28,1011010101,花叶类,252.244,1390.1163999999999,343,6,4.606,14,5.510998874106024,0.018260097366042404
2022-08-28,1011010201,花菜类,88.504,850.6,186,0,0.0,2,9.610865045647653,0.0
2022-08-28,1011010402,水生根茎类,102.839,735.9844,134,2,0.529,4,7.156666245296046,0.005143962893454818
2022-08-28,1011010501,茄类,25.88,218.8246,62,3,1.137,4,8.455355486862443,0.04393353941267388
2022-08-28,1011010504,辣椒类,251.609,1140.4652,328,51,45.926,12,4.532688417345962,0.18252924179977664
2022-08-28,1011010801,食用菌,71.953,503.7946,112,8,8.0,8,7.0017177880005,0.11118368935277194
2022-08-29,1011010101,花叶类,297.05,1270.8444,308,15,12.932,17,4.27821713516243,0.04353475845817203
2022-08-29,1011010201,花菜类,45.738,416.0827,105,1,0.331,2,9.097089947089946,0.00723687087323451
2022-08-29,1011010402,水生根茎类,59.775,388.78000000000003,64,1,1.0,3,6.504056879966542,0.016729401923881223
2022-08-29,1011010501,茄类,13.378,115.3274,36,1,0.474,3,8.62067573628345,0.0354313051278218
2022-08-29,1011010504,辣椒类,116.07600000000001,529.9348,157,27,23.656,14,4.565412316068782,0.20379751197491297
2022-08-29,1011010801,食用菌,74.182,421.5512,116,24,17.097,7,5.682661562104014,0.2304736998193632
2022-08-30,1011010101,花叶类,236.727,982.1636,264,12,12.0,15,4.148929357445496,0.05069130263974959
2022-08-30,1011010201,花菜类,66.738,800.856,166,0,0.0,2,12.0,0.0
2022-08-30,1011010402,水生根茎类,93.293,526.4792,102,0,0.0,4,5.643287277716441,0.0
2022-08-30,1011010501,茄类,7.933999999999999,58.9694,25,1,0.419,3,7.432493067809428,0.05281068817746408
2022-08-30,1011010504,辣椒类,114.188,583.0832,174,30,24.384,12,5.106343924055067,0.21354257890496375
2022-08-30,1011010801,食用菌,33.987,458.5962,99,11,3.263,7,13.49328272574808,0.09600729690764115
2022-08-31,1011010101,花叶类,242.409,975.2332,250,39,39.0,15,4.023089901777574,0.1608851156516466
2022-08-31,1011010201,花菜类,35.261,462.716,82,0,0.0,2,13.122600039703922,0.0
2022-08-31,1011010402,水生根茎类,28.994,226.7568,43,0,0.0,2,7.820818100296613,0.0
2022-08-31,1011010501,茄类,3.3040000000000003,24.323,10,0,0.0,3,7.361682808716706,0.0
2022-08-31,1011010504,辣椒类,61.621,325.3444,102,18,14.566,8,5.279765015173399,0.23638045471511335
2022-08-31,1011010801,食用菌,30.29,277.3802,72,25,11.386,5,9.15748431825685,0.3758996368438428
2022-09-01,1011010101,花叶类,311.034,1325.502,329,40,40.0,16,4.261598410463165,0.1286033038188751
2022-09-01,1011010201,花菜类,47.503,608.5260000000001,103,0,0.0,2,12.810264614866432,0.0
2022-09-01,1011010402,水生根茎类,56.77,574.6737,106,11,4.777,4,10.122841289413422,0.0841465562797252
2022-09-01,1011010501,茄类,11.463999999999999,123.0206,29,2,1.326,3,10.731036287508724,0.11566643405443128
2022-09-01,1011010504,辣椒类,100.922,581.0047,146,14,12.581,13,5.756967757277898,0.12466062900061434
2022-09-01,1011010801,食用菌,58.419,534.6304,123,7,2.144,6,9.15165271572605,0.0367003885722111
2022-09-02,1011010101,花叶类,328.216,1455.7706,357,66,60.499,18,4.435404124113389,0.1843267848002535
2022-09-02,1011010201,花菜类,42.416,547.22,95,0,0.0,2,12.901263674085252,0.0
2022-09-02,1011010402,水生根茎类,53.186,480.4069,92,13,4.519,3,9.03258188245027,0.08496596848794796
2022-09-02,1011010501,茄类,4.884,43.653999999999996,14,0,0.0,2,8.938165438165436,0.0
2022-09-02,1011010504,辣椒类,103.825,532.366,162,25,22.278,15,5.127531904647243,0.21457259812183962
2022-09-02,1011010801,食用菌,61.119,474.5692,121,36,17.773,7,7.764675469166708,0.2907933703103781
2022-09-03,1011010101,花叶类,419.813,1894.5552,454,91,86.098,18,4.51285500925412,0.2050865504403151
2022-09-03,1011010201,花菜类,53.626000000000005,665.5663999999999,116,5,3.561,2,12.411263193227164,0.06640435609592361
2022-09-03,1011010402,水生根茎类,88.589,776.556,129,10,2.205,3,8.76582871462597,0.024890223391165946
2022-09-03,1011010501,茄类,15.738,143.333,42,0,0.0,2,9.107446943703138,0.0
2022-09-03,1011010504,辣椒类,176.62800000000001,906.7526,244,25,21.681,14,5.133685485879928,0.12274950743936408
2022-09-03,1011010801,食用菌,77.887,685.8074,155,35,25.142,7,8.805158755633162,0.32280098090823883
2022-09-04,1011010101,花叶类,491.166,2251.2349,519,92,82.638,18,4.5834501981000315,0.168248616557335
2022-09-04,1011010201,花菜类,62.544,784.2152000000001,137,7,4.1770000000000005,2,12.538616014325918,0.06678498337170632
2022-09-04,1011010402,水生根茎类,124.55,982.0662000000001,174,13,2.693,4,7.884915295062225,0.021621838619028503
2022-09-04,1011010501,茄类,18.362000000000002,171.937,49,0,0.0,2,9.363740333297025,0.0
2022-09-04,1011010504,辣椒类,185.40200000000002,987.2132,245,32,30.298000000000002,14,5.324717101217894,0.16341787035738556
2022-09-04,1011010801,食用菌,87.775,828.5616,181,26,14.821,8,9.43960808886357,0.16885217886641982
2022-09-05,1011010101,花叶类,285.889,1493.1119,326,93,83.43299999999999,16,5.222697970191228,0.29183704164903157
2022-09-05,1011010201,花菜类,53.158,674.4252,111,5,2.8160000000000003,2,12.687181609541367,0.052974152526430646
2022-09-05,1011010402,水生根茎类,60.192,459.9286,80,5,0.993,4,7.641025385433281,0.016497208931419458
2022-09-05,1011010501,茄类,10.812,109.3418,25,2,0.883,2,10.11300406955235,0.08166851646318905
2022-09-05,1011010504,辣椒类,117.607,585.4141999999999,156,29,27.858,13,4.977715612165942,0.23687365547969083
2022-09-05,1011010801,食用菌,47.452,405.0084,94,13,6.926,7,8.535117592514542,0.14595802073674452
2022-09-06,1011010101,花叶类,250.203,1416.0133,281,74,71.644,16,5.659457720331091,0.28634348908686147
2022-09-06,1011010201,花菜类,39.138999999999996,469.8184,78,10,6.024,2,12.003842714428066,0.15391297682618363
2022-09-06,1011010402,水生根茎类,54.584,470.1676,98,31,6.807,4,8.613652352337681,0.12470687380917485
2022-09-06,1011010501,茄类,11.684000000000001,109.6372,27,3,1.119,3,9.38353303663129,0.09577199589181787
2022-09-06,1011010504,辣椒类,93.76899999999999,572.9438,147,19,16.278,12,6.110162207126023,0.17359681771161045
2022-09-06,1011010801,食用菌,40.620000000000005,424.45360000000005,88,23,12.715,7,10.449374692269817,0.3130231413096996
2022-09-07,1011010101,花叶类,260.624,1469.3916,278,56,56.0,14,5.637975013813002,0.21486892995272883
2022-09-07,1011010201,花菜类,40.007000000000005,542.2059999999999,83,5,3.195,3,13.55277826380383,0.07986102432074385
2022-09-07,1011010402,水生根茎类,59.667,465.346,84,23,8.979,4,7.799051401947475,0.15048519282015183
2022-09-07,1011010501,茄类,12.388,147.21439999999998,29,0,0.0,3,11.88362931869551,0.0
2022-09-07,1011010504,辣椒类,69.663,416.5858,101,8,7.46,12,5.980015216111853,0.10708697586954338
2022-09-07,1011010801,食用菌,44.356,458.3575,90,27,10.256,8,10.333607629182072,0.2312201280548291
2022-09-08,1011010101,花叶类,222.246,1362.3548,268,47,45.332,17,6.129940696345491,0.20397217497727743
2022-09-08,1011010201,花菜类,42.893,594.6052,102,2,1.053,3,13.862523022404588,0.02454946028489497
2022-09-08,1011010402,水生根茎类,46.658,413.26700000000005,82,22,6.791,4,8.857366368039779,0.14554845899952848
2022-09-08,1011010501,茄类,7.917999999999999,92.7148,18,0,0.0,3,11.709371053296287,0.0
2022-09-08,1011010504,辣椒类,91.68599999999999,489.14050000000003,120,12,10.803,12,5.334952991732654,0.11782605850402462
2022-09-08,1011010801,食用菌,62.072,532.6012,110,49,27.71,8,8.58037762598273,0.4464170640546462
2022-09-09,1011010101,花叶类,311.923,1773.356,349,99,99.0,18,5.685236420526861,0.31738602155019024
2022-09-09,1011010201,花菜类,67.57,945.98,155,0,0.0,2,14.000000000000002,0.0
2022-09-09,1011010402,水生根茎类,111.848,977.4786,138,25,16.389,4,8.739348043773694,0.14652921822473355
2022-09-09,1011010501,茄类,4.65,50.896,11,0,0.0,3,10.945376344086021,0.0
2022-09-09,1011010504,辣椒类,180.34,1138.0468,242,28,23.975,14,6.310562271265388,0.13294332926694022
2022-09-09,1011010801,食用菌,106.775,919.4522000000001,171,51,33.052,8,8.611118707562632,0.30954811519550457
2022-09-10,1011010101,花叶类,419.26300000000003,2724.6512000000002,542,20,20.0,19,6.498668377605465,0.04770275459556412
2022-09-10,1011010201,花菜类,72.293,1012.102,175,0,0.0,2,13.999999999999998,0.0
2022-09-10,1011010402,水生根茎类,155.46699999999998,1119.5176000000001,190,0,0.0,5,7.200998282593735,0.0
2022-09-10,1011010501,茄类,0.491,4.5172,2,0,0.0,1,9.2,0.0
2022-09-10,1011010504,辣椒类,146.777,951.2634,231,4,4.0,13,6.48101133011303,0.027252226166224955
2022-09-10,1011010801,食用菌,114.94200000000001,1152.213,188,12,8.794,9,10.024299211776373,0.07650815193749891
2022-09-11,1011010101,花叶类,351.176,2174.328,427,63,61.622,19,6.191562065744812,0.1754732669658519
2022-09-11,1011010201,花菜类,63.233999999999995,851.8496,149,13,5.969,2,13.471385646962078,0.09439542018534335
2022-09-11,1011010402,水生根茎类,97.363,816.7698,147,10,1.881,4,8.388913653030412,0.019319454002033627
2022-09-11,1011010501,茄类,6.927,96.97800000000001,17,0,0.0,1,14.000000000000002,0.0
2022-09-11,1011010504,辣椒类,83.984,644.0862999999999,158,2,0.505,11,7.669154839016955,0.0060130501047818636
2022-09-11,1011010801,食用菌,92.533,1050.8612,186,32,15.155999999999999,10,11.356610074243784,0.16379021538262023
2022-09-12,1011010101,花叶类,315.002,1909.7152,388,56,53.812,19,6.062549444130513,0.17083066139262607
2022-09-12,1011010201,花菜类,71.588,971.1856,163,13,5.544,2,13.566318377381686,0.07744314689612784
2022-09-12,1011010402,水生根茎类,38.383,389.20300000000003,54,15,4.522,4,10.139983847015605,0.11781257327462678
2022-09-12,1011010504,辣椒类,145.6,910.0822000000001,226,1,1.0,11,6.250564560439561,0.006868131868131868
2022-09-12,1011010801,食用菌,98.587,1089.4902,186,7,7.0,9,11.051053384320447,0.0710032762940347
2022-09-13,1011010101,花叶类,216.669,1266.6561000000002,270,68,64.044,17,5.846042119546405,0.2955845090899021
2022-09-13,1011010201,花菜类,47.126,587.3752,109,9,4.062,2,12.463930738870262,0.08619445741204432
2022-09-13,1011010402,水生根茎类,25.627,252.5166,42,16,8.517,4,9.853537284894838,0.33234479260155303
2022-09-13,1011010504,辣椒类,104.849,705.4876,156,10,9.298,11,6.728605899913209,0.08867991111026333
2022-09-13,1011010801,食用菌,68.334,632.5686000000001,125,33,22.015,10,9.25701115111072,0.3221675886088916
2022-09-14,1011010101,花叶类,185.157,1011.2104,216,55,55.0,17,5.461367380115253,0.2970452102810048
2022-09-14,1011010201,花菜类,41.840999999999994,505.2248,94,18,7.921,2,12.074873927487396,0.18931191893119192
2022-09-14,1011010402,水生根茎类,27.935000000000002,202.6268,33,9,4.284,4,7.253509933774834,0.15335600501163413
2022-09-14,1011010504,辣椒类,70.053,469.0022,107,11,7.0489999999999995,10,6.694962385622315,0.1006238133984269
2022-09-14,1011010801,食用菌,53.107,482.15330000000006,95,30,17.005,9,9.078902969476719,0.32020260982544674
2022-09-15,1011010101,花叶类,201.569,1055.4448,232,83,83.0,14,5.236146431246868,0.4117696669626778
2022-09-15,1011010201,花菜类,27.430999999999997,319.3748,66,15,5.882,2,11.642842040027707,0.2144289307717546
2022-09-15,1011010402,水生根茎类,29.546,273.69820000000004,46,23,7.723,4,9.263460366885536,0.2613890205103906
2022-09-15,1011010504,辣椒类,66.529,359.5448,84,3,0.754,11,5.404331945467391,0.011333403478182447
2022-09-15,1011010801,食用菌,56.663,456.2685,90,15,12.678,11,8.052318091170607,0.22374388931048483
2022-09-16,1011010101,花叶类,193.806,1066.1680000000001,235,65,63.673,19,5.501212552758945,0.32853988008627183
2022-09-16,1011010201,花菜类,41.283,456.446,89,10,4.07,2,11.056512365864885,0.09858779642952305
2022-09-16,1011010402,水生根茎类,26.976999999999997,284.8322,48,26,13.84,4,10.558334877858918,0.5130296178225897
2022-09-16,1011010504,辣椒类,107.825,625.4736,131,20,17.662,12,5.800821701831672,0.16380245768606538
2022-09-16,1011010801,食用菌,74.425,595.2238,130,57,41.306,10,7.99763251595566,0.5550016795431643
2022-09-17,1011010101,花叶类,359.256,1974.8288,415,89,88.211,19,5.496996013984457,0.2455380007571203
2022-09-17,1011010201,花菜类,69.613,773.1366,161,17,7.036,2,11.106210046973985,0.10107307543131311
2022-09-17,1011010402,水生根茎类,50.024,436.579,59,14,7.255,6,8.727390852390853,0.1450303854150008
2022-09-17,1011010504,辣椒类,168.436,1119.3328000000001,230,18,17.374,13,6.645448716426418,0.10314897052886556
2022-09-17,1011010801,食用菌,90.05,996.3704,179,12,5.107,9,11.064635202665187,0.056712937257079404
2022-09-18,1011010101,花叶类,377.496,1962.9705000000001,459,72,69.239,19,5.199976953398182,0.18341651302265458
2022-09-18,1011010201,花菜类,57.715999999999994,668.7760000000001,127,0,0.0,2,11.587358791323032,0.0
2022-09-18,1011010402,水生根茎类,58.668,358.5917,45,9,4.041,5,6.112219608645258,0.06887911638371856
2022-09-18,1011010504,辣椒类,177.806,1036.3175,230,25,23.313,12,5.828360685241218,0.13111481052382934
2022-09-18,1011010801,食用菌,80.37299999999999,920.1772,174,25,10.120000000000001,8,11.448834807709057,0.12591293095940181
2022-09-19,1011010101,花叶类,212.507,1053.7772,281,71,60.899,18,4.958788181095211,0.2865740893241164
2022-09-19,1011010201,花菜类,38.815,442.16900000000004,85,3,1.56,2,11.3917042380523,0.04019064794538194
2022-09-19,1011010402,水生根茎类,9.274000000000001,83.83,12,3,1.8519999999999999,3,9.03924951477248,0.19969808065559624
2022-09-19,1011010504,辣椒类,45.683,210.7014,52,8,8.0,11,4.612249633342819,0.17511984764573255
2022-09-19,1011010801,食用菌,30.316,302.9322,60,11,10.454,5,9.992485816070722,0.3448344108721468
2022-09-20,1011010101,花叶类,262.543,1196.8922,343,91,83.906,19,4.558842551505848,0.31958955294942165
2022-09-20,1011010201,花菜类,42.297,440.849,92,11,4.147,2,10.422701373619878,0.09804477858949809
2022-09-20,1011010402,水生根茎类,14.946000000000002,138.0888,21,0,0.0,3,9.23918105178643,0.0
2022-09-20,1011010504,辣椒类,67.862,341.1082,72,4,4.0,11,5.0264978927824115,0.05894314933246884
2022-09-20,1011010801,食用菌,47.235,510.5666,101,26,20.695,6,10.809073780035991,0.43812850640414946
2022-09-21,1011010101,花叶类,213.475,1014.2253000000001,280,66,50.917,20,4.751026115470196,0.2385150486005387
2022-09-21,1011010201,花菜类,32.068,344.40639999999996,65,0,0.0,2,10.739877759760509,0.0
2022-09-21,1011010402,水生根茎类,18.429000000000002,250.3084,37,15,5.17,3,13.582310488903358,0.28053611156329694
2022-09-21,1011010504,辣椒类,86.458,518.1682000000001,124,10,10.0,11,5.993293853663051,0.11566309653242036
2022-09-21,1011010801,食用菌,46.791,445.888,89,15,9.486,6,9.529353935585904,0.20273129447970767
2022-09-22,1011010101,花叶类,226.528,1002.3548000000001,284,83,73.519,18,4.42486050289589,0.3245470758581721
2022-09-22,1011010201,花菜类,50.388000000000005,517.8931,108,6,2.271,2,10.278103913630229,0.045070254822576795
2022-09-22,1011010402,水生根茎类,20.182000000000002,215.60680000000002,30,7,2.488,3,10.683123575463284,0.12327816866514715
2022-09-22,1011010504,辣椒类,73.801,453.346,104,8,8.0,10,6.14281649300145,0.10839961518136611
2022-09-22,1011010801,食用菌,50.943,521.3978,103,16,9.458,8,10.234925308678326,0.1856584810474452
2022-09-23,1011010101,花叶类,243.19,1090.289,323,91,78.855,17,4.48328056252313,0.3242526419671862
2022-09-23,1011010201,花菜类,65.003,607.6908999999999,144,26,12.413,2,9.34865929264803,0.19096041721151333
2022-09-23,1011010402,水生根茎类,30.662,292.5312,35,5,5.0,3,9.540512686713196,0.16306829300110887
2022-09-23,1011010504,辣椒类,87.3,564.2708,131,16,13.592,12,6.463583046964491,0.1556930126002291
2022-09-23,1011010801,食用菌,87.179,689.4262,143,55,44.174,8,7.908168251528465,0.506704596290391
2022-09-24,1011010101,花叶类,345.852,1700.3086,462,74,62.898,19,4.916289626776772,0.18186391867041396
2022-09-24,1011010201,花菜类,75.743,750.887,151,11,6.985,2,9.91361577967601,0.09221974307856833
2022-09-24,1011010402,水生根茎类,49.291,495.4082,57,5,3.614,2,10.050682680408189,0.07331967296260981
2022-09-24,1011010504,辣椒类,193.743,1260.3078,255,14,12.446,12,6.505049472755145,0.06423974027448734
2022-09-24,1011010801,食用菌,101.607,791.0069000000001,175,27,10.029,7,7.78496461857943,0.09870382946056866
2022-09-25,1011010101,花叶类,320.644,1379.6480000000001,383,73,71.755,19,4.302740734272278,0.22378400968051793
2022-09-25,1011010201,花菜类,55.324,572.498,110,12,5.798,2,10.348094859373871,0.1048008097751428
2022-09-25,1011010402,水生根茎类,14.038,213.43210000000002,40,4,1.026,3,15.203882319418721,0.07308733437811654
2022-09-25,1011010504,辣椒类,132.468,821.0926,186,19,14.145,13,6.198422260470453,0.1067805054805689
2022-09-25,1011010801,食用菌,118.404,1031.2088,220,41,23.343,8,8.709239552717815,0.19714705584270803
2022-09-26,1011010101,花叶类,196.445,893.2804,242,63,61.684,19,4.547228995393112,0.3140013744305022
2022-09-26,1011010201,花菜类,30.759999999999998,317.4007,61,6,3.013,2,10.31861833550065,0.09795188556566971
2022-09-26,1011010402,水生根茎类,34.863,351.9594,63,10,2.295,4,10.095499526718871,0.0658291024868772
2022-09-26,1011010504,辣椒类,59.178,399.3745,90,15,13.455,13,6.748698840785427,0.22736489911791546
2022-09-26,1011010801,食用菌,58.141999999999996,508.38520000000005,104,61,24.318,9,8.743854700560698,0.4182518661208765
2022-09-27,1011010101,花叶类,158.187,689.4802,197,65,62.296,16,4.358640090525769,0.3938123866057261
2022-09-27,1011010201,花菜类,29.389,261.1885,73,18,8.275,2,8.887287760726801,0.2815679335805914
2022-09-27,1011010402,水生根茎类,35.665,292.5142,52,2,0.423,4,8.20171596803589,0.0118603673068835
2022-09-27,1011010504,辣椒类,63.594,408.798,92,11,10.172,11,6.428247947919615,0.1599521967481209
2022-09-27,1011010801,食用菌,37.498999999999995,323.7912,67,6,4.945,7,8.634662257660205,0.1318701832048855
2022-09-28,1011010101,花叶类,142.124,588.2332,173,39,39.0,17,4.138873096732431,0.2744082632067772
2022-09-28,1011010201,花菜类,32.625,329.3771,74,4,1.42,2,10.095849808429119,0.04352490421455939
2022-09-28,1011010402,水生根茎类,62.641000000000005,442.73380000000003,79,2,1.31,3,7.067795852556632,0.020912820676553694
2022-09-28,1011010504,辣椒类,77.96000000000001,515.8229,116,9,8.207,12,6.616507183170857,0.10527193432529502
2022-09-28,1011010801,食用菌,53.384,457.2556,105,20,9.902000000000001,8,8.565405364903341,0.18548628802637496
2022-09-29,1011010101,花叶类,175.757,688.9396,212,58,58.0,19,3.919841599481102,0.33000108103802406
2022-09-29,1011010201,花菜类,31.877,284.048,72,17,7.445,2,8.91075069799542,0.2335539730840418
2022-09-29,1011010402,水生根茎类,43.663,391.8551,69,15,3.4859999999999998,4,8.97453450289719,0.07983876508714473
2022-09-29,1011010504,辣椒类,84.368,471.7934,111,18,18.0,14,5.592089417788736,0.2133510335672293
2022-09-29,1011010801,食用菌,44.333,333.297,89,24,16.719,8,7.518033970180228,0.3771231362641825
2022-09-30,1011010101,花叶类,200.098,863.7442,267,27,27.0,18,4.316605863127068,0.13493388239762516
2022-09-30,1011010201,花菜类,53.33,477.5613,122,34,14.999,2,8.954834052128259,0.2812488280517533
2022-09-30,1011010402,水生根茎类,70.235,553.0966000000001,101,12,11.169,5,7.874942692389835,0.1590232789919556
2022-09-30,1011010504,辣椒类,107.477,631.245,149,14,13.246,11,5.873303125319835,0.12324497334313388
2022-09-30,1011010801,食用菌,53.894999999999996,435.2726,110,20,13.3,7,8.076307635216626,0.24677613878838486
2022-10-01,1011010101,花叶类,318.485,1372.6009,412,52,50.005,21,4.30978193635493,0.15700896431543088
2022-10-01,1011010201,花菜类,76.799,763.2776,157,25,12.424,2,9.9386398260394,0.16177293975181967
2022-10-01,1011010402,水生根茎类,102.731,766.3892000000001,130,12,12.0,3,7.460155162511803,0.11680992105596169
2022-10-01,1011010504,辣椒类,169.374,1052.366,249,9,9.0,11,6.21326767980918,0.05313684508838429
2022-10-01,1011010801,食用菌,122.00999999999999,865.7402,216,30,17.721,7,7.0956495369232035,0.14524219326284732
2022-10-02,1011010101,花叶类,253.861,1199.859,332,22,17.387999999999998,16,4.726440847550431,0.06849417594667948
2022-10-02,1011010201,花菜类,61.869,603.1703,132,18,10.523,2,9.749152241025392,0.17008517997704828
2022-10-02,1011010402,水生根茎类,81.611,700.1124,119,7,4.74,4,8.578652387545796,0.05808040582764578
2022-10-02,1011010504,辣椒类,178.918,1069.9759000000001,255,20,16.752,11,5.980258554198013,0.09362948389765142
2022-10-02,1011010801,食用菌,91.22999999999999,767.817,183,18,18.0,7,8.416277540282803,0.1973035185794147
2022-10-03,1011010101,花叶类,253.67,1111.7917,311,6,4.243,17,4.3828269010919705,0.016726455631332047
2022-10-03,1011010201,花菜类,59.161,532.7191,126,31,16.881,2,9.004565507682425,0.28534000439478713
2022-10-03,1011010402,水生根茎类,93.09,730.5584,114,17,17.0,3,7.84787195187453,0.18261897088838758
2022-10-03,1011010504,辣椒类,117.32300000000001,786.0075,189,13,8.324,12,6.699517571149732,0.07094943020550104
2022-10-03,1011010801,食用菌,82.006,658.1608,170,10,10.0,6,8.02576396849011,0.12194229690510451
2022-10-04,1011010101,花叶类,328.918,1582.7668,387,3,3.0,19,4.812040690992892,0.009120814306301267
2022-10-04,1011010201,花菜类,49.869,526.8417,107,7,3.593,2,10.564513024123201,0.0720487677715615
2022-10-04,1011010402,水生根茎类,104.98400000000001,853.3291,144,19,17.03,4,8.128182389697477,0.16221519469633466
2022-10-04,1011010504,辣椒类,115.099,851.41,187,7,7.0,10,7.397197195457823,0.06081720953266318
2022-10-04,1011010801,食用菌,117.054,1032.6342,221,4,2.528,8,8.82186170485417,0.021596869820766484
2022-10-05,1011010101,花叶类,373.666,1752.4306,441,0,0.0,20,4.689831560805639,0.0
2022-10-05,1011010201,花菜类,40.769,482.9232,95,1,0.852,2,11.845353086904266,0.020898231499423582
2022-10-05,1011010402,水生根茎类,118.42099999999999,979.7786,141,25,25.548000000000002,3,8.273689632750948,0.21573876255056115
2022-10-05,1011010504,辣椒类,162.721,994.2322,241,0,0.0,12,6.110042342414316,0.0
2022-10-05,1011010801,食用菌,87.935,841.1554,189,4,3.222,7,9.565649627565815,0.03664070051742765
2022-10-06,1011010101,花叶类,353.217,1476.3984,419,0,0.0,16,4.179862237661268,0.0
2022-10-06,1011010201,花菜类,71.588,761.2072000000001,140,0,0.0,2,10.633167569983797,0.0
2022-10-06,1011010402,水生根茎类,132.357,1154.9626,185,12,12.0,4,8.726116487983258,0.09066388630748658
2022-10-06,1011010504,辣椒类,208.677,1228.9714,287,3,3.0,12,5.889347652113074,0.014376284880461191
2022-10-06,1011010801,食用菌,184.89,1535.1174,317,0,0.0,11,8.30286873276002,0.0
2022-10-07,1011010101,花叶类,470.332,2050.1075,530,9,13.559000000000001,14,4.3588518323227,0.028828572157539784
2022-10-07,1011010201,花菜类,87.818,833.5187000000001,183,7,3.308,2,9.491433419116811,0.03766881504930652
2022-10-07,1011010402,水生根茎类,110.30199999999999,928.4508,154,17,14.666,4,8.41735235988468,0.13296223096589366
2022-10-07,1011010504,辣椒类,170.183,1101.6856,276,0,0.0,12,6.47353495942603,0.0
2022-10-07,1011010801,食用菌,154.165,1191.0013,271,14,6.802,10,7.72549735672818,0.04412155807089806
2022-10-08,1011010101,花叶类,360.779,1455.6581999999999,409,53,53.0,17,4.034764218538219,0.14690433755844992
2022-10-08,1011010201,花菜类,37.814,356.9464,78,5,2.784,2,9.439530332681016,0.07362352567832019
2022-10-08,1011010402,水生根茎类,81.908,607.3938,118,12,7.032,4,7.415561361527568,0.08585241978805488
2022-10-08,1011010504,辣椒类,114.62899999999999,712.9151,182,7,6.207,9,6.219325825052998,0.05414860113932775
2022-10-08,1011010801,食用菌,108.094,763.4728,185,19,5.893,7,7.063045127389125,0.054517364516069346
2022-10-09,1011010101,花叶类,342.075,1389.7198,395,74,74.0,16,4.06261726229628,0.21632682891178837
2022-10-09,1011010201,花菜类,53.058,467.202,102,17,11.452,2,8.80549587244148,0.21583927023257568
2022-10-09,1011010402,水生根茎类,66.479,564.835,111,9,3.761,4,8.496442485596956,0.05657425653213797
2022-10-09,1011010504,辣椒类,110.966,682.8895,181,21,16.283,12,6.1540426797397405,0.14673864066470813
2022-10-09,1011010801,食用菌,121.547,913.9244,223,33,9.018,7,7.51910289846726,0.07419352184751578
2022-10-10,1011010101,花叶类,288.07,1199.6836,329,60,57.42,15,4.164555837122922,0.19932655257402715
2022-10-10,1011010201,花菜类,47.046,432.95129999999995,93,9,5.186999999999999,2,9.20272286698125,0.11025379415890829
2022-10-10,1011010402,水生根茎类,46.834,351.5464,60,4,4.0,3,7.506221975487893,0.08540803689627194
2022-10-10,1011010504,辣椒类,134.737,730.2017,189,17,14.461,12,5.419459391258526,0.10732760860045867
2022-10-10,1011010801,食用菌,103.327,720.1328,170,27,19.773,7,6.969454256873808,0.19136334162416407
2022-10-11,1011010101,花叶类,244.75900000000001,918.1318,285,87,87.0,13,3.751166657814421,0.3554516892126541
2022-10-11,1011010201,花菜类,29.660000000000004,300.48629999999997,65,8,4.412,2,10.131028320971003,0.1487525286581254
2022-10-11,1011010402,水生根茎类,51.596000000000004,357.0864,66,4,4.0,3,6.9208155670982245,0.07752538956508256
2022-10-11,1011010504,辣椒类,119.426,640.2038,169,36,31.128,13,5.360673555172241,0.26064676033694506
2022-10-11,1011010801,食用菌,89.443,557.7182,145,33,19.695999999999998,7,6.235459454624733,0.22020728285053048
2022-10-12,1011010101,花叶类,240.312,920.9144,266,63,63.0,14,3.8321615233529744,0.26215919304903623
2022-10-12,1011010201,花菜类,29.309,297.42,68,9,4.04,2,10.147736190248729,0.13784161861544236
2022-10-12,1011010402,水生根茎类,39.206,306.27880000000005,58,9,5.966,4,7.812038973626486,0.15217058613477527
2022-10-12,1011010504,辣椒类,123.317,646.4619,177,63,50.725,12,5.242277220496769,0.4113382583098843
2022-10-12,1011010801,食用菌,82.773,548.1518000000001,123,11,9.575,7,6.622350283304944,0.1156778176458507
2022-10-13,1011010101,花叶类,152.506,640.5705,182,11,10.421,15,4.200297037493607,0.06833173776769438
2022-10-13,1011010201,花菜类,30.605,315.7141,72,6,2.609,2,10.315768665250776,0.0852475085770299
2022-10-13,1011010402,水生根茎类,61.838,492.07059999999996,91,18,7.961,4,7.957414534752093,0.1287396099485753
2022-10-13,1011010504,辣椒类,84.845,468.0356,126,15,13.385,10,5.516360421945901,0.15775826507160115
2022-10-13,1011010801,食用菌,70.04599999999999,501.59540000000004,110,2,2.0,8,7.160942809011223,0.02855266539131428
2022-10-14,1011010101,花叶类,135.637,426.56919999999997,149,79,79.0,17,3.1449324299416825,0.5824369456711664
2022-10-14,1011010201,花菜类,11.594999999999999,115.9248,26,5,2.424,2,9.997826649417854,0.2090556274256145
2022-10-14,1011010402,水生根茎类,13.046,142.604,25,12,6.192,4,10.930860033726814,0.47462823854054886
2022-10-14,1011010504,辣椒类,49.262,292.4712,78,4,4.0,9,5.937054930778288,0.08119848970809143
2022-10-14,1011010801,食用菌,65.57900000000001,407.41499999999996,102,26,13.558,8,6.212583296482104,0.20674301224477346
2022-10-15,1011010101,花叶类,377.25600000000003,1539.7934,456,56,54.682,15,4.081561061984435,0.14494666751489704
2022-10-15,1011010201,花菜类,60.965,644.794,125,8,4.214,2,10.57646190437136,0.06912162716312639
2022-10-15,1011010402,水生根茎类,101.798,701.7256,138,12,12.0,3,6.893314210495294,0.11788050845792648
2022-10-15,1011010501,茄类,12.033,121.371,25,0,0.0,2,10.086512091747695,0.0
2022-10-15,1011010504,辣椒类,204.274,1156.8456,310,20,17.546,11,5.663205302681693,0.08589443590471621
2022-10-15,1011010801,食用菌,223.125,1224.3402,303,30,19.617,10,5.487238991596639,0.08791932773109244
2022-10-16,1011010101,花叶类,367.681,1506.0988,446,59,54.099000000000004,16,4.096210573839823,0.14713569643250538
2022-10-16,1011010201,花菜类,62.739999999999995,621.2737,131,10,9.563,2,9.902354160025503,0.1524226968441186
2022-10-16,1011010402,水生根茎类,86.333,574.4729,114,3,2.3970000000000002,3,6.654151946532612,0.02776458596365237
2022-10-16,1011010501,茄类,2.55,25.5,7,0,0.0,1,10.0,0.0
2022-10-16,1011010504,辣椒类,178.909,997.467,272,24,24.0,10,5.5752756988189525,0.13414640962724067
2022-10-16,1011010801,食用菌,209.72,1247.3768,323,47,25.167,10,5.947819950410071,0.12000286095746711
2022-10-17,1011010101,花叶类,247.30200000000002,904.474,289,62,60.72,15,3.6573662970780663,0.24552975713904454
2022-10-17,1011010201,花菜类,35.260999999999996,343.5816,76,12,5.578,2,9.743955077848048,0.15819176994413095
2022-10-17,1011010402,水生根茎类,38.615,301.3024,59,8,4.5920000000000005,3,7.802729509258059,0.11891751909879582
2022-10-17,1011010501,茄类,5.7620000000000005,57.620000000000005,11,0,0.0,1,10.0,0.0
2022-10-17,1011010504,辣椒类,111.662,625.6062000000001,170,19,19.0,10,5.602677723845176,0.1701563647436012
2022-10-17,1011010801,食用菌,104.537,652.3430000000001,172,57,36.736000000000004,8,6.240307259630562,0.35141624496589724
2022-10-18,1011010101,花叶类,273.91,1070.6236,350,81,68.406,16,3.9086692709284065,0.24973896535358328
2022-10-18,1011010201,花菜类,56.15899999999999,537.5874,132,21,8.854,2,9.572595665877243,0.1576595024840186
2022-10-18,1011010402,水生根茎类,41.022,298.442,61,4,3.294,3,7.275169421286139,0.08029837648091269
2022-10-18,1011010501,茄类,7.186999999999999,59.099999999999994,16,0,0.0,2,8.223180743008209,0.0
2022-10-18,1011010504,辣椒类,155.233,788.345,219,35,34.258,8,5.0784626980088,0.2206876115258998
2022-10-18,1011010801,食用菌,156.31,937.657,227,65,45.432,9,5.998701298701299,0.29065318917535665
2022-10-19,1011010101,花叶类,225.807,849.1465000000001,286,71,61.985,14,3.760496795936353,0.274504333346619
2022-10-19,1011010201,花菜类,33.063,347.93300000000005,54,2,5.186,2,10.523334240692012,0.1568520702900523
2022-10-19,1011010402,水生根茎类,38.515,259.084,48,2,2.0,2,6.726833701155394,0.05192782032974166
2022-10-19,1011010501,茄类,13.004,104.032,24,0,0.0,1,8.0,0.0
2022-10-19,1011010504,辣椒类,96.132,491.1184,144,26,26.0,8,5.108792077560022,0.2704614488411767
2022-10-19,1011010801,食用菌,105.856,633.4079999999999,140,17,17.0,8,5.983675937122127,0.16059552599758162
2022-10-20,1011010101,花叶类,242.853,868.2706,281,71,65.331,18,3.575292872643121,0.26901458907240183
2022-10-20,1011010201,花菜类,30.363,335.2528,69,0,0.0,2,11.041491288739584,0.0
2022-10-20,1011010402,水生根茎类,52.368,391.86080000000004,63,6,6.0,2,7.482829208677055,0.1145737855178735
2022-10-20,1011010501,茄类,4.7010000000000005,37.608000000000004,9,0,0.0,1,8.0,0.0
2022-10-20,1011010504,辣椒类,105.947,512.9576000000001,143,26,26.0,10,4.841643463241055,0.2454057217287889
2022-10-20,1011010801,食用菌,88.041,546.431,132,25,18.393,8,6.2065514930543735,0.20891402869117798
2022-10-21,1011010101,花叶类,613.973,2548.446,667,0,0.0,20,4.15074604257842,0.0
2022-10-21,1011010201,花菜类,95.213,1025.7456,200,0,0.0,2,10.773167529644061,0.0
2022-10-21,1011010402,水生根茎类,98.057,903.3832,133,6,6.0,3,9.212837431289964,0.061188900333479505
2022-10-21,1011010501,茄类,38.486000000000004,384.056,63,0,0.0,2,9.979109286493788,0.0
2022-10-21,1011010504,辣椒类,399.685,2565.1578,610,15,15.0,11,6.417948634549708,0.0375295545241878
2022-10-21,1011010801,食用菌,289.383,1958.1245999999999,408,3,3.0,11,6.7665502120027785,0.010366884025668405
2022-10-22,1011010101,花叶类,299.448,1188.7245,345,17,15.344,17,3.9697192834816066,0.051240950014693705
2022-10-22,1011010201,花菜类,56.495999999999995,586.1904,124,0,0.0,2,10.375785896346644,0.0
2022-10-22,1011010402,水生根茎类,77.747,525.8072,89,14,14.0,3,6.763054523004103,0.1800712567687499
2022-10-22,1011010501,茄类,7.952,79.52,13,0,0.0,1,10.0,0.0
2022-10-22,1011010504,辣椒类,155.908,804.1622000000001,203,0,0.0,9,5.157927752264157,0.0
2022-10-22,1011010801,食用菌,157.648,1218.338,191,29,21.694,8,7.728217294225109,0.1376103724753882
2022-10-23,1011010101,花叶类,242.892,957.4434,298,42,42.0,14,3.9418482288424483,0.17291635788745616
2022-10-23,1011010201,花菜类,38.944,414.522,87,1,0.284,2,10.644052999178307,0.007292522596548889
2022-10-23,1011010402,水生根茎类,61.265,417.48400000000004,74,4,4.0,2,6.814396474332817,0.06529013302864604
2022-10-23,1011010501,茄类,14.581,145.81,23,0,0.0,1,10.0,0.0
2022-10-23,1011010504,辣椒类,138.434,812.8202,214,0,0.0,11,5.871535894361212,0.0
2022-10-23,1011010801,食用菌,152.18099999999998,832.673,204,23,18.25,9,5.471596322799824,0.11992298644377421
2022-10-24,1011010101,花叶类,199.326,745.5516,228,36,36.0,15,3.7403630233888205,0.18060865115439032
2022-10-24,1011010201,花菜类,30.369,294.623,69,18,7.338,2,9.70143896736804,0.2416279758964734
2022-10-24,1011010402,水生根茎类,37.236,262.4278,57,14,5.8309999999999995,3,7.047690407132882,0.15659576753679236
2022-10-24,1011010501,茄类,3.223,32.230000000000004,7,0,0.0,1,10.000000000000002,0.0
2022-10-24,1011010504,辣椒类,73.345,375.7242,102,12,12.0,11,5.1226968436839595,0.16361033471947645
2022-10-24,1011010801,食用菌,85.05,444.201,122,23,14.968,9,5.222821869488537,0.17599059376837156
2022-10-25,1011010101,花叶类,217.397,812.7171999999999,252,55,54.489,15,3.738401173889244,0.25064283315777125
2022-10-25,1011010201,花菜类,36.506,375.1738,88,7,2.522,2,10.277044869336548,0.06908453404919739
2022-10-25,1011010402,水生根茎类,36.981,305.911,55,11,6.947,3,8.272112706524972,0.18785322192477216
2022-10-25,1011010501,茄类,4.156,41.56,9,0,0.0,1,10.000000000000002,0.0
2022-10-25,1011010504,辣椒类,125.16000000000001,551.6129,160,33,32.227,10,4.407261904761904,0.2574864173857462
2022-10-25,1011010801,食用菌,89.459,480.687,131,26,19.488,9,5.3732659654143236,0.21784281067304573
2022-10-26,1011010101,花叶类,226.63299999999998,807.9788,269,70,61.542,16,3.565141881367674,0.27154915656590173
2022-10-26,1011010201,花菜类,38.152,348.533,96,22,8.277,2,9.135379534493605,0.21694799748374918
2022-10-26,1011010402,水生根茎类,35.475,270.058,47,10,6.99,3,7.612628611698379,0.1970401691331924
2022-10-26,1011010501,茄类,4.56,36.48,10,0,0.0,1,8.0,0.0
2022-10-26,1011010504,辣椒类,117.386,571.6953,168,51,39.499,12,4.870217061659823,0.3364881672431125
2022-10-26,1011010801,食用菌,104.795,497.446,146,45,33.587,9,4.74684860918937,0.3205019323441004
2022-10-27,1011010101,花叶类,209.0,729.427,252,65,63.012,17,3.4900813397129187,0.3014928229665072
2022-10-27,1011010201,花菜类,31.661,274.65459999999996,72,30,10.464,2,8.674855500457975,0.3305012475916743
2022-10-27,1011010402,水生根茎类,35.991,283.948,53,4,0.872,3,7.889416798644105,0.024228279292045234
2022-10-27,1011010501,茄类,2.299,18.392,5,0,0.0,1,8.0,0.0
2022-10-27,1011010504,辣椒类,114.668,535.159,158,36,33.858,11,4.6670300345344815,0.295269822443925
2022-10-27,1011010801,食用菌,116.582,666.39,180,32,24.089,9,5.716062513938687,0.20662709509186666
2022-10-28,1011010101,花叶类,229.524,842.3097,267,61,59.561,15,3.6698110001568462,0.25949791742911416
2022-10-28,1011010201,花菜类,40.855000000000004,344.5014,86,7,3.3040000000000003,2,8.432294700771019,0.08087137437278179
2022-10-28,1011010402,水生根茎类,63.12,507.12559999999996,85,24,15.308,3,8.034309252217998,0.24252217997465148
2022-10-28,1011010501,茄类,11.885,95.08,16,0,0.0,1,8.0,0.0
2022-10-28,1011010504,辣椒类,136.101,681.5889,187,34,31.631,10,5.007963938545639,0.23240828502362218
2022-10-28,1011010801,食用菌,164.567,814.6379999999999,220,35,25.362000000000002,8,4.950190499917966,0.1541135221520718
2022-10-29,1011010101,花叶类,368.13100000000003,1368.4806,439,79,79.0,16,3.717373978284904,0.21459752099116888
2022-10-29,1011010201,花菜类,64.488,572.235,136,0,0.0,2,8.873511350949014,0.0
2022-10-29,1011010402,水生根茎类,98.462,748.094,125,18,14.869,3,7.5977940728402835,0.15101257337856228
2022-10-29,1011010501,茄类,11.396,91.168,19,0,0.0,1,8.0,0.0
2022-10-29,1011010504,辣椒类,167.48499999999999,808.4482,262,22,19.728,11,4.826988685553931,0.1177896528047288
2022-10-29,1011010801,食用菌,248.053,1318.1109999999999,339,36,27.847,9,5.313828093189762,0.1122622987829214
2022-10-30,1011010101,花叶类,221.196,1061.6493,398,20,18.299,18,4.799586339716813,0.08272753576014033
2022-10-30,1011010201,花菜类,76.791,626.6171999999999,173,0,0.0,2,8.160034379028792,0.0
2022-10-30,1011010402,水生根茎类,67.588,478.598,94,10,7.631,3,7.081109072616441,0.11290465763153223
2022-10-30,1011010501,茄类,10.805,75.635,21,0,0.0,1,7.000000000000001,0.0
2022-10-30,1011010504,辣椒类,203.145,965.0404,293,28,27.248,13,4.750500381500898,0.134130793275739
2022-10-30,1011010801,食用菌,197.429,1053.016,278,9,9.0,8,5.333643993536917,0.045586008134569894
2022-10-31,1011010101,花叶类,85.398,494.393,173,0,0.0,15,5.789280779409354,0.0
2022-10-31,1011010201,花菜类,47.777,349.751,105,0,0.0,2,7.320488938192017,0.0
2022-10-31,1011010402,水生根茎类,32.213,214.72480000000002,39,1,1.0,3,6.665780895911589,0.031043367584515567
2022-10-31,1011010501,茄类,3.319,23.233,6,0,0.0,1,7.0,0.0
2022-10-31,1011010504,辣椒类,83.714,411.55559999999997,127,11,11.0,11,4.9162099529349925,0.13139976586950808
2022-10-31,1011010801,食用菌,61.844,362.514,87,3,1.488,8,5.861748916628938,0.024060539421770905
2022-11-01,1011010101,花叶类,96.786,499.346,182,4,1.242,17,5.159279234600046,0.012832434442997954
2022-11-01,1011010201,花菜类,39.603,316.9736,97,6,1.754,2,8.00377749160417,0.044289574022170035
2022-11-01,1011010402,水生根茎类,29.485,232.3244,37,7,3.439,3,7.879409869425132,0.11663557741224352
2022-11-01,1011010501,茄类,3.305,23.135,8,0,0.0,1,7.0,0.0
2022-11-01,1011010504,辣椒类,101.963,426.6304,142,32,32.0,10,4.184168767101792,0.31383933387601387
2022-11-01,1011010801,食用菌,96.65899999999999,457.80100000000004,131,23,20.729,10,4.736248047258921,0.21445493952968686
2022-11-03,1011010101,花叶类,83.973,450.6502,175,3,3.0,18,5.366608314577305,0.035725768997177665
2022-11-03,1011010201,花菜类,63.801,440.0036,146,0,0.0,2,6.896500054858074,0.0
2022-11-03,1011010402,水生根茎类,13.926,121.1152,17,3,3.0,2,8.697055866724114,0.2154243860404998
2022-11-03,1011010501,茄类,4.0120000000000005,24.072000000000003,10,0,0.0,1,6.0,0.0
2022-11-03,1011010504,辣椒类,129.249,568.2546,175,34,30.622,12,4.396587981338347,0.2369225293812718
2022-11-03,1011010801,食用菌,120.85499999999999,705.783,179,26,17.749,8,5.83991560134045,0.14686194199660751
2022-11-05,1011010101,花叶类,190.42100000000002,923.401,374,42,21.57,16,4.84926032317864,0.11327532152441169
2022-11-05,1011010201,花菜类,73.537,515.7019,158,7,2.779,2,7.01282211675755,0.03779050002039789
2022-11-05,1011010402,水生根茎类,74.21600000000001,578.5548,103,2,0.6659999999999999,3,7.79555351945672,0.008973806187345045
2022-11-05,1011010501,茄类,9.815999999999999,58.896,22,0,0.0,1,6.000000000000001,0.0
2022-11-05,1011010504,辣椒类,158.362,702.2452,221,25,24.298,12,4.434429976888395,0.1534332731337063
2022-11-05,1011010801,食用菌,176.84300000000002,989.375,246,16,9.193,10,5.594651753250058,0.051983963176376775
2022-11-06,1011010101,花叶类,162.064,726.2628,315,0,0.0,17,4.481333300424524,0.0
2022-11-06,1011010201,花菜类,75.888,519.408,144,0,0.0,2,6.844402277039848,0.0
2022-11-06,1011010402,水生根茎类,60.306000000000004,400.99440000000004,77,3,1.5,3,6.649328425032335,0.02487314695055218
2022-11-06,1011010501,茄类,4.647,27.881999999999998,10,0,0.0,1,5.999999999999999,0.0
2022-11-06,1011010504,辣椒类,135.245,584.8703,202,8,7.273,11,4.324524381677696,0.05377647972198602
2022-11-06,1011010801,食用菌,165.482,951.641,232,26,15.638,8,5.750722132920801,0.09449970389528771
2022-11-07,1011010101,花叶类,102.67699999999999,441.94120000000004,192,0,0.0,15,4.304188864107834,0.0
2022-11-07,1011010201,花菜类,47.225,298.7728,97,0,0.0,2,6.326581259925887,0.0
2022-11-07,1011010402,水生根茎类,22.799,174.5904,31,0,0.0,3,7.657809553050572,0.0
2022-11-07,1011010501,茄类,3.256,19.536,7,0,0.0,1,6.000000000000001,0.0
2022-11-07,1011010504,辣椒类,108.169,444.1212,152,18,18.0,11,4.105808503360482,0.16640627166748329
2022-11-07,1011010801,食用菌,86.0,523.076,130,12,8.937,9,6.082279069767442,0.10391860465116279
2022-11-08,1011010101,花叶类,96.37100000000001,400.1634,158,0,0.0,18,4.152321756545018,0.0
2022-11-08,1011010201,花菜类,41.117000000000004,259.1152,86,0,0.0,2,6.301899457645256,0.0
2022-11-08,1011010402,水生根茎类,31.054000000000002,264.9056,38,1,0.21,3,8.530482385521994,0.006762413859728215
2022-11-08,1011010501,茄类,3.86,23.16,7,0,0.0,1,6.0,0.0
2022-11-08,1011010504,辣椒类,77.122,357.4596,126,12,12.0,11,4.634988719172221,0.15559762454293197
2022-11-08,1011010801,食用菌,82.087,470.8135,128,20,13.579,8,5.735542777784545,0.16542205221289608
2022-11-09,1011010101,花叶类,128.56,408.733,163,34,34.0,18,3.1793170504044803,0.26446795270690726
2022-11-09,1011010201,花菜类,35.22,212.32139999999998,75,13,5.67,2,6.028432708688245,0.16098807495741058
2022-11-09,1011010402,水生根茎类,21.313000000000002,166.51600000000002,36,1,1.0,3,7.812884155210435,0.04691972035846666
2022-11-09,1011010501,茄类,2.871,17.226,5,0,0.0,1,6.0,0.0
2022-11-09,1011010504,辣椒类,75.307,313.0386,111,13,13.0,11,4.15683269815555,0.1726267146480407
2022-11-09,1011010801,食用菌,68.901,400.7908,97,12,6.106,9,5.8169083177312375,0.08861990392011727
2022-11-10,1011010101,花叶类,122.883,367.5026,160,22,20.824,22,2.9906708006803218,0.16946200857726457
2022-11-10,1011010201,花菜类,39.756,242.7966,84,18,8.022,2,6.107168729248416,0.20178086326592212
2022-11-10,1011010402,水生根茎类,17.046,145.102,25,3,1.3780000000000001,3,8.512378270562008,0.08084007978411359
2022-11-10,1011010501,茄类,6.897,41.382,12,0,0.0,1,5.999999999999999,0.0
2022-11-10,1011010504,辣椒类,88.303,355.1883,129,13,11.551,11,4.022380893061391,0.13081095772510562
2022-11-10,1011010801,食用菌,74.627,312.931,87,13,7.079000000000001,8,4.193267852117867,0.09485842925482736
2022-11-11,1011010101,花叶类,173.21,519.0468,214,26,26.0,22,2.996632988857456,0.15010680676635296
2022-11-11,1011010201,花菜类,45.043000000000006,286.9112,96,3,1.029,2,6.369717825189263,0.02284483715560686
2022-11-11,1011010402,水生根茎类,40.363,351.49080000000004,62,7,3.882,3,8.708242697520006,0.09617719198275648
2022-11-11,1011010501,茄类,7.801,46.806000000000004,13,0,0.0,1,6.000000000000001,0.0
2022-11-11,1011010504,辣椒类,130.22899999999998,530.9987,190,15,14.293,11,4.0774228474456535,0.10975282003240447
2022-11-11,1011010801,食用菌,163.552,725.108,201,35,22.397,8,4.433501271766778,0.13694115632948542
2022-11-12,1011010101,花叶类,293.677,883.9066,384,19,19.0,21,3.0097917099398317,0.0646969289389363
2022-11-12,1011010201,花菜类,56.455,363.3371,128,11,4.053,2,6.435871047737137,0.07179169249845009
2022-11-12,1011010402,水生根茎类,73.358,550.7916,96,2,2.0,3,7.508269036778538,0.0272635568036206
2022-11-12,1011010501,茄类,10.572,63.432,19,0,0.0,1,6.000000000000001,0.0
2022-11-12,1011010504,辣椒类,204.119,788.468,295,25,21.39,11,3.8627859238973343,0.10479181261910944
2022-11-12,1011010801,食用菌,257.06600000000003,1379.687,374,11,8.082,9,5.367053597130697,0.03143939688640271
2022-11-13,1011010101,花叶类,312.032,844.2566,403,30,30.0,20,2.7056731360886066,0.09614398523228387
2022-11-13,1011010201,花菜类,50.639,326.95,114,1,0.42,2,6.456486107545567,0.008294002646181796
2022-11-13,1011010402,水生根茎类,54.61600000000001,393.779,76,8,2.443,3,7.209956789219276,0.04473048191006298
2022-11-13,1011010501,茄类,7.366,44.196,16,0,0.0,1,6.0,0.0
2022-11-13,1011010504,辣椒类,188.274,776.341,268,13,11.556000000000001,10,4.12346367528177,0.06137862901940789
2022-11-13,1011010801,食用菌,206.762,1152.246,308,21,18.023,8,5.57281318617541,0.08716785482825665
2022-11-14,1011010101,花叶类,180.626,410.3548,218,55,48.994,16,2.2718479067243917,0.2712455571180229
2022-11-14,1011010201,花菜类,38.303,233.55400000000003,91,4,1.428,2,6.0975380518497255,0.03728167506461635
2022-11-14,1011010402,水生根茎类,27.892999999999997,202.149,37,3,1.429,3,7.24730219051375,0.05123149177212921
2022-11-14,1011010501,茄类,5.605,33.63,11,0,0.0,1,6.0,0.0
2022-11-14,1011010504,辣椒类,104.647,415.4957,154,18,15.869,11,3.970450180129387,0.1516431431383604
2022-11-14,1011010801,食用菌,99.074,537.8620000000001,147,12,9.742,8,5.428891535619841,0.09833054080788099
2022-11-15,1011010101,花叶类,165.843,414.29359999999997,187,38,38.0,19,2.49810724600978,0.22913237218333002
2022-11-15,1011010201,花菜类,38.944,235.963,91,4,1.4489999999999998,2,6.059033483976992,0.03720727198027937
2022-11-15,1011010402,水生根茎类,31.82,260.60240000000005,42,0,0.0,3,8.189893148962918,0.0
2022-11-15,1011010501,茄类,7.266,43.596,15,0,0.0,1,5.999999999999999,0.0
2022-11-15,1011010504,辣椒类,93.884,400.7171,142,9,8.253,10,4.26821503131524,0.08790635252013122
2022-11-15,1011010801,食用菌,102.92,574.95,152,16,9.705,9,5.586377769141081,0.09429654100272056
2022-11-16,1011010101,花叶类,205.406,521.6956,235,56,56.0,20,2.53982648997595,0.272630789752977
2022-11-16,1011010201,花菜类,18.714,117.6756,43,2,0.777,2,6.288105161910869,0.04151971785828792
2022-11-16,1011010402,水生根茎类,17.224,136.70520000000002,26,0,0.0,3,7.936901997213192,0.0
2022-11-16,1011010501,茄类,2.568,15.408,7,0,0.0,1,6.0,0.0
2022-11-16,1011010504,辣椒类,105.807,431.7127,148,13,7.587,10,4.080190346574423,0.07170603079191358
2022-11-16,1011010801,食用菌,92.695,546.785,143,8,5.809,8,5.898753978100221,0.06266788931441826
2022-11-17,1011010101,花叶类,232.975,585.1296,264,67,65.248,21,2.5115553170941087,0.28006438459062133
2022-11-17,1011010201,花菜类,38.752,212.821,83,0,0.0,2,5.491871387283236,0.0
2022-11-17,1011010402,水生根茎类,40.679,397.0158,48,0,0.0,4,9.759723690356203,0.0
2022-11-17,1011010501,茄类,8.038,48.228,14,0,0.0,1,6.0,0.0
2022-11-17,1011010504,辣椒类,104.356,412.8383,153,20,16.955,9,3.9560571505232094,0.16247268963931158
2022-11-17,1011010801,食用菌,90.18,518.164,145,16,12.063,9,5.745886005766245,0.1337658017298736
2022-11-18,1011010101,花叶类,376.605,989.8714,428,90,89.639,21,2.6284074826409634,0.23801861366683924
2022-11-18,1011010201,花菜类,68.424,404.817,143,0,0.0,2,5.916301297790248,0.0
2022-11-18,1011010402,水生根茎类,59.900999999999996,495.75340000000006,75,5,1.19,4,8.276212417154975,0.019866112418824394
2022-11-18,1011010501,茄类,17.923,107.538,36,0,0.0,1,6.0,0.0
2022-11-18,1011010504,辣椒类,212.654,824.9563,313,14,10.293,10,3.879335916559294,0.048402569432035136
2022-11-18,1011010801,食用菌,153.087,861.4179999999999,238,15,11.283,9,5.626983349337305,0.0737031883830763
2022-11-19,1011010101,花叶类,1265.473,3715.4856,1434,49,52.0,25,2.936044941298629,0.04109135477406472
2022-11-19,1011010201,花菜类,122.87899999999999,793.6712,257,0,0.0,2,6.458965323611032,0.0
2022-11-19,1011010402,水生根茎类,183.307,1229.2278000000001,221,4,0.784,4,6.705842111866978,0.004276977965926015
2022-11-19,1011010501,茄类,35.948,216.492,61,0,0.0,2,6.022365639256704,0.0
2022-11-19,1011010504,辣椒类,436.061,1691.8145,633,13,12.293,12,3.879765674985839,0.028191009973375283
2022-11-19,1011010801,食用菌,440.93,2479.598,608,16,8.18,10,5.623563830993581,0.018551697548363683
2022-11-20,1011010101,花叶类,146.034,495.70120000000003,211,2,2.0,18,3.394423216511224,0.013695440787761755
2022-11-20,1011010201,花菜类,97.969,581.4634,206,0,0.0,2,5.935177454092622,0.0
2022-11-20,1011010402,水生根茎类,67.057,574.9826,74,0,0.0,3,8.574535097007024,0.0
2022-11-20,1011010501,茄类,0.252,1.512,1,0,0.0,1,6.0,0.0
2022-11-20,1011010504,辣椒类,198.915,773.8634,286,1,0.288,8,3.8904225422919336,0.0014478546112661186
2022-11-20,1011010801,食用菌,156.828,807.4549999999999,215,11,11.0,8,5.148666054531078,0.07014053612875251
2022-11-21,1011010101,花叶类,821.168,2810.9292,957,66,70.0,23,3.4230866278276797,0.08524443232079185
2022-11-21,1011010201,花菜类,132.212,851.587,256,4,0.903,2,6.441071914803498,0.006829939793664721
2022-11-21,1011010402,水生根茎类,264.657,2026.8300000000004,287,0,0.0,5,7.658327571158143,0.0
2022-11-21,1011010501,茄类,55.692,339.94,86,1,0.862,2,6.103928750987574,0.01547798606622136
2022-11-21,1011010504,辣椒类,352.42199999999997,1511.3627999999999,561,2,2.0,14,4.2885029878951935,0.005675014613162629
2022-11-21,1011010801,食用菌,343.02,1871.1912,480,2,2.0,13,5.455049851320623,0.005830563815520961
2022-11-22,1011010101,花叶类,173.192,518.9032,200,1,3.0,19,2.996115294008961,0.017321816250173216
2022-11-22,1011010201,花菜类,36.972,202.5324,72,0,0.0,2,5.4779941577409925,0.0
2022-11-22,1011010402,水生根茎类,30.541,206.69359999999998,32,0,0.0,3,6.767741724239546,0.0
2022-11-22,1011010501,茄类,4.816,28.896,8,0,0.0,1,6.0,0.0
2022-11-22,1011010504,辣椒类,82.21900000000001,332.45320000000004,102,0,0.0,7,4.043508191537236,0.0
2022-11-22,1011010801,食用菌,36.489000000000004,219.577,48,4,4.0,8,6.017621749020252,0.10962207788648633
2022-11-23,1011010101,花叶类,247.572,707.5224000000001,251,3,3.0,20,2.8578449905482044,0.012117686975910038
2022-11-23,1011010201,花菜类,31.839999999999996,191.0482,62,0,0.0,2,6.0002575376884435,0.0
2022-11-23,1011010402,水生根茎类,50.24,405.128,46,0,0.0,3,8.063853503184713,0.0
2022-11-23,1011010501,茄类,8.243,52.248000000000005,11,0,0.0,2,6.3384690040033975,0.0
2022-11-23,1011010504,辣椒类,98.441,409.3136,127,0,0.0,9,4.157958574171331,0.0
2022-11-23,1011010801,食用菌,68.562,377.07500000000005,86,9,9.0,7,5.499766634578922,0.13126804935678657
2022-11-24,1011010101,花叶类,260.618,831.5844,284,0,0.0,16,3.1908172113975244,0.0
2022-11-24,1011010201,花菜类,31.131,187.5174,61,0,0.0,2,6.023494266165558,0.0
2022-11-24,1011010402,水生根茎类,29.738,196.0608,29,0,0.0,3,6.592938328065102,0.0
2022-11-24,1011010501,茄类,8.455,52.238,10,0,0.0,2,6.178356002365464,0.0
2022-11-24,1011010504,辣椒类,105.612,429.1026,134,0,0.0,9,4.063009885240314,0.0
2022-11-24,1011010801,食用菌,43.262,341.701,70,0,0.0,7,7.898409689797051,0.0
2022-11-25,1011010101,花叶类,228.796,701.4182,226,0,0.0,18,3.0656925820381473,0.0
2022-11-25,1011010201,花菜类,46.435,277.921,88,0,0.0,2,5.985162054484763,0.0
2022-11-25,1011010402,水生根茎类,62.003,486.3288,55,0,0.0,3,7.843633372578746,0.0
2022-11-25,1011010501,茄类,16.927,105.782,22,0,0.0,2,6.249305842736456,0.0
2022-11-25,1011010504,辣椒类,103.304,434.2372,136,0,0.0,9,4.203488732285294,0.0
2022-11-25,1011010801,食用菌,32.969,252.108,48,0,0.0,7,7.646819739755528,0.0
2022-11-26,1011010101,花叶类,352.51099999999997,1096.8766,348,0,0.0,16,3.111609566793661,0.0
2022-11-26,1011010201,花菜类,47.408,265.74379999999996,97,0,0.0,2,5.605463212959837,0.0
2022-11-26,1011010402,水生根茎类,37.043,331.8968,38,0,0.0,3,8.959771076856626,0.0
2022-11-26,1011010501,茄类,9.863999999999999,60.013999999999996,16,0,0.0,2,6.084144363341444,0.0
2022-11-26,1011010504,辣椒类,89.276,388.2042,119,0,0.0,9,4.348360141583405,0.0
2022-11-26,1011010801,食用菌,57.284,294.802,68,0,0.0,7,5.146323580755534,0.0
2022-11-27,1011010101,花叶类,40.471,123.9824,39,0,0.0,10,3.0634874354476045,0.0
2022-11-27,1011010201,花菜类,3.192,15.3216,7,0,0.0,1,4.8,0.0
2022-11-27,1011010402,水生根茎类,3.165,17.723999999999997,2,0,0.0,1,5.599999999999999,0.0
2022-11-27,1011010501,茄类,4.146,24.875999999999998,5,0,0.0,1,6.0,0.0
2022-11-27,1011010504,辣椒类,17.031,62.924,19,0,0.0,4,3.6946744172391526,0.0
2022-11-27,1011010801,食用菌,8.596,54.778999999999996,12,0,0.0,4,6.37261516984644,0.0
2022-11-28,1011010101,花叶类,40.862,104.1144,33,0,0.0,10,2.547951642112476,0.0
2022-11-28,1011010201,花菜类,10.707999999999998,56.013999999999996,22,0,0.0,2,5.231042211430706,0.0
2022-11-28,1011010402,水生根茎类,1.8090000000000002,15.330400000000001,2,0,0.0,2,8.474516307352127,0.0
2022-11-28,1011010501,茄类,1.04,3.12,1,0,0.0,1,3.0,0.0
2022-11-28,1011010504,辣椒类,13.451,52.403999999999996,15,0,0.0,3,3.895918519069214,0.0
2022-11-28,1011010801,食用菌,3.012,21.750999999999998,5,0,0.0,3,7.22144754316069,0.0
2022-11-29,1011010101,花叶类,31.298000000000002,92.7414,35,0,0.0,11,2.963173365710269,0.0
2022-11-29,1011010201,花菜类,7.6240000000000006,40.2934,15,0,0.0,2,5.285073452256033,0.0
2022-11-29,1011010402,水生根茎类,9.193999999999999,61.8864,7,0,0.0,2,6.731172503806832,0.0
2022-11-29,1011010501,茄类,1.778,5.334,2,0,0.0,1,2.9999999999999996,0.0
2022-11-29,1011010504,辣椒类,6.066,24.064,7,0,0.0,2,3.9670293438839432,0.0
2022-11-29,1011010801,食用菌,8.283,47.893,8,0,0.0,4,5.78208378606785,0.0
2022-12-04,1011010101,花叶类,99.399,315.7424,121,13,13.0,11,3.1765148542741874,0.13078602400426564
2022-12-04,1011010201,花菜类,24.721999999999998,125.0522,54,0,0.0,2,5.05833670415015,0.0
2022-12-04,1011010402,水生根茎类,18.158,132.8848,16,0,0.0,2,7.318250908690384,0.0
2022-12-04,1011010501,茄类,1.168,9.344,1,0,0.0,1,8.0,0.0
2022-12-04,1011010504,辣椒类,53.404,199.4992,55,1,1.0,6,3.7356602501685265,0.018725189124410156
2022-12-04,1011010801,食用菌,30.0,127.6,30,4,4.0,3,4.253333333333333,0.13333333333333333
2022-12-05,1011010101,花叶类,170.093,558.7842,186,0,0.0,11,3.285168701827824,0.0
2022-12-05,1011010201,花菜类,30.282,145.3536,71,0,0.0,1,4.8,0.0
2022-12-05,1011010402,水生根茎类,41.811,421.3416,44,0,0.0,2,10.077290665135969,0.0
2022-12-05,1011010504,辣椒类,118.657,458.3499,162,11,9.429,8,3.862813824721677,0.07946433838711581
2022-12-05,1011010801,食用菌,114.0,408.4,114,0,0.0,3,3.582456140350877,0.0
2022-12-06,1011010101,花叶类,226.171,845.0966000000001,294,17,17.0,14,3.736538282980577,0.07516436678442417
2022-12-06,1011010201,花菜类,38.551,237.29860000000002,81,13,4.557,2,6.1554460325283396,0.11820705040076782
2022-12-06,1011010402,水生根茎类,67.863,497.3328,70,9,9.0,2,7.328482383625834,0.13262013173599752
2022-12-06,1011010501,茄类,7.977,63.816,17,0,0.0,1,8.0,0.0
2022-12-06,1011010504,辣椒类,97.96300000000001,382.7088,155,5,4.202,8,3.906666802772475,0.04289374559782775
2022-12-06,1011010801,食用菌,98.62,654.32,153,0,0.0,3,6.634759683634152,0.0
2022-12-07,1011010101,花叶类,272.787,851.332,305,37,37.0,13,3.1208671967505786,0.135636962171951
2022-12-07,1011010201,花菜类,25.636,172.1104,55,5,1.596,2,6.713621469808083,0.06225620221563427
2022-12-07,1011010402,水生根茎类,64.33099999999999,469.6536,65,6,6.0,2,7.30057981377563,0.09326763146849887
2022-12-07,1011010501,茄类,11.597,92.776,24,0,0.0,1,8.0,0.0
2022-12-07,1011010504,辣椒类,82.55,269.23220000000003,135,0,0.0,5,3.2614439733494858,0.0
2022-12-07,1011010801,食用菌,124.352,801.232,175,0,0.0,6,6.443257848687596,0.0
2022-12-08,1011010101,花叶类,173.924,506.35300000000007,197,23,23.0,15,2.911346335180884,0.13224166877486718
2022-12-08,1011010201,花菜类,46.357,270.54179999999997,97,3,1.092,2,5.836050650387212,0.023556312962443645
2022-12-08,1011010402,水生根茎类,47.48,290.0,47,8,8.0,2,6.1078348778433025,0.16849199663016007
2022-12-08,1011010501,茄类,4.524,36.192,8,0,0.0,1,8.0,0.0
2022-12-08,1011010504,辣椒类,131.273,454.1736,169,0,0.0,8,3.459764003260381,0.0
2022-12-08,1011010801,食用菌,82.678,554.07,126,0,0.0,6,6.701540917777402,0.0
2022-12-09,1011010101,花叶类,140.88,497.41179999999997,173,17,17.0,14,3.530748154457694,0.12067007382169223
2022-12-09,1011010201,花菜类,41.33,215.5593,96,12,5.439,2,5.215564964916526,0.13159932252601017
2022-12-09,1011010402,水生根茎类,30.039,227.5038,31,3,3.0,3,7.57361430140817,0.09987016878058523
2022-12-09,1011010501,茄类,4.422,35.376,11,0,0.0,1,8.0,0.0
2022-12-09,1011010504,辣椒类,99.447,353.8304,129,0,0.0,8,3.5579796273391855,0.0
2022-12-09,1011010801,食用菌,71.48400000000001,503.65999999999997,103,7,7.0,6,7.045772480555088,0.09792401096748922
2022-12-10,1011010101,花叶类,231.009,796.966,279,10,10.0,17,3.4499348510231207,0.04328835673069015
2022-12-10,1011010201,花菜类,55.053,304.71479999999997,114,0,0.0,2,5.534935425862351,0.0
2022-12-10,1011010402,水生根茎类,73.28,522.7422,84,4,4.0,4,7.1334907205240174,0.05458515283842795
2022-12-10,1011010501,茄类,6.572,52.576,13,0,0.0,1,8.0,0.0
2022-12-10,1011010504,辣椒类,161.982,600.1038,224,6,6.0,9,3.7047560840093343,0.03704115272067267
2022-12-10,1011010801,食用菌,149.336,1013.54,206,3,3.0,10,6.78697701826753,0.020088926983446723
2022-12-11,1011010101,花叶类,204.481,679.5326,240,6,5.474,18,3.323206557088434,0.02677021336945731
2022-12-11,1011010201,花菜类,62.536,326.8383,132,4,1.323,2,5.22640239222208,0.021155814250991428
2022-12-11,1011010402,水生根茎类,63.385,498.61740000000003,71,1,1.0,3,7.866488916936184,0.01577660329731009
2022-12-11,1011010501,茄类,3.6290000000000004,29.9488,8,0,0.0,2,8.252631578947367,0.0
2022-12-11,1011010504,辣椒类,171.695,595.3558,221,2,2.0,9,3.467519729753342,0.011648562858557325
2022-12-11,1011010801,食用菌,144.333,999.473,198,6,5.287,11,6.924771188848011,0.036630569585611054
2022-12-12,1011010101,花叶类,173.035,549.5146,199,19,19.0,17,3.175742479845118,0.10980437483746062
2022-12-12,1011010201,花菜类,27.823,128.5437,68,17,6.069,2,4.6200517557416525,0.21812888617330986
2022-12-12,1011010402,水生根茎类,30.168,202.0678,36,0,0.0,4,6.698084062582869,0.0
2022-12-12,1011010501,茄类,3.379,27.032,6,0,0.0,1,8.0,0.0
2022-12-12,1011010504,辣椒类,96.205,334.243,130,8,8.0,8,3.474278883633907,0.08315576113507614
2022-12-12,1011010801,食用菌,85.72200000000001,541.43,125,17,17.0,7,6.316114882993863,0.19831548493968873
2022-12-13,1011010101,花叶类,185.802,558.141,219,6,6.0,17,3.0039558239416153,0.032292440339716476
2022-12-13,1011010201,花菜类,37.876000000000005,208.14600000000002,78,6,2.3520000000000003,2,5.4954588657725205,0.06209737036645897
2022-12-13,1011010402,水生根茎类,50.434000000000005,337.144,66,0,0.0,5,6.684855454653606,0.0
2022-12-13,1011010501,茄类,5.316,42.528,10,0,0.0,1,8.0,0.0
2022-12-13,1011010504,辣椒类,103.872,367.741,144,10,10.0,9,3.54032848120764,0.09627233518176218
2022-12-13,1011010801,食用菌,91.195,559.413,123,15,13.501999999999999,9,6.134250781292835,0.14805636273918527
2022-12-14,1011010101,花叶类,226.11499999999998,685.8872,232,7,7.0,18,3.0333555933927427,0.03095769851624174
2022-12-14,1011010201,花菜类,40.701,250.3956,88,0,0.0,2,6.1520748875949,0.0
2022-12-14,1011010402,水生根茎类,29.923,182.5888,27,0,0.0,4,6.101955017879224,0.0
2022-12-14,1011010501,茄类,6.973,55.784,14,0,0.0,1,8.0,0.0
2022-12-14,1011010504,辣椒类,96.19800000000001,355.3038,132,3,3.0,10,3.6934634815692635,0.031185679535957085
2022-12-14,1011010801,食用菌,102.181,679.315,141,10,10.0,11,6.648153766355781,0.09786555230424443
2022-12-15,1011010101,花叶类,291.759,879.483,313,0,0.0,16,3.014416007732409,0.0
2022-12-15,1011010201,花菜类,44.891000000000005,271.4558,94,0,0.0,2,6.0469982847341335,0.0
2022-12-15,1011010402,水生根茎类,60.995999999999995,374.2204,64,0,0.0,3,6.135162961505673,0.0
2022-12-15,1011010501,茄类,8.607,68.856,16,0,0.0,1,8.0,0.0
2022-12-15,1011010504,辣椒类,151.972,524.3136,187,7,7.0,10,3.4500671176269306,0.046061116521464475
2022-12-15,1011010801,食用菌,94.03399999999999,669.01,139,0,0.0,11,7.1145543101431405,0.0
2022-12-16,1011010101,花叶类,306.951,868.2426,323,0,0.0,15,2.828603262409961,0.0
2022-12-16,1011010201,花菜类,28.131,190.6338,53,0,0.0,2,6.776644982403754,0.0
2022-12-16,1011010402,水生根茎类,59.198,337.3272,62,0,0.0,3,5.698287104294064,0.0
2022-12-16,1011010501,茄类,6.839,55.2748,12,0,0.0,2,8.08229273285568,0.0
2022-12-16,1011010504,辣椒类,147.869,532.4316,190,0,0.0,9,3.6006979150464264,0.0
2022-12-16,1011010801,食用菌,146.341,1002.7411999999999,203,0,0.0,12,6.852086564940788,0.0
2022-12-17,1011010101,花叶类,265.09,951.5306,361,0,0.0,21,3.58946244671621,0.0
2022-12-17,1011010201,花菜类,43.945,306.2752,71,0,0.0,2,6.969511889862328,0.0
2022-12-17,1011010402,水生根茎类,97.791,735.7080000000001,113,0,0.0,3,7.523269012485812,0.0
2022-12-17,1011010501,茄类,16.786,139.1096,31,0,0.0,2,8.287239366138449,0.0
2022-12-17,1011010504,辣椒类,153.757,596.0876000000001,223,0,0.0,10,3.8768160148806237,0.0
2022-12-17,1011010801,食用菌,142.647,972.4026,204,0,0.0,10,6.81684578014259,0.0
2022-12-18,1011010101,花叶类,295.364,926.2246,352,0,0.0,15,3.135875055863274,0.0
2022-12-18,1011010201,花菜类,68.962,404.7022,145,0,0.0,2,5.86848119254082,0.0
2022-12-18,1011010402,水生根茎类,65.117,444.076,82,0,0.0,4,6.819663068016032,0.0
2022-12-18,1011010501,茄类,12.025,96.2,22,0,0.0,1,8.0,0.0
2022-12-18,1011010504,辣椒类,123.46900000000001,431.1906,178,0,0.0,8,3.4922984716811505,0.0
2022-12-18,1011010801,食用菌,131.36,894.511,183,0,0.0,9,6.809614799025578,0.0
2022-12-19,1011010101,花叶类,201.178,791.6082,267,1,1.0,16,3.9348646472278284,0.004970722444800128
2022-12-19,1011010201,花菜类,47.456,265.2482,103,0,0.0,2,5.589350134861767,0.0
2022-12-19,1011010402,水生根茎类,67.122,496.088,82,0,0.0,5,7.390840558982152,0.0
2022-12-19,1011010501,茄类,11.56,92.48,24,0,0.0,1,8.0,0.0
2022-12-19,1011010504,辣椒类,98.288,327.9576,141,5,5.0,6,3.336700309295133,0.050870909978837704
2022-12-19,1011010801,食用菌,86.269,654.5388,140,2,0.46799999999999997,9,7.587184272450127,0.00542489190786957
2022-12-20,1011010101,花叶类,252.22400000000002,785.5078,297,1,1.0,14,3.114326154529307,0.003964729764019284
2022-12-20,1011010201,花菜类,45.501000000000005,294.8592,96,0,0.0,2,6.480279554295509,0.0
2022-12-20,1011010402,水生根茎类,53.792,348.704,61,0,0.0,4,6.482450922070196,0.0
2022-12-20,1011010501,茄类,6.731,53.848,13,0,0.0,1,8.0,0.0
2022-12-20,1011010504,辣椒类,88.82000000000001,323.06940000000003,128,1,1.0,8,3.6373496960144114,0.01125872551227201
2022-12-20,1011010801,食用菌,103.84700000000001,734.128,157,9,6.7219999999999995,9,7.069323138848498,0.06472984294202046
2022-12-21,1011010101,花叶类,285.265,1019.3614,349,0,0.0,18,3.5733840464129845,0.0
2022-12-21,1011010201,花菜类,76.358,451.5748,182,10,3.864,2,5.913916027135335,0.050603735037586105
2022-12-21,1011010402,水生根茎类,61.727000000000004,407.0017,73,1,0.207,5,6.593576554830139,0.003353475788552821
2022-12-21,1011010501,茄类,17.740000000000002,141.92000000000002,34,0,0.0,1,8.0,0.0
2022-12-21,1011010504,辣椒类,137.998,492.69079999999997,194,5,5.0,11,3.5702749315207467,0.03623240916535023
2022-12-21,1011010801,食用菌,128.851,856.6968,182,5,2.7560000000000002,9,6.648740017539639,0.021389046262737584
2022-12-22,1011010101,花叶类,223.75,865.995,273,6,6.0,16,3.870368715083799,0.026815642458100558
2022-12-22,1011010201,花菜类,33.67100000000001,213.7264,69,0,0.0,2,6.347491906982269,0.0
2022-12-22,1011010402,水生根茎类,45.018,270.321,51,0,0.0,4,6.004731440757031,0.0
2022-12-22,1011010501,茄类,8.883000000000001,71.06400000000001,17,0,0.0,1,8.0,0.0
2022-12-22,1011010504,辣椒类,93.949,323.8186,131,0,0.0,9,3.4467487679485678,0.0
2022-12-22,1011010801,食用菌,99.983,700.9346,149,7,6.3469999999999995,8,7.010537791424542,0.06348079173459488
2022-12-23,1011010101,花叶类,210.784,783.8848,250,16,15.161,14,3.718900865340823,0.07192671170487323
2022-12-23,1011010201,花菜类,29.486,185.7568,58,0,0.0,2,6.299830427999728,0.0
2022-12-23,1011010402,水生根茎类,54.487,373.116,61,0,0.0,5,6.847798557454071,0.0
2022-12-23,1011010501,茄类,8.921,71.368,17,0,0.0,1,8.0,0.0
2022-12-23,1011010504,辣椒类,91.649,284.3768,127,10,10.0,8,3.1028903752359547,0.1091119379371297
2022-12-23,1011010801,食用菌,92.544,639.2466,138,11,8.227,10,6.907488329875518,0.08889825380359613
2022-12-24,1011010101,花叶类,285.085,967.0581,323,11,10.13,12,3.392174614588632,0.0355332620095761
2022-12-24,1011010201,花菜类,47.278999999999996,325.6576,110,0,0.0,2,6.887996785041985,0.0
2022-12-24,1011010402,水生根茎类,61.874,442.4368,72,0,0.0,4,7.15060930277661,0.0
2022-12-24,1011010501,茄类,11.582,92.656,24,0,0.0,1,8.0,0.0
2022-12-24,1011010504,辣椒类,117.56400000000001,369.88,166,9,9.0,9,3.14620121805995,0.07655404715729304
2022-12-24,1011010801,食用菌,139.067,891.8538000000001,184,18,15.436,11,6.413123170845708,0.11099685762977557
2022-12-25,1011010101,花叶类,362.94,1262.469,426,12,12.0,15,3.4784509836336586,0.03306331625061994
2022-12-25,1011010201,花菜类,51.941,349.9588,122,1,0.252,2,6.7376215321229855,0.004851658612656668
2022-12-25,1011010402,水生根茎类,105.129,714.1749,136,1,0.569,5,6.793319635875923,0.005412398101380209
2022-12-25,1011010501,茄类,5.742,45.936,13,0,0.0,1,8.0,0.0
2022-12-25,1011010504,辣椒类,166.418,551.3066,230,1,1.0,10,3.3127822711485537,0.006008965376341501
2022-12-25,1011010801,食用菌,160.777,1093.109,228,12,6.5600000000000005,12,6.798914023772057,0.0408018559868638
2022-12-26,1011010101,花叶类,253.07500000000002,933.2618,297,21,21.0,16,3.68768862985281,0.08297935394645856
2022-12-26,1011010201,花菜类,27.857,187.4023,71,1,0.315,2,6.727296550238719,0.011307750296155366
2022-12-26,1011010402,水生根茎类,56.004,411.8712,74,0,0.0,5,7.354317548746518,0.0
2022-12-26,1011010501,茄类,12.022,99.688,25,0,0.0,2,8.292131092996174,0.0
2022-12-26,1011010504,辣椒类,114.691,372.85740000000004,167,12,12.0,9,3.2509734852778336,0.10462895955218805
2022-12-26,1011010801,食用菌,115.93299999999999,725.348,162,13,8.405,11,6.256613733794519,0.0724987708417793
2022-12-27,1011010101,花叶类,253.518,860.5306,292,26,24.926000000000002,13,3.394357008180879,0.0983204348409186
2022-12-27,1011010201,花菜类,39.591,273.06989999999996,87,2,0.567,2,6.897272107297112,0.014321436690156852
2022-12-27,1011010402,水生根茎类,72.51400000000001,560.8802000000001,97,2,2.0,6,7.734785007033125,0.027580880933337007
2022-12-27,1011010501,茄类,6.541,53.364,15,0,0.0,2,8.15838556795597,0.0
2022-12-27,1011010504,辣椒类,121.716,404.8548,171,6,6.0,9,3.326224982746722,0.04929508035098097
2022-12-27,1011010801,食用菌,102.06,648.2294,138,11,6.328,12,6.351454046639232,0.062002743484224965
2022-12-28,1011010101,花叶类,257.429,957.806,302,7,7.0,16,3.720660842407033,0.02719196360938356
2022-12-28,1011010201,花菜类,36.052,261.5405,76,4,1.365,2,7.2545351159436375,0.037861977144125154
2022-12-28,1011010402,水生根茎类,60.286,428.6739,83,4,0.655,6,7.110670802508045,0.01086487741764257
2022-12-28,1011010501,茄类,8.167,65.336,19,0,0.0,1,8.0,0.0
2022-12-28,1011010504,辣椒类,99.953,352.306,142,3,3.0,10,3.5247166168099002,0.030014106630116152
2022-12-28,1011010801,食用菌,119.913,706.8052,165,10,8.394,12,5.894316712950222,0.07000075054414451
2022-12-29,1011010101,花叶类,237.735,882.3608,277,16,15.1,16,3.711530906261173,0.0635160998590868
2022-12-29,1011010201,花菜类,25.895000000000003,187.4054,61,3,1.086,2,7.237126858466884,0.04193859818497779
2022-12-29,1011010402,水生根茎类,66.287,499.3456,88,3,1.694,6,7.533084918611491,0.025555538793428572
2022-12-29,1011010501,茄类,3.656,29.248,10,0,0.0,1,8.0,0.0
2022-12-29,1011010504,辣椒类,129.853,449.756,171,6,6.0,11,3.4635780459442596,0.04620609458387561
2022-12-29,1011010801,食用菌,123.439,794.3335999999999,171,6,3.617,13,6.435029447743419,0.029301922407018854
2022-12-30,1011010101,花叶类,244.088,876.406,279,18,15.738,16,3.590532922552522,0.06447674609157353
2022-12-30,1011010201,花菜类,29.769,193.976,77,1,0.388,2,6.516040176022036,0.013033692767644194
2022-12-30,1011010402,水生根茎类,62.525,434.072,81,3,1.86,5,6.942375049980008,0.029748100759696125
2022-12-30,1011010501,茄类,6.173,50.855999999999995,16,0,0.0,2,8.238457800097196,0.0
2022-12-30,1011010504,辣椒类,118.87700000000001,434.766,170,6,6.0,10,3.657276007974629,0.0504723369533215
2022-12-30,1011010801,食用菌,131.88299999999998,781.0989999999999,166,2,2.0,11,5.922666302707704,0.015164956817785463
2022-12-31,1011010101,花叶类,329.509,1187.588,371,22,22.0,14,3.6041139999210943,0.0667660063913277
2022-12-31,1011010201,花菜类,39.573,318.02430000000004,86,4,1.8210000000000002,2,8.036396027594574,0.0460162231824729
2022-12-31,1011010402,水生根茎类,103.271,739.763,125,1,0.45,5,7.163317872393993,0.004357467246371198
2022-12-31,1011010501,茄类,5.574000000000001,46.232000000000006,13,0,0.0,2,8.294223179045568,0.0
2022-12-31,1011010504,辣椒类,198.248,679.8118000000001,249,15,12.538,11,3.429097897582826,0.06324401759412454
2022-12-31,1011010801,食用菌,178.02100000000002,1074.7548000000002,243,8,3.2880000000000003,12,6.03723605642031,0.018469731099139988
2023-01-01,1011010101,花叶类,329.635,1295.5808,381,25,25.0,14,3.9303496291352555,0.0758414610099049
2023-01-01,1011010201,花菜类,39.379999999999995,297.21439999999996,93,0,0.0,2,7.547343829355002,0.0
2023-01-01,1011010402,水生根茎类,92.503,662.9435000000001,129,2,0.9390000000000001,6,7.1667243224544075,0.010151022129012033
2023-01-01,1011010501,茄类,7.926,66.416,18,0,0.0,2,8.379510471864748,0.0
2023-01-01,1011010504,辣椒类,174.42600000000002,632.9768,220,9,9.0,10,3.6289131207503464,0.05159781225276048
2023-01-01,1011010801,食用菌,159.047,1013.9091999999999,222,9,5.234,13,6.374903016089584,0.032908511320553044
2023-01-02,1011010101,花叶类,287.812,1110.4542,323,14,11.786,13,3.8582623379150274,0.04095034258474282
2023-01-02,1011010201,花菜类,36.172,260.1511,84,3,1.125,2,7.192057392458255,0.031101404401194296
2023-01-02,1011010402,水生根茎类,54.334,457.3587,85,2,1.675,5,8.417541502558251,0.030827842603158243
2023-01-02,1011010501,茄类,17.834,147.42,27,0,0.0,2,8.266233038017269,0.0
2023-01-02,1011010504,辣椒类,154.451,583.331,210,8,8.0,12,3.7768029990093948,0.05179636260043639
2023-01-02,1011010801,食用菌,132.934,856.8914,188,7,4.003,10,6.445991243775106,0.030112687499059685
2023-01-03,1011010101,花叶类,215.984,837.3276000000001,257,34,34.0,14,3.876803837321283,0.15741906807911696
2023-01-03,1011010201,花菜类,30.654,324.9664,61,1,0.404,2,10.60110915378091,0.013179356690807073
2023-01-03,1011010402,水生根茎类,50.818,397.9422,70,4,2.262,4,7.830733204769964,0.04451178716202921
2023-01-03,1011010501,茄类,3.617,30.64,9,0,0.0,2,8.471108653580316,0.0
2023-01-03,1011010504,辣椒类,128.13400000000001,506.584,175,19,19.0,12,3.9535486287792465,0.14828226700173255
2023-01-03,1011010801,食用菌,86.599,532.1046,120,14,10.212,11,6.144465871430386,0.11792283975565537
2023-01-04,1011010101,花叶类,171.91,722.2416000000001,210,21,21.0,14,4.201277412599617,0.12215694258623698
2023-01-04,1011010201,花菜类,27.843,288.66639999999995,58,3,1.288,2,10.367647164457852,0.04625938296878929
2023-01-04,1011010402,水生根茎类,48.908,421.39320000000004,70,11,8.328,5,8.616038275946677,0.17027889097898094
2023-01-04,1011010501,茄类,3.9290000000000003,36.1468,10,0,0.0,1,9.2,0.0
2023-01-04,1011010504,辣椒类,123.447,473.742,157,31,31.0,11,3.8376145228316605,0.25111991380916504
2023-01-04,1011010801,食用菌,88.495,494.96860000000004,118,16,12.057,10,5.593181535679982,0.13624498559240636
2023-01-05,1011010101,花叶类,186.069,819.328,232,21,21.0,14,4.403355744374399,0.11286135788336586
2023-01-05,1011010201,花菜类,25.709,266.5671,51,3,1.157,2,10.368629662764013,0.04500369520401416
2023-01-05,1011010402,水生根茎类,32.701,271.0648,53,9,4.955,4,8.28918993302957,0.1515244182135103
2023-01-05,1011010501,茄类,5.835,54.9476,12,0,0.0,2,9.416898029134533,0.0
2023-01-05,1011010504,辣椒类,108.643,511.55580000000003,142,11,11.0,11,4.708594203031949,0.10124904503741612
2023-01-05,1011010801,食用菌,101.31700000000001,553.6942,134,25,20.359,9,5.464968366611723,0.2009435731417235
2023-01-06,1011010101,花叶类,202.912,838.3876,235,41,41.0,14,4.131779293486832,0.20205803501025074
2023-01-06,1011010201,花菜类,27.047,291.3,62,0,0.0,2,10.7701408659001,0.0
2023-01-06,1011010402,水生根茎类,60.705000000000005,437.35660000000007,73,3,0.9450000000000001,6,7.204622354007084,0.015567086730911787
2023-01-06,1011010501,茄类,6.648,62.28439999999999,14,0,0.0,2,9.368892900120336,0.0
2023-01-06,1011010504,辣椒类,106.774,531.5871999999999,158,18,17.244,12,4.978620263359994,0.1614999906344241
2023-01-06,1011010801,食用菌,115.083,676.0552,147,22,19.373,13,5.8745010123128525,0.1683393724529253
2023-01-07,1011010101,花叶类,187.324,897.7194,242,28,28.0,20,4.792335205312719,0.14947363925604834
2023-01-07,1011010201,花菜类,24.606,262.2632,54,4,1.692,2,10.658506055433632,0.06876371616678859
2023-01-07,1011010402,水生根茎类,53.524,383.1018,70,5,2.819,5,7.1575704356924,0.05266796203572229
2023-01-07,1011010501,茄类,11.498999999999999,106.97999999999999,27,2,0.8109999999999999,2,9.303417688494651,0.0705278719888686
2023-01-07,1011010504,辣椒类,112.31,554.8998,157,8,7.207,13,4.940787107114238,0.06417059923426231
2023-01-07,1011010801,食用菌,108.037,681.4932,149,19,16.864,10,6.307961161453946,0.15609467127002785
2023-01-08,1011010101,花叶类,219.37199999999999,940.967,270,24,23.086,18,4.289366920117426,0.10523676677059972
2023-01-08,1011010201,花菜类,34.433,378.66179999999997,70,3,1.038,2,10.997060958963784,0.03014549995643714
2023-01-08,1011010402,水生根茎类,56.788000000000004,412.061,76,0,0.0,5,7.256128055222933,0.0
2023-01-08,1011010501,茄类,15.154,139.4168,32,0,0.0,1,9.2,0.0
2023-01-08,1011010504,辣椒类,124.983,720.5418,183,2,2.0,14,5.765118456110031,0.016002176295976254
2023-01-08,1011010801,食用菌,115.9,739.2962,160,9,5.644,9,6.378742018981881,0.04869715271786022
2023-01-09,1011010101,花叶类,185.585,815.8495,204,28,27.719,17,4.396096128458658,0.14936013147614302
2023-01-09,1011010201,花菜类,31.341,339.9208,65,3,0.9279999999999999,2,10.845882390478925,0.029609776331323185
2023-01-09,1011010402,水生根茎类,39.958999999999996,256.1364,55,2,1.16,5,6.409980229735479,0.029029755499386873
2023-01-09,1011010501,茄类,11.607,106.78439999999999,23,0,0.0,1,9.2,0.0
2023-01-09,1011010504,辣椒类,90.474,531.856,140,0,0.0,12,5.878550743860115,0.0
2023-01-09,1011010801,食用菌,100.363,620.1946,132,10,7.297,10,6.179514362862808,0.07270607694070524
2023-01-10,1011010101,花叶类,200.196,880.1237,236,27,25.393,19,4.3963101160862355,0.12684069611780455
2023-01-10,1011010201,花菜类,15.292,166.1978,35,1,0.382,2,10.868284070102014,0.024980381899032175
2023-01-10,1011010402,水生根茎类,45.848,361.4746,58,2,2.0,5,7.88419560286163,0.04362240446693422
2023-01-10,1011010501,茄类,9.913,98.5976,20,2,0.853,2,9.946292746898012,0.0860486230202764
2023-01-10,1011010504,辣椒类,119.602,608.3964,169,21,20.314,11,5.08684135716794,0.16984665808264077
2023-01-10,1011010801,食用菌,101.017,589.8936,135,33,29.644,9,5.839547798885336,0.2934555569854579
2023-01-11,1011010101,花叶类,185.254,841.5398,210,30,28.423000000000002,20,4.542626879851447,0.1534271864575124
2023-01-11,1011010201,花菜类,31.198999999999998,327.5489,65,3,0.983,2,10.498698676239623,0.0315074201096189
2023-01-11,1011010402,水生根茎类,44.885,247.29160000000002,64,9,8.214,5,5.509448590843267,0.18300100256210317
2023-01-11,1011010501,茄类,9.782,97.82000000000001,21,0,0.0,1,10.0,0.0
2023-01-11,1011010504,辣椒类,126.451,658.3926,180,23,20.596,14,5.206701410032345,0.1628773200686432
2023-01-11,1011010801,食用菌,88.976,621.5388,124,18,16.555,9,6.985465743571301,0.186061409818378
2023-01-12,1011010101,花叶类,202.709,887.0167,234,36,35.35,16,4.375813111406005,0.17438791568208614
2023-01-12,1011010201,花菜类,27.908,309.1988,53,1,0.382,2,11.079217428694282,0.013687831446180306
2023-01-12,1011010402,水生根茎类,43.65,254.916,61,6,6.0,5,5.84,0.13745704467353953
2023-01-12,1011010501,茄类,9.159,91.59,19,0,0.0,1,10.0,0.0
2023-01-12,1011010504,辣椒类,113.15,669.705,172,12,10.481,16,5.9187361908970395,0.09262925320371188
2023-01-12,1011010801,食用菌,87.74199999999999,620.8452,124,24,22.088,9,7.075804061908778,0.2517380501926102
2023-01-13,1011010101,花叶类,215.635,986.3282,261,22,18.653,16,4.574063579660074,0.08650265494933568
2023-01-13,1011010201,花菜类,29.708,300.9008,61,2,0.808,2,10.128611821731521,0.027198061128315607
2023-01-13,1011010402,水生根茎类,31.759,188.76709999999997,48,8,3.977,4,5.943735633993513,0.12522434585471834
2023-01-13,1011010501,茄类,15.213000000000001,154.62199999999999,28,0,0.0,2,10.16380727009794,0.0
2023-01-13,1011010504,辣椒类,137.769,815.3245999999999,194,8,6.547000000000001,14,5.918055585799417,0.047521575971372375
2023-01-13,1011010801,食用菌,123.264,764.9090000000001,158,39,34.069,9,6.205453335929389,0.2763905114226376
2023-01-14,1011010101,花叶类,447.993,2151.747,513,20,20.0,15,4.8030817445808305,0.044643554698399306
2023-01-14,1011010201,花菜类,55.134,573.5492999999999,113,6,2.315,2,10.402824028730002,0.0419886095694127
2023-01-14,1011010402,水生根茎类,112.724,933.1014,135,7,1.363,4,8.277752741208616,0.01209148007522799
2023-01-14,1011010501,茄类,31.542,378.50399999999996,68,0,0.0,2,11.999999999999998,0.0
2023-01-14,1011010504,辣椒类,197.217,1420.3638,322,4,1.673,18,7.202035321498654,0.008483041522789617
2023-01-14,1011010801,食用菌,204.679,1579.7132000000001,296,8,5.111,9,7.718003312503971,0.024970807948055247
2023-01-15,1011010101,花叶类,278.968,1373.092,335,13,10.788,14,4.922041237704683,0.03867110206188523
2023-01-15,1011010201,花菜类,61.584,626.2273,126,4,1.617,2,10.16866881008054,0.026256819953234607
2023-01-15,1011010402,水生根茎类,92.61,866.9470000000001,81,0,0.0,3,9.361267681675846,0.0
2023-01-15,1011010501,茄类,21.246,264.668,38,0,0.0,2,12.457309611220937,0.0
2023-01-15,1011010504,辣椒类,154.044,1050.345,244,4,4.0,17,6.818473942509932,0.025966606943470694
2023-01-15,1011010801,食用菌,179.046,1177.5844000000002,229,10,10.0,10,6.5769936217508365,0.05585156887056958
2023-01-16,1011010101,花叶类,216.173,1016.6856,256,9,9.0,13,4.703110934297993,0.04163332146012684
2023-01-16,1011010201,花菜类,46.516,447.3712,100,10,4.192,2,9.617576747785709,0.09011952876429616
2023-01-16,1011010402,水生根茎类,61.379000000000005,504.96360000000004,68,1,1.0,4,8.226976653252741,0.016292217207839813
2023-01-16,1011010501,茄类,21.066,261.404,34,0,0.0,2,12.408810405392575,0.0
2023-01-16,1011010504,辣椒类,121.081,1134.9328,229,3,3.0,16,9.373335205358396,0.0247768023058944
2023-01-16,1011010801,食用菌,144.546,1052.4412000000002,193,18,18.0,11,7.281012272909664,0.1245278319704454
2023-01-17,1011010101,花叶类,180.232,990.5854,224,12,8.734,14,5.496168272004971,0.0484597629721692
2023-01-17,1011010201,花菜类,39.869,407.76379999999995,80,3,0.917,2,10.227590358423837,0.023000326067872282
2023-01-17,1011010402,水生根茎类,86.319,721.0308,84,0,0.0,4,8.35309491537205,0.0
2023-01-17,1011010501,茄类,22.71,286.23,41,0,0.0,2,12.603698811096434,0.0
2023-01-17,1011010504,辣椒类,117.137,1234.2638,231,1,1.0,15,10.536925138939873,0.008537012216464482
2023-01-17,1011010801,食用菌,166.406,1114.4494,205,33,29.223,11,6.697170775092244,0.17561265819742075
2023-01-18,1011010101,花叶类,281.89300000000003,1466.7079,349,21,20.349,13,5.2030660569790665,0.07218696455747393
2023-01-18,1011010201,花菜类,58.399,641.0414,106,4,1.442,3,10.976924262401752,0.02469220363362386
2023-01-18,1011010402,水生根茎类,84.28,727.4232,84,1,1.0,4,8.631029900332225,0.011865211200759373
2023-01-18,1011010501,茄类,41.458999999999996,509.27200000000005,65,0,0.0,2,12.283750211051885,0.0
2023-01-18,1011010504,辣椒类,218.267,2625.645,459,0,0.0,16,12.029509728910005,0.0
2023-01-18,1011010801,食用菌,212.899,1765.2814,282,15,11.844000000000001,12,8.291637818871859,0.055632013302082214
2023-01-19,1011010101,花叶类,371.074,2154.6867,447,9,7.645,14,5.80662266825485,0.020602359637161317
2023-01-19,1011010201,花菜类,104.101,1145.8716,171,0,0.0,3,11.007306365933085,0.0
2023-01-19,1011010402,水生根茎类,157.124,1355.2014,163,1,1.0,4,8.625043914360631,0.006364400091647362
2023-01-19,1011010501,茄类,61.759,877.4699999999999,96,0,0.0,2,14.207969688628376,0.0
2023-01-19,1011010504,辣椒类,350.275,4398.7011999999995,744,0,0.0,17,12.557850831489544,0.0
2023-01-19,1011010801,食用菌,385.35900000000004,3179.0694000000003,506,11,11.0,11,8.249630604189859,0.028544811461520294
2023-01-20,1011010101,花叶类,594.071,3911.2804,777,16,15.415,15,6.583860178328853,0.02594807691336557
2023-01-20,1011010201,花菜类,138.786,1563.1508,239,0,0.0,3,11.263029412188548,0.0
2023-01-20,1011010402,水生根茎类,252.074,2054.9944,287,0,0.0,4,8.15234573974309,0.0
2023-01-20,1011010501,茄类,75.97,1078.53,126,0,0.0,2,14.196788205870739,0.0
2023-01-20,1011010504,辣椒类,604.231,6036.3912,1140,0,0.0,15,9.990204408578839,0.0
2023-01-20,1011010801,食用菌,455.94100000000003,3738.4468,606,8,6.05,12,8.199409134076557,0.013269260715750502
2023-01-22,1011010101,花叶类,219.378,1536.4592,300,8,8.0,13,7.003706843895013,0.036466737776805334
2023-01-22,1011010201,花菜类,34.134,373.1716,56,0,0.0,2,10.932548192418118,0.0
2023-01-22,1011010402,水生根茎类,39.08,291.06,41,3,3.0,2,7.447799385875128,0.0767656090071648
2023-01-22,1011010501,茄类,17.629,246.806,29,0,0.0,1,14.0,0.0
2023-01-22,1011010504,辣椒类,91.232,753.4644,172,0,0.0,10,8.25877323746054,0.0
2023-01-22,1011010801,食用菌,91.90100000000001,804.4158000000001,124,1,1.0,7,8.753069063448711,0.010881274414859468
2023-01-23,1011010101,花叶类,291.35200000000003,2027.2952,387,8,7.368,14,6.958233339740245,0.025288997501304263
2023-01-23,1011010201,花菜类,66.018,725.884,110,0,0.0,2,10.995243721409313,0.0
2023-01-23,1011010402,水生根茎类,46.756,383.29200000000003,56,2,2.0,2,8.19770724612884,0.042775258790315684
2023-01-23,1011010501,茄类,31.043,434.602,51,0,0.0,1,14.0,0.0
2023-01-23,1011010504,辣椒类,124.14,998.1356000000001,246,0,0.0,10,8.040402771064928,0.0
2023-01-23,1011010801,食用菌,146.538,1196.0968,191,9,9.0,5,8.162366075693676,0.061417516275641806
2023-01-24,1011010101,花叶类,205.447,1126.55,289,2,2.0,9,5.483409346449449,0.009734870793927387
2023-01-24,1011010201,花菜类,89.42099999999999,1008.12,161,0,0.0,2,11.273861844533164,0.0
2023-01-24,1011010402,水生根茎类,84.834,690.6168,92,0,0.0,3,8.14080203691916,0.0
2023-01-24,1011010501,茄类,31.05,452.4212,57,1,0.251,3,14.570731078904991,0.008083735909822866
2023-01-24,1011010504,辣椒类,181.95100000000002,1615.442,369,0,0.0,8,8.878445295711481,0.0
2023-01-24,1011010801,食用菌,48.516999999999996,774.4204000000001,131,4,4.0,3,15.961836057464398,0.08244532844157719
2023-01-25,1011010101,花叶类,245.072,1957.5438000000001,352,0,0.0,10,7.987627309525364,0.0
2023-01-25,1011010201,花菜类,114.337,1308.594,190,0,0.0,3,11.445061528639023,0.0
2023-01-25,1011010402,水生根茎类,97.229,765.29,109,10,10.0,3,7.871005564183525,0.10284997274475723
2023-01-25,1011010501,茄类,38.245999999999995,557.6659999999999,76,0,0.0,2,14.581028081367986,0.0
2023-01-25,1011010504,辣椒类,140.698,1486.757,328,0,0.0,9,10.567008770558218,0.0
2023-01-25,1011010801,食用菌,165.671,2140.7524000000003,325,0,0.0,7,12.921708687700324,0.0
2023-01-26,1011010101,花叶类,272.125,2322.2886,416,0,0.0,10,8.533903904455672,0.0
2023-01-26,1011010201,花菜类,60.15,665.7484,114,0,0.0,3,11.068136325852036,0.0
2023-01-26,1011010402,水生根茎类,72.92699999999999,550.8716,86,6,6.0,3,7.553740041411274,0.08227405487679461
2023-01-26,1011010501,茄类,32.835,467.18600000000004,65,0,0.0,2,14.228292980051775,0.0
2023-01-26,1011010504,辣椒类,226.705,2139.901,422,2,2.0,12,9.439143380163648,0.008822037449548972
2023-01-26,1011010801,食用菌,204.906,1922.9354,332,1,1.0,9,9.38447580841947,0.0048802865704274155
2023-01-27,1011010101,花叶类,283.135,2021.0304,456,0,0.0,10,7.138045102159747,0.0
2023-01-27,1011010201,花菜类,69.283,738.0592,124,0,0.0,3,10.65281815163893,0.0
2023-01-27,1011010402,水生根茎类,88.434,662.7912,103,1,1.0,3,7.494755410814845,0.011307868014564534
2023-01-27,1011010501,茄类,31.75,444.5,60,0,0.0,2,14.0,0.0
2023-01-27,1011010504,辣椒类,284.492,2056.3072,456,2,2.0,18,7.227996569323566,0.007030074659392882
2023-01-27,1011010801,食用菌,215.811,1751.7204000000002,320,5,5.0,12,8.116918970766088,0.023168420516099734
2023-01-28,1011010101,花叶类,235.44299999999998,1705.154,332,0,0.0,10,7.242321920804612,0.0
2023-01-28,1011010201,花菜类,43.626000000000005,484.664,80,0,0.0,2,11.109521844771464,0.0
2023-01-28,1011010402,水生根茎类,63.873,456.6448,76,4,4.0,3,7.149261816416952,0.0626242700358524
2023-01-28,1011010501,茄类,30.24,423.36,62,0,0.0,2,14.000000000000002,0.0
2023-01-28,1011010504,辣椒类,246.34300000000002,1553.0586,349,0,0.0,14,6.3044559821062505,0.0
2023-01-28,1011010801,食用菌,163.237,1295.633,233,5,5.0,10,7.937128224605941,0.030630310530088155
2023-01-29,1011010101,花叶类,229.694,1388.4644,312,0,0.0,13,6.044844009856592,0.0
2023-01-29,1011010201,花菜类,40.248999999999995,436.3428,87,0,0.0,2,10.841084250540387,0.0
2023-01-29,1011010402,水生根茎类,48.473,375.852,57,0,0.0,4,7.753842345223114,0.0
2023-01-29,1011010501,茄类,15.298,214.172,35,0,0.0,2,14.0,0.0
2023-01-29,1011010504,辣椒类,194.121,1256.2296000000001,271,1,1.0,13,6.471374039902948,0.005151426172335811
2023-01-29,1011010801,食用菌,122.262,905.3756000000001,172,3,3.0,11,7.405208486692513,0.024537468714727388
2023-01-30,1011010101,花叶类,217.18,1192.4548,254,6,6.0,11,5.490628971360162,0.027626853301408967
2023-01-30,1011010201,花菜类,42.686,406.0313,91,3,1.267,2,9.512048446797545,0.029681862905870774
2023-01-30,1011010402,水生根茎类,52.382999999999996,397.5072,63,4,4.0,4,7.588477177710327,0.07636065135635607
2023-01-30,1011010501,茄类,15.248,213.472,35,0,0.0,2,14.000000000000002,0.0
2023-01-30,1011010504,辣椒类,153.832,1039.4452,239,2,2.0,13,6.75701544542098,0.013001196110042124
2023-01-30,1011010801,食用菌,113.826,844.9528,166,9,7.556,11,7.423196809164867,0.06638202168221673
2023-01-31,1011010101,花叶类,202.836,1262.7896,257,13,13.0,15,6.225668027371867,0.06409118696878266
2023-01-31,1011010201,花菜类,37.501999999999995,358.2106,81,2,1.005,2,9.551773238760601,0.026798570742893713
2023-01-31,1011010402,水生根茎类,40.683,295.0536,57,0,0.0,4,7.2525035026915425,0.0
2023-01-31,1011010501,茄类,13.52,189.28,32,0,0.0,2,14.0,0.0
2023-01-31,1011010504,辣椒类,157.934,995.2484000000001,214,4,4.0,12,6.301672850684463,0.025327035343877823
2023-01-31,1011010801,食用菌,104.426,710.6556,145,12,11.262,11,6.805351157757647,0.10784670484362133
2023-02-01,1011010101,花叶类,156.42,1026.3592,221,6,6.0,15,6.561559902825727,0.038358266206367474
2023-02-01,1011010201,花菜类,33.307,317.3828,59,2,1.528,2,9.529011919416337,0.045876242231362774
2023-02-01,1011010402,水生根茎类,33.281,225.5728,42,2,2.0,4,6.7778251855413005,0.0600943481265587
2023-02-01,1011010501,茄类,12.689,177.64600000000002,30,0,0.0,2,14.000000000000002,0.0
2023-02-01,1011010504,辣椒类,136.909,802.776,180,13,13.0,10,5.863573614590713,0.09495358230649556
2023-02-01,1011010801,食用菌,92.321,656.5018,135,18,11.129999999999999,10,7.111077652971697,0.12055761960983957
2023-02-02,1011010101,花叶类,204.688,1144.1902,261,19,19.0,15,5.589923200187603,0.09282420073477683
2023-02-02,1011010201,花菜类,41.747,404.3669,89,1,0.371,2,9.686130739933407,0.008886866122116558
2023-02-02,1011010402,水生根茎类,32.251999999999995,236.2056,40,0,0.0,4,7.323750465087437,0.0
2023-02-02,1011010501,茄类,15.700999999999999,193.772,34,0,0.0,2,12.341379529966245,0.0
2023-02-02,1011010504,辣椒类,142.663,930.3378,200,13,12.484,12,6.521226947421545,0.08750692190687143
2023-02-02,1011010801,食用菌,125.85300000000001,855.031,170,20,14.665,10,6.793886518398448,0.11652483452917291
2023-02-03,1011010101,花叶类,189.282,1177.8684,263,10,10.0,14,6.222823089358735,0.05283122536744117
2023-02-03,1011010201,花菜类,53.285,514.7936,107,1,0.502,2,9.661135403959838,0.009421037815520316
2023-02-03,1011010402,水生根茎类,54.970000000000006,338.7464,67,1,1.0,4,6.162386756412588,0.018191740949608876
2023-02-03,1011010501,茄类,14.786,177.43200000000002,35,0,0.0,2,12.000000000000002,0.0
2023-02-03,1011010504,辣椒类,187.654,1212.2277,267,12,10.658,10,6.459908661685868,0.05679601820371535
2023-02-03,1011010801,食用菌,125.441,729.289,152,33,24.57,11,5.81380091038815,0.1958689742588149
2023-02-04,1011010101,花叶类,252.725,1719.3176,353,8,8.0,18,6.803116430903156,0.03165496092590761
2023-02-04,1011010201,花菜类,39.93,402.7608,87,3,1.032,2,10.086671675432006,0.025845229151014275
2023-02-04,1011010402,水生根茎类,85.60499999999999,543.6184,108,5,5.0,4,6.350311313591496,0.05840780328251855
2023-02-04,1011010501,茄类,20.698,248.376,49,0,0.0,2,12.0,0.0
2023-02-04,1011010504,辣椒类,232.87099999999998,1562.6496000000002,355,14,11.084,13,6.710365824855823,0.04759716753052119
2023-02-04,1011010801,食用菌,126.55,762.7550000000001,131,0,0.0,11,6.027301461872779,0.0
2023-02-05,1011010101,花叶类,281.351,1788.4028,372,9,9.0,17,6.3564828275001695,0.0319885125697083
2023-02-05,1011010201,花菜类,39.59,391.18039999999996,83,4,2.23,3,9.880788077797423,0.056327355392775946
2023-02-05,1011010402,水生根茎类,83.513,483.5876,97,4,4.0,5,5.790566738112629,0.04789673464011591
2023-02-05,1011010501,茄类,15.281,183.372,36,0,0.0,2,12.0,0.0
2023-02-05,1011010504,辣椒类,140.199,1154.9584,253,7,7.0,13,8.237993138324809,0.04992902945099465
2023-02-05,1011010801,食用菌,112.777,972.5326,195,0,0.0,12,8.6235012458214,0.0
2023-02-06,1011010101,花叶类,179.662,912.0412,227,16,11.620000000000001,19,5.076427959167771,0.06467700459752201
2023-02-06,1011010201,花菜类,34.646,350.61879999999996,71,4,1.236,2,10.120036945101887,0.03567511401027536
2023-02-06,1011010402,水生根茎类,11.684,69.692,23,6,3.1109999999999998,3,5.96473810338925,0.26626155426223896
2023-02-06,1011010501,茄类,12.377,148.524,28,0,0.0,2,12.0,0.0
2023-02-06,1011010504,辣椒类,91.363,550.9554,131,10,10.0,11,6.030399614723685,0.10945349868108534
2023-02-06,1011010801,食用菌,79.476,616.9757,129,15,11.940999999999999,14,7.763044189440837,0.1502466153304142
2023-02-07,1011010101,花叶类,154.543,784.7646,188,14,11.203,17,5.077969238334961,0.07249115133005053
2023-02-07,1011010201,花菜类,33.83,372.68420000000003,74,9,3.838,2,11.01638190954774,0.113449600945906
2023-02-07,1011010402,水生根茎类,25.653,150.2208,47,7,3.254,4,5.855876505671851,0.1268467625618836
2023-02-07,1011010501,茄类,12.441,149.292,27,0,0.0,2,12.0,0.0
2023-02-07,1011010504,辣椒类,99.937,643.4482,161,9,6.995,10,6.438538279115844,0.06999409628065682
2023-02-07,1011010801,食用菌,63.807,471.55100000000004,103,15,11.95,10,7.390270659958939,0.18728352688576486
2023-02-08,1011010101,花叶类,161.297,903.4744000000001,208,22,19.721,17,5.601309385791429,0.12226513822327756
2023-02-08,1011010201,花菜类,35.924,389.9992,79,11,4.64,2,10.856229818505733,0.12916156330030062
2023-02-08,1011010402,水生根茎类,40.347,251.2956,58,4,1.671,5,6.2283589857982005,0.04141571864079114
2023-02-08,1011010501,茄类,8.429,101.14800000000001,19,0,0.0,2,12.0,0.0
2023-02-08,1011010504,辣椒类,93.975,579.297,135,8,8.0,12,6.164373503591381,0.08512902367650972
2023-02-08,1011010801,食用菌,75.372,481.1622,106,23,21.394,9,6.383832192326063,0.28384545985246507
2023-02-09,1011010101,花叶类,203.645,1068.3908000000001,254,25,25.0,17,5.246339463281691,0.12276265069115372
2023-02-09,1011010201,花菜类,30.833,319.5675,73,18,7.167,2,10.36446339960432,0.23244575617033697
2023-02-09,1011010402,水生根茎类,42.757,286.5624,62,10,3.8560000000000003,5,6.702116612484506,0.0901840634282106
2023-02-09,1011010501,茄类,13.362000000000002,160.344,30,0,0.0,2,11.999999999999998,0.0
2023-02-09,1011010504,辣椒类,138.13,864.0664,212,7,6.432,12,6.255457901976399,0.04656483023238978
2023-02-09,1011010801,食用菌,88.67,606.5442,130,25,21.804000000000002,11,6.840466899740612,0.2459005300552611
2023-02-10,1011010101,花叶类,175.847,960.4128000000001,206,9,9.0,18,5.461638811011846,0.05118085608511945
2023-02-10,1011010201,花菜类,31.996000000000002,358.9261,72,7,2.741,2,11.217842855356919,0.08566695836979622
2023-02-10,1011010402,水生根茎类,49.257,335.394,72,11,4.311,4,6.809062671295451,0.08752055545404715
2023-02-10,1011010501,茄类,12.793999999999999,153.528,27,0,0.0,2,12.0,0.0
2023-02-10,1011010504,辣椒类,125.468,785.3334,192,12,10.532,12,6.259232633021965,0.08394172219211272
2023-02-10,1011010801,食用菌,103.7,770.8558,153,14,12.471,10,7.433517839922855,0.12026036644165863
2023-02-11,1011010101,花叶类,243.90800000000002,1427.4924,327,3,3.0,19,5.852585401052856,0.012299719566393886
2023-02-11,1011010201,花菜类,53.417,534.17,109,0,0.0,2,9.999999999999998,0.0
2023-02-11,1011010402,水生根茎类,77.149,482.5978,101,12,4.9879999999999995,4,6.255399292278578,0.06465411087635614
2023-02-11,1011010501,茄类,16.919,176.416,39,0,0.0,2,10.427093799869969,0.0
2023-02-11,1011010504,辣椒类,164.9,1042.9868000000001,260,0,0.0,12,6.32496543359612,0.0
2023-02-11,1011010801,食用菌,143.531,1021.1110000000001,211,20,17.509999999999998,12,7.1142192279019865,0.12199455169963282
2023-02-12,1011010101,花叶类,309.307,1602.2993999999999,377,2,2.0,18,5.180288192637088,0.006466067693262681
2023-02-12,1011010201,花菜类,48.809,482.39,107,2,1.4249999999999998,2,9.883218258927657,0.029195435268085802
2023-02-12,1011010402,水生根茎类,74.087,422.04999999999995,92,7,2.349,4,5.696680929177858,0.03170596730870463
2023-02-12,1011010501,茄类,28.032,286.478,55,0,0.0,2,10.219677511415526,0.0
2023-02-12,1011010504,辣椒类,158.806,1143.26,294,5,5.0,13,7.199098270846189,0.03148495648779013
2023-02-12,1011010801,食用菌,109.179,793.2570000000001,165,4,4.0,10,7.265655483197318,0.036637082222771775
2023-02-13,1011010101,花叶类,226.189,1089.286,276,13,13.0,19,4.81582216641835,0.057474059304387044
2023-02-13,1011010201,花菜类,33.601,322.3692,73,0,0.0,2,9.594035891788934,0.0
2023-02-13,1011010402,水生根茎类,30.456000000000003,260.6152,33,2,1.3639999999999999,3,8.557105332282637,0.04478592067244549
2023-02-13,1011010501,茄类,14.142999999999999,143.554,32,0,0.0,2,10.15018030120908,0.0
2023-02-13,1011010504,辣椒类,107.056,650.209,170,3,3.0,13,6.073540950530563,0.028022717082648335
2023-02-13,1011010801,食用菌,103.14699999999999,714.7214,152,18,16.448,12,6.929153538154285,0.15946173907142236
2023-02-14,1011010101,花叶类,160.285,806.7142,199,8,7.2509999999999994,15,5.032998721028169,0.04523816951055931
2023-02-14,1011010201,花菜类,37.56,351.0848,86,4,1.607,2,9.347305644302448,0.042784877529286475
2023-02-14,1011010402,水生根茎类,39.561,237.6,60,2,2.0,3,6.005914916205354,0.05055483936199793
2023-02-14,1011010501,茄类,14.301,149.06199999999998,34,0,0.0,3,10.423187189707011,0.0
2023-02-14,1011010504,辣椒类,108.672,632.6418,150,0,0.0,10,5.821571333922262,0.0
2023-02-14,1011010801,食用菌,75.069,530.242,122,17,17.0,9,7.063395009924203,0.2264583250076596
2023-02-15,1011010101,花叶类,184.475,902.4196000000001,217,22,20.645,19,4.891825992681936,0.1119121832226589
2023-02-15,1011010201,花菜类,31.354999999999997,286.94919999999996,70,5,2.64,2,9.151624940200925,0.08419709775155479
2023-02-15,1011010402,水生根茎类,41.209,221.06,55,6,2.37,3,5.36436215389842,0.05751170860734305
2023-02-15,1011010501,茄类,6.735,75.498,16,0,0.0,2,11.209799554565702,0.0
2023-02-15,1011010504,辣椒类,105.647,627.5458,157,0,0.0,9,5.9400247995683735,0.0
2023-02-15,1011010801,食用菌,72.525,549.644,119,5,5.0,10,7.578683212685281,0.06894174422612892
2023-02-16,1011010101,花叶类,155.351,772.8698,197,14,10.616,19,4.974990827223514,0.06833557556758565
2023-02-16,1011010201,花菜类,34.159,315.6092,74,4,1.657,2,9.239415673760941,0.048508445797593606
2023-02-16,1011010402,水生根茎类,32.783,226.0328,43,4,4.0,3,6.89481743586615,0.12201445871335753
2023-02-16,1011010501,茄类,7.394,87.924,18,0,0.0,3,11.891263186367325,0.0
2023-02-16,1011010504,辣椒类,105.95,619.7962,150,10,9.232,12,5.849893345917885,0.08713544124587068
2023-02-16,1011010801,食用菌,74.701,527.0584,115,19,17.548000000000002,10,7.05557355323222,0.23490984056438338
2023-02-17,1011010101,花叶类,160.609,858.3024,205,25,25.0,21,5.3440492126842205,0.15565752853202497
2023-02-17,1011010201,花菜类,38.594,359.78959999999995,86,3,1.436,3,9.322423174586723,0.037207856143441985
2023-02-17,1011010402,水生根茎类,28.470999999999997,190.9744,33,7,7.0,3,6.707681500474168,0.24586421270766748
2023-02-17,1011010501,茄类,8.283000000000001,100.256,19,0,0.0,3,12.103827115779305,0.0
2023-02-17,1011010504,辣椒类,136.31900000000002,746.06,190,19,14.408,12,5.472898128654112,0.10569326359495006
2023-02-17,1011010801,食用菌,104.876,608.1616,110,23,22.332,11,5.798863419657501,0.21293718295892292
2023-02-18,1011010101,花叶类,285.815,1782.7636,379,3,3.0,21,6.237473890453615,0.010496300054230884
2023-02-18,1011010201,花菜类,48.488,445.80959999999993,115,6,2.54,2,9.194225375350602,0.052384095033822804
2023-02-18,1011010402,水生根茎类,65.745,425.94640000000004,88,8,8.0,3,6.478764925089361,0.12168225720587116
2023-02-18,1011010501,茄类,21.073999999999998,252.888,46,0,0.0,2,12.000000000000002,0.0
2023-02-18,1011010504,辣椒类,181.095,1069.3938,250,5,5.0,10,5.905153648637456,0.027609818051299043
2023-02-18,1011010801,食用菌,134.317,1023.206,222,15,15.0,12,7.617844353283649,0.1116761095021479
2023-02-19,1011010101,花叶类,230.404,1225.1448,274,49,49.0,21,5.317376434436903,0.21266991892501866
2023-02-19,1011010201,花菜类,45.805,385.0444,109,28,10.746,2,8.406165265800677,0.2346032092566314
2023-02-19,1011010402,水生根茎类,48.268,332.6368,60,2,2.0,3,6.891456037126046,0.041435319466313084
2023-02-19,1011010501,茄类,17.567,212.152,38,0,0.0,3,12.07673478681619,0.0
2023-02-19,1011010504,辣椒类,162.066,956.3342,216,5,4.273,10,5.900893463156986,0.02636580158700776
2023-02-19,1011010801,食用菌,105.09700000000001,776.8798,167,16,13.056000000000001,10,7.3920264136940155,0.12422809404645233
2023-02-20,1011010101,花叶类,139.164,662.304,164,31,31.0,20,4.759161852203156,0.2227587594492829
2023-02-20,1011010201,花菜类,29.447000000000003,250.55719999999997,63,12,5.904,2,8.508751315923522,0.20049580602438277
2023-02-20,1011010402,水生根茎类,24.15,156.9848,31,3,3.0,3,6.50040579710145,0.12422360248447206
2023-02-20,1011010501,茄类,7.390999999999999,91.786,15,0,0.0,2,12.418617237180356,0.0
2023-02-20,1011010504,辣椒类,61.627,450.39000000000004,107,30,15.06,8,7.308322650786182,0.24437340775958588
2023-02-20,1011010801,食用菌,65.776,410.53340000000003,103,28,22.898,9,6.241385915835564,0.34812089515932865
2023-02-21,1011010101,花叶类,150.154,763.9846,174,27,26.107,17,5.088006979501046,0.1738681620203258
2023-02-21,1011010201,花菜类,29.466,253.495,72,2,0.742,3,8.60296613045544,0.025181565193782663
2023-02-21,1011010402,水生根茎类,24.144,161.428,38,3,3.0,3,6.686050364479788,0.1242544731610338
2023-02-21,1011010501,茄类,12.593,151.11599999999999,26,0,0.0,2,11.999999999999998,0.0
2023-02-21,1011010504,辣椒类,101.221,655.904,159,20,11.616,11,6.479920174667312,0.1147587951116863
2023-02-21,1011010801,食用菌,55.615,394.94,97,13,13.0,8,7.101321585903084,0.23374988762024632
2023-02-22,1011010101,花叶类,138.874,722.1778,169,30,30.0,18,5.200237625473451,0.21602315768250357
2023-02-22,1011010201,花菜类,29.54,239.25719999999995,66,13,4.884,2,8.099431279620852,0.16533513879485445
2023-02-22,1011010402,水生根茎类,31.124,202.9924,37,3,3.0,3,6.522053720601465,0.09638863899241742
2023-02-22,1011010501,茄类,9.991,119.892,26,0,0.0,2,12.0,0.0
2023-02-22,1011010504,辣椒类,82.293,618.3119999999999,146,21,11.586,11,7.513543071707191,0.1407896175859429
2023-02-22,1011010801,食用菌,74.474,457.1504,107,17,16.208,9,6.1383892365120705,0.21763299943604475
2023-02-23,1011010101,花叶类,154.467,781.4976,194,28,28.0,19,5.059317524131368,0.1812684910045511
2023-02-23,1011010201,花菜类,33.284,250.2246,64,11,7.382,3,7.5178644393702685,0.22178824660497537
2023-02-23,1011010402,水生根茎类,22.517,127.3514,29,5,3.818,3,5.655788959452858,0.16956077630234934
2023-02-23,1011010501,茄类,11.309999999999999,139.09,27,0,0.0,3,12.297966401414678,0.0
2023-02-23,1011010504,辣椒类,104.048,658.6238,155,17,12.483,11,6.3299996155620475,0.11997347378133169
2023-02-23,1011010801,食用菌,77.906,494.1822,114,26,23.003999999999998,9,6.343313737067748,0.2952789258850409
2023-02-24,1011010101,花叶类,134.956,704.118,163,15,15.0,16,5.217389371350663,0.11114733690980765
2023-02-24,1011010201,花菜类,31.169999999999998,267.2292,63,4,2.199,2,8.573282001924929,0.07054860442733397
2023-02-24,1011010402,水生根茎类,35.391,209.10160000000002,47,6,6.0,3,5.908326975784805,0.16953462744765618
2023-02-24,1011010501,茄类,11.328,151.482,28,0,0.0,3,13.372351694915254,0.0
2023-02-24,1011010504,辣椒类,134.183,864.0634,197,14,10.69,11,6.4394401675324,0.0796673200032791
2023-02-24,1011010801,食用菌,83.785,615.6348,144,24,14.350999999999999,9,7.3477925643014865,0.17128364265680013
2023-02-25,1011010101,花叶类,219.47,1136.8502,266,39,39.0,17,5.179979951701828,0.17770082471408394
2023-02-25,1011010201,花菜类,44.994,381.9428,98,7,2.84,2,8.488749611059252,0.06311952704805085
2023-02-25,1011010402,水生根茎类,41.824,263.336,53,5,5.0,3,6.296289211935731,0.119548584544759
2023-02-25,1011010501,茄类,10.979000000000001,146.848,29,0,0.0,2,13.375352946534292,0.0
2023-02-25,1011010504,辣椒类,170.605,1135.4307999999999,258,18,14.484,13,6.655319597901586,0.08489786348582985
2023-02-25,1011010801,食用菌,115.867,828.0384,189,19,14.187999999999999,9,7.146455850242088,0.12245074093572801
2023-02-26,1011010101,花叶类,243.01,1119.8628,296,47,47.0,20,4.608299246944571,0.19340767869634995
2023-02-26,1011010201,花菜类,47.396,399.69719999999995,97,11,4.7989999999999995,2,8.433142037302725,0.1012532703181703
2023-02-26,1011010402,水生根茎类,34.64,208.272,48,0,0.0,2,6.012471131639723,0.0
2023-02-26,1011010501,茄类,14.041,187.376,32,0,0.0,3,13.34491845310163,0.0
2023-02-26,1011010504,辣椒类,149.738,1029.0994,226,30,27.214,12,6.872666924895484,0.18174411305079538
2023-02-26,1011010801,食用菌,92.628,565.7202,130,21,15.443999999999999,9,6.107442673921492,0.16673144189661873
2023-02-27,1011010101,花叶类,136.926,716.2076,164,8,8.0,15,5.230617998042739,0.058425719001504464
2023-02-27,1011010201,花菜类,13.221,121.63319999999999,33,0,0.0,1,9.2,0.0
2023-02-27,1011010402,水生根茎类,13.331,102.8589,16,2,1.295,3,7.715767759357888,0.09714199984997374
2023-02-27,1011010501,茄类,8.846,122.39,21,0,0.0,3,13.83563192403346,0.0
2023-02-27,1011010504,辣椒类,88.884,630.237,136,12,11.326,13,7.090556230592682,0.12742450834795915
2023-02-27,1011010801,食用菌,65.006,484.6718,111,23,13.656,9,7.45580100298434,0.21007291634618344
2023-02-28,1011010101,花叶类,115.968,595.5288,149,8,8.0,20,5.13528559602649,0.06898454746136864
2023-02-28,1011010201,花菜类,27.118000000000002,232.05519999999999,56,1,0.302,2,8.557238734419942,0.01113651449221919
2023-02-28,1011010402,水生根茎类,21.011000000000003,147.9436,30,0,0.0,3,7.041245062110322,0.0
2023-02-28,1011010501,茄类,7.007,95.17200000000001,15,0,0.0,3,13.582417582417584,0.0
2023-02-28,1011010504,辣椒类,96.706,640.2149,144,9,7.609999999999999,13,6.620219014332099,0.07869211837941802
2023-02-28,1011010801,食用菌,61.482,467.255,101,18,14.205,9,7.599866627630852,0.23104323216551187
2023-03-01,1011010101,花叶类,139.125,646.8802,168,22,22.0,17,4.649633063791554,0.15813117699910154
2023-03-01,1011010201,花菜类,23.979999999999997,201.82079999999996,55,4,2.2359999999999998,2,8.416213511259382,0.0932443703085905
2023-03-01,1011010402,水生根茎类,15.748000000000001,103.2176,23,1,1.0,3,6.554330708661417,0.063500127000254
2023-03-01,1011010501,茄类,9.504,127.974,22,0,0.0,2,13.465277777777779,0.0
2023-03-01,1011010504,辣椒类,105.90599999999999,692.6093,151,16,13.291,14,6.539849489169641,0.1254980832058618
2023-03-01,1011010801,食用菌,73.717,451.175,105,24,20.98,9,6.120365722967565,0.2846019235725816
2023-03-02,1011010101,花叶类,131.001,596.3764,153,36,36.0,17,4.552456851474416,0.27480706254150733
2023-03-02,1011010201,花菜类,28.182000000000002,229.3188,61,10,5.115,2,8.137066212476048,0.18149882903981265
2023-03-02,1011010402,水生根茎类,21.735,125.45080000000002,30,2,2.0,3,5.7718334483551885,0.09201748332183116
2023-03-02,1011010501,茄类,7.568,101.838,17,0,0.0,3,13.456395348837209,0.0
2023-03-02,1011010504,辣椒类,114.103,691.0813999999999,162,28,27.188,11,6.056645311692067,0.23827594366493432
2023-03-02,1011010801,食用菌,62.870000000000005,420.9732,101,20,18.509,9,6.695931286782249,0.2944011452202958
2023-03-03,1011010101,花叶类,152.142,653.421,166,34,34.0,16,4.294810111606263,0.22347543742030473
2023-03-03,1011010201,花菜类,34.915,296.80899999999997,78,13,5.514,2,8.50090219103537,0.15792639266790778
2023-03-03,1011010402,水生根茎类,29.054000000000002,202.7784,40,0,0.0,3,6.979362566255937,0.0
2023-03-03,1011010501,茄类,13.904,191.194,27,0,0.0,3,13.751006904487916,0.0
2023-03-03,1011010504,辣椒类,128.81799999999998,806.4022,178,30,27.885,11,6.260011799593225,0.21646819543852572
2023-03-03,1011010801,食用菌,90.386,571.3522,134,26,23.679000000000002,10,6.32124665324276,0.2619764122762375
2023-03-04,1011010101,花叶类,163.918,806.0904,192,21,21.0,19,4.917644187947633,0.128112836906258
2023-03-04,1011010201,花菜类,33.769,300.7808,67,3,1.428,2,8.907009387307886,0.04228730492463502
2023-03-04,1011010402,水生根茎类,34.038000000000004,215.8544,48,0,0.0,3,6.341571185146012,0.0
2023-03-04,1011010501,茄类,12.627,174.536,28,0,0.0,3,13.822443969272195,0.0
2023-03-04,1011010504,辣椒类,142.301,1150.7004,233,13,10.507,12,8.086383089366906,0.07383644528148081
2023-03-04,1011010801,食用菌,105.25,766.8696,174,26,23.189,10,7.286171971496437,0.22032304038004752
2023-03-05,1011010101,花叶类,178.49099999999999,905.5032000000001,207,26,26.0,17,5.073102845521624,0.14566560778974852
2023-03-05,1011010201,花菜类,47.699,418.282,100,8,4.132,2,8.769198515692153,0.08662655401580746
2023-03-05,1011010402,水生根茎类,31.386000000000003,224.152,37,0,0.0,3,7.141782960555661,0.0
2023-03-05,1011010501,茄类,16.193,195.19,33,0,0.0,3,12.053973939356512,0.0
2023-03-05,1011010504,辣椒类,132.344,909.4034,199,7,6.586,10,6.87151211992988,0.049764250740494474
2023-03-05,1011010801,食用菌,85.307,626.9672,145,14,10.544,9,7.349539897077614,0.12360064238573623
2023-03-06,1011010101,花叶类,107.018,564.683,124,17,17.0,15,5.276523575473285,0.1588517819432245
2023-03-06,1011010201,花菜类,23.166,193.05349999999999,52,10,4.543,2,8.333484416817749,0.19610636277302945
2023-03-06,1011010402,水生根茎类,18.411,171.57920000000001,29,3,2.644,4,9.319385150181956,0.14360979849003314
2023-03-06,1011010501,茄类,10.569,126.828,24,0,0.0,2,12.0,0.0
2023-03-06,1011010504,辣椒类,96.60900000000001,623.4412,139,8,7.257,11,6.45324141643118,0.07511722510325124
2023-03-06,1011010801,食用菌,54.979,385.4932,88,14,9.644,9,7.011644446061224,0.17541243020062205
2023-03-07,1011010101,花叶类,125.449,656.1414,152,21,19.043,20,5.230343805052252,0.15179873892976428
2023-03-07,1011010201,花菜类,31.21,262.69219999999996,74,12,5.662,2,8.416924062800383,0.18141621275232298
2023-03-07,1011010402,水生根茎类,19.542,117.2768,28,0,0.0,3,6.001269061508545,0.0
2023-03-07,1011010501,茄类,8.469,102.358,18,0,0.0,3,12.086196717440076,0.0
2023-03-07,1011010504,辣椒类,100.437,612.61,139,8,5.897,10,6.099445423499309,0.05871342234435517
2023-03-07,1011010801,食用菌,71.957,435.3456,104,30,24.552,8,6.0500799088344435,0.34120377447642347
2023-03-08,1011010101,花叶类,119.807,643.408,153,15,15.0,15,5.370370679509545,0.12520136552956004
2023-03-08,1011010201,花菜类,22.18,182.4823,49,9,4.44,2,8.227335437330929,0.20018034265103699
2023-03-08,1011010402,水生根茎类,17.906,165.754,28,2,2.0,4,9.256897129453815,0.11169440411035408
2023-03-08,1011010501,茄类,11.717,143.67,22,0,0.0,2,12.261671076214046,0.0
2023-03-08,1011010504,辣椒类,105.092,650.0384,149,11,8.134,11,6.185422296654361,0.07739885053096335
2023-03-08,1011010801,食用菌,65.41,514.4908,115,14,10.972,10,7.865629108698976,0.16774193548387098
2023-03-09,1011010101,花叶类,121.336,654.349,152,22,22.0,19,5.392867739170568,0.18131469638029934
2023-03-09,1011010201,花菜类,22.245,192.2475,52,5,2.455,2,8.642279163857046,0.1103618790739492
2023-03-09,1011010402,水生根茎类,22.284,193.61960000000002,23,0,0.0,3,8.68872733800036,0.0
2023-03-09,1011010501,茄类,7.751,94.816,16,0,0.0,3,12.232744162043607,0.0
2023-03-09,1011010504,辣椒类,105.856,572.2188,141,29,26.004,11,5.405634068923821,0.2456544740024184
2023-03-09,1011010801,食用菌,44.888000000000005,306.0208,75,13,10.741,9,6.817430048119764,0.23928444127606482
2023-03-10,1011010101,花叶类,131.927,648.4096,175,35,34.165,16,4.914912034685849,0.2589689752666247
2023-03-10,1011010201,花菜类,12.423,89.0407,28,13,5.823,2,7.167407228527731,0.46872736054093217
2023-03-10,1011010402,水生根茎类,21.612000000000002,199.6761,35,3,1.565,4,9.239131038312047,0.07241347399592818
2023-03-10,1011010501,茄类,14.024000000000001,168.288,28,0,0.0,2,12.0,0.0
2023-03-10,1011010504,辣椒类,150.26,873.9848,201,29,20.79,12,5.816483428723546,0.1383601756954612
2023-03-10,1011010801,食用菌,71.43299999999999,392.6698,113,5,2.52,8,5.497036383744208,0.03527781277560792
2023-03-11,1011010101,花叶类,222.762,1083.1219,272,45,41.631,17,4.862238173476626,0.18688555498693674
2023-03-11,1011010201,花菜类,15.802,134.5872,35,2,1.016,1,8.517099101379571,0.06429565877736995
2023-03-11,1011010402,水生根茎类,38.49,282.375,58,1,0.335,4,7.336321122369446,0.008703559366069109
2023-03-11,1011010501,茄类,20.211,243.46400000000003,43,0,0.0,3,12.046113502548119,0.0
2023-03-11,1011010504,辣椒类,179.657,979.7095999999999,234,20,15.982,10,5.453222529598067,0.08895840406997778
2023-03-11,1011010801,食用菌,116.774,800.9232000000001,189,14,9.545,10,6.8587459537225755,0.08173908575539075
2023-03-12,1011010101,花叶类,195.971,1100.2228,259,9,9.0,16,5.614212306922963,0.04592516239647703
2023-03-12,1011010201,花菜类,19.536,148.20520000000002,48,14,5.389,1,7.586261261261262,0.27584971334971337
2023-03-12,1011010402,水生根茎类,33.314,245.4164,51,0,0.0,4,7.366764723539653,0.0
2023-03-12,1011010501,茄类,18.27,222.062,43,0,0.0,3,12.154460864805694,0.0
2023-03-12,1011010504,辣椒类,157.361,1132.8704,244,5,2.95,9,7.199181499863372,0.018746703439861213
2023-03-12,1011010801,食用菌,109.27199999999999,754.2053999999999,185,8,5.577999999999999,10,6.90209202723479,0.051046928764916906
2023-03-13,1011010101,花叶类,135.094,808.0492,175,3,2.138,14,5.981384813537241,0.015826017439708646
2023-03-13,1011010201,花菜类,10.596,82.5348,24,7,3.06,1,7.789241223103058,0.2887882219705549
2023-03-13,1011010402,水生根茎类,18.418,168.4948,30,1,1.0,4,9.148376588120318,0.0542947116950809
2023-03-13,1011010501,茄类,12.187999999999999,147.89000000000001,26,0,0.0,3,12.134066294716117,0.0
2023-03-13,1011010504,辣椒类,93.967,645.86,133,3,1.01,11,6.873264018219162,0.010748454244575224
2023-03-13,1011010801,食用菌,55.527,368.9812,102,8,4.788,8,6.645077169665208,0.08622832135717759
2023-03-14,1011010101,花叶类,140.076,775.7157,197,12,10.329,17,5.53782018332905,0.07373854193437848
2023-03-14,1011010201,花菜类,9.076,75.3118,20,4,1.302,1,8.297906566769502,0.14345526663728514
2023-03-14,1011010402,水生根茎类,9.612,73.21600000000001,13,0,0.0,3,7.617145235122764,0.0
2023-03-14,1011010501,茄类,11.759,141.882,24,0,0.0,3,12.065821923632962,0.0
2023-03-14,1011010504,辣椒类,104.067,674.1788,144,13,13.0,12,6.478314931726676,0.12491952299960603
2023-03-14,1011010801,食用菌,46.835,318.1024,77,4,1.948,8,6.7919803565709405,0.04159282587808263
2023-03-15,1011010101,花叶类,171.809,783.2144000000001,243,47,42.996,18,4.558634297388379,0.2502546432375487
2023-03-15,1011010201,花菜类,9.683,74.5004,21,6,3.06,1,7.69393782918517,0.3160177630899515
2023-03-15,1011010402,水生根茎类,17.683,170.46240000000003,29,2,1.3820000000000001,4,9.639902731436976,0.0781541593620992
2023-03-15,1011010501,茄类,8.037,97.33200000000001,19,0,0.0,3,12.110488988428518,0.0
2023-03-15,1011010504,辣椒类,105.561,789.2112,156,15,15.0,9,7.47635206184102,0.14209793389604114
2023-03-15,1011010801,食用菌,81.886,569.4752000000001,131,23,19.15,9,6.95448794665755,0.23386171018244878
2023-03-16,1011010101,花叶类,190.911,941.0738,244,27,27.0,14,4.929384896627224,0.14142715715699986
2023-03-16,1011010201,花菜类,31.584,270.4886,72,8,3.847,2,8.564102077001014,0.12180217831813576
2023-03-16,1011010402,水生根茎类,25.921,218.994,38,3,1.658,4,8.448516646734308,0.06396358165194244
2023-03-16,1011010501,茄类,11.892,142.704,27,0,0.0,2,12.000000000000002,0.0
2023-03-16,1011010504,辣椒类,102.213,770.1924,143,10,8.489,10,7.53517067300637,0.0830520579574027
2023-03-16,1011010801,食用菌,89.875,550.5578,136,19,14.279,10,6.125816968011127,0.15887621696801113
2023-03-17,1011010101,花叶类,238.58,1216.5276000000001,310,37,37.0,14,5.0990342861933105,0.15508424847011484
2023-03-17,1011010201,花菜类,48.607,434.48210000000006,120,18,7.228,2,8.93867344209682,0.1487028617277347
2023-03-17,1011010402,水生根茎类,46.065,387.4644,64,7,5.854,4,8.411253663301856,0.12708129816563551
2023-03-17,1011010501,茄类,16.576,199.714,42,0,0.0,3,12.048383204633204,0.0
2023-03-17,1011010504,辣椒类,158.456,1162.8716,251,14,14.0,10,7.338766597667491,0.08835260261523704
2023-03-17,1011010801,食用菌,136.726,771.3922,197,30,25.622,9,5.64188376753507,0.1873966911926042
2023-03-18,1011010101,花叶类,292.075,1636.733,409,10,10.0,13,5.603810665068903,0.034237781391765816
2023-03-18,1011010201,花菜类,59.217,568.8216,137,0,0.0,2,9.605714575206445,0.0
2023-03-18,1011010402,水生根茎类,53.936,421.13,89,0,0.0,4,7.807957579353308,0.0
2023-03-18,1011010501,茄类,29.936,362.628,66,0,0.0,3,12.113442009620524,0.0
2023-03-18,1011010504,辣椒类,189.57999999999998,1365.1498,264,10,10.0,9,7.200916763371664,0.052748180187783524
2023-03-18,1011010801,食用菌,147.687,967.3797000000001,235,9,3.7750000000000004,9,6.550202116638567,0.025560814425101736
2023-03-19,1011010101,花叶类,251.51,1191.7716,331,8,8.0,10,4.738466064967596,0.03180788040236969
2023-03-19,1011010201,花菜类,49.399,478.3444,104,0,0.0,2,9.683281038077693,0.0
2023-03-19,1011010402,水生根茎类,41.768,349.794,64,0,0.0,4,8.374688756943113,0.0
2023-03-19,1011010501,茄类,26.328,317.498,56,0,0.0,3,12.059328471589183,0.0
2023-03-19,1011010504,辣椒类,173.558,1226.3552,244,10,7.147,8,7.065967572799871,0.04117931757683311
2023-03-19,1011010801,食用菌,126.374,992.3509,210,10,7.625,9,7.852492601326222,0.060336778134742905
2023-03-20,1011010101,花叶类,197.663,925.2564,251,20,17.623,13,4.680979242448005,0.08915679717498975
2023-03-20,1011010201,花菜类,37.566,341.82710000000003,91,11,4.806,2,9.099374434328915,0.12793483469094394
2023-03-20,1011010402,水生根茎类,22.990000000000002,253.93,32,1,0.48,4,11.045237059591125,0.020878642888212263
2023-03-20,1011010501,茄类,10.568999999999999,127.73,22,0,0.0,3,12.085343930362383,0.0
2023-03-20,1011010504,辣椒类,119.843,874.9172,183,10,9.282,8,7.300528191049956,0.07745133215957545
2023-03-20,1011010801,食用菌,74.725,593.1306,129,4,3.193,9,7.937512211441954,0.04273001003680161
2023-03-21,1011010101,花叶类,194.386,884.3768,243,35,34.178,16,4.5495910199294185,0.17582541952609754
2023-03-21,1011010201,花菜类,36.716,331.4956,82,7,3.071,2,9.028641464211788,0.08364200893343501
2023-03-21,1011010402,水生根茎类,12.402000000000001,159.7684,25,0,0.0,4,12.882470569263022,0.0
2023-03-21,1011010501,茄类,10.702,118.3222,23,0,0.0,3,11.056082975144832,0.0
2023-03-21,1011010504,辣椒类,116.7,808.4142,177,15,12.914,9,6.927285347043702,0.11065981148243359
2023-03-21,1011010801,食用菌,80.883,601.1272,139,15,11.096,8,7.432058652621689,0.13718581160441626
2023-03-22,1011010101,花叶类,170.723,744.1032,225,49,46.625,17,4.358541028449594,0.2731032139781986
2023-03-22,1011010201,花菜类,27.368000000000002,277.3474,60,4,1.8960000000000001,2,10.134003215434083,0.06927798889213681
2023-03-22,1011010402,水生根茎类,17.709,174.8676,27,1,0.372,4,9.874504489242758,0.02100626799932238
2023-03-22,1011010501,茄类,12.133000000000001,129.6864,25,0,0.0,2,10.688733206956234,0.0
2023-03-22,1011010504,辣椒类,125.241,830.3291,204,14,10.474,10,6.629850448335609,0.0836307598949226
2023-03-22,1011010801,食用菌,89.191,601.9092,135,18,14.834,8,6.74854189324035,0.16631722931685933
2023-03-23,1011010101,花叶类,179.648,850.4426000000001,228,42,40.375,18,4.7339385910224445,0.22474505700035627
2023-03-23,1011010201,花菜类,29.488,310.89910000000003,65,10,4.062,2,10.543241318502442,0.13775094953879546
2023-03-23,1011010402,水生根茎类,25.455,229.62120000000002,38,1,0.496,4,9.020671773718327,0.01948536633274406
2023-03-23,1011010501,茄类,10.903,118.2402,23,0,0.0,2,10.844739979822068,0.0
2023-03-23,1011010504,辣椒类,108.067,674.7666,164,32,32.0,10,6.243965317812099,0.2961125968149389
2023-03-23,1011010801,食用菌,70.785,481.24060000000003,112,14,9.436,8,6.798624002260366,0.13330507875962422
2023-03-24,1011010101,花叶类,202.72,954.9208,251,75,73.306,13,4.710540647198106,0.3616120757695343
2023-03-24,1011010201,花菜类,33.301,336.9051,72,15,8.103,2,10.11696645746374,0.24332602624545807
2023-03-24,1011010402,水生根茎类,22.479,246.0747,44,2,0.723,4,10.946870412384893,0.03216335246229814
2023-03-24,1011010501,茄类,18.402,194.046,37,0,0.0,3,10.544832083469187,0.0
2023-03-24,1011010504,辣椒类,153.262,1025.1014,246,34,25.954,10,6.688555545405906,0.16934399916482887
2023-03-24,1011010801,食用菌,105.586,680.8918,166,22,18.942999999999998,9,6.448693955638058,0.17940825488227605
2023-03-25,1011010101,花叶类,253.903,1374.2118,358,59,48.816,15,5.412349598074855,0.19226239942025106
2023-03-25,1011010201,花菜类,28.459,300.94460000000004,65,7,3.9779999999999998,2,10.574672335640749,0.1397800344355037
2023-03-25,1011010402,水生根茎类,40.775999999999996,421.2706,65,0,0.0,4,10.331337061016285,0.0
2023-03-25,1011010501,茄类,22.364,234.502,48,0,0.0,3,10.485691289572527,0.0
2023-03-25,1011010504,辣椒类,187.221,1255.7712000000001,274,22,21.357,10,6.707427051452562,0.1140737417276908
2023-03-25,1011010801,食用菌,113.197,776.2463,185,17,13.187999999999999,8,6.857481205332297,0.11650485436893203
2023-03-26,1011010101,花叶类,264.043,1321.4752,342,82,74.775,14,5.004772707475676,0.2831925103108206
2023-03-26,1011010201,花菜类,48.675,499.69720000000007,102,13,7.781000000000001,2,10.265992809450438,0.15985618900873141
2023-03-26,1011010402,水生根茎类,30.047,239.4442,44,0,0.0,4,7.96898858455087,0.0
2023-03-26,1011010501,茄类,20.143,210.77200000000002,44,0,0.0,3,10.463783944794718,0.0
2023-03-26,1011010504,辣椒类,179.458,1182.332,281,30,30.0,10,6.588349363082171,0.16717003421413368
2023-03-26,1011010801,食用菌,120.223,778.5114,196,19,13.522,9,6.475561248679537,0.11247431855801303
2023-03-27,1011010101,花叶类,150.898,859.5914,201,37,36.091,13,5.696506249254464,0.23917480682315206
2023-03-27,1011010201,花菜类,20.459000000000003,219.77370000000002,49,5,2.342,2,10.742152597878684,0.11447284813529497
2023-03-27,1011010402,水生根茎类,15.436,174.6189,29,1,0.281,4,11.312444933920705,0.018204197978750974
2023-03-27,1011010501,茄类,12.216,129.18800000000002,22,0,0.0,3,10.575311067452523,0.0
2023-03-27,1011010504,辣椒类,105.211,694.1376,158,30,27.153,8,6.597576299056183,0.25808137932345476
2023-03-27,1011010801,食用菌,74.574,443.7746,113,21,16.248,8,5.950795183307855,0.21787754445249016
2023-03-28,1011010101,花叶类,145.975,663.203,185,50,48.459,15,4.543264257578352,0.33196780270594284
2023-03-28,1011010201,花菜类,18.519,190.70850000000002,44,5,2.547,2,10.297991252227444,0.1375344241049733
2023-03-28,1011010402,水生根茎类,14.815999999999999,167.2837,33,5,1.532,4,11.290746490280778,0.10340172786177107
2023-03-28,1011010501,茄类,15.485,148.3248,34,0,0.0,3,9.578611559573782,0.0
2023-03-28,1011010504,辣椒类,92.39399999999999,629.5912000000001,139,27,22.786,9,6.814200056280712,0.24661774574106549
2023-03-28,1011010801,食用菌,79.756,484.9176,122,33,29.197,8,6.0800140428306335,0.3660790410752796
2023-03-29,1011010101,花叶类,130.475,669.0892,164,34,34.0,15,5.128102701666986,0.26058631921824105
2023-03-29,1011010201,花菜类,26.46,281.6009,60,5,2.9749999999999996,2,10.642513227513229,0.11243386243386241
2023-03-29,1011010402,水生根茎类,23.049,187.7318,31,6,4.672,4,8.144899995661417,0.2026985986376849
2023-03-29,1011010501,茄类,8.567,76.4642,22,0,0.0,2,8.925434807984125,0.0
2023-03-29,1011010504,辣椒类,101.237,718.0232,162,21,18.147,9,7.092497802186948,0.17925264478402164
2023-03-29,1011010801,食用菌,86.112,551.6066000000001,127,18,15.657,9,6.405687941285769,0.18182134894091417
2023-03-30,1011010101,花叶类,179.795,778.7428,211,59,58.214,15,4.331281737534415,0.32377986039656276
2023-03-30,1011010201,花菜类,26.709,276.2299,62,7,3.382,2,10.34220300273316,0.12662398442472575
2023-03-30,1011010402,水生根茎类,13.154,136.453,28,3,1.612,4,10.37349855557245,0.12254827428918962
2023-03-30,1011010501,茄类,14.654,137.1094,33,0,0.0,3,9.356448751194213,0.0
2023-03-30,1011010504,辣椒类,86.212,551.4024000000001,127,28,23.068,11,6.395889203359162,0.2675729596807869
2023-03-30,1011010801,食用菌,63.7,393.8684,96,13,11.478,9,6.183177394034537,0.1801883830455259
2023-03-31,1011010101,花叶类,208.892,872.301,247,66,62.661,15,4.175846849089482,0.2999684047258871
2023-03-31,1011010201,花菜类,34.604,354.3944,81,16,7.093,2,10.241428736562249,0.20497630331753555
2023-03-31,1011010402,水生根茎类,22.161,286.6594,46,6,2.238,4,12.935309778439601,0.10098822255313387
2023-03-31,1011010501,茄类,21.134,189.8748,41,0,0.0,3,8.984328570076654,0.0
2023-03-31,1011010504,辣椒类,138.204,850.9689999999999,203,27,26.248,12,6.157339874388584,0.18992214407687186
2023-03-31,1011010801,食用菌,104.745,618.2814000000001,159,16,10.783,7,5.902729485894315,0.10294524798319728
2023-04-01,1011010101,花叶类,208.377,964.649,282,32,31.235,14,4.6293448893112,0.1498965816764806
2023-04-01,1011010201,花菜类,35.079,376.3456,76,4,1.6360000000000001,2,10.72851563613558,0.04663758944097608
2023-04-01,1011010402,水生根茎类,26.836,237.257,41,0,0.0,4,8.840997167983307,0.0
2023-04-01,1011010501,茄类,23.387999999999998,200.756,53,0,0.0,3,8.583718146057809,0.0
2023-04-01,1011010504,辣椒类,154.887,909.672,231,30,22.517,12,5.873133316546902,0.14537695222969002
2023-04-01,1011010801,食用菌,101.324,674.1888,172,11,7.32,8,6.653791796612846,0.07224349611148395
2023-04-02,1011010101,花叶类,185.985,990.3634000000001,321,18,17.151,16,5.3249638411699864,0.09221711428340995
2023-04-02,1011010201,花菜类,39.361999999999995,422.0366,83,4,1.7280000000000002,2,10.721929779990855,0.04390020832274784
2023-04-02,1011010402,水生根茎类,27.876,231.8548,42,0,0.0,4,8.3173626058258,0.0
2023-04-02,1011010501,茄类,20.488,182.94400000000002,44,0,0.0,3,8.929324482623976,0.0
2023-04-02,1011010504,辣椒类,165.351,1014.9422,259,19,14.072,11,6.138107419973268,0.08510380947197174
2023-04-02,1011010801,食用菌,109.447,670.462,175,17,14.057,9,6.125905689511819,0.12843659488154083
2023-04-03,1011010101,花叶类,170.821,904.2344,247,21,17.672,17,5.293461576738223,0.10345332248376957
2023-04-03,1011010201,花菜类,16.457,176.8345,37,2,0.735,2,10.745245184420003,0.044661846022968944
2023-04-03,1011010402,水生根茎类,29.721,351.3286,55,5,2.067,4,11.820887587900812,0.06954678510144342
2023-04-03,1011010501,茄类,19.201,163.756,43,0,0.0,3,8.528514139888546,0.0
2023-04-03,1011010504,辣椒类,114.41,621.8568,165,22,19.783,10,5.435336072021677,0.17291320688750986
2023-04-03,1011010801,食用菌,93.459,554.6454,141,25,22.064999999999998,9,5.934638718582479,0.23609283215099666
2023-04-04,1011010101,花叶类,170.641,856.105,220,14,14.0,14,5.016994743350074,0.08204358858656478
2023-04-04,1011010201,花菜类,20.022,211.9288,45,4,1.877,2,10.584796723604036,0.09374687843372291
2023-04-04,1011010402,水生根茎类,14.977,124.5466,29,0,0.0,4,8.315857648394203,0.0
2023-04-04,1011010501,茄类,20.162,174.99599999999998,47,0,0.0,3,8.679496081737922,0.0
2023-04-04,1011010504,辣椒类,121.55199999999999,675.9494,178,20,20.0,9,5.560989535342898,0.164538633671186
2023-04-04,1011010801,食用菌,90.507,599.5222,152,11,9.486,9,6.624042339266576,0.10480957274023003
2023-04-05,1011010101,花叶类,217.27100000000002,1005.0602,286,14,14.0,15,4.625836858117282,0.06443565869352098
2023-04-05,1011010201,花菜类,45.417,468.6689,101,21,9.824,2,10.319239491820243,0.2163066693088491
2023-04-05,1011010402,水生根茎类,24.198999999999998,181.184,44,0,0.0,4,7.487251539319807,0.0
2023-04-05,1011010501,茄类,22.224999999999998,191.004,45,0,0.0,3,8.594105736782902,0.0
2023-04-05,1011010504,辣椒类,139.304,800.5731999999999,202,9,9.0,9,5.746950554183655,0.06460690288864641
2023-04-05,1011010801,食用菌,115.412,696.686,175,15,13.471,8,6.036512667660209,0.1167209648909992
2023-04-06,1011010101,花叶类,136.403,633.1124,178,14,14.0,13,4.641484424829366,0.10263703877480701
2023-04-06,1011010201,花菜类,23.05,284.23760000000004,51,2,1.097,2,12.331349240780913,0.04759219088937093
2023-04-06,1011010402,水生根茎类,9.889,141.0192,23,0,0.0,3,14.260208312266156,0.0
2023-04-06,1011010501,茄类,12.387,104.602,25,0,0.0,3,8.444498264309356,0.0
2023-04-06,1011010504,辣椒类,109.473,653.6626,163,22,22.0,10,5.970993761018699,0.20096279447900395
2023-04-06,1011010801,食用菌,73.004,460.1498,116,23,21.502,9,6.303076543751027,0.2945318064763574
2023-04-07,1011010101,花叶类,131.267,541.1458,170,34,34.0,14,4.122481659518386,0.25901407055848
2023-04-07,1011010201,花菜类,31.899,377.83500000000004,66,6,3.203,2,11.844728674880091,0.10041067118091475
2023-04-07,1011010402,水生根茎类,16.628999999999998,194.48760000000001,31,0,0.0,4,11.695688255457336,0.0
2023-04-07,1011010501,茄类,9.745999999999999,80.512,20,0,0.0,2,8.26103016622204,0.0
2023-04-07,1011010504,辣椒类,97.645,572.8382,150,23,23.0,10,5.8665389932920275,0.23554713502995547
2023-04-07,1011010801,食用菌,88.025,543.142,140,33,22.348,9,6.170315251349049,0.25388241976711157
2023-04-08,1011010101,花叶类,183.926,864.6234000000001,250,30,28.502,16,4.700930809129759,0.1549644965910203
2023-04-08,1011010201,花菜类,35.691,408.7952,76,8,3.4459999999999997,2,11.453733434199098,0.09655095122019555
2023-04-08,1011010402,水生根茎类,20.73,202.1526,34,1,0.372,4,9.751693198263386,0.017945007235890015
2023-04-08,1011010501,茄类,19.815,166.73200000000003,45,0,0.0,3,8.414433509967198,0.0
2023-04-08,1011010504,辣椒类,137.92,788.443,207,23,23.0,10,5.716669083526683,0.1667633410672854
2023-04-08,1011010801,食用菌,128.85500000000002,803.4252,197,36,29.415,8,6.235110783438748,0.2282798494431725
2023-04-09,1011010101,花叶类,197.61599999999999,856.8702,259,26,26.0,14,4.336036555744474,0.13156829406525788
2023-04-09,1011010201,花菜类,30.536,321.2385,64,7,3.14,2,10.519992795389047,0.10282944720985067
2023-04-09,1011010402,水生根茎类,31.302999999999997,355.38800000000003,43,0,0.0,4,11.353161038878065,0.0
2023-04-09,1011010501,茄类,15.846,144.424,35,0,0.0,2,9.114224409945727,0.0
2023-04-09,1011010504,辣椒类,136.06300000000002,851.2884,211,34,33.243,10,6.256575262929672,0.24432064558329597
2023-04-09,1011010801,食用菌,83.908,526.8012,129,29,20.823999999999998,7,6.278319111407732,0.24817657434332838
2023-04-10,1011010101,花叶类,123.411,508.07879999999994,157,20,20.0,12,4.11696526241583,0.1620601080940921
2023-04-10,1011010201,花菜类,18.365000000000002,185.7665,42,2,0.7849999999999999,2,10.115246392594608,0.04274435066702967
2023-04-10,1011010402,水生根茎类,17.868,191.16320000000002,29,0,0.0,4,10.6986344302664,0.0
2023-04-10,1011010501,茄类,12.818,116.624,26,0,0.0,2,9.098455297238258,0.0
2023-04-10,1011010504,辣椒类,73.788,445.889,116,24,24.0,10,6.042838944001735,0.3252561392096276
2023-04-10,1011010801,食用菌,51.772999999999996,304.2354,80,23,23.0,7,5.876333223881175,0.44424700133274103
2023-04-11,1011010101,花叶类,158.881,632.6655999999999,190,63,59.206,14,3.982009176679401,0.3726436767140187
2023-04-11,1011010201,花菜类,15.788,155.89010000000002,34,5,2.125,2,9.873961236382064,0.13459589561692425
2023-04-11,1011010402,水生根茎类,7.577,67.3862,12,1,1.0,4,8.89351986274251,0.13197835554968984
2023-04-11,1011010501,茄类,13.366,111.53999999999999,26,0,0.0,3,8.345054616190334,0.0
2023-04-11,1011010504,辣椒类,85.563,554.8014,134,19,19.0,11,6.484127485011044,0.2220586000958358
2023-04-11,1011010801,食用菌,62.405,366.0297,88,15,12.135,7,5.865390593702427,0.19445557247015463
2023-04-12,1011010101,花叶类,118.761,533.045,160,22,20.672,13,4.488384233881493,0.17406387618831098
2023-04-12,1011010201,花菜类,17.265,172.9556,33,2,0.876,2,10.017700550246163,0.05073848827106863
2023-04-12,1011010402,水生根茎类,19.088,196.649,35,0,0.0,4,10.302231768650461,0.0
2023-04-12,1011010501,茄类,8.998,79.34,20,0,0.0,3,8.817515003334075,0.0
2023-04-12,1011010504,辣椒类,84.989,527.99,130,17,17.0,11,6.212451023073574,0.20002588570285565
2023-04-12,1011010801,食用菌,63.480000000000004,345.8908,93,25,21.32,8,5.448815374921235,0.3358538122243226
2023-04-13,1011010101,花叶类,92.251,482.1886,141,12,10.431000000000001,14,5.226920033387172,0.11307194501956619
2023-04-13,1011010201,花菜类,19.775,198.0155,42,7,2.992,2,10.013426042983566,0.15130214917825538
2023-04-13,1011010402,水生根茎类,15.052000000000001,141.9922,23,0,0.0,4,9.433444060589954,0.0
2023-04-13,1011010501,茄类,9.198,83.3806,21,0,0.0,3,9.065079365079365,0.0
2023-04-13,1011010504,辣椒类,76.901,521.4986,120,10,9.216,12,6.781428069856049,0.11984239476729822
2023-04-13,1011010801,食用菌,51.532,342.8034,76,25,24.201,8,6.6522432663199575,0.469630520841419
2023-04-14,1011010101,花叶类,131.72899999999998,513.8882,168,42,38.641999999999996,10,3.9011015038450156,0.29334466973863005
2023-04-14,1011010201,花菜类,18.183,198.6295,35,6,2.839,2,10.92391244569103,0.15613485123466975
2023-04-14,1011010402,水生根茎类,26.338,289.35339999999997,35,0,0.0,4,10.986156883590247,0.0
2023-04-14,1011010501,茄类,19.025,164.1136,40,1,0.792,3,8.626207621550591,0.041629434954007886
2023-04-14,1011010504,辣椒类,89.822,608.9578,145,27,23.171,10,6.779606332524326,0.2579657544922179
2023-04-14,1011010801,食用菌,83.023,419.8508,119,40,33.873999999999995,7,5.057042024499236,0.4080074196307047
2023-04-15,1011010101,花叶类,208.169,878.7444,267,22,20.378,13,4.221302883714674,0.09789161690741656
2023-04-15,1011010201,花菜类,20.852,227.964,45,0,0.0,2,10.932476501055055,0.0
2023-04-15,1011010402,水生根茎类,28.541,287.7264,45,1,1.0,4,10.081160435864195,0.03503731474019831
2023-04-15,1011010501,茄类,16.674,153.079,34,0,0.0,3,9.180700491783616,0.0
2023-04-15,1011010504,辣椒类,138.985,869.606,196,14,14.0,10,6.256833471237902,0.1007302946361118
2023-04-15,1011010801,食用菌,106.142,615.7620000000001,153,36,34.524,8,5.801303913625144,0.3252623843530365
2023-04-16,1011010101,花叶类,204.874,935.1982,308,37,29.659,17,4.564748089069379,0.14476702753887755
2023-04-16,1011010201,花菜类,23.472,243.264,50,0,0.0,2,10.3640081799591,0.0
2023-04-16,1011010402,水生根茎类,16.458000000000002,192.38280000000003,35,0,0.0,3,11.689318264673716,0.0
2023-04-16,1011010501,茄类,20.902,189.94099999999997,42,0,0.0,3,9.087216534302936,0.0
2023-04-16,1011010504,辣椒类,133.274,888.8754,200,16,16.0,10,6.66953344238186,0.12005342377357925
2023-04-16,1011010801,食用菌,85.949,493.6934,116,22,21.232,8,5.744027271986876,0.24703021559296792
2023-04-17,1011010101,花叶类,106.884,437.6244,161,17,17.0,15,4.094386437633322,0.1590509337225403
2023-04-17,1011010201,花菜类,14.475000000000001,155.816,33,2,0.9550000000000001,2,10.764490500863557,0.06597582037996545
2023-04-17,1011010402,水生根茎类,7.066000000000001,89.60740000000001,15,2,0.753,3,12.681488819699972,0.10656665723181431
2023-04-17,1011010501,茄类,9.19,81.884,20,0,0.0,3,8.910119695321002,0.0
2023-04-17,1011010504,辣椒类,68.456,490.2658,95,6,6.0,9,7.161765221456117,0.08764754002570994
2023-04-17,1011010801,食用菌,39.144999999999996,260.33860000000004,57,2,2.0,9,6.650622046238347,0.05109209349853111
2023-04-18,1011010101,花叶类,182.607,722.3488,234,34,30.847,16,3.955756351070879,0.16892561621405533
2023-04-18,1011010201,花菜类,16.779,178.784,38,0,0.0,2,10.655223791644318,0.0
2023-04-18,1011010402,水生根茎类,15.097,139.608,20,0,0.0,3,9.247400145724317,0.0
2023-04-18,1011010501,茄类,16.152,135.032,33,0,0.0,3,8.360079247152056,0.0
2023-04-18,1011010504,辣椒类,78.486,575.4948,130,15,14.258,11,7.332451647427567,0.18166297174018295
2023-04-18,1011010801,食用菌,66.338,384.99260000000004,95,13,10.841000000000001,9,5.80350025626338,0.1634206638728934
2023-04-19,1011010101,花叶类,156.553,641.0214,208,35,29.582,15,4.094596718044368,0.18895837192516274
2023-04-19,1011010201,花菜类,19.103,206.372,41,0,0.0,2,10.803119928806993,0.0
2023-04-19,1011010402,水生根茎类,12.216000000000001,123.28120000000001,15,0,0.0,4,10.091781270464963,0.0
2023-04-19,1011010501,茄类,13.945,123.932,28,0,0.0,2,8.887199713158838,0.0
2023-04-19,1011010504,辣椒类,76.651,514.4062,114,9,7.715,11,6.711017468787101,0.1006510025961827
2023-04-19,1011010801,食用菌,58.407,321.53110000000004,91,20,17.779,9,5.505009673498041,0.3043984453918195
2023-04-20,1011010101,花叶类,122.087,540.9514,194,24,18.612000000000002,16,4.430868151400231,0.15244866365788332
2023-04-20,1011010201,花菜类,19.807,197.78,44,5,2.664,2,9.985358711566619,0.134497904781138
2023-04-20,1011010402,水生根茎类,12.171,132.9264,21,0,0.0,4,10.921567660833128,0.0
2023-04-20,1011010501,茄类,10.306999999999999,86.816,25,0,0.0,3,8.423013485980404,0.0
2023-04-20,1011010504,辣椒类,70.384,420.6166,108,16,15.354,9,5.976025801318482,0.21814616958399635
2023-04-20,1011010801,食用菌,55.919,342.255,87,25,24.239,7,6.120549366047319,0.43346626370285596
2023-04-21,1011010101,花叶类,215.684,912.5602,283,29,23.133,17,4.231005545149385,0.10725413104356372
2023-04-21,1011010201,花菜类,26.17,271.5984,58,2,0.8800000000000001,2,10.378234619793657,0.03362628964463126
2023-04-21,1011010402,水生根茎类,28.933999999999997,254.1484,45,8,3.114,4,8.783728485518768,0.10762424828920993
2023-04-21,1011010501,茄类,30.95,255.632,57,0,0.0,3,8.25951534733441,0.0
2023-04-21,1011010504,辣椒类,125.533,737.4068,171,30,28.09,9,5.874206782280356,0.22376586236288465
2023-04-21,1011010801,食用菌,89.492,460.9556,133,24,20.965,8,5.150802306351405,0.23426675010056763
2023-04-22,1011010101,花叶类,330.85,1502.8518,468,35,28.476,15,4.542396252077981,0.08606921565664197
2023-04-22,1011010201,花菜类,40.025999999999996,409.3104000000001,88,4,1.947,2,10.226113026532756,0.04864338180182882
2023-04-22,1011010402,水生根茎类,27.103,223.03660000000002,47,5,1.706,4,8.229221857358965,0.06294506143231376
2023-04-22,1011010501,茄类,39.651,326.30400000000003,76,0,0.0,3,8.229401528334721,0.0
2023-04-22,1011010504,辣椒类,185.589,1211.1192,264,11,11.0,9,6.525813491101305,0.05927075419340586
2023-04-22,1011010801,食用菌,158.56799999999998,856.4276,223,25,25.0,9,5.401011553402957,0.15766106654558298
2023-04-23,1011010101,花叶类,279.352,1107.6842,354,38,35.866,14,3.965191586242447,0.1283899882585412
2023-04-23,1011010201,花菜类,22.853,260.3618,49,2,1.0899999999999999,2,11.392893711985296,0.04769614492626788
2023-04-23,1011010402,水生根茎类,10.291,109.7128,23,0,0.0,3,10.661043630356621,0.0
2023-04-23,1011010501,茄类,21.875999999999998,166.114,46,0,0.0,3,7.5934357286524055,0.0
2023-04-23,1011010504,辣椒类,154.222,997.8494000000001,190,6,6.0,9,6.4702143663031215,0.03890495519445993
2023-04-23,1011010801,食用菌,81.715,409.083,115,10,10.0,9,5.0062167288747474,0.12237655265251178
2023-04-24,1011010101,花叶类,189.222,779.8858,239,26,19.392,12,4.12153872171312,0.10248279798332117
2023-04-24,1011010201,花菜类,17.855999999999998,180.26690000000002,41,3,1.033,2,10.09559251792115,0.05785170250896057
2023-04-24,1011010402,水生根茎类,13.28,111.2124,23,1,0.763,3,8.374427710843374,0.05745481927710844
2023-04-24,1011010501,茄类,25.564999999999998,175.724,49,0,0.0,3,6.873616272247213,0.0
2023-04-24,1011010504,辣椒类,74.395,519.7543000000001,137,4,2.833,7,6.9864144095705365,0.038080516163720685
2023-04-24,1011010801,食用菌,60.294,387.5364,92,4,4.0,8,6.427445516966863,0.06634159286164461
2023-04-25,1011010101,花叶类,163.704,665.733,217,22,17.697,12,4.066687435859844,0.10810365049113033
2023-04-25,1011010201,花菜类,15.89,158.16000000000003,36,0,0.0,2,9.953429830081813,0.0
2023-04-25,1011010402,水生根茎类,9.992999999999999,80.5844,17,2,0.6719999999999999,3,8.064084859401582,0.06724707295106575
2023-04-25,1011010501,茄类,19.3,117.91199999999999,37,0,0.0,3,6.1094300518134705,0.0
2023-04-25,1011010504,辣椒类,70.19200000000001,441.5806,82,2,1.29,8,6.2910388648279,0.018378162753590152
2023-04-25,1011010801,食用菌,68.882,343.6434,92,21,18.473,8,4.988870822566127,0.26818326993989716
2023-04-26,1011010101,花叶类,148.39,617.9542,214,28,21.932000000000002,13,4.16439247927758,0.14779971696205946
2023-04-26,1011010201,花菜类,21.236,203.6784,48,0,0.0,2,9.591184780561312,0.0
2023-04-26,1011010402,水生根茎类,4.702,84.04920000000001,14,0,0.0,4,17.875202041684393,0.0
2023-04-26,1011010501,茄类,18.526,111.156,35,0,0.0,2,6.0,0.0
2023-04-26,1011010504,辣椒类,47.263,276.2925,52,7,2.641,9,5.845851934917378,0.05587880583119988
2023-04-26,1011010801,食用菌,45.674,241.7646,59,4,4.0,9,5.293265315058895,0.0875771773875728
2023-04-27,1011010101,花叶类,142.945,567.5628,199,40,35.996,13,3.9704977438875098,0.25181713246353493
2023-04-27,1011010201,花菜类,14.240000000000002,145.2768,35,0,0.0,2,10.202022471910112,0.0
2023-04-27,1011010402,水生根茎类,11.674999999999999,163.7852,23,3,1.332,4,14.02871092077088,0.11408993576017132
2023-04-27,1011010501,茄类,18.48,114.274,38,0,0.0,3,6.183658008658009,0.0
2023-04-27,1011010504,辣椒类,66.69800000000001,392.4996,75,8,6.059,9,5.884728177756454,0.09084230411706497
2023-04-27,1011010801,食用菌,62.808,333.966,90,24,21.825,9,5.317252579289263,0.34748758119984713
2023-04-28,1011010101,花叶类,164.327,682.6212,219,36,29.988,13,4.1540416364930906,0.182489791695826
2023-04-28,1011010201,花菜类,22.805999999999997,229.644,53,0,0.0,2,10.069455406471983,0.0
2023-04-28,1011010402,水生根茎类,14.48,145.4296,21,2,0.571,4,10.043480662983425,0.03943370165745856
2023-04-28,1011010501,茄类,22.141000000000002,163.365,44,0,0.0,3,7.378393026511901,0.0
2023-04-28,1011010504,辣椒类,84.338,491.0937,95,20,18.118,9,5.822923237449312,0.21482605705613128
2023-04-28,1011010801,食用菌,81.77799999999999,449.7696,117,29,27.570999999999998,8,5.4998850546601785,0.3371444642813471
2023-04-29,1011010101,花叶类,169.132,812.491,228,18,16.578,13,4.803886904902679,0.09801811602771798
2023-04-29,1011010201,花菜类,27.577,266.744,66,0,0.0,2,9.672698263045291,0.0
2023-04-29,1011010402,水生根茎类,24.692999999999998,198.04760000000002,44,5,1.687,4,8.02039444376949,0.06831895678937351
2023-04-29,1011010501,茄类,37.234,270.51300000000003,69,0,0.0,3,7.265214588816674,0.0
2023-04-29,1011010504,辣椒类,161.482,925.179,239,24,21.917,10,5.729301098574454,0.13572410547305583
2023-04-29,1011010801,食用菌,127.524,601.6332,156,29,25.444,9,4.717803707537405,0.19952322700040775
2023-04-30,1011010101,花叶类,132.248,648.9182000000001,196,18,14.582,13,4.906828080575889,0.11026253705160004
2023-04-30,1011010201,花菜类,25.487000000000002,257.3088,52,2,0.637,2,10.095687997802802,0.02499313375446306
2023-04-30,1011010402,水生根茎类,16.983,224.7064,37,3,0.594,4,13.23125478419596,0.034976152623211444
2023-04-30,1011010501,茄类,43.783,315.075,83,0,0.0,3,7.196286229815224,0.0
2023-04-30,1011010504,辣椒类,117.501,764.0254,188,24,22.507,10,6.502288491161777,0.19154730598037464
2023-04-30,1011010801,食用菌,97.254,440.4814,124,29,22.377,8,4.529185431961667,0.23008822259238693
2023-05-01,1011010101,花叶类,179.89000000000001,864.4678,254,24,19.035,14,4.805535605092,0.10581466451720495
2023-05-01,1011010201,花菜类,29.388999999999996,293.397,66,0,0.0,2,9.98322501616251,0.0
2023-05-01,1011010402,水生根茎类,22.754,265.0604,44,1,0.5,5,11.648958424892326,0.021974158389733673
2023-05-01,1011010501,茄类,31.862,254.896,68,0,0.0,3,8.0,0.0
2023-05-01,1011010504,辣椒类,138.857,906.1024,208,29,26.274,10,6.525435519995391,0.1892162440496338
2023-05-01,1011010801,食用菌,83.717,404.846,105,19,16.810000000000002,8,4.835887573611094,0.2007955373460588
2023-05-02,1011010101,花叶类,199.05700000000002,982.9721999999999,282,26,20.966,14,4.938144350613141,0.10532661498967633
2023-05-02,1011010201,花菜类,22.365,231.51600000000002,47,1,0.725,2,10.351710261569417,0.032416722557567626
2023-05-02,1011010402,水生根茎类,20.191,203.09,45,0,0.0,4,10.058441880045565,0.0
2023-05-02,1011010501,茄类,35.967,287.736,75,0,0.0,3,8.0,0.0
2023-05-02,1011010504,辣椒类,103.643,722.945,157,22,19.818,10,6.975338421311618,0.19121407137963975
2023-05-02,1011010801,食用菌,66.312,376.2025,104,24,18.115000000000002,7,5.673219025214139,0.2731783086017614
2023-05-03,1011010101,花叶类,252.36599999999999,1246.6628,351,13,13.0,14,4.939899986527505,0.051512485834066396
2023-05-03,1011010201,花菜类,32.370999999999995,336.015,70,0,0.0,2,10.380124185227519,0.0
2023-05-03,1011010402,水生根茎类,11.586,108.9844,19,0,0.0,3,9.406559640945968,0.0
2023-05-03,1011010501,茄类,22.717,181.736,44,0,0.0,1,8.0,0.0
2023-05-03,1011010504,辣椒类,95.795,712.0877,177,5,3.485,8,7.433453729317814,0.03637976929902396
2023-05-03,1011010801,食用菌,72.027,401.5384,106,4,4.0,8,5.5748316603495915,0.055534730031793635
2023-05-04,1011010101,花叶类,121.428,645.0344,179,13,13.0,11,5.312072997990579,0.107059327338011
2023-05-04,1011010201,花菜类,32.652,332.925,72,1,0.536,2,10.196159500183755,0.016415533504838906
2023-05-04,1011010402,水生根茎类,9.037,92.9884,24,0,0.0,4,10.28974217107447,0.0
2023-05-04,1011010501,茄类,25.655,205.24,56,0,0.0,1,8.0,0.0
2023-05-04,1011010504,辣椒类,76.542,558.0575,149,3,2.285,8,7.290866452405215,0.029852891223119335
2023-05-04,1011010801,食用菌,55.952,242.3238,70,15,14.224,8,4.330922933943381,0.25421790105804976
2023-05-05,1011010101,花叶类,115.37100000000001,677.5214,192,7,7.0,13,5.8725450936543835,0.060673826178155685
2023-05-05,1011010201,花菜类,28.674999999999997,296.607,57,0,0.0,2,10.343748910200524,0.0
2023-05-05,1011010402,水生根茎类,13.454,107.6232,28,0,0.0,4,7.999345919429166,0.0
2023-05-05,1011010501,茄类,22.324,178.592,46,0,0.0,1,8.0,0.0
2023-05-05,1011010504,辣椒类,66.977,533.9982,135,1,1.0,7,7.972859339773355,0.014930498529345894
2023-05-05,1011010801,食用菌,63.126,292.5426,85,17,15.44,6,4.634264803725881,0.2445901847099452
2023-05-06,1011010101,花叶类,163.827,908.4752,231,6,3.084,15,5.545332576437339,0.018824735849402113
2023-05-06,1011010201,花菜类,34.087,334.0515,72,3,1.831,2,9.799967729632996,0.05371549270983072
2023-05-06,1011010402,水生根茎类,17.781,146.7472,36,0,0.0,3,8.253034137562567,0.0
2023-05-06,1011010501,茄类,23.097,184.776,46,0,0.0,1,8.0,0.0
2023-05-06,1011010504,辣椒类,94.505,689.4476,182,3,3.0,9,7.295355801280356,0.03174435215067986
2023-05-06,1011010801,食用菌,99.697,456.2262,130,20,20.0,8,4.576127666830496,0.20060784176053442
2023-05-07,1011010101,花叶类,238.132,1246.103,335,4,4.0,15,5.2328246518737505,0.016797406480439418
2023-05-07,1011010201,花菜类,54.158,570.003,113,0,0.0,2,10.524816278296836,0.0
2023-05-07,1011010402,水生根茎类,18.818,161.2712,42,0,0.0,4,8.57004995217345,0.0
2023-05-07,1011010501,茄类,39.966,319.728,83,0,0.0,1,8.0,0.0
2023-05-07,1011010504,辣椒类,134.833,946.5740000000001,242,6,6.0,10,7.020343684409603,0.04449949196413341
2023-05-07,1011010801,食用菌,115.423,553.0402,155,26,23.811,8,4.791421120573889,0.20629337307122497
2023-05-08,1011010101,花叶类,142.341,824.9606,213,2,0.652,13,5.795663933792793,0.004580549525435398
2023-05-08,1011010201,花菜类,17.863,202.356,40,0,0.0,2,11.328220343727258,0.0
2023-05-08,1011010402,水生根茎类,9.628,137.18400000000003,22,2,0.494,5,14.248442044038224,0.051308683007893645
2023-05-08,1011010501,茄类,21.757,174.056,43,0,0.0,1,8.0,0.0
2023-05-08,1011010504,辣椒类,85.98400000000001,645.836,150,4,4.0,9,7.511118347599552,0.04652028284331968
2023-05-08,1011010801,食用菌,58.128,327.79380000000003,84,10,9.254999999999999,8,5.639172171758878,0.15921758876961187
2023-05-09,1011010101,花叶类,145.03300000000002,707.6812,209,15,10.479,12,4.879449504595505,0.07225252183985713
2023-05-09,1011010201,花菜类,25.810000000000002,257.95680000000004,60,0,0.0,2,9.994451762882605,0.0
2023-05-09,1011010402,水生根茎类,7.406,106.79,16,0,0.0,5,14.419389684039968,0.0
2023-05-09,1011010501,茄类,17.224,137.792,31,0,0.0,1,8.0,0.0
2023-05-09,1011010504,辣椒类,81.721,630.7936000000001,135,0,0.0,9,7.718867855263642,0.0
2023-05-09,1011010801,食用菌,49.033,293.8002,80,3,1.572,8,5.991887096445251,0.03206004119674505
2023-05-10,1011010101,花叶类,159.328,820.7446,235,14,12.494,13,5.151289164490861,0.07841685077324764
2023-05-10,1011010201,花菜类,26.422,264.22080000000005,55,0,0.0,2,10.000030277798805,0.0
2023-05-10,1011010402,水生根茎类,10.336,81.3416,19,0,0.0,5,7.8697368421052625,0.0
2023-05-10,1011010501,茄类,28.106,224.848,55,0,0.0,1,8.0,0.0
2023-05-10,1011010504,辣椒类,99.28999999999999,681.2656,146,12,12.0,9,6.861371739349381,0.12085809245644073
2023-05-10,1011010801,食用菌,78.595,348.3464,98,13,13.0,7,4.432169985368026,0.16540492397735226
2023-05-11,1011010101,花叶类,158.484,802.3572,245,13,9.935,14,5.062701597637616,0.06268771611014361
2023-05-11,1011010201,花菜类,23.274,227.2545,48,3,1.76,2,9.76430781129157,0.07562086448397352
2023-05-11,1011010402,水生根茎类,9.518,145.5552,16,0,0.0,4,15.292624500945577,0.0
2023-05-11,1011010501,茄类,13.908,111.264,31,0,0.0,1,8.0,0.0
2023-05-11,1011010504,辣椒类,76.077,538.174,127,3,1.469,9,7.074069692548339,0.01930938391366642
2023-05-11,1011010801,食用菌,42.217,279.7074,63,4,4.0,8,6.625468413198475,0.09474856100622972
2023-05-12,1011010101,花叶类,142.706,756.074,229,9,9.0,12,5.298123414572618,0.06306672459462112
2023-05-12,1011010201,花菜类,21.507,200.63600000000002,48,1,0.405,2,9.32886967033989,0.018831078253591853
2023-05-12,1011010402,水生根茎类,16.347,284.1632,39,0,0.0,5,17.383201810729798,0.0
2023-05-12,1011010501,茄类,24.496,171.472,46,0,0.0,1,7.000000000000001,0.0
2023-05-12,1011010504,辣椒类,88.881,673.0775,163,9,7.907,8,7.572793960463991,0.08896164534602446
2023-05-12,1011010801,食用菌,67.92099999999999,382.12,96,9,6.18,6,5.6259477922881,0.09098805965754334
2023-05-13,1011010101,花叶类,179.071,963.18,280,10,8.087,16,5.378760379961021,0.04516085798370479
2023-05-13,1011010201,花菜类,45.087,393.5408,93,1,0.531,2,8.728476057400137,0.011777230687337813
2023-05-13,1011010402,水生根茎类,20.655,362.98519999999996,42,0,0.0,5,17.573720648753326,0.0
2023-05-13,1011010501,茄类,33.208,232.45600000000002,64,0,0.0,1,7.000000000000001,0.0
2023-05-13,1011010504,辣椒类,135.703,968.972,224,12,12.0,8,7.1403874637996205,0.08842840615166946
2023-05-13,1011010801,食用菌,95.606,611.7762,141,17,13.413,8,6.3989310294332995,0.14029454218354498
2023-05-14,1011010101,花叶类,199.50900000000001,1060.6856,318,14,12.728,14,5.31647995829762,0.0637966207038279
2023-05-14,1011010201,花菜类,43.641999999999996,374.47,81,0,0.0,2,8.580495852619038,0.0
2023-05-14,1011010402,水生根茎类,15.86,178.3172,29,0,0.0,4,11.243203026481716,0.0
2023-05-14,1011010501,茄类,32.974000000000004,230.818,60,0,0.0,1,7.0,0.0
2023-05-14,1011010504,辣椒类,110.866,797.4962,199,21,18.135,8,7.1933342954557755,0.16357584832139702
2023-05-14,1011010801,食用菌,97.67699999999999,583.2122,139,27,18.070999999999998,8,5.970824247263942,0.1850077295576236
2023-05-15,1011010101,花叶类,171.35,822.9846,245,29,25.014,16,4.80294484972279,0.14598190837467173
2023-05-15,1011010201,花菜类,27.764000000000003,278.72249999999997,59,2,1.229,2,10.038989338712,0.04426595591413341
2023-05-15,1011010402,水生根茎类,7.475,73.4192,16,0,0.0,4,9.821966555183947,0.0
2023-05-15,1011010501,茄类,21.584,150.601,45,0,0.0,2,6.977436990363232,0.0
2023-05-15,1011010504,辣椒类,78.687,548.8491,132,16,14.015,8,6.9750924549163145,0.17811074256230383
2023-05-15,1011010801,食用菌,61.585,360.1954,89,24,18.86,7,5.848752131200779,0.30624340342615897
2023-05-16,1011010101,花叶类,194.936,965.6315999999999,276,26,23.662,15,4.953582714326753,0.12138342840727212
2023-05-16,1011010201,花菜类,26.009,274.18050000000005,48,1,0.615,2,10.541754777192512,0.02364566111730555
2023-05-16,1011010402,水生根茎类,9.603,97.964,20,0,0.0,4,10.201395397271686,0.0
2023-05-16,1011010501,茄类,14.181000000000001,99.267,32,0,0.0,1,6.999999999999999,0.0
2023-05-16,1011010504,辣椒类,80.294,601.9476,132,11,11.0,7,7.496794281017261,0.1369965377238648
2023-05-16,1011010801,食用菌,57.535,316.2348,77,11,6.481,7,5.496390023463979,0.11264447727470236
2023-05-17,1011010101,花叶类,150.478,777.1946,238,14,10.008,14,5.164838713964832,0.06650806097901353
2023-05-17,1011010201,花菜类,19.914,203.108,45,6,3.324,2,10.19925680425831,0.16691774630912923
2023-05-17,1011010402,水生根茎类,12.893,175.1852,29,0,0.0,5,13.58762118979291,0.0
2023-05-17,1011010501,茄类,14.296,100.072,27,0,0.0,1,7.000000000000001,0.0
2023-05-17,1011010504,辣椒类,67.717,529.9516,126,4,4.0,8,7.825975752026817,0.05906936219856166
2023-05-17,1011010801,食用菌,54.7,328.5598,77,8,7.232,7,6.006577696526508,0.13221206581352835
2023-05-18,1011010101,花叶类,112.688,590.9668,184,10,8.702,15,5.244274456907568,0.07722206446116711
2023-05-18,1011010201,花菜类,22.684,233.8863,48,4,2.277,2,10.310628636924704,0.10037912184799859
2023-05-18,1011010402,水生根茎类,8.812,108.29560000000001,18,0,0.0,5,12.289559691330005,0.0
2023-05-18,1011010501,茄类,11.595,81.165,24,0,0.0,1,7.0,0.0
2023-05-18,1011010504,辣椒类,53.892,385.6616,106,0,0.0,8,7.156193869219921,0.0
2023-05-18,1011010801,食用菌,49.756,298.3416,64,11,11.0,6,5.996092933515556,0.22107886486051934
2023-05-19,1011010101,花叶类,141.327,678.326,198,20,20.0,13,4.799691495609474,0.14151577547107064
2023-05-19,1011010201,花菜类,20.153,200.5884,42,4,1.97,2,9.953277427678263,0.09775219570287302
2023-05-19,1011010402,水生根茎类,9.66,103.8612,16,0,0.0,5,10.75167701863354,0.0
2023-05-19,1011010501,茄类,15.232,106.624,26,0,0.0,1,7.0,0.0
2023-05-19,1011010504,辣椒类,71.713,569.158,125,6,4.487,8,7.936608425250653,0.06256885083597118
2023-05-19,1011010801,食用菌,60.947,349.9492,78,10,10.0,6,5.741860961162978,0.16407698492132508
2023-05-20,1011010101,花叶类,177.822,821.4680000000001,270,30,30.0,12,4.619608372417361,0.1687080338765732
2023-05-20,1011010201,花菜类,27.242,274.2789,57,6,2.794,2,10.068236546509068,0.10256222010131415
2023-05-20,1011010402,水生根茎类,11.094,182.85320000000002,25,0,0.0,6,16.48217054263566,0.0
2023-05-20,1011010501,茄类,33.825,236.775,65,0,0.0,1,7.0,0.0
2023-05-20,1011010504,辣椒类,92.262,638.8076,154,7,5.611,8,6.92384296893629,0.06081593722225835
2023-05-20,1011010801,食用菌,82.754,479.8960000000001,105,14,14.0,7,5.799067114580565,0.16917611233293858
2023-05-21,1011010101,花叶类,197.446,1081.8488,314,3,3.0,13,5.4792135571244795,0.015194027734165292
2023-05-21,1011010201,花菜类,29.13,298.572,62,0,0.0,2,10.249639546858909,0.0
2023-05-21,1011010402,水生根茎类,13.615,232.0232,29,0,0.0,6,17.041733382298936,0.0
2023-05-21,1011010501,茄类,38.276,267.932,71,0,0.0,1,7.0,0.0
2023-05-21,1011010504,辣椒类,117.485,826.6532,197,0,0.0,8,7.036244626973656,0.0
2023-05-21,1011010801,食用菌,94.76,648.2868,136,4,3.201,8,6.841355002110594,0.03378007598142676
2023-05-22,1011010101,花叶类,154.18,749.1462,231,23,19.439,12,4.858906472953691,0.1260799066026722
2023-05-22,1011010201,花菜类,14.808,155.788,35,2,0.7769999999999999,2,10.520529443544032,0.05247163695299838
2023-05-22,1011010402,水生根茎类,8.411000000000001,81.5396,14,0,0.0,5,9.694400190227082,0.0
2023-05-22,1011010501,茄类,25.981,180.55180000000001,52,0,0.0,2,6.949378391901774,0.0
2023-05-22,1011010504,辣椒类,90.848,627.6112,151,3,3.0,8,6.908365621697782,0.03302219091229306
2023-05-22,1011010801,食用菌,70.154,396.93399999999997,103,20,16.78,8,5.6580380306183535,0.23918807195598257
2023-05-23,1011010101,花叶类,150.721,697.8402,189,30,28.128999999999998,10,4.63001307050776,0.18662960038747087
2023-05-23,1011010201,花菜类,20.181,216.45520000000002,40,1,0.514,2,10.725692483028592,0.025469501015806948
2023-05-23,1011010402,水生根茎类,14.637,159.8172,27,0,0.0,5,10.918712850994057,0.0
2023-05-23,1011010501,茄类,23.022,161.154,48,0,0.0,1,7.0,0.0
2023-05-23,1011010504,辣椒类,69.361,512.4632,117,13,10.042,8,7.388347918859301,0.14477876616542437
2023-05-23,1011010801,食用菌,49.994,324.5468,72,4,1.641,7,6.491715005800696,0.03282393887266472
2023-05-24,1011010101,花叶类,135.51,656.304,200,15,15.0,12,4.8432145229134385,0.11069293779056896
2023-05-24,1011010201,花菜类,15.923,178.796,35,0,0.0,2,11.228788544872197,0.0
2023-05-24,1011010402,水生根茎类,9.414,137.686,23,0,0.0,6,14.625663904822606,0.0
2023-05-24,1011010501,茄类,15.749,110.243,30,0,0.0,1,6.999999999999999,0.0
2023-05-24,1011010504,辣椒类,62.956,467.04040000000003,125,35,14.908999999999999,7,7.418520871719932,0.2368161890844399
2023-05-24,1011010801,食用菌,47.818,296.83320000000003,65,11,9.517,7,6.207562005939187,0.19902547157973985
2023-05-25,1011010101,花叶类,114.768,597.0716,189,9,6.013,11,5.202422277986895,0.05239265300432176
2023-05-25,1011010201,花菜类,14.565000000000001,131.4464,32,1,0.487,2,9.024812907655338,0.0334363199450738
2023-05-25,1011010402,水生根茎类,13.962,212.8628,29,0,0.0,6,15.245867354247242,0.0
2023-05-25,1011010501,茄类,21.865000000000002,165.283,44,0,0.0,2,7.559249942831007,0.0
2023-05-25,1011010504,辣椒类,76.118,521.1328,150,20,11.361,8,6.846380619564361,0.14925510391760163
2023-05-25,1011010801,食用菌,50.69,274.86,64,15,15.0,6,5.422371276385875,0.2959163543105149
2023-05-26,1011010101,花叶类,154.12,783.0974,256,8,5.304,16,5.081088762003633,0.03441474175966779
2023-05-26,1011010201,花菜类,24.236,252.93039999999996,55,2,0.9319999999999999,2,10.436144578313252,0.03845519062551576
2023-05-26,1011010402,水生根茎类,20.081,296.9576,37,0,0.0,6,14.787988645983766,0.0
2023-05-26,1011010501,茄类,18.213,152.022,42,0,0.0,3,8.346895074946467,0.0
2023-05-26,1011010504,辣椒类,90.26,660.8418,152,7,7.0,9,7.321535563926434,0.0775537336583204
2023-05-26,1011010801,食用菌,53.736000000000004,405.5428,74,4,2.638,7,7.546948042280779,0.0490918564835492
2023-05-27,1011010101,花叶类,273.537,1365.2152,407,10,10.0,15,4.990970874141341,0.03655812559178466
2023-05-27,1011010201,花菜类,41.278999999999996,429.4078,86,0,0.0,2,10.402572736742655,0.0
2023-05-27,1011010402,水生根茎类,24.97,340.204,52,1,0.992,6,13.624509411293554,0.03972767320784942
2023-05-27,1011010501,茄类,24.313,170.191,48,0,0.0,1,7.0,0.0
2023-05-27,1011010504,辣椒类,127.65799999999999,862.666,216,1,0.372,8,6.757633677482024,0.002914035939776591
2023-05-27,1011010801,食用菌,91.75399999999999,537.696,118,0,0.0,6,5.860191381302179,0.0
2023-05-28,1011010101,花叶类,262.277,1353.1002,388,12,10.572,15,5.159050164520718,0.040308528769202025
2023-05-28,1011010201,花菜类,36.971000000000004,399.0036,78,8,3.86,2,10.792339942116794,0.10440615617646262
2023-05-28,1011010402,水生根茎类,22.807000000000002,296.5116,53,0,0.0,6,13.000903231464022,0.0
2023-05-28,1011010501,茄类,38.881,233.286,76,0,0.0,2,6.0,0.0
2023-05-28,1011010504,辣椒类,131.518,889.4558,235,7,7.0,9,6.762996700071473,0.053224653659575114
2023-05-28,1011010801,食用菌,109.63499999999999,593.14,139,25,25.0,6,5.4101336252109276,0.22802937018287958
2023-05-29,1011010101,花叶类,146.434,746.1758,229,20,13.83,16,5.095645819959845,0.09444527910184794
2023-05-29,1011010201,花菜类,16.312,214.2842,39,0,0.0,2,13.136598822952427,0.0
2023-05-29,1011010402,水生根茎类,12.75,169.808,24,0,0.0,6,13.31827450980392,0.0
2023-05-29,1011010501,茄类,28.535999999999998,215.76600000000002,69,0,0.0,3,7.561185870479395,0.0
2023-05-29,1011010504,辣椒类,61.995,431.804,130,2,2.0,9,6.965142350189531,0.03226066618275668
2023-05-29,1011010801,食用菌,53.849000000000004,263.876,68,13,13.0,6,4.900295270107151,0.24141581087856784
2023-05-30,1011010101,花叶类,156.287,771.464,245,22,22.0,14,4.936200707672423,0.14076666645338384
2023-05-30,1011010201,花菜类,14.652,201.923,33,0,0.0,2,13.781258531258532,0.0
2023-05-30,1011010402,水生根茎类,8.852,125.03320000000001,23,0,0.0,5,14.124853140533213,0.0
2023-05-30,1011010501,茄类,23.886,210.0594,53,0,0.0,3,8.7942476764632,0.0
2023-05-30,1011010504,辣椒类,59.897,399.4408,116,1,1.0,8,6.66879476434546,0.016695326977978864
2023-05-30,1011010801,食用菌,46.299,270.876,66,8,8.0,6,5.850579926132314,0.17278990906931035
2023-05-31,1011010101,花叶类,136.132,722.856,200,3,3.0,13,5.309963858607822,0.022037434254987807
2023-05-31,1011010201,花菜类,16.723,228.404,43,0,0.0,2,13.658075704120074,0.0
2023-05-31,1011010402,水生根茎类,7.859999999999999,121.58959999999999,18,0,0.0,4,15.46941475826972,0.0
2023-05-31,1011010501,茄类,17.471,116.20559999999999,29,0,0.0,2,6.65134222425734,0.0
2023-05-31,1011010504,辣椒类,61.96,446.141,119,0,0.0,7,7.20046804389929,0.0
2023-05-31,1011010801,食用菌,46.711,251.964,63,4,4.0,6,5.39410417246473,0.08563293442658046
2023-06-01,1011010101,花叶类,136.982,706.9904,209,13,13.0,13,5.1611919814282174,0.09490297995357054
2023-06-01,1011010201,花菜类,19.364,265.101,47,0,0.0,2,13.69040487502582,0.0
2023-06-01,1011010402,水生根茎类,9.741,150.5268,23,0,0.0,6,15.452910378811211,0.0
2023-06-01,1011010501,茄类,18.475,166.3782,45,0,0.0,3,9.00558592692828,0.0
2023-06-01,1011010504,辣椒类,67.854,493.165,109,0,0.0,7,7.268031361452531,0.0
2023-06-01,1011010801,食用菌,44.867000000000004,241.508,59,7,7.0,6,5.382753471370941,0.1560166714957541
2023-06-02,1011010101,花叶类,161.142,853.7860000000001,241,17,17.0,13,5.298345558575667,0.10549701505504462
2023-06-02,1011010201,花菜类,16.172,223.03300000000002,49,0,0.0,2,13.79130596092011,0.0
2023-06-02,1011010402,水生根茎类,11.988,193.01800000000003,25,0,0.0,5,16.100934267600937,0.0
2023-06-02,1011010501,茄类,22.501,200.38459999999998,55,0,0.0,4,8.905586418381404,0.0
2023-06-02,1011010504,辣椒类,72.847,508.8586,118,0,0.0,9,6.9853061896852315,0.0
2023-06-02,1011010801,食用菌,68.38499999999999,351.7756,90,18,18.0,8,5.144046208963955,0.26321561745996935
2023-06-03,1011010101,花叶类,222.081,1197.6974,337,20,20.0,15,5.393065593184469,0.09005723137053598
2023-06-03,1011010201,花菜类,33.243,457.148,81,0,0.0,2,13.751707126312306,0.0
2023-06-03,1011010402,水生根茎类,29.040999999999997,414.3926,62,3,0.858,7,14.269226266313146,0.02954443717502841
2023-06-03,1011010501,茄类,39.399,334.3932,77,0,0.0,4,8.487352470874894,0.0
2023-06-03,1011010504,辣椒类,123.664,808.3244,203,3,3.0,8,6.536456850821581,0.024259283219045153
2023-06-03,1011010801,食用菌,94.541,504.484,128,17,17.0,6,5.336139875821073,0.17981616441543882
2023-06-04,1011010101,花叶类,215.285,1140.6152,321,14,14.0,15,5.298163829342499,0.06503007641033978
2023-06-04,1011010201,花菜类,25.116999999999997,346.953,63,0,0.0,2,13.813472946609867,0.0
2023-06-04,1011010402,水生根茎类,21.047,250.0524,47,0,0.0,6,11.880667078443484,0.0
2023-06-04,1011010501,茄类,34.741,305.3196,76,0,0.0,3,8.788451685328575,0.0
2023-06-04,1011010504,辣椒类,123.698,782.4572000000001,199,2,0.521,9,6.3255444712121465,0.004211870846739641
2023-06-04,1011010801,食用菌,95.926,480.624,119,18,18.0,6,5.010362154160499,0.18764464274544962
2023-06-05,1011010101,花叶类,145.142,787.4456,243,23,19.519,16,5.4253462126744845,0.13448209339818934
2023-06-05,1011010201,花菜类,22.57,308.69599999999997,56,0,0.0,2,13.677270713336286,0.0
2023-06-05,1011010402,水生根茎类,12.58,159.032,24,0,0.0,5,12.641653418124006,0.0
2023-06-05,1011010501,茄类,19.989,160.0238,42,0,0.0,3,8.005593076191905,0.0
2023-06-05,1011010504,辣椒类,74.896,439.0545,137,5,3.3209999999999997,8,5.862188901944029,0.044341486861781666
2023-06-05,1011010801,食用菌,49.192,273.608,66,10,10.0,7,5.562042608554236,0.20328508700601725
2023-06-06,1011010101,花叶类,152.439,835.3906000000001,215,18,16.046,14,5.480163212826115,0.1052617768418843
2023-06-06,1011010201,花菜类,21.351,297.789,53,0,0.0,2,13.94730925951946,0.0
2023-06-06,1011010402,水生根茎类,14.408,185.6728,30,0,0.0,5,12.886785119378123,0.0
2023-06-06,1011010501,茄类,19.081,157.2814,40,0,0.0,3,8.242827944028091,0.0
2023-06-06,1011010504,辣椒类,84.74499999999999,489.583,148,9,7.557,8,5.777131394182549,0.08917340256062306
2023-06-06,1011010801,食用菌,56.608000000000004,270.092,70,16,16.0,6,4.7712690785754654,0.28264556246466926
2023-06-07,1011010101,花叶类,135.735,719.88,209,16,11.822,15,5.303569455188418,0.08709618005672817
2023-06-07,1011010201,花菜类,11.835,179.892,32,0,0.0,1,15.2,0.0
2023-06-07,1011010402,水生根茎类,14.142,214.79160000000002,30,0,0.0,6,15.188205345778535,0.0
2023-06-07,1011010501,茄类,17.873,170.6024,38,0,0.0,3,9.545258210708889,0.0
2023-06-07,1011010504,辣椒类,66.121,478.548,122,7,6.306,8,7.237458598629785,0.09537060842999956
2023-06-07,1011010801,食用菌,44.446,239.904,63,14,14.0,6,5.397651082212123,0.3149889753858615
2023-06-08,1011010101,花叶类,119.287,625.0968,179,21,13.989,14,5.240275973073344,0.11727178988489945
2023-06-08,1011010201,花菜类,15.446,232.016,35,0,0.0,2,15.021105787906254,0.0
2023-06-08,1011010402,水生根茎类,9.254,136.1932,24,0,0.0,6,14.717224983790793,0.0
2023-06-08,1011010501,茄类,24.509,228.762,53,0,0.0,4,9.33379574850055,0.0
2023-06-08,1011010504,辣椒类,77.363,526.9816,140,6,3.868,8,6.811804092395589,0.0499980610886341
2023-06-08,1011010801,食用菌,49.993,246.632,64,14,14.0,6,4.933330666293281,0.28003920548876843
2023-06-09,1011010101,花叶类,140.024,721.6428000000001,217,33,27.201,15,5.153707935782438,0.19425955550477061
2023-06-09,1011010201,花菜类,13.684,203.456,26,0,0.0,2,14.868167202572348,0.0
2023-06-09,1011010402,水生根茎类,15.815999999999999,187.2744,41,6,1.188,6,11.840819423368742,0.07511380880121396
2023-06-09,1011010501,茄类,21.798000000000002,189.91,43,0,0.0,3,8.712267180475273,0.0
2023-06-09,1011010504,辣椒类,74.296,456.8817,130,14,8.605,8,6.149479110584688,0.11582050177667708
2023-06-09,1011010801,食用菌,55.465,232.63,66,13,13.0,6,4.194176507707563,0.23438204272964933
2023-06-10,1011010101,花叶类,240.235,1288.7028,367,33,28.076,16,5.364342414718921,0.11686889920286386
2023-06-10,1011010201,花菜类,26.766,390.0342,60,1,0.455,2,14.572001793319885,0.016999178061720095
2023-06-10,1011010402,水生根茎类,19.118,222.5999,45,4,0.9650000000000001,6,11.643472120514698,0.05047599121246993
2023-06-10,1011010501,茄类,38.116,307.58399999999995,78,0,0.0,4,8.069682023297302,0.0
2023-06-10,1011010504,辣椒类,146.968,824.6053999999999,229,10,7.136,8,5.61078193892548,0.048554787436720925
2023-06-10,1011010801,食用菌,98.844,422.568,124,26,26.0,7,4.2751001578244505,0.2630407510825139
2023-06-11,1011010101,花叶类,213.908,1148.2451999999998,340,27,21.789,14,5.367939488004188,0.10186154795519571
2023-06-11,1011010201,花菜类,25.472,365.76419999999996,56,1,0.47,2,14.35946136934673,0.018451633165829144
2023-06-11,1011010402,水生根茎类,21.247,304.3095,51,5,1.3159999999999998,6,14.322469054454748,0.06193815597496116
2023-06-11,1011010501,茄类,43.303000000000004,360.97,79,0,0.0,4,8.335912061519986,0.0
2023-06-11,1011010504,辣椒类,119.69,715.1913,202,7,5.533,9,5.9753638566296265,0.046227755033837414
2023-06-11,1011010801,食用菌,79.626,380.072,99,22,22.0,7,4.773214779092256,0.27629166352698864
2023-06-12,1011010101,花叶类,127.399,645.9176,182,25,22.168,14,5.07003665648867,0.1740045055298707
2023-06-12,1011010201,花菜类,17.143,231.93519999999998,36,3,1.418,2,13.529440587995099,0.08271597736685526
2023-06-12,1011010402,水生根茎类,10.351,142.9268,18,0,0.0,5,13.808018548932468,0.0
2023-06-12,1011010501,茄类,23.087,175.2404,44,0,0.0,4,7.590436176203058,0.0
2023-06-12,1011010504,辣椒类,67.12,415.306,110,8,6.704,9,6.187514898688915,0.09988081048867699
2023-06-12,1011010801,食用菌,36.153999999999996,185.588,53,13,13.0,7,5.133263262709521,0.35957293798749795
2023-06-13,1011010101,花叶类,140.865,775.7412,204,19,18.461,15,5.506983281865616,0.13105455578035707
2023-06-13,1011010201,花菜类,10.189,154.87279999999998,27,0,0.0,1,15.199999999999998,0.0
2023-06-13,1011010402,水生根茎类,12.054,178.6952,31,4,1.133,6,14.824556163928985,0.0939936950389912
2023-06-13,1011010501,茄类,17.659,130.94400000000002,40,0,0.0,2,7.415142420295601,0.0
2023-06-13,1011010504,辣椒类,84.89099999999999,455.6876,132,11,8.825,8,5.367914148731903,0.10395683876971647
2023-06-13,1011010801,食用菌,54.24,268.28,76,13,13.0,7,4.946165191740413,0.23967551622418878
2023-06-14,1011010101,花叶类,115.60499999999999,635.9628,174,20,17.917,15,5.501170364603608,0.1549846459928204
2023-06-14,1011010201,花菜类,9.174999999999999,138.8506,21,0,0.0,2,15.13358038147139,0.0
2023-06-14,1011010402,水生根茎类,7.284,107.2968,15,0,0.0,3,14.730477759472818,0.0
2023-06-14,1011010501,茄类,28.361,193.9656,56,0,0.0,4,6.8391664609851555,0.0
2023-06-14,1011010504,辣椒类,82.127,462.9276,132,9,8.245,9,5.636728481498167,0.10039329331401366
2023-06-14,1011010801,食用菌,43.778,225.916,61,9,9.0,7,5.160491571108776,0.20558271277810772
2023-06-15,1011010101,花叶类,118.42,593.5972,176,17,17.0,14,5.012643134605641,0.14355683161628102
2023-06-15,1011010201,花菜类,9.804,143.0932,20,1,0.343,2,14.595389636882905,0.03498572011423909
2023-06-15,1011010402,水生根茎类,16.733,197.4948,35,8,2.5,6,11.802713201458197,0.14940536664076973
2023-06-15,1011010501,茄类,15.908,134.462,35,0,0.0,3,8.452476741262258,0.0
2023-06-15,1011010504,辣椒类,63.624,392.0405,103,13,8.516,8,6.161833584810763,0.1338488620646297
2023-06-15,1011010801,食用菌,34.885999999999996,206.092,49,10,10.0,6,5.907584704465976,0.28664793900131863
2023-06-16,1011010101,花叶类,172.11,900.0056,210,29,29.0,15,5.229246412178258,0.16849689152286326
2023-06-16,1011010201,花菜类,22.692,310.35,43,0,0.0,3,13.676626123744052,0.0
2023-06-16,1011010402,水生根茎类,15.49,255.2846,39,4,2.12,5,16.480606843124598,0.1368624919302776
2023-06-16,1011010501,茄类,24.133,195.85320000000002,52,0,0.0,4,8.115576181991464,0.0
2023-06-16,1011010504,辣椒类,86.159,495.78,136,12,9.185,10,5.754245058554532,0.10660522986571339
2023-06-16,1011010801,食用菌,58.503,270.466,74,17,17.0,6,4.623113344614806,0.29058338888604
2023-06-17,1011010101,花叶类,244.334,1294.141,403,15,13.862,17,5.296606284839605,0.0567338151874074
2023-06-17,1011010201,花菜类,26.791,407.22319999999996,56,0,0.0,1,15.2,0.0
2023-06-17,1011010402,水生根茎类,22.626,312.8232,58,15,4.411,5,13.825828692654467,0.19495270927251832
2023-06-17,1011010501,茄类,46.628,334.5324,92,0,0.0,4,7.174496010980526,0.0
2023-06-17,1011010504,辣椒类,169.193,882.9504,254,9,9.0,10,5.218598878204181,0.053193690046278504
2023-06-17,1011010801,食用菌,93.35,530.2,130,6,6.0,5,5.679700053561865,0.06427423674343867
2023-06-18,1011010101,花叶类,253.447,1301.4759999999999,374,12,11.531,16,5.135101224319088,0.04549669161599861
2023-06-18,1011010201,花菜类,23.098000000000003,348.2312,51,0,0.0,2,15.076249025889686,0.0
2023-06-18,1011010402,水生根茎类,23.373,358.4731,56,5,1.8,4,15.337059855388695,0.07701193685021178
2023-06-18,1011010501,茄类,54.553,376.11400000000003,111,0,0.0,4,6.894469598372226,0.0
2023-06-18,1011010504,辣椒类,149.877,785.4832,228,11,9.425,9,5.2408521654423295,0.06288489895047272
2023-06-18,1011010801,食用菌,72.039,456.236,112,5,5.0,5,6.333180638265384,0.06940684906786601
2023-06-19,1011010101,花叶类,128.701,630.4718,206,13,11.952,15,4.898732721579475,0.09286641129439555
2023-06-19,1011010201,花菜类,12.363,187.9176,25,0,0.0,1,15.2,0.0
2023-06-19,1011010402,水生根茎类,11.51,199.9592,22,7,3.314,4,17.37264986967854,0.28792354474370113
2023-06-19,1011010501,茄类,21.207,162.26,45,0,0.0,4,7.65124722968831,0.0
2023-06-19,1011010504,辣椒类,77.04899999999999,416.4558,131,7,6.33,9,5.405077288478761,0.08215551142779272
2023-06-19,1011010801,食用菌,43.293,257.032,67,10,10.0,6,5.937033700598249,0.230984223777516
2023-06-20,1011010101,花叶类,126.228,620.0676,191,27,25.762,14,4.912282536362772,0.20409100991856008
2023-06-20,1011010201,花菜类,13.919,209.51799999999997,28,0,0.0,2,15.05266182915439,0.0
2023-06-20,1011010402,水生根茎类,11.657,221.8696,29,0,0.0,5,19.033164622115468,0.0
2023-06-20,1011010501,茄类,21.592,153.984,44,0,0.0,4,7.1315301963690265,0.0
2023-06-20,1011010504,辣椒类,66.666,393.05719999999997,110,8,6.592,10,5.8959169591695915,0.0988809888098881
2023-06-20,1011010801,食用菌,39.223,205.352,53,12,13.0,6,5.235499579328455,0.3314381867781659
2023-06-21,1011010101,花叶类,126.263,566.102,208,24,20.126,16,4.483514568796876,0.1593974481835534
2023-06-21,1011010201,花菜类,16.697,220.4004,36,0,0.0,1,13.2,0.0
2023-06-21,1011010402,水生根茎类,27.177999999999997,456.2164,71,23,7.8919999999999995,6,16.786238869674005,0.29038192655824563
2023-06-21,1011010501,茄类,24.123,175.453,44,0,0.0,5,7.273266177506943,0.0
2023-06-21,1011010504,辣椒类,91.365,436.4906,124,8,8.0,10,4.777437749685328,0.08756088217588792
2023-06-21,1011010801,食用菌,63.364000000000004,282.236,77,17,17.0,6,4.454201123666435,0.2682911432359068
2023-06-22,1011010101,花叶类,171.91899999999998,859.332,278,8,8.0,15,4.998470209808108,0.04653354195871312
2023-06-22,1011010201,花菜类,17.912,250.768,38,0,0.0,1,14.0,0.0
2023-06-22,1011010402,水生根茎类,38.769999999999996,640.2370000000001,88,23,9.763,6,16.513721949961315,0.2518184163012639
2023-06-22,1011010501,茄类,33.866,269.683,63,0,0.0,5,7.963237465304435,0.0
2023-06-22,1011010504,辣椒类,114.288,623.7628,178,8,7.364,10,5.457815343693126,0.06443371132577348
2023-06-22,1011010801,食用菌,77.476,491.12399999999997,114,13,13.0,6,6.339046930662398,0.16779389746502144
2023-06-23,1011010101,花叶类,178.71800000000002,855.5916,260,32,30.721,13,4.787383475643192,0.17189650734676976
2023-06-23,1011010201,花菜类,9.279,129.906,22,0,0.0,1,14.0,0.0
2023-06-23,1011010402,水生根茎类,18.677,294.7358,50,16,6.45,5,15.78068212239653,0.3453445414145741
2023-06-23,1011010501,茄类,25.398,187.924,51,0,0.0,5,7.399165288605403,0.0
2023-06-23,1011010504,辣椒类,88.349,467.08700000000005,137,5,5.0,8,5.286839692582825,0.056593736205276794
2023-06-23,1011010801,食用菌,55.417,292.508,73,17,17.0,5,5.278308100402403,0.3067650720897919
2023-06-24,1011010101,花叶类,161.495,810.902,252,16,14.839,14,5.021220471222019,0.09188519768413883
2023-06-24,1011010201,花菜类,11.548,161.672,27,0,0.0,2,14.0,0.0
2023-06-24,1011010402,水生根茎类,16.054,258.3204,39,8,3.364,5,16.090718823969105,0.20954279307337736
2023-06-24,1011010501,茄类,28.369,212.934,57,0,0.0,4,7.505869082449152,0.0
2023-06-24,1011010504,辣椒类,94.187,544.6812,164,9,5.247,10,5.782976419251065,0.05570832492806863
2023-06-24,1011010801,食用菌,54.18,295.62,80,15,15.0,6,5.456256921373201,0.2768549280177187
2023-06-25,1011010101,花叶类,108.89500000000001,522.7804,174,21,21.0,13,4.800775058542632,0.19284631984939618
2023-06-25,1011010201,花菜类,10.681,149.534,26,0,0.0,1,14.0,0.0
2023-06-25,1011010402,水生根茎类,16.5,256.7524,43,18,6.63,6,15.560751515151516,0.4018181818181818
2023-06-25,1011010501,茄类,23.315,156.08,45,0,0.0,4,6.69440274501394,0.0
2023-06-25,1011010504,辣椒类,69.658,385.57,109,5,3.505,9,5.535186195411869,0.05031726434867495
2023-06-25,1011010801,食用菌,35.271,199.204,52,7,7.0,5,5.647812650619489,0.19846332681239545
2023-06-26,1011010101,花叶类,80.524,430.56419999999997,168,24,15.927,14,5.347029457056281,0.19779196264467735
2023-06-26,1011010201,花菜类,8.083,113.162,20,0,0.0,1,14.0,0.0
2023-06-26,1011010402,水生根茎类,10.384,186.5424,23,3,0.991,5,17.964406779661015,0.09543528505392912
2023-06-26,1011010501,茄类,21.224,134.97,37,0,0.0,3,6.359310214851112,0.0
2023-06-26,1011010504,辣椒类,72.185,425.565,115,8,6.385,10,5.895476899632888,0.08845327976726466
2023-06-26,1011010801,食用菌,39.582,216.668,57,12,12.0,8,5.473902278813602,0.3031681067151736
2023-06-27,1011010101,花叶类,127.27799999999999,642.0896,196,23,19.215,16,5.044780716227471,0.15096874558054024
2023-06-27,1011010201,花菜类,14.272,171.264,28,0,0.0,1,12.0,0.0
2023-06-27,1011010402,水生根茎类,16.454,263.0436,47,25,7.7330000000000005,7,15.98660508083141,0.4699769053117783
2023-06-27,1011010501,茄类,8.415,67.12400000000001,21,0,0.0,5,7.976708259061202,0.0
2023-06-27,1011010504,辣椒类,67.11999999999999,422.8367,108,8,3.2920000000000003,9,6.2997124553039345,0.04904648390941598
2023-06-27,1011010801,食用菌,38.708,193.892,57,13,13.0,6,5.009093727394854,0.3358478867417588
2023-06-28,1011010101,花叶类,130.18200000000002,630.4388,194,29,22.557000000000002,12,4.842749381634941,0.17327280269161635
2023-06-28,1011010201,花菜类,16.069,198.16400000000002,36,0,0.0,2,12.332067956935717,0.0
2023-06-28,1011010402,水生根茎类,14.946,209.4314,37,21,8.96,5,14.012538471831927,0.599491502743209
2023-06-28,1011010501,茄类,15.651,121.6408,29,0,0.0,4,7.772078461440164,0.0
2023-06-28,1011010504,辣椒类,68.534,415.4488,106,10,8.42,9,6.061937140689293,0.12285872705518427
2023-06-28,1011010801,食用菌,53.742000000000004,247.908,72,2,2.0,6,4.61292843586022,0.03721484127870194
2023-06-29,1011010101,花叶类,135.09,646.1398,200,19,19.0,13,4.783032052705604,0.14064697609001406
2023-06-29,1011010201,花菜类,24.366999999999997,292.502,52,2,1.095,2,12.004021832806666,0.04493782574793779
2023-06-29,1011010402,水生根茎类,22.945,391.5526,54,12,4.387,7,17.064833297014598,0.19119633907169314
2023-06-29,1011010501,茄类,11.511,86.3524,23,0,0.0,5,7.501728781165842,0.0
2023-06-29,1011010504,辣椒类,89.113,556.428,134,4,3.21,9,6.244072133134335,0.03602168033844669
2023-06-29,1011010801,食用菌,48.314,225.936,66,5,5.0,6,4.6764084944322555,0.10348967173076128
2023-06-30,1011010101,花叶类,130.464,667.7684,194,13,10.36,12,5.118411209222468,0.07940887907775325
2023-06-30,1011010201,花菜类,28.086999999999996,323.3425,61,9,4.007,2,11.51217645173924,0.1426638658454089
2023-06-30,1011010402,水生根茎类,19.419,280.9766,51,25,9.079,7,14.469159071012927,0.46753179875379786
2023-06-30,1011010501,茄类,24.53,198.8132,47,0,0.0,3,8.104900122299226,0.0
2023-06-30,1011010504,辣椒类,82.286,501.6192,132,4,3.26,8,6.096045499842014,0.039617917993340294
2023-06-30,1011010801,食用菌,39.572,258.82800000000003,69,9,9.0,7,6.540685333063783,0.22743353886586473
